Model auta,rb,lb,ref_knows,Odkaz na auto
Audi A3 2.0 TDI,Liftback,Sedan,True,https://www.sauto.cz/osobni/detail/audi/a3/210744020
Audi A3 2.0 TDI,Liftback,Sedan,True,https://suchen.mobile.de/auto-inserat/audi-a3-limousine-35-tdi-led-navi-ahk-acc-v%C3%B6hringen/458551786.html
Audi A3 2.0 TDI,Liftback,Sedan,True,https://suchen.mobile.de/auto-inserat/audi-a3-limousine-advanced-35tdi-s-tronic-navi-led-kitzingen/459567547.html
Audi A3 2.0 TDI,Liftback,Sedan,True,https://suchen.mobile.de/auto-inserat/audi-a3-sportback-2-0-tdi-navi-led-acc-connect-wasserburg-a-inn/454576116.html
Audi A3 2.0 TDI,Liftback,Sedan,True,https://suchen.mobile.de/auto-inserat/audi-a3-sportback-35-tdi-s-tronic-advanced-pano-virtu-m%C3%BCnchen/453848572.html
Audi A3 2.0 TDI,Liftback,Sedan,True,https://suchen.mobile.de/auto-inserat/audi-a3-sportback-35-tdi-virtual-matrix-kamera-b-o-ditzingen/459483076.html
Audi A3 2.0 TDI,Liftback,Sedan,True,https://suchen.mobile.de/auto-inserat/audi-a3-sportback-40-tdi-q-2x-s-line-led-navi-lm18-as-bochum/452433084.html
BMW 320 Kombi 2.0 HEV,Kombi,Sedan,True,https://suchen.mobile.de/auto-inserat/bmw-320-hybrid-m-sportpaket-m-sportsitze-carbon-m%C3%BCnchen/452937543.html
Cupra Leon 2.0 TDI,Hatchback,Kombi,True,https://www.sauto.cz/osobni/detail/cupra/leon/210379604
Cupra Leon 2.0 TDI,Hatchback,Kombi,True,https://www.sauto.cz/osobni/detail/cupra/leon/210581846
Cupra Leon 2.0 TDI,Hatchback,Kombi,True,https://www.sauto.cz/osobni/detail/cupra/leon/210684245
Cupra Leon 2.0 TDI,Hatchback,Kombi,True,https://www.sauto.cz/osobni/detail/cupra/leon/210717572
Cupra Leon 2.0 TDI,Hatchback,Kombi,True,https://suchen.mobile.de/auto-inserat/cupra-cupra-leon-st-2-0-tdi-navi-vision-plus-virtual-l-kassel/458152506.html
Cupra Leon 2.0 TDI,Hatchback,Kombi,True,https://suchen.mobile.de/auto-inserat/cupra-leon-2-0-tdi-dsg-led-navi-shz-kamera-acc-virtual-feldkirchen-westerham/448393880.html
Cupra Leon 2.0 TDI,Hatchback,Kombi,True,https://suchen.mobile.de/auto-inserat/cupra-leon-2-0-tdi-dsg-navi-keygo-led-wirelesscharging-dresden/459590640.html
Cupra Leon 2.0 TDI,Hatchback,Kombi,True,https://suchen.mobile.de/auto-inserat/cupra-leon-2-0-tdi-dsg-st-edge-pa-xl-acc-18-ahk-allw-soltau/450477195.html
Cupra Leon 2.0 TDI,Hatchback,Kombi,True,https://suchen.mobile.de/auto-inserat/cupra-leon-2-0-tdi-dsg-st-edge-pa-xl-acc-18-ahk-allw-soltau/450670966.html
Cupra Leon 2.0 TDI,Hatchback,Kombi,True,https://suchen.mobile.de/auto-inserat/cupra-leon-2-0-tdi-dsg-st-led-navi-kamera-kessy-acc-bernburg/447061086.html
Cupra Leon 2.0 TDI,Hatchback,Kombi,True,https://suchen.mobile.de/auto-inserat/cupra-leon-2-0-tdi-dsg-st-led-navi-kamera-kessy-acc-bernburg/447061088.html
Cupra Leon 2.0 TDI,Hatchback,Kombi,True,https://suchen.mobile.de/auto-inserat/cupra-leon-2-0-tdi-led-navi-full-link-parklenk-acc-rfk-haar/434965220.html
Cupra Leon 2.0 TDI,Hatchback,Kombi,True,https://suchen.mobile.de/auto-inserat/cupra-leon-2-0l-tdi-sportstourer-led-acc-rear-ahk-nav-haldensleben/441416551.html
Cupra Leon 2.0 TDI,Hatchback,Kombi,True,https://suchen.mobile.de/auto-inserat/cupra-leon-2-0tdi-110-kw-150-ps-automatik-acc-raesfeld/458941097.html
Cupra Leon 2.0 TDI,Hatchback,Kombi,True,https://suchen.mobile.de/auto-inserat/cupra-leon-2-0tdi-dsg-sp-lane-acc-kam-pdc-led-ellerhoop-bei-hamburg/448974966.html
Cupra Leon 2.0 TDI,Hatchback,Kombi,True,https://suchen.mobile.de/auto-inserat/cupra-leon-2-0tdi-dsg-virtual-navi-shz-kamera-led-bebra/452531510.html
Cupra Leon 2.0 TDI,Hatchback,Kombi,True,https://suchen.mobile.de/auto-inserat/cupra-leon-2-0tdi-dsg-virtual-navi-shz-led-acc-bebra/455622800.html
Cupra Leon 2.0 TDI,Hatchback,Kombi,True,https://suchen.mobile.de/auto-inserat/cupra-leon-2-0tdi-dsg-virtual-navi-shz-led-bebra/453761504.html
Cupra Leon 2.0 TDI,Hatchback,Kombi,True,https://suchen.mobile.de/auto-inserat/cupra-leon-2-0tdi-dsg-virtual-navi-sitzh-led-acc-bebra/450577595.html
Cupra Leon 2.0 TDI,Hatchback,Kombi,True,https://suchen.mobile.de/auto-inserat/cupra-leon-2-0tdi-st-ahk-kam-assistenz-acc-1-hand-he%C3%9Fdorf/459484464.html
Cupra Leon 2.0 TDI,Hatchback,Kombi,True,https://suchen.mobile.de/auto-inserat/cupra-leon-cupra-leon-st2-0-tdi-dsg-ac-a-navi-kamera-kriftel/455015166.html
Cupra Leon 2.0 TDI,Hatchback,Kombi,True,https://suchen.mobile.de/auto-inserat/cupra-leon-sp-2-0-tdi-acc-apple-navi-led-rcam-parkassi-gunningen/458013132.html
Cupra Leon 2.0 TDI,Hatchback,Kombi,True,https://suchen.mobile.de/auto-inserat/cupra-leon-sp-2-0-tdi-dsg-4drive-acc-ahk-aut-fernlicht-landshut/460223251.html
Cupra Leon 2.0 TDI,Hatchback,Kombi,True,https://suchen.mobile.de/auto-inserat/cupra-leon-sp-2-0-tdi-dsg-ab-169-eur-mtl-4373-anz-gunzenhausen/454105130.html
Cupra Leon 2.0 TDI,Hatchback,Kombi,True,https://suchen.mobile.de/auto-inserat/cupra-leon-sp-2-0-tdi-dsg-ab-279-eur-990-anz-fap-donauw%C3%B6rth/443760818.html
Cupra Leon 2.0 TDI,Hatchback,Kombi,True,https://suchen.mobile.de/auto-inserat/cupra-leon-sp-2-0-tdi-dsg-acc-ahk-kamera-led-navi-pfaffenhofen-ilm/456278094.html
Cupra Leon 2.0 TDI,Hatchback,Kombi,True,https://suchen.mobile.de/auto-inserat/cupra-leon-sp-2-0-tdi-dsg-ahk-fapa-xl-eheck-led-navi-gunzenhausen/453911038.html
Cupra Leon 2.0 TDI,Hatchback,Kombi,True,https://suchen.mobile.de/auto-inserat/cupra-leon-sp-2-0-tdi-dsg-ahk-kamera-led-navi-manching/450028436.html
Cupra Leon 2.0 TDI,Hatchback,Kombi,True,https://suchen.mobile.de/auto-inserat/cupra-leon-sp-2-0-tdi-dsg-navi-ahk-kam-shz-keyless-acc-hofheim-diedenbergen/458576288.html
Cupra Leon 2.0 TDI,Hatchback,Kombi,True,https://suchen.mobile.de/auto-inserat/cupra-leon-sp-2-0-tdi-dsg-navi-ahk-kam-shz-keyless-acc-hofheim-diedenbergen/458576291.html
Cupra Leon 2.0 TDI,Hatchback,Kombi,True,https://suchen.mobile.de/auto-inserat/cupra-leon-sp-2-0-tdi-dsg-navi-led-kamera-pdc-shz-k%C3%B6nigsfeld/454734293.html
Cupra Leon 2.0 TDI,Hatchback,Kombi,True,https://suchen.mobile.de/auto-inserat/cupra-leon-sp-2-0-tdi-dsg-navi-led-kamera-pdc-shz-k%C3%B6nigsfeld/454860830.html
Cupra Leon 2.0 TDI,Hatchback,Kombi,True,https://suchen.mobile.de/auto-inserat/cupra-leon-sp-2-0-tdi-dsg-navi-led-r%C3%BCckfahrkamera-reichenberg/454328419.html
Cupra Leon 2.0 TDI,Hatchback,Kombi,True,https://suchen.mobile.de/auto-inserat/cupra-leon-sp-2-0tdi-dsg-229-ohne-anzahlung-app-conne-horn-bad-meinberg/448080790.html
Cupra Leon 2.0 TDI,Hatchback,Kombi,True,https://suchen.mobile.de/auto-inserat/cupra-leon-sp-2-0tdi-dsg-249-ohne-anzahlung-acc-detmold/447595949.html
Cupra Leon 2.0 TDI,Hatchback,Kombi,True,https://suchen.mobile.de/auto-inserat/cupra-leon-sp-2-0tdi-dsg-249-ohne-anzahlung-acc-detmold/452763156.html
Cupra Leon 2.0 TDI,Hatchback,Kombi,True,https://suchen.mobile.de/auto-inserat/cupra-leon-sp-2-0tdi-dsg-308-ohne-anzahlung-app-conne-horn-bad-meinberg/453214729.html
Cupra Leon 2.0 TDI,Hatchback,Kombi,True,https://suchen.mobile.de/auto-inserat/cupra-leon-sp-2-0tdi-dsg-308-ohne-anzahlung-app-conne-horn-bad-meinberg/453419621.html
Cupra Leon 2.0 TDI,Hatchback,Kombi,True,https://suchen.mobile.de/auto-inserat/cupra-leon-sport-2-0tdi-dsg-led-virtual-t-leder-kamera-wolfenb%C3%BCttel/435654209.html
Cupra Leon 2.0 TDI,Hatchback,Kombi,True,https://suchen.mobile.de/auto-inserat/cupra-leon-sportstourer-2-0-tdi-110-kw-bottrop/459406929.html
Cupra Leon 2.0 TDI,Hatchback,Kombi,True,https://suchen.mobile.de/auto-inserat/cupra-leon-sportstourer-2-0-tdi-110-kw-schw%C3%A4bisch-hall/460248724.html
Cupra Leon 2.0 TDI,Hatchback,Kombi,True,https://suchen.mobile.de/auto-inserat/cupra-leon-sportstourer-2-0-tdi-18zoll-t-leder-ahk-helmstedt/459513068.html
Cupra Leon 2.0 TDI,Hatchback,Kombi,True,https://suchen.mobile.de/auto-inserat/cupra-leon-sportstourer-2-0-tdi-ahk-acc-ahk-acc-ettlingen/452632626.html
Cupra Leon 2.0 TDI,Hatchback,Kombi,True,https://suchen.mobile.de/auto-inserat/cupra-leon-sportstourer-2-0-tdi-dpf-shz-3-zonen-klimaa-weiden/409080988.html
Cupra Leon 2.0 TDI,Hatchback,Kombi,True,https://suchen.mobile.de/auto-inserat/cupra-leon-sportstourer-2-0-tdi-dsg-1-hand-weinheim/438560067.html
Cupra Leon 2.0 TDI,Hatchback,Kombi,True,https://suchen.mobile.de/auto-inserat/cupra-leon-sportstourer-2-0-tdi-dsg-110kw-stuttgart-feuerbach/459775529.html
Cupra Leon 2.0 TDI,Hatchback,Kombi,True,https://suchen.mobile.de/auto-inserat/cupra-leon-sportstourer-2-0-tdi-dsg-110kw-stuttgart-feuerbach/459964918.html
Cupra Leon 2.0 TDI,Hatchback,Kombi,True,https://suchen.mobile.de/auto-inserat/cupra-leon-sportstourer-2-0-tdi-dsg-5-j-g-navi-acc-rfk-straubing/448789729.html
Cupra Leon 2.0 TDI,Hatchback,Kombi,True,https://suchen.mobile.de/auto-inserat/cupra-leon-sportstourer-2-0-tdi-dsg-5-j-garantie-ahk-f-beilngries/459812536.html
Cupra Leon 2.0 TDI,Hatchback,Kombi,True,https://suchen.mobile.de/auto-inserat/cupra-leon-sportstourer-2-0-tdi-dsg-5-j-garantie-ahk-n-beilngries/456125030.html
Cupra Leon 2.0 TDI,Hatchback,Kombi,True,https://suchen.mobile.de/auto-inserat/cupra-leon-sportstourer-2-0-tdi-dsg-acc-ahk-kamera-hemer/456192891.html
Cupra Leon 2.0 TDI,Hatchback,Kombi,True,https://suchen.mobile.de/auto-inserat/cupra-leon-sportstourer-2-0-tdi-dsg-acc-led-pdc-shz-augustfehn/455272927.html
Cupra Leon 2.0 TDI,Hatchback,Kombi,True,https://suchen.mobile.de/auto-inserat/cupra-leon-sportstourer-2-0-tdi-dsg-acc-navi-led-kam-ludwigsfelde/450599522.html
Cupra Leon 2.0 TDI,Hatchback,Kombi,True,https://suchen.mobile.de/auto-inserat/cupra-leon-sportstourer-2-0-tdi-dsg-acc-navi-led-kam-sch%C3%B6nefeld/460356513.html
Cupra Leon 2.0 TDI,Hatchback,Kombi,True,https://suchen.mobile.de/auto-inserat/cupra-leon-sportstourer-2-0-tdi-dsg-acc-navi-led-shz-ludwigsfelde/451269759.html
Cupra Leon 2.0 TDI,Hatchback,Kombi,True,https://suchen.mobile.de/auto-inserat/cupra-leon-sportstourer-2-0-tdi-dsg-ahk-acc-el-klappe-amberg/458587361.html
Cupra Leon 2.0 TDI,Hatchback,Kombi,True,https://suchen.mobile.de/auto-inserat/cupra-leon-sportstourer-2-0-tdi-dsg-ahk-acc-el-klappe-neumarkt/458673142.html
Cupra Leon 2.0 TDI,Hatchback,Kombi,True,https://suchen.mobile.de/auto-inserat/cupra-leon-sportstourer-2-0-tdi-dsg-ahk-acc-el-klappe-neumarkt/459831168.html
Cupra Leon 2.0 TDI,Hatchback,Kombi,True,https://suchen.mobile.de/auto-inserat/cupra-leon-sportstourer-2-0-tdi-dsg-ahk-acc-led-carpla-m%C3%B6ssingen/460349043.html
Cupra Leon 2.0 TDI,Hatchback,Kombi,True,https://suchen.mobile.de/auto-inserat/cupra-leon-sportstourer-2-0-tdi-dsg-ahk-gjr-navi-kamer-l%C3%BCbeck/455526919.html
Cupra Leon 2.0 TDI,Hatchback,Kombi,True,https://suchen.mobile.de/auto-inserat/cupra-leon-sportstourer-2-0-tdi-dsg-ahk-kamera-navi-husum/456337776.html
Cupra Leon 2.0 TDI,Hatchback,Kombi,True,https://suchen.mobile.de/auto-inserat/cupra-leon-sportstourer-2-0-tdi-dsg-ahk-kamera-supersp-l%C3%BCdenscheid/460089726.html
Cupra Leon 2.0 TDI,Hatchback,Kombi,True,https://suchen.mobile.de/auto-inserat/cupra-leon-sportstourer-2-0-tdi-dsg-ahk-led-nav-kessy-amberg/456613768.html
Cupra Leon 2.0 TDI,Hatchback,Kombi,True,https://suchen.mobile.de/auto-inserat/cupra-leon-sportstourer-2-0-tdi-dsg-ahk-upe-50225-neu-wulmstorf/390047378.html
Cupra Leon 2.0 TDI,Hatchback,Kombi,True,https://suchen.mobile.de/auto-inserat/cupra-leon-sportstourer-2-0-tdi-dsg-allw-matrix-navi-ludwigsfelde/452470439.html
Cupra Leon 2.0 TDI,Hatchback,Kombi,True,https://suchen.mobile.de/auto-inserat/cupra-leon-sportstourer-2-0-tdi-dsg-carplay-acc-ahk-walsrode/452052700.html
Cupra Leon 2.0 TDI,Hatchback,Kombi,True,https://suchen.mobile.de/auto-inserat/cupra-leon-sportstourer-2-0-tdi-dsg-facelift-matrix-pa-eisenach/456353986.html
Cupra Leon 2.0 TDI,Hatchback,Kombi,True,https://suchen.mobile.de/auto-inserat/cupra-leon-sportstourer-2-0-tdi-dsg-led-ahk-acc-shz-emsdetten/453821283.html
Cupra Leon 2.0 TDI,Hatchback,Kombi,True,https://suchen.mobile.de/auto-inserat/cupra-leon-sportstourer-2-0-tdi-dsg-led-navi-ahk-kamer-neumarkt-i-d-opf/458634847.html
Cupra Leon 2.0 TDI,Hatchback,Kombi,True,https://suchen.mobile.de/auto-inserat/cupra-leon-sportstourer-2-0-tdi-dsg-led-navi-ahk-klima-lutherstadt-wittenberg/460220399.html
Cupra Leon 2.0 TDI,Hatchback,Kombi,True,https://suchen.mobile.de/auto-inserat/cupra-leon-sportstourer-2-0-tdi-dsg-led-side-app-kessy-dresden/457815184.html
Cupra Leon 2.0 TDI,Hatchback,Kombi,True,https://suchen.mobile.de/auto-inserat/cupra-leon-sportstourer-2-0-tdi-dsg-led-virtual-navi-peine/457523063.html
Cupra Leon 2.0 TDI,Hatchback,Kombi,True,https://suchen.mobile.de/auto-inserat/cupra-leon-sportstourer-2-0-tdi-dsg-matrix-berlin/458896293.html
Cupra Leon 2.0 TDI,Hatchback,Kombi,True,https://suchen.mobile.de/auto-inserat/cupra-leon-sportstourer-2-0-tdi-dsg-matrix-navi-elekt-halberstadt/421316364.html
Cupra Leon 2.0 TDI,Hatchback,Kombi,True,https://suchen.mobile.de/auto-inserat/cupra-leon-sportstourer-2-0-tdi-dsg-matrix-virtual-nav-sonneberg/455147366.html
Cupra Leon 2.0 TDI,Hatchback,Kombi,True,https://suchen.mobile.de/auto-inserat/cupra-leon-sportstourer-2-0-tdi-dsg-navi-acc-spurh-led-cloppenburg/433891902.html
Cupra Leon 2.0 TDI,Hatchback,Kombi,True,https://suchen.mobile.de/auto-inserat/cupra-leon-sportstourer-2-0-tdi-dsg-navi-ahk-el-heck-k%C3%B6nigstein/458575480.html
Cupra Leon 2.0 TDI,Hatchback,Kombi,True,https://suchen.mobile.de/auto-inserat/cupra-leon-sportstourer-2-0-tdi-dsg-navi-ahk-el-heck-k%C3%B6nigstein/458575484.html
Cupra Leon 2.0 TDI,Hatchback,Kombi,True,https://suchen.mobile.de/auto-inserat/cupra-leon-sportstourer-2-0-tdi-dsg-navi-kamera-hamm/455592957.html
Cupra Leon 2.0 TDI,Hatchback,Kombi,True,https://suchen.mobile.de/auto-inserat/cupra-leon-sportstourer-2-0-tdi-dsg-navi-led-acc-shzg-rheinfelden-baden-rheinfelden/453185635.html
Cupra Leon 2.0 TDI,Hatchback,Kombi,True,https://suchen.mobile.de/auto-inserat/cupra-leon-sportstourer-2-0-tdi-dsg-virtual-led-shz-na-erfurt/434273390.html
Cupra Leon 2.0 TDI,Hatchback,Kombi,True,https://suchen.mobile.de/auto-inserat/cupra-leon-sportstourer-2-0-tdi-dsg-virtual-led-shz-na-leipzig/453367790.html
Cupra Leon 2.0 TDI,Hatchback,Kombi,True,https://suchen.mobile.de/auto-inserat/cupra-leon-sportstourer-2-0-tdi-dsg-virtual-navi-led-a-zellingen/433663961.html
Cupra Leon 2.0 TDI,Hatchback,Kombi,True,https://suchen.mobile.de/auto-inserat/cupra-leon-sportstourer-2-0-tdi-dsg-visionnavixl-peine/442666518.html
Cupra Leon 2.0 TDI,Hatchback,Kombi,True,https://suchen.mobile.de/auto-inserat/cupra-leon-sportstourer-2-0-tdi-dsg-wernigerode/449419365.html
Cupra Leon 2.0 TDI,Hatchback,Kombi,True,https://suchen.mobile.de/auto-inserat/cupra-leon-sportstourer-2-0-tdi-dsg-wernigerode/452501944.html
Cupra Leon 2.0 TDI,Hatchback,Kombi,True,https://suchen.mobile.de/auto-inserat/cupra-leon-sportstourer-2-0-tdi-dsg-winterpaket-navi-stendal/454595990.html
Cupra Leon 2.0 TDI,Hatchback,Kombi,True,https://suchen.mobile.de/auto-inserat/cupra-leon-sportstourer-2-0-tdi-gersthofen/459402977.html
Cupra Leon 2.0 TDI,Hatchback,Kombi,True,https://suchen.mobile.de/auto-inserat/cupra-leon-sportstourer-2-0-tdi-gersthofen/459403042.html
Cupra Leon 2.0 TDI,Hatchback,Kombi,True,https://suchen.mobile.de/auto-inserat/cupra-leon-sportstourer-2-0-tdi-led-dsg-shz-facelift-braunschweig/459002840.html
Cupra Leon 2.0 TDI,Hatchback,Kombi,True,https://suchen.mobile.de/auto-inserat/cupra-leon-sportstourer-2-0-tdi-led-kam-navi-shz-acc-goslar/450222994.html
Cupra Leon 2.0 TDI,Hatchback,Kombi,True,https://suchen.mobile.de/auto-inserat/cupra-leon-sportstourer-2-0-tdi-navi-led-acc-shz-kamer-bocholt/394979387.html
Cupra Leon 2.0 TDI,Hatchback,Kombi,True,https://suchen.mobile.de/auto-inserat/cupra-leon-sportstourer-2-0-tdi-pano-ahk-matrix-rfk-be-wedel/455509161.html
Cupra Leon 2.0 TDI,Hatchback,Kombi,True,https://suchen.mobile.de/auto-inserat/cupra-leon-sportstourer-2-0-tdi-pano-matrix-rfk-beats-jesteburg/458556632.html
Cupra Leon 2.0 TDI,Hatchback,Kombi,True,https://suchen.mobile.de/auto-inserat/cupra-leon-sportstourer-2-0-tdic-led-navi-kamera-leder-bebra/459759400.html
Cupra Leon 2.0 TDI,Hatchback,Kombi,True,https://suchen.mobile.de/auto-inserat/cupra-leon-sportstourer-2-0tdi-dsg-led-acc-1hd-eichenzell/448569150.html
Cupra Leon 2.0 TDI,Hatchback,Kombi,True,https://suchen.mobile.de/auto-inserat/cupra-leon-sportstourer-cupra-2-0-tdic-kameranavi-led-braunschweig/457354403.html
Cupra Leon 2.0 TDI,Hatchback,Kombi,True,https://suchen.mobile.de/auto-inserat/cupra-leon-sportstourer-tdi-dsg-edgeintell-ahk-peine/455751084.html
Cupra Leon 2.0 TDI,Hatchback,Kombi,True,https://suchen.mobile.de/auto-inserat/cupra-leon-st-2-0-tdi-150-ps-ahk-navi-fulllink-sitzh-forchheim/460215548.html
Cupra Leon 2.0 TDI,Hatchback,Kombi,True,https://suchen.mobile.de/auto-inserat/cupra-leon-st-2-0-tdi-acc-totwinkel-keyless-parklenk-sch%C3%B6nefeld/460339596.html
Cupra Leon 2.0 TDI,Hatchback,Kombi,True,https://suchen.mobile.de/auto-inserat/cupra-leon-st-2-0-tdi-dpf-navi-einparkhilfe-sitzheiz-frankfurt/459025489.html
Cupra Leon 2.0 TDI,Hatchback,Kombi,True,https://suchen.mobile.de/auto-inserat/cupra-leon-st-2-0-tdi-dsg-ahk-acc-kam-shz-navi-feldkirchen-westerham/451835049.html
Cupra Leon 2.0 TDI,Hatchback,Kombi,True,https://suchen.mobile.de/auto-inserat/cupra-leon-st-2-0-tdi-dsg-ahk-acc-r-cam-nav-led-shz-berlin/455733804.html
Cupra Leon 2.0 TDI,Hatchback,Kombi,True,https://suchen.mobile.de/auto-inserat/cupra-leon-st-2-0-tdi-dsg-ahk-kamera-navi-acc-keyless-feldkirchen-westerham/456656862.html
Cupra Leon 2.0 TDI,Hatchback,Kombi,True,https://suchen.mobile.de/auto-inserat/cupra-leon-st-2-0-tdi-dsg-daun/448043799.html
Cupra Leon 2.0 TDI,Hatchback,Kombi,True,https://suchen.mobile.de/auto-inserat/cupra-leon-st-2-0-tdi-dsg-daun/459438839.html
Cupra Leon 2.0 TDI,Hatchback,Kombi,True,https://suchen.mobile.de/auto-inserat/cupra-leon-st-2-0-tdi-dsg-edge-led-r-kamera-acc-ahk-neckarsulm/444900447.html
Cupra Leon 2.0 TDI,Hatchback,Kombi,True,https://suchen.mobile.de/auto-inserat/cupra-leon-st-2-0-tdi-dsg-edge-led-r-kamera-acc-ahk-neckarsulm/444900644.html
Cupra Leon 2.0 TDI,Hatchback,Kombi,True,https://suchen.mobile.de/auto-inserat/cupra-leon-st-2-0-tdi-dsg-fulllink-navi-led-acc-w%C3%BCrzburg/456104564.html
Cupra Leon 2.0 TDI,Hatchback,Kombi,True,https://suchen.mobile.de/auto-inserat/cupra-leon-st-2-0-tdi-dsg-led-navi-acc-teilleder-pdc-wismar/453348142.html
Cupra Leon 2.0 TDI,Hatchback,Kombi,True,https://suchen.mobile.de/auto-inserat/cupra-leon-st-2-0-tdi-dsg-led-navi-kamera-g%C3%B6ttingen/454363001.html
Cupra Leon 2.0 TDI,Hatchback,Kombi,True,https://suchen.mobile.de/auto-inserat/cupra-leon-st-2-0-tdi-dsg-led-navi-kamera-sitzheizung-brehna/458712306.html
Cupra Leon 2.0 TDI,Hatchback,Kombi,True,https://suchen.mobile.de/auto-inserat/cupra-leon-st-2-0-tdi-dsg-led-navi-sitzheizung-kamera-bautzen/449024117.html
Cupra Leon 2.0 TDI,Hatchback,Kombi,True,https://suchen.mobile.de/auto-inserat/cupra-leon-st-2-0-tdi-dsg-led-navi-sitzheizung-kamera-k%C3%B6then/452024487.html
Cupra Leon 2.0 TDI,Hatchback,Kombi,True,https://suchen.mobile.de/auto-inserat/cupra-leon-st-2-0-tdi-dsg-led-virt-cock-acc-rfk-chemnitz-mittelbach/457403168.html
Cupra Leon 2.0 TDI,Hatchback,Kombi,True,https://suchen.mobile.de/auto-inserat/cupra-leon-st-2-0-tdi-dsg-matrix-acc-kamera-ahk-navi-%C3%BCberlingen/458059072.html
Cupra Leon 2.0 TDI,Hatchback,Kombi,True,https://suchen.mobile.de/auto-inserat/cupra-leon-st-2-0-tdi-dsg-matrix-acc-kamera-ahk-navi-aach/458059000.html
Cupra Leon 2.0 TDI,Hatchback,Kombi,True,https://suchen.mobile.de/auto-inserat/cupra-leon-st-2-0-tdi-dsg-matrix-acc-kamera-ahk-navi-aach/458059013.html
Cupra Leon 2.0 TDI,Hatchback,Kombi,True,https://suchen.mobile.de/auto-inserat/cupra-leon-st-2-0-tdi-dsg-matrix-acc-kamera-ahk-navi-aach/458059044.html
Cupra Leon 2.0 TDI,Hatchback,Kombi,True,https://suchen.mobile.de/auto-inserat/cupra-leon-st-2-0-tdi-dsg-matrix-acc-kamera-ahk-navi-aach/458059051.html
Cupra Leon 2.0 TDI,Hatchback,Kombi,True,https://suchen.mobile.de/auto-inserat/cupra-leon-st-2-0-tdi-dsg-matrix-acc-kamera-ahk-navi-aach/458059068.html
Cupra Leon 2.0 TDI,Hatchback,Kombi,True,https://suchen.mobile.de/auto-inserat/cupra-leon-st-2-0-tdi-dsg-matrix-acc-kamera-ahk-navi-aach/458365114.html
Cupra Leon 2.0 TDI,Hatchback,Kombi,True,https://suchen.mobile.de/auto-inserat/cupra-leon-st-2-0-tdi-dsg-matrix-acc-kamera-ahk-navi-aach/458365124.html
Cupra Leon 2.0 TDI,Hatchback,Kombi,True,https://suchen.mobile.de/auto-inserat/cupra-leon-st-2-0-tdi-dsg-navi-shz-ahzv-kamera-frankenberg/460027976.html
Cupra Leon 2.0 TDI,Hatchback,Kombi,True,https://suchen.mobile.de/auto-inserat/cupra-leon-st-2-0-tdi-facelift-led-virt-cock-acc-rfk-chemnitz-mittelbach/457273235.html
Cupra Leon 2.0 TDI,Hatchback,Kombi,True,https://suchen.mobile.de/auto-inserat/cupra-leon-st-2-0-tdi-led-pdc-kamera-gardelegen/448168458.html
Cupra Leon 2.0 TDI,Hatchback,Kombi,True,https://suchen.mobile.de/auto-inserat/cupra-leon-st-2-0-tdi-panorama-keyless-acc-ambiente-sh-sch%C3%B6nefeld/460245062.html
Cupra Leon 2.0 TDI,Hatchback,Kombi,True,https://suchen.mobile.de/auto-inserat/cupra-leon-st-2-0-tdic-aid-acc-kam-led-carplay-18-pinneberg/457271132.html
Cupra Leon 2.0 TDI,Hatchback,Kombi,True,https://suchen.mobile.de/auto-inserat/cupra-leon-st-2-0-tdic-aid-key-led-carplay-18-pinneberg/457903235.html
Cupra Leon 2.0 TDI,Hatchback,Kombi,True,https://suchen.mobile.de/auto-inserat/cupra-leon-st-2-0tdi-110kw-virtual-led-nav-cam-acc-lengede/452161671.html
Cupra Leon 2.0 TDI,Hatchback,Kombi,True,https://suchen.mobile.de/auto-inserat/cupra-leon-st-2-0tdi-110kw-virtual-led-nav-cam-acc-lengede/452161759.html
Cupra Leon 2.0 TDI,Hatchback,Kombi,True,https://suchen.mobile.de/auto-inserat/cupra-leon-st-2-0tdi-dsg-led-rearview-acc-el-heckkla-n%C3%BCrnberg/454126618.html
Cupra Leon 2.0 TDI,Hatchback,Kombi,True,https://suchen.mobile.de/auto-inserat/cupra-leon-st-2-0tdi-dsg-sennheiser-ahk-edge-paket-memmingen/456359935.html
Cupra Leon 2.0 TDI,Hatchback,Kombi,True,https://suchen.mobile.de/auto-inserat/cupra-leon-st-tdi-ahk-shz-acc-full-link-klima-oberschopfheim/448896577.html
Cupra Leon 2.0 TDI,Hatchback,Kombi,True,https://suchen.mobile.de/auto-inserat/cupra-leon-st-tdi-dsg-matrixled-navi-kamera-18zoll-ahk-cadolzburg/460064941.html
Cupra Leon 2.0 TDI,Hatchback,Kombi,True,https://suchen.mobile.de/auto-inserat/cupra-leon-sp-2-0-tdi-dsg-5-j-g-navi-ahk-kessy-18lm-rf-straubing/460537711.html
Cupra Leon 2.0 TDI,Hatchback,Kombi,True,https://suchen.mobile.de/auto-inserat/cupra-leon-sportstourer-2-0-tdi-150-ps-dsg-navi-led-ac-bocholt/394979387.html
Cupra Leon 2.0 TDI,Hatchback,Kombi,True,https://suchen.mobile.de/auto-inserat/cupra-leon-sportstourer-2-0-tdi-dsg-110kw-stuttgart-feuerbach/459964933.html
Cupra Leon 2.0 TDI,Hatchback,Kombi,True,https://suchen.mobile.de/auto-inserat/cupra-leon-sportstourer-2-0-tdi-dsg-matrix-navi-kamera-wernigerode/452441721.html
Cupra Leon 2.0 TDI,Hatchback,Kombi,True,https://suchen.mobile.de/auto-inserat/cupra-leon-sportstourer-2-0-tdi-lm18-ahk-kamera-navi-remscheid/460351813.html
Cupra Leon 2.0 TDI,Hatchback,Kombi,True,https://suchen.mobile.de/auto-inserat/cupra-leon-sportstourer-2-0-tdi-rfk-shz-ahk-fulllink-k-schw%C3%A4bisch-hall/460248724.html
Cupra Leon 2.0 TDI,Hatchback,Kombi,True,https://suchen.mobile.de/auto-inserat/cupra-leon-sp-2-0-tdi-dsg-5-j-g-ahk-nav-acc-kessy-18lm-straubing/460639104.html
Cupra Leon 2.0 TDI,Hatchback,Kombi,True,https://suchen.mobile.de/auto-inserat/cupra-leon-sportstourer-2-0-tdi-dsg-matrix-virtual-nav-zellingen/460602653.html
Cupra Leon 2.0 TDI,Hatchback,Kombi,True,https://suchen.mobile.de/auto-inserat/cupra-leon-sportstourer-2-0-tdi-dsg-matrix-virtual-nav-zellingen/460613292.html
Cupra Leon 2.0 TDI,Hatchback,Kombi,True,https://suchen.mobile.de/auto-inserat/cupra-leon-sportstourer-2-0-tdi-led-ahk-assist-uvm-n%C3%BCrtingen/460654475.html
Cupra Leon 2.0 TDI,Hatchback,Kombi,True,https://suchen.mobile.de/auto-inserat/cupra-leon-st-2-0-tdi-dsg-matrix-acc-kamera-ahk-aach/460681102.html
Cupra Leon 2.0 TDI,Hatchback,Kombi,True,https://suchen.mobile.de/auto-inserat/cupra-leon-sp-2-0-tdi-dsg-acc-ahk-aut-fernlichtass-landshut/460223251.html
Cupra Leon 2.0 TDI,Hatchback,Kombi,True,https://suchen.mobile.de/auto-inserat/cupra-leon-st-2-0-tdi-dsg-5jg-led-navi-acc-shz-ahk-rfk-hof/460707511.html
Cupra Leon 2.0 TDI,Hatchback,Kombi,True,https://suchen.mobile.de/auto-inserat/cupra-leon-st-tdi-ahk-shz-acc-full-link-oberschopfheim/448896577.html
Cupra Leon 2.0 TDI,Hatchback,Kombi,True,https://suchen.mobile.de/auto-inserat/cupra-leon-2-0-tdi-dsg-navi-kamera-sitzheiz-led-d%C3%BCsseldorf/457964968.html
Cupra Leon 2.0 TDI,Hatchback,Kombi,True,https://suchen.mobile.de/auto-inserat/cupra-leon-2-0tdi-dsg-virtual-navi-shz-led-bebra/460807269.html
Cupra Leon 2.0 TDI,Hatchback,Kombi,True,https://suchen.mobile.de/auto-inserat/cupra-leon-sp-2-0-tdi-dsg-ahk-navi-rear-view-shz-ingolstadt/460796008.html
Cupra Leon 2.0 TDI,Hatchback,Kombi,True,https://suchen.mobile.de/auto-inserat/cupra-leon-sportstourer-2-0-tdi-110-kw-150-ps-7-gang-ladbergen/460797882.html
Cupra Leon 2.0 TDI,Hatchback,Kombi,True,https://suchen.mobile.de/auto-inserat/cupra-leon-sportstourer-2-0-tdi-acc-lane-front-sideass-nauen/454693227.html
Cupra Leon 2.0 TDI,Hatchback,Kombi,True,https://suchen.mobile.de/auto-inserat/cupra-leon-sportstourer-2-0-tdi-alu-led-ahk-kamera-nav-l%C3%BCneburg/457436207.html
Cupra Leon 2.0 TDI,Hatchback,Kombi,True,https://suchen.mobile.de/auto-inserat/cupra-leon-sportstourer-2-0-tdi-dsg-ahk-el-heckkl-na-pohlheim/454592202.html
Cupra Leon 2.0 TDI,Hatchback,Kombi,True,https://suchen.mobile.de/auto-inserat/cupra-leon-sportstourer-2-0-tdi-dsg-ahk-el-heckkl-na-pohlheim/454592569.html
Cupra Leon 2.0 TDI,Hatchback,Kombi,True,https://suchen.mobile.de/auto-inserat/cupra-leon-sportstourer-2-0-tdi-dsg-ahk-led-navi-shz-hildesheim/450820973.html
Cupra Leon 2.0 TDI,Hatchback,Kombi,True,https://suchen.mobile.de/auto-inserat/cupra-leon-sportstourer-2-0-tdi-dsg-el-heckkl-navi-k-pohlheim/454593074.html
Cupra Leon 2.0 TDI,Hatchback,Kombi,True,https://suchen.mobile.de/auto-inserat/cupra-leon-st-2-0-tdi-150-dsg-facelift-uvp-31-berlin/413105847.html
Cupra Leon 2.0 TDI,Hatchback,Kombi,True,https://suchen.mobile.de/auto-inserat/cupra-leon-st-2-0-tdi-150-dsg-facelift-uvp-31-d%C3%BCsseldorf/413106463.html
Cupra Leon 2.0 TDI,Hatchback,Kombi,True,https://suchen.mobile.de/auto-inserat/cupra-leon-st-2-0-tdi-150-dsg-facelift-uvp-31-freiburg-im-breisgau/413104938.html
Cupra Leon 2.0 TDI,Hatchback,Kombi,True,https://suchen.mobile.de/auto-inserat/cupra-leon-st-2-0-tdi-150-dsg-facelift-uvp-31-hamburg/413107588.html
Cupra Leon 2.0 TDI,Hatchback,Kombi,True,https://suchen.mobile.de/auto-inserat/cupra-leon-st-2-0-tdi-150-dsg-facelift-uvp-31-kehl/413103951.html
Cupra Leon 2.0 TDI,Hatchback,Kombi,True,https://suchen.mobile.de/auto-inserat/cupra-leon-st-2-0-tdi-150-dsg-facelift-uvp-31-m%C3%BCnchen/413106968.html
Cupra Leon 2.0 TDI,Hatchback,Kombi,True,https://suchen.mobile.de/auto-inserat/cupra-leon-st-2-0tdi-dsg-sennheiser-ahk-hagel-memmingen/456359935.html
Cupra Leon 2.0 TDI,Hatchback,Kombi,True,https://suchen.mobile.de/auto-inserat/cupra-leon-sportstourer-2-0-tdi-neumarkt/460913988.html
Cupra Leon 2.0 TDI,Hatchback,Kombi,True,https://suchen.mobile.de/auto-inserat/cupra-leon-sp-2-0-tdi-dsg-vision-pano-carplay-xl-shz-wuppertal/461029624.html
Cupra Leon 2.0 TDI,Hatchback,Kombi,True,https://suchen.mobile.de/auto-inserat/cupra-leon-sportstourer-2-0-tdi-dsg-ahk-acc-el-klappe-neumarkt/460913988.html
Cupra Leon 2.0 TDI,Hatchback,Kombi,True,https://suchen.mobile.de/auto-inserat/cupra-leon-2-0tdi-dsg-virtual-navi-shz-led-bebra/461091722.html
Cupra Leon 2.0 TDI,Hatchback,Kombi,True,https://suchen.mobile.de/auto-inserat/cupra-leon-2-0tdi-st-ahk-kam-assistenz-acc-1-hand-he%C3%9Fdorf/461106163.html
Cupra Leon 2.0 TDI,Hatchback,Kombi,True,https://suchen.mobile.de/auto-inserat/cupra-leon-sportstourer-2-0-tdi-ahk-rfk-navi-acc-gjr-k-mayen/460352213.html
Cupra Leon 2.0 TDI,Hatchback,Kombi,True,https://suchen.mobile.de/auto-inserat/cupra-leon-sportstourer-2-0-tdi-dsg-ahk-matrix-nav-18-forchheim/461133490.html
Cupra Leon 2.0 TDI,Hatchback,Kombi,True,https://suchen.mobile.de/auto-inserat/cupra-leon-sportstourer-2-0-tdi-dsg-led-navi-ahk-kamer-neumarkt-i-d-opf/458634909.html
Cupra Leon 2.0 TDI,Hatchback,Kombi,True,https://suchen.mobile.de/auto-inserat/cupra-leon-sportstourer-2-0-tdi-dsg-led-rkam-navi-nordhorn/461102150.html
Cupra Leon 2.0 TDI,Hatchback,Kombi,True,https://suchen.mobile.de/auto-inserat/cupra-leon-sportstourer-2-0tdi-dsg-18-ahk-gra-nav-pan-balingen/461109031.html
Cupra Leon 2.0 TDI,Hatchback,Kombi,True,https://suchen.mobile.de/auto-inserat/cupra-leon-st-2-0-tdi-dsg-5jg-led-navi-acc-shz-ahk-rfk-sche%C3%9Flitz/461086914.html
Cupra Leon 2.0 TDI,Hatchback,Kombi,True,https://suchen.mobile.de/auto-inserat/cupra-leon-sportstourer-2-0-tdi-dsg-ahk-led-rkam-nav-nordhorn/461195588.html
Cupra Leon 2.0 TDI,Hatchback,Kombi,True,https://suchen.mobile.de/auto-inserat/cupra-leon-sportstourer-2-0-tdi-dsg-navi-ahk-plattling/461199854.html
Cupra Leon 2.0 TDI,Hatchback,Kombi,True,https://suchen.mobile.de/auto-inserat/cupra-leon-sportstourer-2-0-tdi-dsg-parklenkassistent-stendal/454595990.html
Cupra Leon 2.0 TDI,Hatchback,Kombi,True,https://suchen.mobile.de/auto-inserat/cupra-leon-2-0-tdi-dsg-sportstourer-navi-acc-led-shz-chemnitz/461280683.html
Cupra Leon 2.0 TDI,Hatchback,Kombi,True,https://suchen.mobile.de/auto-inserat/cupra-leon-sportstourer-2-0-tdi-ahk-acc-ahk-acc-na-ettlingen/452632626.html
Cupra Leon 2.0 TDI,Hatchback,Kombi,True,https://suchen.mobile.de/auto-inserat/cupra-leon-sportstourer-2-0-tdi-dsg-edge-matrix-navi-a-osterode/455071086.html
Cupra Leon 2.0 TDI,Hatchback,Kombi,True,https://suchen.mobile.de/auto-inserat/cupra-leon-sportstourer-2-0-tdi-sonderleasing-ahk-acc-wackersdorf/461359311.html
Cupra Leon 2.0 TDI,Hatchback,Kombi,True,https://suchen.mobile.de/auto-inserat/cupra-leon-sportstourer-2-0-tdi-sonderleasing-ahk-navi-wackersdorf/461359316.html
Cupra Leon 2.0 TDI,Hatchback,Kombi,True,https://suchen.mobile.de/auto-inserat/cupra-leon-st-2-0-tdi-acc-totwinkel-kessy-parklenk-ahk-sch%C3%B6nefeld/460339596.html
Cupra Leon 2.0 TDI,Hatchback,Kombi,True,https://suchen.mobile.de/auto-inserat/cupra-leon-st-2-0-tdi-kamera-parklenk-kessy-acc-ahk-berlin/461367024.html
Cupra Leon 2.0 TDI,Hatchback,Kombi,True,https://suchen.mobile.de/auto-inserat/cupra-leon-sportstourer-2-0-tdi-dsg-el-klappe-led-acc-pilsach/461453543.html
Cupra Leon 2.0 TDI,Hatchback,Kombi,True,https://suchen.mobile.de/auto-inserat/cupra-leon-sportstourer-2-0-tdi-dsg-led-navi-ahk-klima-jessen/461433139.html
Cupra Leon 2.0 TDI,Hatchback,Kombi,True,https://suchen.mobile.de/auto-inserat/cupra-leon-st-2-0-tdi-dsg-ahk-kamera-navi-acc-keyless-feldkirchen-westerham/456660974.html
Cupra Leon 2.0 TDI,Hatchback,Kombi,True,https://suchen.mobile.de/auto-inserat/cupra-leon-sportstourer-2-0-tdi-ahk-acc-ahk-acc-nav-ettlingen/452632626.html
Cupra Leon 2.0 TDI,Hatchback,Kombi,True,https://suchen.mobile.de/auto-inserat/cupra-leon-sportstourer-2-0-tdi-amberg/461521686.html
Cupra Leon 2.0 TDI,Hatchback,Kombi,True,https://suchen.mobile.de/auto-inserat/cupra-leon-sportstourer-2-0-tdi-dsg-ahk-acc-el-klappe-amberg/461521686.html
Hyundai i30 Kombi 1.5 T-GDI MHEV,Kombi,Hatchback,True,https://www.sauto.cz/osobni/detail/hyundai/i30/209261343
Hyundai i30 Kombi 1.5 T-GDI MHEV,Kombi,Liftback,True,https://www.sauto.cz/osobni/detail/hyundai/i30/209482209
Hyundai i30 Kombi 1.5 T-GDI MHEV,Kombi,Liftback,True,https://www.sauto.cz/osobni/detail/hyundai/i30/209918391
Hyundai i30 Kombi 1.5 T-GDI MHEV,Kombi,Liftback,True,https://www.sauto.cz/osobni/detail/hyundai/i30/209986248
Hyundai i30 Kombi 1.5 T-GDI MHEV,Kombi,Hatchback,True,https://www.sauto.cz/osobni/detail/hyundai/i30/210138392
Hyundai i30 Kombi 1.5 T-GDI MHEV,Kombi,Hatchback,True,https://www.sauto.cz/osobni/detail/hyundai/i30/210165614
Hyundai i30 Kombi 1.5 T-GDI MHEV,Kombi,Liftback,True,https://www.sauto.cz/osobni/detail/hyundai/i30/210617126
Hyundai i30 Kombi 1.5 T-GDI MHEV,Kombi,Liftback,True,https://www.sauto.cz/osobni/detail/hyundai/i30/210685538
Hyundai i30 Kombi 1.5 T-GDI MHEV,Kombi,Hatchback,True,https://www.sauto.cz/osobni/detail/hyundai/i30/210686246
Hyundai i30 Kombi 1.5 T-GDI MHEV,Kombi,Hatchback,True,https://www.sauto.cz/osobni/detail/hyundai/i30/209485533
Hyundai i30 Kombi 1.5 T-GDI MHEV,Kombi,Liftback,True,https://www.sauto.cz/osobni/detail/hyundai/i30/210834563
Hyundai i30 Kombi 1.5 T-GDI MHEV,Kombi,Liftback,True,https://suchen.mobile.de/auto-inserat/hyundai-i30-1-5-t-gdi-fastback-navi-shz-led-kamera-kempen/459630440.html
Hyundai i30 Kombi 1.5 T-GDI MHEV,Kombi,Liftback,True,https://suchen.mobile.de/auto-inserat/hyundai-i30-1-5-t-gdi-hybrid-edition-30-fastback-ed-burghausen/460115859.html
Hyundai i30 Kombi 1.5 T-GDI MHEV,Kombi,Hatchback,True,https://suchen.mobile.de/auto-inserat/hyundai-i30-1-5l-t-gdi-48v-advantage-mit-plus-paket-donaueschingen/440110612.html
Hyundai i30 Kombi 1.5 T-GDI MHEV,Kombi,Liftback,True,https://suchen.mobile.de/auto-inserat/hyundai-i30-edition-30-fastback-1-5-turbo-48v-schiebd-cuxhaven/454497057.html
Hyundai i30 Kombi 1.5 T-GDI MHEV,Kombi,Liftback,True,https://suchen.mobile.de/auto-inserat/hyundai-i30-fastback-1-5-prime-mild-hybrid-led-navi-acc-berlin/459242892.html
Hyundai i30 Kombi 1.5 T-GDI MHEV,Kombi,Liftback,True,https://suchen.mobile.de/auto-inserat/hyundai-i30-fastback-1-5-t-gdi-aut-led-navi-sitzheizung-gotha/458632176.html
Hyundai i30 Kombi 1.5 T-GDI MHEV,Kombi,Liftback,True,https://suchen.mobile.de/auto-inserat/hyundai-i30-fastback-1-5-t-gdi-hybrid-n-line-dct-berlin/458764019.html
Hyundai i30 Kombi 1.5 T-GDI MHEV,Kombi,Liftback,True,https://suchen.mobile.de/auto-inserat/hyundai-i30-fastback-1-5-t-gdi-n-line-led-acc-navi-kamer-wietmarschen/459517599.html
Hyundai i30 Kombi 1.5 T-GDI MHEV,Kombi,Liftback,True,https://suchen.mobile.de/auto-inserat/hyundai-i30-fastback-1-5-t-gdi-n-line-rostock/459647928.html
Hyundai i30 Kombi 1.5 T-GDI MHEV,Kombi,Liftback,True,https://suchen.mobile.de/auto-inserat/hyundai-i30-fastback-1-5-t-gdi-prime-pano-navi-leder-mem-salzbergen/459402016.html
Hyundai i30 Kombi 1.5 T-GDI MHEV,Kombi,Liftback,True,https://suchen.mobile.de/auto-inserat/hyundai-i30-fastback-1-5t-gdi-ed-30-mhev-euro-6d-navi-d%C3%BCsseldorf/457326533.html
Hyundai i30 Kombi 1.5 T-GDI MHEV,Kombi,Liftback,True,https://suchen.mobile.de/auto-inserat/hyundai-i30-fastback-1-5t-gdi-ed-30-mild-hybrid-navi-k-pforzheim/459775147.html
Hyundai i30 Kombi 1.5 T-GDI MHEV,Kombi,Liftback,True,https://suchen.mobile.de/auto-inserat/hyundai-i30-fastback-1-5t-gdi-n-line-mild-hybrid-n-line-nordenham/454525306.html
Hyundai i30 Kombi 1.5 T-GDI MHEV,Kombi,Liftback,True,https://suchen.mobile.de/auto-inserat/hyundai-i30-fastback-edition-30-mild-hybrid-1-5-vollaus-ratingen/456364015.html
Hyundai i30 Kombi 1.5 T-GDI MHEV,Kombi,Liftback,True,https://suchen.mobile.de/auto-inserat/hyundai-i30-fastback-edition-30-mild-hybrid-led-navi-heilbronn/448118014.html
Hyundai i30 Kombi 1.5 T-GDI MHEV,Kombi,Liftback,True,https://suchen.mobile.de/auto-inserat/hyundai-i30-fastback-mhev-acc-led-shz-lhz-kam-neu-ulm/456779374.html
Hyundai i30 Kombi 1.5 T-GDI MHEV,Kombi,Liftback,True,https://suchen.mobile.de/auto-inserat/hyundai-i30-fastback-n-line-1-5-48v-el-panodach-navigat-neumarkt/428073347.html
Hyundai i30 Kombi 1.5 T-GDI MHEV,Kombi,Liftback,True,https://suchen.mobile.de/auto-inserat/hyundai-i30-fastback-prime-mild-hybrid-leder-schiebedach-essen/458711427.html
Hyundai i30 Kombi 1.5 T-GDI MHEV,Kombi,Liftback,True,https://suchen.mobile.de/auto-inserat/hyundai-i30-fastback-trend-1-5-t-gdi-acc-apple-carplay-a-speyer/458385144.html
Hyundai i30 Kombi 1.5 T-GDI MHEV,Kombi,Liftback,True,https://suchen.mobile.de/auto-inserat/hyundai-i30-iii-fastback-1-5-mhev-t-gdi-fastback-chemnitz/458200121.html
Hyundai i30 Kombi 1.5 T-GDI MHEV,Kombi,Liftback,True,https://suchen.mobile.de/auto-inserat/hyundai-i30-iii-fastback-1-5-mhev-t-gdi-fastback-kirchberg-untermitterdorf/458532497.html
Hyundai i30 Kombi 1.5 T-GDI MHEV,Kombi,Liftback,True,https://suchen.mobile.de/auto-inserat/hyundai-i30-iii-fastback-1-5-mhev-t-gdi-fastback-kirchberg-untermitterdorf/458532532.html
Hyundai i30 Kombi 1.5 T-GDI MHEV,Kombi,Liftback,True,https://suchen.mobile.de/auto-inserat/hyundai-i30-iii-fastback-1-5-mhev-t-gdi-fastback-n-lin-gosen-neu-zittau/458669689.html
Hyundai i30 Kombi 1.5 T-GDI MHEV,Kombi,Liftback,True,https://suchen.mobile.de/auto-inserat/hyundai-i30-iii-fastback-1-5-mhev-t-gdi-fastback-n-lin-neuensalz/442308799.html
Hyundai i30 Kombi 1.5 T-GDI MHEV,Kombi,Liftback,True,https://suchen.mobile.de/auto-inserat/hyundai-i30-iii-fastback-1-5-mhev-t-gdi-fastback-n-lin-neuensalz/458671045.html
Hyundai i30 Kombi 1.5 T-GDI MHEV,Kombi,Liftback,True,https://suchen.mobile.de/auto-inserat/hyundai-i30-iii-fastback-1-5-mhev-t-gdi-fastback-pforzheim/457867243.html
Hyundai i30 Kombi 1.5 T-GDI MHEV,Kombi,Liftback,True,https://suchen.mobile.de/auto-inserat/hyundai-i30-iii-fastback-1-5-mhev-t-gdi-fastback-wehr/453430795.html
Hyundai i30 Kombi 1.5 T-GDI MHEV,Kombi,Liftback,True,https://suchen.mobile.de/auto-inserat/hyundai-i30-iii-fastback-1-5-mhev-t-gdi-fastback-zweibr%C3%BCcken/457955940.html
Hyundai i30 Kombi 1.5 T-GDI MHEV,Kombi,Liftback,True,https://suchen.mobile.de/auto-inserat/hyundai-i30-n-line-fastback-1-5-t-gdi-6-mt-2wd-led-pano-laubach/454069645.html
Hyundai i30 Kombi 1.5 T-GDI MHEV,Kombi,Liftback,True,https://suchen.mobile.de/auto-inserat/hyundai-i30-fastback-n-line-1-5-mild-hybrid-159ps-panno-mittenwalde/460527611.html
Hyundai i30 Kombi 1.5 T-GDI MHEV,Kombi,Liftback,True,https://suchen.mobile.de/auto-inserat/hyundai-i30-fastback-1-5-t-gdi-mild-hybrid-n-line-navi-berlin/451197621.html
Hyundai i30 Kombi 1.5 T-GDI MHEV,Kombi,Liftback,True,https://suchen.mobile.de/auto-inserat/hyundai-i30-fastback-1-5-prime-mild-hybrid-led-navi-acc-dresden/461232199.html
Opel Astra 1.5 CDTi,Hatchback,Kombi,True,https://www.sauto.cz/osobni/detail/opel/astra/210787787
Opel Astra 1.5 CDTi,Hatchback,Kombi,True,https://www.sauto.cz/osobni/detail/opel/astra/210787796
Opel Astra 1.6 PHEV,Hatchback,Kombi,True,https://suchen.mobile.de/auto-inserat/opel-astra-1-6-phev-elegance-navi-intelli-keyless-led-osterholz-scharmbeck/395907505.html
Opel Astra 1.6 PHEV,Hatchback,Kombi,True,https://suchen.mobile.de/auto-inserat/opel-astra-5-t%C3%BCrer-gs-phev-alcantara-led-pdc-acc-shz-bad-t%C3%B6lz/453764991.html
Opel Astra 1.6 PHEV,Hatchback,Kombi,True,https://suchen.mobile.de/auto-inserat/opel-astra-astra-sports-tourer-plug-in-hybrid-gs-ahk-blankenbach/459765479.html
Opel Astra 1.6 PHEV,Hatchback,Kombi,True,https://suchen.mobile.de/auto-inserat/opel-astra-elegance-plug-in-hybrid-aulendorf/437427752.html
Opel Astra 1.6 PHEV,Hatchback,Kombi,True,https://suchen.mobile.de/auto-inserat/opel-astra-elegance-plug-in-shz-navi-carp-r-cam-memmingen/425007398.html
Opel Astra 1.6 PHEV,Hatchback,Kombi,True,https://suchen.mobile.de/auto-inserat/opel-astra-gs-plug-in-hybrid-schiebedach-rostock/448916599.html
Opel Astra 1.6 PHEV,Hatchback,Kombi,True,https://suchen.mobile.de/auto-inserat/opel-astra-gse-plug-in-hybrid-225ps-osnabr%C3%BCck/459462677.html
Opel Astra 1.6 PHEV,Hatchback,Kombi,True,https://suchen.mobile.de/auto-inserat/opel-astra-l-gs-1-6t-plugin-hybrid-360-sitzhzg-ahk-7-attendorn/455610060.html
Opel Astra 1.6 PHEV,Hatchback,Kombi,True,https://suchen.mobile.de/auto-inserat/opel-astra-l-sp-tourer-busin-elegance-plug-in-hybrid-lingen-baccum/457279473.html
Opel Astra 1.6 PHEV,Hatchback,Kombi,True,https://suchen.mobile.de/auto-inserat/opel-astra-l-sports-tourer-1-6-phev-elegance-acc-led-kaufbeuren/437635395.html
Opel Astra 1.6 PHEV,Hatchback,Kombi,True,https://suchen.mobile.de/auto-inserat/opel-astra-l-sports-tourer-1-6-plug-in-automatik-augsburg/459009664.html
Opel Astra 1.6 PHEV,Hatchback,Kombi,True,https://suchen.mobile.de/auto-inserat/opel-astra-l-sports-tourer-1-6-plug-in-automatik-augsburg/459009666.html
Opel Astra 1.6 PHEV,Hatchback,Kombi,True,https://suchen.mobile.de/auto-inserat/opel-astra-l-sports-tourer-1-6-plug-in-hybrid-georgsmarienh%C3%BCtte/460375320.html
Opel Astra 1.6 PHEV,Hatchback,Kombi,True,https://suchen.mobile.de/auto-inserat/opel-astra-l-sports-tourer-business-edition-plug-in-h-aachen/454899850.html
Opel Astra 1.6 PHEV,Hatchback,Kombi,True,https://suchen.mobile.de/auto-inserat/opel-astra-l-sports-tourer-elegance-plug-in-hybrid-wuppertal/459413479.html
Opel Astra 1.6 PHEV,Hatchback,Kombi,True,https://suchen.mobile.de/auto-inserat/opel-astra-l-sports-tourer-elegance-plug-in-hybrid-wuppertal/459413486.html
Opel Astra 1.6 PHEV,Hatchback,Kombi,True,https://suchen.mobile.de/auto-inserat/opel-astra-l-sports-tourer-gs-line-elegance-plug-in-h-buxtehude/458947172.html
Opel Astra 1.6 PHEV,Hatchback,Kombi,True,https://suchen.mobile.de/auto-inserat/opel-astra-l-sports-tourer-gs-line-phev-navi-leichtme-bonn/438305813.html
Opel Astra 1.6 PHEV,Hatchback,Kombi,True,https://suchen.mobile.de/auto-inserat/opel-astra-l-sports-tourer-gs-line-phev-navi-leichtme-euskirchen/440939051.html
Opel Astra 1.6 PHEV,Hatchback,Kombi,True,https://suchen.mobile.de/auto-inserat/opel-astra-l-sports-tourer-gs-line-phev-navi-leichtme-euskirchen/456847220.html
Opel Astra 1.6 PHEV,Hatchback,Kombi,True,https://suchen.mobile.de/auto-inserat/opel-astra-l-sports-tourer-gs-line-plug-in-hybrid-bad-doberan/442014999.html
Opel Astra 1.6 PHEV,Hatchback,Kombi,True,https://suchen.mobile.de/auto-inserat/opel-astra-l-sports-tourer-gs-plug-in-hybrid-ahk-acc-lingen-baccum/423404333.html
Opel Astra 1.6 PHEV,Hatchback,Kombi,True,https://suchen.mobile.de/auto-inserat/opel-astra-l-sports-tourer-gs-plug-in-hybrid-berlin/452873276.html
Opel Astra 1.6 PHEV,Hatchback,Kombi,True,https://suchen.mobile.de/auto-inserat/opel-astra-l-sports-tourer-gs-plug-in-hybrid-berlin/459435796.html
Opel Astra 1.6 PHEV,Hatchback,Kombi,True,https://suchen.mobile.de/auto-inserat/opel-astra-l-sports-tourer-gs-plug-in-hybrid-j%C3%BCterbog/452873295.html
Opel Astra 1.6 PHEV,Hatchback,Kombi,True,https://suchen.mobile.de/auto-inserat/opel-astra-l-sports-tourer-gs-plug-in-hybrid-lingen-baccum/457827691.html
Opel Astra 1.6 PHEV,Hatchback,Kombi,True,https://suchen.mobile.de/auto-inserat/opel-astra-l-sports-tourer-gse-plug-in-hybrid-j%C3%BCterbog/453530100.html
Opel Astra 1.6 PHEV,Hatchback,Kombi,True,https://suchen.mobile.de/auto-inserat/opel-astra-l-sports-tourer-gse-plug-in-hybrid-j%C3%BCterbog/454359915.html
Opel Astra 1.6 PHEV,Hatchback,Kombi,True,https://suchen.mobile.de/auto-inserat/opel-astra-l-sports-tourer-gse-plug-in-hybrid-seckach/455689986.html
Opel Astra 1.6 PHEV,Hatchback,Kombi,True,https://suchen.mobile.de/auto-inserat/opel-astra-l-sports-tourer-ultimate-paket-plug-in-hyb-bad-kreuznach/459053711.html
Opel Astra 1.6 PHEV,Hatchback,Kombi,True,https://suchen.mobile.de/auto-inserat/opel-astra-l-st-1-6-gs-plug-in-hybrid-133kw-bad-kreuznach/458463794.html
Opel Astra 1.6 PHEV,Hatchback,Kombi,True,https://suchen.mobile.de/auto-inserat/opel-astra-l-st-gs-line-plug-in-hybrid-pixel-led-navi-hannover/450849413.html
Opel Astra 1.6 PHEV,Hatchback,Kombi,True,https://suchen.mobile.de/auto-inserat/opel-astra-l-st-gs-phev-at-ahk-navi-360-grad-kamera-h-coesfeld/457273808.html
Opel Astra 1.6 PHEV,Hatchback,Kombi,True,https://suchen.mobile.de/auto-inserat/opel-astra-l-st-gs-plug-in-hybrid-2xkamera-navi-ganzj-hannover/449006976.html
Opel Astra 1.6 PHEV,Hatchback,Kombi,True,https://suchen.mobile.de/auto-inserat/opel-astra-l-st-gse-phev-at-anh%C3%A4ngerkupplung-navi-360-coesfeld/459445713.html
Opel Astra 1.6 PHEV,Hatchback,Kombi,True,https://suchen.mobile.de/auto-inserat/opel-astra-l-st-gse-phev-panodach-hud-led-matrix-bornheim/460121945.html
Opel Astra 1.6 PHEV,Hatchback,Kombi,True,https://suchen.mobile.de/auto-inserat/opel-astra-l-st-phev-gs-at-acc-ahk-keyless-led-schein-coesfeld/460211827.html
Opel Astra 1.6 PHEV,Hatchback,Kombi,True,https://suchen.mobile.de/auto-inserat/opel-astra-l-st-ultimate-phev-at-led-pixel-matrix-nav-coesfeld/459396731.html
Opel Astra 1.6 PHEV,Hatchback,Kombi,True,https://suchen.mobile.de/auto-inserat/opel-astra-plug-in-hybrid-1-6-sports-tourer-gse-schi-siegen/456241541.html
Opel Astra 1.6 PHEV,Hatchback,Kombi,True,https://suchen.mobile.de/auto-inserat/opel-astra-sports-tourer-1-6-phev-at8-gs-ahk-navi-ulm/449383117.html
Opel Astra 1.6 PHEV,Hatchback,Kombi,True,https://suchen.mobile.de/auto-inserat/opel-astra-sports-tourer-gse-plug-in-hybrid-at8-head-berlin/452873286.html
Opel Astra 1.6 PHEV,Hatchback,Kombi,True,https://suchen.mobile.de/auto-inserat/opel-astra-sports-tourer-gse-plug-in-hybrid-panodach-berlin/455675085.html
Opel Astra 1.6 PHEV,Hatchback,Kombi,True,https://suchen.mobile.de/auto-inserat/opel-astra-st-elegance-phev-at8-fshz-kamera-keyless-bad-kissingen/452037823.html
Opel Astra 1.6 PHEV,Hatchback,Kombi,True,https://suchen.mobile.de/auto-inserat/opel-astra-st-elegance-phev-led-nav-winterp-int-drive-schkopau/459184453.html
Opel Astra 1.6 PHEV,Hatchback,Kombi,True,https://suchen.mobile.de/auto-inserat/opel-astra-st-elegance-phev-led-nav-winterp-int-drive-schkopau/459184646.html
Opel Astra 1.6 PHEV,Hatchback,Kombi,True,https://suchen.mobile.de/auto-inserat/opel-astra-st-gse-1-6-plug-in-hybrid-navi-matrix-led-flensburg/455274827.html
Opel Astra 1.6 PHEV,Hatchback,Kombi,True,https://suchen.mobile.de/auto-inserat/opel-astra-st-plug-in-hybrid-nav-shz-ahk-abnehm-riedlingen/459542676.html
Opel Astra 1.6 PHEV,Hatchback,Kombi,True,https://suchen.mobile.de/auto-inserat/opel-astra-st-ultimate-1-6-phev-automatik-bad-salzuflen/455748232.html
Opel Astra 1.6 PHEV,Hatchback,Kombi,True,https://suchen.mobile.de/auto-inserat/opel-astra-st-ultimate-paket-plug-in-hyb-leder-navi-traunreut/459658942.html
Opel Astra 1.6 PHEV,Hatchback,Kombi,True,https://suchen.mobile.de/auto-inserat/opel-astra-ultimate-plug-in-hybrid-rastede/459724970.html
Opel Astra 1.6 PHEV,Hatchback,Kombi,True,https://suchen.mobile.de/auto-inserat/opel-astra-1-6-gs-plug-in-hybrid-acc-navi-shz-lhz-pdc-bad-salzuflen/460561169.html
Opel Astra 1.6 PHEV,Hatchback,Kombi,True,https://suchen.mobile.de/auto-inserat/opel-astra-st-phev-ultimate-navi-ahk-headup-soundsyst-kaiserslautern/460592234.html
Opel Astra 1.6 PHEV,Hatchback,Kombi,True,https://suchen.mobile.de/auto-inserat/opel-astra-1-6t-st-elegance-plug-in-hybrid-kamera-shz-preetz/460604332.html
Opel Astra 1.6 PHEV,Hatchback,Kombi,True,https://suchen.mobile.de/auto-inserat/opel-astra-sports-tourer-gs-phev-180ps-at8-ahk-pano-schwandorf/460615356.html
Opel Astra 1.6 PHEV,Hatchback,Kombi,True,https://suchen.mobile.de/auto-inserat/opel-astra-sports-tourer-gs-phev-180ps-at8-ahk-pano-schwandorf/460615528.html
Opel Astra 1.6 PHEV,Hatchback,Kombi,True,https://suchen.mobile.de/auto-inserat/opel-astra-l-sports-tourer-elegance-plug-in-hybrid-lauenburg-elbe/454535788.html
Opel Astra 1.6 PHEV,Hatchback,Kombi,True,https://suchen.mobile.de/auto-inserat/opel-astra-sports-tourer-1-6-phev-gse-ahk-panodach-ulm/458672837.html
Opel Astra 1.6 PHEV,Hatchback,Kombi,True,https://suchen.mobile.de/auto-inserat/opel-astra-st-1-6-phev-elegance-led-navi-shz-agr-kame-lingen-ems/460927694.html
Opel Astra 1.6 PHEV,Hatchback,Kombi,True,https://suchen.mobile.de/auto-inserat/opel-astra-st-elegance-1-6-phev-automatik-navi-bad-salzuflen/460927208.html
Opel Astra 1.6 PHEV,Hatchback,Kombi,True,https://suchen.mobile.de/auto-inserat/opel-astra-st-1-6-gs-plug-in-hud-pano-shz-lhz-pdc-360-bad-salzuflen/461025522.html
Opel Astra 1.6 PHEV,Hatchback,Kombi,True,https://suchen.mobile.de/auto-inserat/opel-astra-l-sports-tourer-gs-plug-in-hybrid-ribnitz-damgarten/461281517.html
Opel Astra 1.6 PHEV,Hatchback,Kombi,True,https://suchen.mobile.de/auto-inserat/opel-astra-l-st-1-6-ultimate-paket-plug-in-hybrid-bad-kreuznach/459053711.html
Opel Astra 1.6 PHEV,Hatchback,Kombi,True,https://suchen.mobile.de/auto-inserat/opel-astra-sports-tourer-elegance-plug-in-hybrid-weinheim/461270673.html
Opel Astra 1.6 PHEV,Hatchback,Kombi,True,https://suchen.mobile.de/auto-inserat/opel-astra-st-edition-plug-in-hybrid-ahk-led-sitzhzg-traunreut/461258782.html
Opel Astra 1.6 PHEV,Hatchback,Kombi,True,https://suchen.mobile.de/auto-inserat/opel-astra-sports-tourer-plug-in-hybrid-business-eleg-oberwesel/461485389.html
Renault Talisman 1.3 TCe,Sedan,Kombi,True,https://www.sauto.cz/osobni/detail/renault/talisman/209645673
Renault Talisman 1.3 TCe,Sedan,Kombi,True,https://suchen.mobile.de/auto-inserat/renault-talisman-1-3-tce-peine/457981478.html
Renault Talisman 1.3 TCe,Sedan,Kombi,True,https://suchen.mobile.de/auto-inserat/renault-talisman-1-3-tce-zen-aut-navi-pdc-tempo-laatzen/459638840.html
Renault Talisman 1.3 TCe,Sedan,Kombi,True,https://suchen.mobile.de/auto-inserat/renault-talisman-1-3-tce-zen-aut-navi-pdc-tempo-neufahrn-b-freising/460150380.html
Renault Talisman 1.3 TCe,Sedan,Kombi,True,https://suchen.mobile.de/auto-inserat/renault-talisman-grandt-tce-160-edc-intens-led-nav-kam-kehl/456213060.html
Renault Talisman 1.3 TCe,Sedan,Kombi,True,https://suchen.mobile.de/auto-inserat/renault-talisman-grandt-tce-160-edc-intens-led-nav-kam-kehl/456213123.html
Renault Talisman 1.3 TCe,Sedan,Kombi,True,https://suchen.mobile.de/auto-inserat/renault-talisman-grandt-tce-160-edc-zen-led-pdc-17z-kehl/417903358.html
Renault Talisman 1.3 TCe,Sedan,Kombi,True,https://suchen.mobile.de/auto-inserat/renault-talisman-grandtour-1-3-tce-160-edc-zen-led-pdc-kehl/451919490.html
Renault Talisman 1.3 TCe,Sedan,Kombi,True,https://suchen.mobile.de/auto-inserat/renault-talisman-grandtour-1-3-tce-160-edc-zen-led-pdc-kehl/458916110.html
Renault Talisman 1.3 TCe,Sedan,Kombi,True,https://suchen.mobile.de/auto-inserat/renault-talisman-grandtour-1-3-tce-160-gpf-limited-led-m%C3%BChlhausen/459454875.html
Renault Talisman 1.3 TCe,Sedan,Kombi,True,https://suchen.mobile.de/auto-inserat/renault-talisman-grandtour-initiale-paris-tce-160-edc-na-neubrandenburg/451533834.html
Renault Talisman 1.3 TCe,Sedan,Kombi,True,https://suchen.mobile.de/auto-inserat/renault-talisman-grandtour-initiale-paris-tce-160-edc-r%C3%B6hrsdorf/458862371.html
Renault Talisman 1.3 TCe,Sedan,Kombi,True,https://suchen.mobile.de/auto-inserat/renault-talisman-grandtour-intens-1-3-tce-160-hud-kamera-plauen/454484698.html
Renault Talisman 1.3 TCe,Sedan,Kombi,True,https://suchen.mobile.de/auto-inserat/renault-talisman-grandtour-intens-tce-160-edc-dresden/456697214.html
Renault Talisman 1.3 TCe,Sedan,Kombi,True,https://suchen.mobile.de/auto-inserat/renault-talisman-grandtour-intens-tce-160-edc-mainz/453364389.html
Renault Talisman 1.3 TCe,Sedan,Kombi,True,https://suchen.mobile.de/auto-inserat/renault-talisman-grandtour-tce-160-edc-intens-ahzv-zwickau/458716287.html
Renault Talisman 1.3 TCe,Sedan,Kombi,True,https://suchen.mobile.de/auto-inserat/renault-talisman-grandtour-zen-tce-160-edc-gpf-radeberg/450069625.html
Renault Talisman 1.3 TCe,Sedan,Kombi,True,https://suchen.mobile.de/auto-inserat/renault-talisman-grandtour-zen-tce-160-edc-tempomat-car-neu-wulmstorf/459137609.html
Renault Talisman 1.3 TCe,Sedan,Kombi,True,https://suchen.mobile.de/auto-inserat/renault-talisman-grandtour-zen-tce-160ps-edc-dresden/451859463.html
Renault Talisman 1.3 TCe,Sedan,Kombi,True,https://suchen.mobile.de/auto-inserat/renault-talisman-tce160-edc-intens-leder-navi-kamera-led-hilden/451939895.html
Renault Talisman 1.3 TCe,Sedan,Kombi,True,https://suchen.mobile.de/auto-inserat/renault-talisman-grandtr-1-3-tce-160-edc-init-paris-acc-kehl/460583980.html
Renault Talisman 1.3 TCe,Sedan,Kombi,True,https://suchen.mobile.de/auto-inserat/renault-talisman-1-3-tce-zen-aut-navi-pdc-tempo-n%C3%BCrnberg/460627327.html
Renault Talisman 1.3 TCe,Sedan,Kombi,True,https://suchen.mobile.de/auto-inserat/renault-talisman-grandtour-initiale-paris-tce-160-edc-na-neubrandenburg/461183597.html
Renault Talisman 1.3 TCe,Sedan,Kombi,True,https://suchen.mobile.de/auto-inserat/renault-talisman-grandtour-1-3-tce-160-gpf-limited-led-einbeck/461320384.html
Renault Talisman 1.3 TCe,Sedan,Kombi,True,https://suchen.mobile.de/auto-inserat/renault-talisman-grandtour-1-3-tce-160-intens-led-navi-d%C3%BCsseldorf/461341313.html
Seat Leon 2.0 TDI,Kombi,Hatchback,True,https://suchen.mobile.de/auto-inserat/seat-leon-2-0-tdi-dsg-style-edition-led17winter-peine/418234463.html
VW Arteon Shooting Brake 2.0 TDI,Kombi,Liftback,True,https://www.sauto.cz/osobni/detail/volkswagen/arteon/208045943
VW Arteon Shooting Brake 2.0 TDI,Kombi,Liftback,True,https://www.sauto.cz/osobni/detail/volkswagen/arteon/208050581
VW Arteon Shooting Brake 2.0 TDI,Kombi,Liftback,True,https://www.sauto.cz/osobni/detail/volkswagen/arteon/208347089
VW Arteon Shooting Brake 2.0 TDI,Kombi,Liftback,True,https://www.sauto.cz/osobni/detail/volkswagen/arteon/209584815
VW Arteon Shooting Brake 2.0 TDI,Kombi,Liftback,True,https://www.sauto.cz/osobni/detail/volkswagen/arteon/209957139
VW Arteon Shooting Brake 2.0 TDI,Kombi,Liftback,True,https://www.sauto.cz/osobni/detail/volkswagen/arteon/210076265
VW Arteon Shooting Brake 2.0 TDI,Kombi,Liftback,True,https://www.sauto.cz/osobni/detail/volkswagen/arteon/210586262
VW Arteon Shooting Brake 2.0 TDI,Kombi,Liftback,True,https://www.sauto.cz/osobni/detail/volkswagen/arteon/210614102
VW Arteon Shooting Brake 2.0 TDI,Kombi,Liftback,True,https://www.sauto.cz/osobni/detail/volkswagen/arteon/210701171
VW Arteon Shooting Brake 2.0 TDI,Kombi,Liftback,True,https://www.sauto.cz/osobni/detail/volkswagen/arteon/208967853
VW Arteon Shooting Brake 2.0 TDI,Kombi,Liftback,True,https://www.sauto.cz/osobni/detail/volkswagen/arteon/210483986
VW Arteon Shooting Brake 2.0 TDI,Kombi,Liftback,True,https://www.sauto.cz/osobni/detail/volkswagen/arteon/210517667
VW Arteon Shooting Brake 2.0 TDI,Kombi,Liftback,True,https://www.sauto.cz/osobni/detail/volkswagen/arteon/210703649
VW Arteon Shooting Brake 2.0 TDI,Kombi,Liftback,True,https://www.sauto.cz/osobni/detail/volkswagen/arteon/210717431
VW Arteon Shooting Brake 2.0 TDI,Kombi,Liftback,True,https://www.sauto.cz/osobni/detail/volkswagen/arteon/210787319
VW Arteon Shooting Brake 2.0 TDI,Kombi,Liftback,True,https://www.sauto.cz/osobni/detail/volkswagen/arteon/210823475
VW Arteon Shooting Brake 2.0 TDI,Kombi,Liftback,True,https://www.sauto.cz/osobni/detail/volkswagen/arteon/210827147
VW Golf 8 eHybrid,Hatchback,Kombi,True,https://suchen.mobile.de/auto-inserat/volkswagen-golf-8-1-4-tsi-dsg-ehybrid-gte-navi-sport-sitz-m%C3%BChlhausen/452117538.html
VW Golf Variant 1.5 eTSI,Kombi,Hatchback,True,https://www.sauto.cz/osobni/detail/volkswagen/golf/209432226
VW Golf Variant 1.5 eTSI,Kombi,Hatchback,True,https://www.sauto.cz/osobni/detail/volkswagen/golf/210328232
Škoda Superb 2.0 TSI,Kombi,Liftback,True,https://www.sauto.cz/osobni/detail/skoda/superb/208687955
Škoda Superb 2.0 TSI,Kombi,Liftback,True,https://www.sauto.cz/osobni/detail/skoda/superb/209160567
Škoda Superb 2.0 TSI,Kombi,Liftback,True,https://www.sauto.cz/osobni/detail/skoda/superb/209816076
Škoda Superb 2.0 TSI,Kombi,Liftback,True,https://www.sauto.cz/osobni/detail/skoda/superb/210227192
Škoda Superb 2.0 TSI,Kombi,Liftback,True,https://www.sauto.cz/osobni/detail/skoda/superb/210227786
Škoda Superb 2.0 TSI,Kombi,Liftback,True,https://www.sauto.cz/osobni/detail/skoda/superb/210263378
Škoda Superb 2.0 TSI,Kombi,Liftback,True,https://www.sauto.cz/osobni/detail/skoda/superb/210287801
Škoda Superb 2.0 TSI,Kombi,Liftback,True,https://www.sauto.cz/osobni/detail/skoda/superb/210344645
Škoda Superb 2.0 TSI,Kombi,Liftback,True,https://www.sauto.cz/osobni/detail/skoda/superb/210475202
Škoda Superb 2.0 TSI,Kombi,Liftback,True,https://www.sauto.cz/osobni/detail/skoda/superb/210574076
Škoda Superb 2.0 TSI,Kombi,Liftback,True,https://www.sauto.cz/osobni/detail/skoda/superb/210574370
Škoda Superb 2.0 TSI,Kombi,Liftback,True,https://www.sauto.cz/osobni/detail/skoda/superb/210598772
Škoda Superb 2.0 TSI,Kombi,Liftback,True,https://www.sauto.cz/osobni/detail/skoda/superb/210673700
Škoda Superb 2.0 TSI,Kombi,Liftback,True,https://www.sauto.cz/osobni/detail/skoda/superb/208848288
Škoda Superb 2.0 TSI,Kombi,Liftback,True,https://www.sauto.cz/osobni/detail/skoda/superb/210482462
Škoda Superb 2.0 TSI,Kombi,Liftback,True,https://www.sauto.cz/osobni/detail/skoda/superb/210587243
Škoda Superb 2.0 TSI,Kombi,Liftback,True,https://www.sauto.cz/osobni/detail/skoda/superb/210620063
Škoda Superb 2.0 TSI,Kombi,Liftback,True,https://www.sauto.cz/osobni/detail/skoda/superb/210720143
Škoda Superb 2.0 TSI,Kombi,Liftback,True,https://www.sauto.cz/osobni/detail/skoda/superb/210813854
Škoda Superb 2.0 TSI,Kombi,Liftback,True,https://www.sauto.cz/osobni/detail/skoda/superb/210826127
Škoda Superb 2.0 TSI,Kombi,Liftback,True,https://www.sauto.cz/osobni/detail/skoda/superb/210830495
Škoda Superb Combi Style 2.0 TDI,Kombi,Liftback,True,https://www.sauto.cz/osobni/detail/skoda/superb/207944131
Škoda Superb Combi Style 2.0 TDI,Kombi,Liftback,True,https://www.sauto.cz/osobni/detail/skoda/superb/208088777
Škoda Superb Combi Style 2.0 TDI,Kombi,Liftback,True,https://www.sauto.cz/osobni/detail/skoda/superb/208588199
Škoda Superb Combi Style 2.0 TDI,Kombi,Liftback,True,https://www.sauto.cz/osobni/detail/skoda/superb/208891557
Škoda Superb Combi Style 2.0 TDI,Kombi,Liftback,True,https://www.sauto.cz/osobni/detail/skoda/superb/209042604
Škoda Superb Combi Style 2.0 TDI,Kombi,Liftback,True,https://www.sauto.cz/osobni/detail/skoda/superb/209167119
Škoda Superb Combi Style 2.0 TDI,Kombi,Liftback,True,https://www.sauto.cz/osobni/detail/skoda/superb/209645994
Škoda Superb Combi Style 2.0 TDI,Kombi,Liftback,True,https://www.sauto.cz/osobni/detail/skoda/superb/209673177
Škoda Superb Combi Style 2.0 TDI,Kombi,Liftback,True,https://www.sauto.cz/osobni/detail/skoda/superb/209704617
Škoda Superb Combi Style 2.0 TDI,Kombi,Liftback,True,https://www.sauto.cz/osobni/detail/skoda/superb/210017268
Škoda Superb Combi Style 2.0 TDI,Kombi,Liftback,True,https://www.sauto.cz/osobni/detail/skoda/superb/210055445
Škoda Superb Combi Style 2.0 TDI,Kombi,Liftback,True,https://www.sauto.cz/osobni/detail/skoda/superb/210060722
Škoda Superb Combi Style 2.0 TDI,Kombi,Liftback,True,https://www.sauto.cz/osobni/detail/skoda/superb/210109121
Škoda Superb Combi Style 2.0 TDI,Kombi,Liftback,True,https://www.sauto.cz/osobni/detail/skoda/superb/210217220
Škoda Superb Combi Style 2.0 TDI,Kombi,Liftback,True,https://www.sauto.cz/osobni/detail/skoda/superb/210222701
Škoda Superb Combi Style 2.0 TDI,Kombi,Liftback,True,https://www.sauto.cz/osobni/detail/skoda/superb/210404324
Škoda Superb Combi Style 2.0 TDI,Kombi,Liftback,True,https://www.sauto.cz/osobni/detail/skoda/superb/210416045
Škoda Superb Combi Style 2.0 TDI,Kombi,Liftback,True,https://www.sauto.cz/osobni/detail/skoda/superb/210426587
Škoda Superb Combi Style 2.0 TDI,Kombi,Liftback,True,https://www.sauto.cz/osobni/detail/skoda/superb/210495896
Škoda Superb Combi Style 2.0 TDI,Kombi,Liftback,True,https://www.sauto.cz/osobni/detail/skoda/superb/210509558
Škoda Superb Combi Style 2.0 TDI,Kombi,Liftback,True,https://www.sauto.cz/osobni/detail/skoda/superb/210533084
Škoda Superb Combi Style 2.0 TDI,Kombi,Liftback,True,https://www.sauto.cz/osobni/detail/skoda/superb/210548699
Škoda Superb Combi Style 2.0 TDI,Kombi,Liftback,True,https://www.sauto.cz/osobni/detail/skoda/superb/210556868
Škoda Superb Combi Style 2.0 TDI,Kombi,Liftback,True,https://www.sauto.cz/osobni/detail/skoda/superb/210613499
Škoda Superb Combi Style 2.0 TDI,Kombi,Liftback,True,https://www.sauto.cz/osobni/detail/skoda/superb/210613673
Škoda Superb Combi Style 2.0 TDI,Kombi,Liftback,True,https://www.sauto.cz/osobni/detail/skoda/superb/210615305
Škoda Superb Combi Style 2.0 TDI,Kombi,Liftback,True,https://www.sauto.cz/osobni/detail/skoda/superb/210617576
Škoda Superb Combi Style 2.0 TDI,Kombi,Liftback,True,https://www.sauto.cz/osobni/detail/skoda/superb/210625694
Škoda Superb Combi Style 2.0 TDI,Kombi,Liftback,True,https://www.sauto.cz/osobni/detail/skoda/superb/210631877
Škoda Superb Combi Style 2.0 TDI,Kombi,Hatchback,True,https://www.sauto.cz/osobni/detail/skoda/superb/210659528
Škoda Superb Combi Style 2.0 TDI,Kombi,Liftback,True,https://www.sauto.cz/osobni/detail/skoda/superb/210707132
Škoda Superb Combi Style 2.0 TDI,Kombi,Liftback,True,https://www.sauto.cz/osobni/detail/skoda/superb/200829916
Škoda Superb Combi Style 2.0 TDI,Kombi,Liftback,True,https://www.sauto.cz/osobni/detail/skoda/superb/208089638
Škoda Superb Combi Style 2.0 TDI,Kombi,Liftback,True,https://www.sauto.cz/osobni/detail/skoda/superb/208324547
Škoda Superb Combi Style 2.0 TDI,Kombi,Liftback,True,https://www.sauto.cz/osobni/detail/skoda/superb/208728904
Škoda Superb Combi Style 2.0 TDI,Kombi,Liftback,True,https://www.sauto.cz/osobni/detail/skoda/superb/209227911
Škoda Superb Combi Style 2.0 TDI,Kombi,Liftback,True,https://www.sauto.cz/osobni/detail/skoda/superb/209385990
Škoda Superb Combi Style 2.0 TDI,Kombi,Liftback,True,https://www.sauto.cz/osobni/detail/skoda/superb/209414664
Škoda Superb Combi Style 2.0 TDI,Kombi,Liftback,True,https://www.sauto.cz/osobni/detail/skoda/superb/209796039
Škoda Superb Combi Style 2.0 TDI,Kombi,Liftback,True,https://www.sauto.cz/osobni/detail/skoda/superb/210041682
Škoda Superb Combi Style 2.0 TDI,Kombi,Liftback,True,https://www.sauto.cz/osobni/detail/skoda/superb/210269309
Škoda Superb Combi Style 2.0 TDI,Kombi,Liftback,True,https://www.sauto.cz/osobni/detail/skoda/superb/210343349
Škoda Superb Combi Style 2.0 TDI,Kombi,Liftback,True,https://www.sauto.cz/osobni/detail/skoda/superb/210423848
Škoda Superb Combi Style 2.0 TDI,Kombi,Liftback,True,https://www.sauto.cz/osobni/detail/skoda/superb/210516122
Škoda Superb Combi Style 2.0 TDI,Kombi,Liftback,True,https://www.sauto.cz/osobni/detail/skoda/superb/210528077
Škoda Superb Combi Style 2.0 TDI,Kombi,Liftback,True,https://www.sauto.cz/osobni/detail/skoda/superb/210610949
Škoda Superb Combi Style 2.0 TDI,Kombi,Liftback,True,https://www.sauto.cz/osobni/detail/skoda/superb/210635681
Škoda Superb Combi Style 2.0 TDI,Kombi,Liftback,True,https://www.sauto.cz/osobni/detail/skoda/superb/210635684
Škoda Superb Combi Style 2.0 TDI,Kombi,Liftback,True,https://www.sauto.cz/osobni/detail/skoda/superb/210640682
Škoda Superb Combi Style 2.0 TDI,Kombi,Liftback,True,https://www.sauto.cz/osobni/detail/skoda/superb/210690395
Škoda Superb Combi Style 2.0 TDI,Kombi,Liftback,True,https://www.sauto.cz/osobni/detail/skoda/superb/210706064
Škoda Superb Combi Style 2.0 TDI,Kombi,Liftback,True,https://www.sauto.cz/osobni/detail/skoda/superb/210708950
Škoda Superb Combi Style 2.0 TDI,Kombi,Liftback,True,https://www.sauto.cz/osobni/detail/skoda/superb/210716585
Škoda Superb Combi Style 2.0 TDI,Kombi,Liftback,True,https://www.sauto.cz/osobni/detail/skoda/superb/210735464
Škoda Superb Combi Style 2.0 TDI,Kombi,Liftback,True,https://www.sauto.cz/osobni/detail/skoda/superb/210740390
Škoda Superb Combi Style 2.0 TDI,Kombi,Liftback,True,https://www.sauto.cz/osobni/detail/skoda/superb/210751301
Škoda Superb Combi Style 2.0 TDI,Kombi,Liftback,True,https://www.sauto.cz/osobni/detail/skoda/superb/210760085
Škoda Superb Combi Style 2.0 TDI,Kombi,Liftback,True,https://www.sauto.cz/osobni/detail/skoda/superb/210769964
Škoda Superb Combi Style 2.0 TDI,Kombi,Liftback,True,https://www.sauto.cz/osobni/detail/skoda/superb/210773948
Škoda Superb Combi Style 2.0 TDI,Kombi,Liftback,True,https://www.sauto.cz/osobni/detail/skoda/superb/210774695
Škoda Superb Combi Style 2.0 TDI,Kombi,Liftback,True,https://www.sauto.cz/osobni/detail/skoda/superb/210777005
Škoda Superb Combi Style 2.0 TDI,Kombi,Liftback,True,https://www.sauto.cz/osobni/detail/skoda/superb/210783989
Škoda Superb Combi Style 2.0 TDI,Kombi,Liftback,True,https://www.sauto.cz/osobni/detail/skoda/superb/210455771
Škoda Superb Combi Style 2.0 TDI,Kombi,Liftback,True,https://www.sauto.cz/osobni/detail/skoda/superb/210790040
Škoda Superb Combi Style 2.0 TDI,Kombi,Liftback,True,https://www.sauto.cz/osobni/detail/skoda/superb/210806408
Škoda Superb Combi Style 2.0 TDI,Kombi,Liftback,True,https://www.sauto.cz/osobni/detail/skoda/superb/210817910
Škoda Superb Combi Style 2.0 TDI,Kombi,Liftback,True,https://www.sauto.cz/osobni/detail/skoda/superb/210821981
Škoda Superb Combi Style 2.0 TDI,Kombi,Liftback,True,https://www.sauto.cz/osobni/detail/skoda/superb/210824489
Škoda Superb Combi Style 2.0 TDI,Kombi,Liftback,True,https://www.sauto.cz/osobni/detail/skoda/superb/210832505
Škoda Superb Combi Style 2.0 TDI,Kombi,Hatchback,True,https://suchen.mobile.de/auto-inserat/skoda-superb-combi-2-0-tdi-dsg-style-karlsruhe/453745207.html
Alfa Romeo Junior 1.2 MHEV,SUV,Hatchback,False,https://suchen.mobile.de/auto-inserat/alfa-romeo-junior-1-2-mhev-vgt-100kw-e-dct6-intensa-mannheim/457571804.html
Alfa Romeo Junior 1.2 MHEV,SUV,Hatchback,False,https://suchen.mobile.de/auto-inserat/alfa-romeo-junior-ibrida-1-2-vgt-48v-hybrid-107-kw-speciale-diedorf-augsburg/452405855.html
Alfa Romeo Junior 1.2 Turbo,SUV,Hatchback,False,https://www.sauto.cz/osobni/detail/alfa-romeo/junior/209800182
Alfa Romeo Junior 1.2 Turbo,SUV,Hatchback,False,https://www.sauto.cz/osobni/detail/alfa-romeo/junior/210179714
Alfa Romeo Junior 1.2 Turbo,SUV,Hatchback,False,https://www.sauto.cz/osobni/detail/alfa-romeo/junior/210694157
Alfa Romeo Junior 1.2 Turbo,SUV,Sedan,False,https://suchen.mobile.de/auto-inserat/alfa-romeo-junior-speciale-sportpaket-voll-netto-20492-marchtrenk/458219192.html
Alfa Romeo Junior 1.2 Turbo,SUV,Hatchback,False,https://suchen.mobile.de/auto-inserat/alfa-romeo-junior-ibrida-speciale-koblenz/429892153.html
Alfa Romeo Junior 1.2 Turbo,SUV,Hatchback,False,https://suchen.mobile.de/auto-inserat/alfa-romeo-junior-ibrida-speciale-koblenz/452880904.html
Alfa Romeo Junior 1.2 Turbo,SUV,Hatchback,False,https://suchen.mobile.de/auto-inserat/alfa-romeo-junior-ibrida-speciale-koblenz/458285875.html
Alfa Romeo Stelvio 2.0 GME,SUV,Kombi,False,https://www.sauto.cz/osobni/detail/alfa-romeo/stelvio/210707531
Audi A1 1.5 TFSI,Hatchback,Kombi,False,https://suchen.mobile.de/auto-inserat/audi-a1-allstreet-35-tfsi-110-150-kw-ps-s-tronic-dietzenbach/459393379.html
Audi A1 1.5 TFSI,Hatchback,Kombi,False,https://suchen.mobile.de/auto-inserat/audi-a1-allstreet-35-tfsi-led-keyless-virtco-pdcplus-stuttgart/453650982.html
Audi A1 1.5 TFSI,Hatchback,Kombi,False,https://suchen.mobile.de/auto-inserat/audi-a1-allstreet-35-tfsi-s-line-navi-plus-led-shz-pd-m%C3%BChlheim/460317970.html
Audi A1 1.5 TFSI,Hatchback,Sedan,False,https://suchen.mobile.de/auto-inserat/audi-a1-allstreet-35-tfsi-s-tronic-acc-kamera-led-17-sankt-augustin/459013461.html
Audi A1 1.5 TFSI,Hatchback,Kombi,False,https://suchen.mobile.de/auto-inserat/audi-a1-allstreet-35-tfsi-s-tronic-led-asi-aps-gra-op-celle/458319577.html
Audi A1 1.5 TSI,Hatchback,Kombi,False,https://suchen.mobile.de/auto-inserat/audi-a1-allstreet-1-5-tsi-s-line-led-sonos-kamera-nav-offenbach-am-main/453270092.html
Audi A3 1.5 TFSI,Liftback,Kombi,False,https://suchen.mobile.de/auto-inserat/audi-a3-35-tfsi-s-tronic-sportback-fulda/445789277.html
Audi A3 1.5 TFSI,Liftback,Kombi,False,https://suchen.mobile.de/auto-inserat/audi-a3-35-tfsi-sportback-acc-virtual-carplay-lane-braunschweig/459422671.html
Audi A3 1.5 TFSI,Liftback,Kombi,False,https://suchen.mobile.de/auto-inserat/audi-a3-35-tfsi-sportback-carplay-acc-virtual-lane-braunschweig/459527834.html
Audi A3 1.5 TFSI,Liftback,Kombi,False,https://suchen.mobile.de/auto-inserat/audi-a3-35-tfsi-sportback-carplay-acc-virtual-lane-braunschweig/459992311.html
Audi A3 1.5 TFSI,Liftback,Kombi,False,https://suchen.mobile.de/auto-inserat/audi-a3-35tfsi-sportback-s-tronic-virtual-c-navi-dab-ebeleben/448359031.html
Audi A3 1.5 TFSI,Liftback,Kombi,False,https://suchen.mobile.de/auto-inserat/audi-a3-40-tfsi-sportback-advanced-s-line-acc-led-rfk-bad-aibling/456462562.html
Audi A3 1.5 TFSI,Liftback,Kombi,False,https://suchen.mobile.de/auto-inserat/audi-a3-40-tfsie-sportback-s-tronic-advanced-led-navi-chemnitz/449895974.html
Audi A3 1.5 TFSI,Liftback,Kombi,False,https://suchen.mobile.de/auto-inserat/audi-a3-45-tfsi-sportback-s-tronic-s-line-sthz-temp-braunschweig/460220593.html
Audi A3 1.5 TFSI,Liftback,Kombi,False,https://suchen.mobile.de/auto-inserat/audi-a3-45-tfsie-sportback-s-tronic-s-line-fernwald-steinbach/458101541.html
Audi A3 1.5 TFSI,Liftback,Kombi,False,https://suchen.mobile.de/auto-inserat/audi-a3-sportback-35-tfsi-advanced-lalling/459987521.html
Audi A3 1.5 TFSI,Liftback,Kombi,False,https://suchen.mobile.de/auto-inserat/audi-a3-sportback-35-tfsi-carplay-navi-1-hand-shz-quickborn/460379055.html
Audi A3 1.5 TFSI,Liftback,Kombi,False,https://suchen.mobile.de/auto-inserat/audi-a3-sportback-35-tfsi-carplay-navi-kamera-shz-quickborn/460221033.html
Audi A3 1.5 TFSI,Liftback,Kombi,False,https://suchen.mobile.de/auto-inserat/audi-a3-sportback-35-tfsi-carplay-navi-shz-vrt-ckpt-quickborn/460379511.html
Audi A3 1.5 TFSI,Liftback,Kombi,False,https://suchen.mobile.de/auto-inserat/audi-a3-sportback-35-tfsi-navi-rfk-1-hd-ahk-s-line-zehnhausen/455705145.html
Audi A3 1.5 TFSI,Liftback,Kombi,False,https://suchen.mobile.de/auto-inserat/audi-a3-sportback-35-tfsi-s-line-esd-sthzg-np-56-112-bernsdorf/456337017.html
Audi A3 1.5 TFSI,Liftback,Kombi,False,https://suchen.mobile.de/auto-inserat/audi-a3-sportback-35-tfsi-s-line-iii-viele-extras-iii-werl/451132164.html
Audi A3 1.5 TFSI,Liftback,Kombi,False,https://suchen.mobile.de/auto-inserat/audi-a3-sportback-35-tfsi-s-tronic-advanced-mhev-cam-halberstadt/457442482.html
Audi A3 1.5 TFSI,Liftback,Kombi,False,https://suchen.mobile.de/auto-inserat/audi-a3-sportback-35-tfsi-s-tronic-led-schlo%C3%9F-holte-stukenbrock/437419522.html
Audi A3 1.5 TFSI,Liftback,Kombi,False,https://suchen.mobile.de/auto-inserat/audi-a3-sportback-35tfsi-basis-led-scheinwerfer-temp-zwickau/460284036.html
Audi A3 1.5 TFSI,Liftback,Kombi,False,https://suchen.mobile.de/auto-inserat/audi-a3-sportback-35tfsi-s-line-matrix-led-scheinwerf-zwickau/460366554.html
Audi A3 1.5 TFSI,Liftback,Kombi,False,https://suchen.mobile.de/auto-inserat/audi-a3-sportback-35tfsi-s-tronic-s-line-hud-kamera-neubeckum/459185872.html
Audi A3 1.5 TFSI,Liftback,Kombi,False,https://suchen.mobile.de/auto-inserat/audi-a3-sportback-40-tfsi-e-advanced-hamm/445629219.html
Audi A3 1.5 TFSI,Liftback,Kombi,False,https://suchen.mobile.de/auto-inserat/audi-a3-sportback-40-tfsi-e-klima-navi-bitterfeld-wolfen/458461365.html
Audi A3 1.5 TFSI,Liftback,Kombi,False,https://suchen.mobile.de/auto-inserat/audi-a3-sportback-40-tfsi-e-s-line-navi-bitterfeld-wolfen/460325350.html
Audi A3 1.5 TFSI,Liftback,Kombi,False,https://suchen.mobile.de/auto-inserat/audi-a3-sportback-40tfsie-advanced-led-scheinwerfer-zwickau/458050755.html
Audi A3 1.5 TFSI,Liftback,Kombi,False,https://suchen.mobile.de/auto-inserat/audi-a3-sportback-advanced-35-tfsi-s-tronic-led-sw-dresden/459224231.html
Audi A3 1.5 TFSI,Liftback,Kombi,False,https://suchen.mobile.de/auto-inserat/audi-a3-sportback-s-line-35-tfsi-s-tr-led-rfk-navi-berlin/458488369.html
Audi A3 1.5 TFSI,Liftback,Kombi,False,https://suchen.mobile.de/auto-inserat/audi-a3-sportback-s-line-35-tfsi-s-tronic-ahzv-led-sw-dresden/458429681.html
Audi A3 1.5 TFSI,Liftback,Kombi,False,https://suchen.mobile.de/auto-inserat/audi-a3-sportback-s-line-35-tfsi-s-tronic-halle/459044107.html
Audi A3 1.5 TFSI,Liftback,Kombi,False,https://suchen.mobile.de/auto-inserat/audi-a3-sportback-tfsi-110-kw-s-tronic-full-link-adv-kelheim/457325016.html
Audi A3 1.5 TFSI,Liftback,Kombi,False,https://suchen.mobile.de/auto-inserat/audi-a3-sportback-tfsi-e-advanced-40-s-tronic-led-sw-dresden/456067564.html
Audi A3 1.5 TFSI,Liftback,Kombi,False,https://suchen.mobile.de/auto-inserat/audi-a3-35-tfsi-s-tronic-sportback-mmi-acc-cam-virtua-leipzig/460580405.html
Audi A3 1.5 TFSI,Liftback,Kombi,False,https://suchen.mobile.de/auto-inserat/audi-a3-sportback-35-tfsi-carplay-navi-bad-segeberg/460759387.html
Audi A3 1.5 TFSI,Liftback,Kombi,False,https://suchen.mobile.de/auto-inserat/audi-a3-sportback-35-tfsi-s-tron-anh%C3%A4ngek-sports-navi-greiz/460723070.html
Audi A3 1.5 TFSI,Liftback,Kombi,False,https://suchen.mobile.de/auto-inserat/audi-a3-sportback-35tfsi-s-line-led-scheinwerfer-nav-zwickau/460760805.html
Audi A3 1.5 TFSI,Liftback,Kombi,False,https://suchen.mobile.de/auto-inserat/audi-a3-sportback-35-tfsi-business-paket-betzdorf/459807281.html
Audi A3 1.5 TFSI,Liftback,Kombi,False,https://suchen.mobile.de/auto-inserat/audi-a3-sportback-advanced-35-tfsi-s-tronic-led-sw-dresden/453319332.html
Audi A3 1.5 TFSI,Liftback,Kombi,False,https://suchen.mobile.de/auto-inserat/audi-a3-sportback-35-tfsi-s-line-sportpaket-i-hand-puchheim-bhf-bei-m%C3%BCnchen/460873857.html
Audi A3 1.5 TFSI,Liftback,Kombi,False,https://suchen.mobile.de/auto-inserat/audi-a3-sportback-35-tfsi-s-line-black-optik-navi-l-bendestorf/461100499.html
Audi A3 1.5 TFSI,Liftback,Kombi,False,https://suchen.mobile.de/auto-inserat/audi-a3-40-tfsie-sportback-s-tronic-advanced-fernwald-steinbach/461276636.html
Audi A3 1.5 TFSI,Liftback,Kombi,False,https://suchen.mobile.de/auto-inserat/audi-a3-40tfsie-s-tron-sportback-virtual-acc-lane-mmi-leipzig/461289734.html
Audi A3 1.5 TFSI,Liftback,Kombi,False,https://suchen.mobile.de/auto-inserat/audi-a3-sportback-40-tfsie-s-line-scheinwerfer-led-te-zwickau/461313988.html
Audi A3 1.5 TFSI,Liftback,Kombi,False,https://suchen.mobile.de/auto-inserat/audi-a3-35-tfsi-sportback-virtual-led-lane-pdc-braunschweig/461450269.html
Audi A3 1.5 TFSI,Liftback,Kombi,False,https://suchen.mobile.de/auto-inserat/audi-a3-sportback-35-tfsi-s-line-sportpaket-i-hand-puchheim-bhf-bei-m%C3%BCnchen/461438739.html
Audi A3 1.5 TFSI,Liftback,Kombi,False,https://suchen.mobile.de/auto-inserat/audi-a3-45-tfsie-sportback-s-line-ahk-hud-fernwald-steinbach/461704953.html
Audi A3 1.5 TFSI,Liftback,Kombi,False,https://suchen.mobile.de/auto-inserat/audi-a3-sportback-40-tfsi-e-basis-mfl-shz-navi-t%C3%BCnsdorf/461650009.html
Audi A3 2.0 TDI,Liftback,Kombi,False,https://suchen.mobile.de/auto-inserat/audi-a3-35-tdi-2-0-scr-sportback-s-tronic-advanced-braunschweig/446211056.html
Audi A3 2.0 TDI,Liftback,Kupé,False,https://suchen.mobile.de/auto-inserat/audi-a3-35-tdi-s-tronic-sportback-s-line-pano-acc-heilbronn/455366484.html
Audi A3 2.0 TDI,Liftback,Kombi,False,https://suchen.mobile.de/auto-inserat/audi-a3-35-tdi2-0-scr-sportback-s-tronic-advanced-nav-braunschweig/433793292.html
Audi A3 2.0 TDI,Liftback,Kombi,False,https://suchen.mobile.de/auto-inserat/audi-a3-40-tdi-sportback-quattro-advanced-fernwald-steinbach/455073282.html
Audi A3 2.0 TDI,Liftback,Kombi,False,https://suchen.mobile.de/auto-inserat/audi-a3-s-line-1-hand-19-adapfahr-spurh-tempo-key-pfaffenhofen/456995149.html
Audi A3 2.0 TDI,Liftback,Kombi,False,https://suchen.mobile.de/auto-inserat/audi-a3-sb-35d-s-tr-led-acc-navi-virtu-hifi-shz-8fa-bebra/459763286.html
Audi A3 2.0 TDI,Liftback,Kombi,False,https://suchen.mobile.de/auto-inserat/audi-a3-sb-35d-s-tr-led-navi-hud-virtu-mass-memo-8fa-bebra/459763404.html
Audi A3 2.0 TDI,Liftback,Kombi,False,https://suchen.mobile.de/auto-inserat/audi-a3-sportback-2-0tdi-advanced-ahk-acc-soundsystem-neu-wulmstorf/446435495.html
Audi A3 2.0 TDI,Liftback,Kombi,False,https://suchen.mobile.de/auto-inserat/audi-a3-sportback-35-2-0-tdi-s-tronic-advanced-s-line-marktredwitz/458855941.html
Audi A3 2.0 TDI,Liftback,Kombi,False,https://suchen.mobile.de/auto-inserat/audi-a3-sportback-35-tdi-advanced-17z-navi-virtual-donnersdorf/453633515.html
Audi A3 2.0 TDI,Liftback,Kombi,False,https://suchen.mobile.de/auto-inserat/audi-a3-sportback-35-tdi-advanced-ahk-amb-led-acc-werl/451133995.html
Audi A3 2.0 TDI,Liftback,Kombi,False,https://suchen.mobile.de/auto-inserat/audi-a3-sportback-35-tdi-advanced-borgentreich/456424538.html
Audi A3 2.0 TDI,Liftback,Kombi,False,https://suchen.mobile.de/auto-inserat/audi-a3-sportback-35-tdi-advanced-led-kamera-navi-gra-sch%C3%BCttorf/455270448.html
Audi A3 2.0 TDI,Liftback,Kombi,False,https://suchen.mobile.de/auto-inserat/audi-a3-sportback-35-tdi-advanced-navi-pdc-tel-viersen/448620510.html
Audi A3 2.0 TDI,Liftback,Kombi,False,https://suchen.mobile.de/auto-inserat/audi-a3-sportback-35-tdi-advanced-oberkirch/452720555.html
Audi A3 2.0 TDI,Liftback,Kombi,False,https://suchen.mobile.de/auto-inserat/audi-a3-sportback-35-tdi-advanced-s-line-brand-erbisdorf/451781378.html
Audi A3 2.0 TDI,Liftback,Kombi,False,https://suchen.mobile.de/auto-inserat/audi-a3-sportback-35-tdi-advanced-s-tronic-navi-led-greiz/456269681.html
Audi A3 2.0 TDI,Liftback,Kombi,False,https://suchen.mobile.de/auto-inserat/audi-a3-sportback-35-tdi-advanced-virtual-kamera-acc-donnersdorf/457849831.html
Audi A3 2.0 TDI,Liftback,Kombi,False,https://suchen.mobile.de/auto-inserat/audi-a3-sportback-35-tdi-led-navi-app-acc-pdc-miesitz/460054303.html
Audi A3 2.0 TDI,Liftback,Kombi,False,https://suchen.mobile.de/auto-inserat/audi-a3-sportback-35-tdi-navi-plus-smartphone-sound-chemnitz/455522346.html
Audi A3 2.0 TDI,Liftback,Kupé,False,https://suchen.mobile.de/auto-inserat/audi-a3-sportback-35-tdi-s-line-brotterode-trusetal/458409170.html
Audi A3 2.0 TDI,Liftback,Kombi,False,https://suchen.mobile.de/auto-inserat/audi-a3-sportback-35-tdi-s-line-navi-virtual-led-18-helmstedt/442102724.html
Audi A3 2.0 TDI,Liftback,Kombi,False,https://suchen.mobile.de/auto-inserat/audi-a3-sportback-35-tdi-s-line-panorama-led-essingen/438592484.html
Audi A3 2.0 TDI,Liftback,Kupé,False,https://suchen.mobile.de/auto-inserat/audi-a3-sportback-35-tdi-s-tronic-navi-ahk-r-kam-eu6d-beilstein/456766952.html
Audi A3 2.0 TDI,Liftback,Kombi,False,https://suchen.mobile.de/auto-inserat/audi-a3-sportback-35tdi-s-tr-s-line-pano-ahk-matrix-neubeckum/458886524.html
Audi A3 2.0 TDI,Liftback,Kombi,False,https://suchen.mobile.de/auto-inserat/audi-a3-sportback-40-tdi-quattro-advanced-8-fach-ber-mickhausen/460155096.html
Audi A3 2.0 TDI,Liftback,Kombi,False,https://suchen.mobile.de/auto-inserat/audi-a3-sportback-40tdi-quattro-s-line-matrix-led-sch-zwickau/446132920.html
Audi A3 2.0 TDI,Liftback,Kombi,False,https://suchen.mobile.de/auto-inserat/audi-a3-sportback-advanced-35-tdi-s-tr-rfk-navi-berlin/454903011.html
Audi A3 2.0 TDI,Liftback,Kupé,False,https://suchen.mobile.de/auto-inserat/audi-a3-sportback-35-tdi-s-tronic-navi-ahk-r-kam-eu6d-beilstein/460504213.html
Audi A3 2.0 TDI,Liftback,SUV,False,https://suchen.mobile.de/auto-inserat/audi-a3-35-tdi-2-0-scr-sportback-s-tronic-advanced-braunschweig/460584504.html
Audi A3 2.0 TDI,Liftback,Kombi,False,https://suchen.mobile.de/auto-inserat/audi-a3-40-tdi-sportback-quattro-navi-shz-led-fernwald-steinbach/458495171.html
Audi A3 2.0 TDI,Liftback,Kombi,False,https://suchen.mobile.de/auto-inserat/audi-a3-sportback-35-tdi-s-tr-led-ahk-navi-pdc-virtc-berlin/445215014.html
Audi A3 2.0 TDI,Liftback,Kombi,False,https://suchen.mobile.de/auto-inserat/audi-a3-limousine-advanced-35-tdi-s-tronic-led-sw-dresden/460139029.html
Audi A3 2.0 TDI,Liftback,Kombi,False,https://suchen.mobile.de/auto-inserat/audi-a3-sb-35d-at7-led-navi-virtu-shz-hifi-rfk-ahk-8f-bebra/460546691.html
Audi A3 2.0 TDI,Liftback,Kombi,False,https://suchen.mobile.de/auto-inserat/audi-a3-sportback-35-2-0-tdi-s-tronic-advanced-led-h%C3%BCrth-bei-k%C3%B6ln/460859824.html
Audi A3 2.0 TDI,Liftback,Kombi,False,https://suchen.mobile.de/auto-inserat/audi-a3-sportback-tdi-advanced-s-tronic-led-sw-dresden/455513998.html
Audi A3 2.0 TDI,Liftback,Kupé,False,https://suchen.mobile.de/auto-inserat/audi-a3-sportback-35-tdi-s-line-matrix-sonos-keyless-unterensingen-bei-stuttgart/461133555.html
Audi A3 2.0 TDI,Liftback,Kombi,False,https://suchen.mobile.de/auto-inserat/audi-a3-sportback-35-tdi-2-0-tdi-s-line-interieur-k%C3%B6ln/461285805.html
Audi A3 2.0 TDI,Liftback,Kombi,False,https://suchen.mobile.de/auto-inserat/audi-a3-2-0-tdi-sportback-35-tdi-advanced-frankfurt-am-main/446480439.html
Audi A3 2.0 TDI,Liftback,Kombi,False,https://suchen.mobile.de/auto-inserat/audi-a3-sportback-35-2-0-tdi-advan-led-kam-acc-1-hd-h%C3%BCrth-bei-k%C3%B6ln/460859824.html
Audi A3 2.0 TDI,Liftback,Kombi,False,https://suchen.mobile.de/auto-inserat/audi-a3-sportback-35-tdi-s-tronic-advanced-virtual-griesheim-darmstadt/461548143.html
Audi A3 2.0 TDI,Liftback,Kombi,False,https://suchen.mobile.de/auto-inserat/audi-a3-sportback-35-tdi-advanced-ahk-17zoll-led-gra-donnersdorf/461644897.html
Audi A3 2.0 TFSI,Liftback,Kombi,False,https://suchen.mobile.de/auto-inserat/audi-a3-sportback-40-tfsi-quattro-advanced-stralsund/460124957.html
Audi A3 2.0 TFSI,Liftback,Kombi,False,https://suchen.mobile.de/auto-inserat/audi-a3-sportback-40-tfsi-quattro-ahk-acc-b-o-panoram-kempten/458971207.html
Audi A3 2.0 TFSI,Liftback,Kombi,False,https://suchen.mobile.de/auto-inserat/audi-a3-sportback-40-tfsi-quattro-s-line-lalling/459944994.html
Audi A3 2.0 TFSI,Liftback,Kombi,False,https://suchen.mobile.de/auto-inserat/audi-a3-sportback-40tfsi-quattro-s-line-matrix-led-sc-zwickau/456731451.html
Audi A3 2.0 TFSI,Liftback,Kombi,False,https://suchen.mobile.de/auto-inserat/audi-a3-sportback-40-tfsi-quattro-s-line-matrix-lalling/459944994.html
Audi A3 Hatchback 40 TFSI e,Liftback,Kombi,False,https://suchen.mobile.de/auto-inserat/audi-a3-sportback-40-tfsi-e-advanced-plug-in-hybrid-zweibr%C3%BCcken/447578499.html
Audi A4 2.0 TDI,Sedan,SUV,False,https://suchen.mobile.de/auto-inserat/audi-a4-avant-40-tdi-quattro-advanced-rfk-vc-shz-navi-ilsede/446863868.html
Audi A4 2.0 TDI,Sedan,SUV,False,https://suchen.mobile.de/auto-inserat/audi-a4-limousine-advanced-40-tdi-freiburg/458895444.html
Audi A4 Avant 35 TFSI,Kombi,SUV,False,https://suchen.mobile.de/auto-inserat/audi-a4-avant-35-tfsi-s-tronic-navi-dab-tempomat-sitz-frankfurt-am-main/458161706.html
Audi A4 Avant 35 TFSI,Kombi,Hatchback,False,https://suchen.mobile.de/auto-inserat/audi-a4-avant-35-tfsi-s-line-s-tronic-led-navi-leder-stralsund/460588852.html
Audi A5 2.0 TDI,Liftback,Kupé,False,https://suchen.mobile.de/auto-inserat/audi-a5-2-0-tdi-s-line-leder-b-o-acc-kam-matrix-schneeberg/432514787.html
Audi A5 2.0 TDI,Liftback,Kupé,False,https://suchen.mobile.de/auto-inserat/audi-a5-35-diesel-s-tronic-advanced-sportpaket-digita-berlin/455630812.html
Audi A5 2.0 TDI,Liftback,Kombi,False,https://suchen.mobile.de/auto-inserat/audi-a5-40-tdi-sportback-quattro-virtual-led-acc-metzingen/445604051.html
Audi A5 2.0 TDI,Liftback,Kupé,False,https://suchen.mobile.de/auto-inserat/audi-a5-sb-40-tdi-s-line-fahrwerk-acc-lane-navi-rfk-landshut/450761814.html
Audi A5 2.0 TDI,Liftback,Kupé,False,https://suchen.mobile.de/auto-inserat/audi-a5-sb-40d-quatt-s-line-led-navi-pano-b-o-shz-19-bebra/459365384.html
Audi A5 2.0 TDI,Liftback,Kupé,False,https://suchen.mobile.de/auto-inserat/audi-a5-sb-40d-s-tr-led-acc-virtu-pano-shz-hifi-8fa-bebra/458314357.html
Audi A5 2.0 TDI,Liftback,Kupé,False,https://suchen.mobile.de/auto-inserat/audi-a5-sportback-35-tdi-s-tronic-navi-led-panorama-burghaun/458108598.html
Audi A5 2.0 TDI,Liftback,Kupé,False,https://suchen.mobile.de/auto-inserat/audi-a5-sportback-40-tdi-advanced-sport-virtual-kam-bassum/446370230.html
Audi A5 2.0 TDI,Liftback,Kupé,False,https://suchen.mobile.de/auto-inserat/audi-a5-sportback-40-tdi-quattro-s-line-aichhalden-r%C3%B6tenberg/458071839.html
Audi A5 2.0 TDI,Liftback,Kupé,False,https://suchen.mobile.de/auto-inserat/audi-a5-sportback-40-tdi-quattro-s-line-led-kamera-oberhausen/459542367.html
Audi A5 2.0 TDI,Liftback,Kupé,False,https://suchen.mobile.de/auto-inserat/audi-a5-sportback-40-tdi-quattro-s-line-matrix-kamera-kolbermoor/459735951.html
Audi A5 2.0 TDI,Liftback,Kupé,False,https://suchen.mobile.de/auto-inserat/audi-a5-sportback-40-tdi-s-line-matrix-virtual-kamera-mindelheim/449101441.html
Audi A5 2.0 TDI,Liftback,Kupé,False,https://suchen.mobile.de/auto-inserat/audi-a5-sportback-40-tdi-s-tronic-advanced-led-deggendorf/459464978.html
Audi A5 2.0 TDI,Liftback,Kupé,False,https://suchen.mobile.de/auto-inserat/audi-a5-sportback-40-tdi-virtual-panorama-assistenz-sindelfingen/456672046.html
Audi A5 2.0 TDI,Liftback,Kupé,False,https://suchen.mobile.de/auto-inserat/audi-a5-sportback-s-line-35tdi-stronic-navi-led-acc-e-diez/460298052.html
Audi A5 2.0 TDI,Liftback,Kupé,False,https://suchen.mobile.de/auto-inserat/audi-a5-sportback-s-line-40-tdi-quattro-pdc-ahk-shz-s-g%C3%B6ppingen/452984405.html
Audi A5 2.0 TDI,Liftback,Kupé,False,https://suchen.mobile.de/auto-inserat/audi-a5-sportback-40-tdi-s-tronic-bekond/460531354.html
Audi A5 2.0 TDI,Liftback,Kupé,False,https://suchen.mobile.de/auto-inserat/audi-a5-sportback-40-tdi-s-tronic-advanced-led-plattling/460780816.html
Audi A5 2.0 TDI,Liftback,Kupé,False,https://suchen.mobile.de/auto-inserat/audi-a5-sportback-s-line-35tdi-stronic-navi-led-acc-e-wetzlar/460882164.html
Audi A5 2.0 TDI,Liftback,Kupé,False,https://suchen.mobile.de/auto-inserat/audi-a5-sportback-40-tdi-quattro-s-tronic-fernwald-steinbach/461173592.html
Audi A5 2.0 TDI,Liftback,Kombi,False,https://suchen.mobile.de/auto-inserat/audi-a5-40-tdi-sportback-quattro-virtual-hagel-metzingen/445604051.html
Audi A5 2.0 TDI,Liftback,Kupé,False,https://suchen.mobile.de/auto-inserat/audi-a5-40-tdi-quattro-s-tronic-night-acc-kamera-pano-braunschweig/461387435.html
Audi A5 2.0 TDI,Liftback,Kupé,False,https://suchen.mobile.de/auto-inserat/audi-a5-sportback-s-line-40tdi-stronic-navi-led-pano-diez/461435414.html
Audi A5 2.0 TFSI,Liftback,Sedan,False,https://www.sauto.cz/osobni/detail/audi/a5/210764492
Audi A5 2.0 TFSI,Liftback,Kupé,False,https://suchen.mobile.de/auto-inserat/audi-a5-35-tfsi-s-tronic-sportback-s-line-rimbach/459622510.html
Audi A5 2.0 TFSI,Liftback,Kupé,False,https://suchen.mobile.de/auto-inserat/audi-a5-45-tfsi-quattro-matrix-kamera-virtual-braunschweig/460218835.html
Audi A5 2.0 TFSI,Liftback,Kupé,False,https://suchen.mobile.de/auto-inserat/audi-a5-s5-sportback-45-tfsi-quattro-s-line-20-rs6-hof/454908907.html
Audi A5 2.0 TFSI,Liftback,Kupé,False,https://suchen.mobile.de/auto-inserat/audi-a5-sb-40-tfsi-quatt-led-navi-hud-hifi-virtu-8f-bebra/459765236.html
Audi A5 2.0 TFSI,Liftback,Kupé,False,https://suchen.mobile.de/auto-inserat/audi-a5-sb-40-tfsi-quatt-s-tr-s-line-ext-led-hud-b-o-bebra/459765524.html
Audi A5 2.0 TFSI,Liftback,Kupé,False,https://suchen.mobile.de/auto-inserat/audi-a5-sportback-35-tfsi-1-hand-business-paket-beckum/456145823.html
Audi A5 2.0 TFSI,Liftback,Kupé,False,https://suchen.mobile.de/auto-inserat/audi-a5-sportback-40-tfsi-s-line-sportpaket-navi-emden/448942723.html
Audi A5 2.0 TFSI,Liftback,Kupé,False,https://suchen.mobile.de/auto-inserat/audi-a5-sportback-40tfsi-quattro-basis-led-scheinwerf-zwickau/447927569.html
Audi A5 2.0 TFSI,Liftback,Kombi,False,https://suchen.mobile.de/auto-inserat/audi-a5-tfsi-110-kw-s-tronic-avant-bremen/459551033.html
Audi A5 2.0 TFSI,Liftback,Kombi,False,https://suchen.mobile.de/auto-inserat/audi-a5-tfsi-110-kw-s-tronic-avant-trier/460475582.html
Audi A5 2.0 TFSI,Liftback,Kupé,False,https://suchen.mobile.de/auto-inserat/audi-a5-sportback-35-tfsi-aut-advan-sportline-engelskirchen/460269831.html
Audi A5 2.0 TFSI,Liftback,Kupé,False,https://suchen.mobile.de/auto-inserat/audi-a5-sportback-40-tfsi-advanced-virtual-led-kamera-oberhausen/460637841.html
Audi A5 2.0 TFSI,Liftback,Kupé,False,https://suchen.mobile.de/auto-inserat/audi-a5-sportback-35-tfsi-s-line-acc-key-virtual-r-ka-iserlohn/461412907.html
Audi A5 2.0 TFSI,Liftback,Kupé,False,https://suchen.mobile.de/auto-inserat/audi-a5-sportback-40-tfsi-quattro-advanced-lahr-langenwinkel/430668535.html
Audi A5 3.0 TDI,Liftback,Kombi,False,https://suchen.mobile.de/auto-inserat/audi-a5-50-tdi-qu-sb-s-line-led-virtual-ahk-massage-hamburg/459399660.html
Audi A5 3.0 TDI,Liftback,Kupé,False,https://suchen.mobile.de/auto-inserat/audi-a5-sportback-45-tdi-quattro-advanced-hofheim-am-taunus/458547919.html
Audi A5 3.0 TDI,Liftback,Kupé,False,https://suchen.mobile.de/auto-inserat/audi-a5-sportback-50-tdi-quattro-s-line-matrix-navi-sindelfingen/456264678.html
Audi A5 3.0 TDI,Liftback,Kupé,False,https://suchen.mobile.de/auto-inserat/audi-a5-sportback-50-tdi-quattro-s-line-matrix-navi-sindelfingen/461635806.html
Audi A6 2.0 TFSI,Sedan,MPV,False,https://suchen.mobile.de/auto-inserat/audi-a6-avant-45-tfsi-quattro-waldshut-tiengen/451596493.html
Audi Q2 2.0 TDI,SUV,Hatchback,False,https://suchen.mobile.de/auto-inserat/audi-q2-advanced-35-tdi-110-150-kw-ps-s-tronic-essen/461487277.html
Audi Q2 35 TFSI,SUV,Hatchback,False,https://suchen.mobile.de/auto-inserat/audi-q2-35-tfsi-110-150-kw-ps-s-tronic-balingen/441387067.html
Audi Q2 35 TFSI,SUV,Kombi,False,https://suchen.mobile.de/auto-inserat/audi-q2-35-tfsi-s-line-g%C3%BCtersloh/458858508.html
Audi Q2 35 TFSI,SUV,Kombi,False,https://suchen.mobile.de/auto-inserat/audi-q2-35-tfsi-s-line-led-navi-acc-kamera-g%C3%BCtersloh/458858508.html
Audi Q2 35 TFSI,SUV,Hatchback,False,https://suchen.mobile.de/auto-inserat/audi-q2-automatik-schildererkennung-r%C3%BCckfahrkamera-ensdorf/461347711.html
Audi Q3 1.5 TSI,SUV,MPV,False,https://suchen.mobile.de/auto-inserat/audi-q3-35-tsi-s-tronic-advanced-ahk-tempo-einparkhi-wolfsburg/458575351.html
Audi Q3 2.0 TDI,SUV,Hatchback,False,https://www.sauto.cz/osobni/detail/audi/q3/210593675
Audi Q3 2.0 TDI,SUV,Kupé,False,https://suchen.mobile.de/auto-inserat/audi-q3-sportback-35-tdi-automatik-navi-led-1-hand-v%C3%B6hringen/459800774.html
Audi Q3 2.0 TDI,SUV,Kupé,False,https://suchen.mobile.de/auto-inserat/audi-q3-sportback-35-tdi-led-navi-acc-side-lane-virtu-herne/449443559.html
Audi Q3 2.0 TDI,SUV,Liftback,False,https://suchen.mobile.de/auto-inserat/audi-q3-sportback-35-tdi-qu-s-tronic-line-kamera-nav-wei%C3%9Fenburg/449922022.html
Audi Q3 2.0 TDI,SUV,Liftback,False,https://suchen.mobile.de/auto-inserat/audi-q3-sportback-35-tdi-qu-s-tronic-line-led-19-nav-wei%C3%9Fenburg/454008565.html
Audi Q3 2.0 TDI,SUV,Kupé,False,https://suchen.mobile.de/auto-inserat/audi-q3-sportback-35-tdi-s-line-leder-navi-pdc-kamera-weyerbusch/456288688.html
Audi Q3 2.0 TDI,SUV,Kupé,False,https://suchen.mobile.de/auto-inserat/audi-q3-sportback-40-tdi-quattro-navi-kamera-led-s-griesheim-darmstadt/454354729.html
Audi Q3 2.0 TDI,SUV,Kupé,False,https://suchen.mobile.de/auto-inserat/audi-q3-sportback-quattro-led-paket-business-ahk-garching-bei-m%C3%BCnchen/437266052.html
Audi Q3 2.0 TDI,SUV,Kupé,False,https://suchen.mobile.de/auto-inserat/audi-q3-sportback-40-tdi-quattro-basis-gelchsheim/461352451.html
Audi Q3 2.0 TDI,SUV,Kupé,False,https://suchen.mobile.de/auto-inserat/audi-q3-sportback-35-tdi-automatik-navi-led-1-hand-v%C3%B6hringen/461492575.html
Audi Q3 2.0 TFSI,SUV,Kombi,False,https://www.sauto.cz/osobni/detail/audi/q3/210519323
Audi Q3 2.0 TFSI,SUV,Kupé,False,https://suchen.mobile.de/auto-inserat/audi-q3-sportback-40-tfsi-qu-s-line-virtual-led-19-griesheim-darmstadt/453362809.html
Audi Q3 35 TFSI,SUV,Liftback,False,https://suchen.mobile.de/auto-inserat/audi-q3-sportback-45-tfsi-e-180-kw-n%C3%B6rdlingen/459950742.html
Audi Q3 35 TFSI,SUV,Kupé,False,https://suchen.mobile.de/auto-inserat/audi-q3-sportback-45-tfsi-e-s-line-virtual-1-hand-m%C3%BChlheim-am-main-n%C3%A4he-frankfurt/449037768.html
Audi Q3 35 TFSI,SUV,Kupé,False,https://suchen.mobile.de/auto-inserat/audi-q3-sportback-45-tfsie-s-line-ahk-acc-matrix-20-griesheim-darmstadt/457770865.html
Audi Q3 35 TFSI,SUV,Kupé,False,https://suchen.mobile.de/auto-inserat/audi-q3-sportback-45-tfsie-s-line-ahk-acc-matrix-20-griesheim-darmstadt/457770930.html
Audi Q3 35 TFSI,SUV,Liftback,False,https://suchen.mobile.de/auto-inserat/audi-q3-sportback-45-tfsi-e-s-tronic-allwetter-oldenburg/458942615.html
Audi Q5 2.0 TFSI,SUV,Hatchback,False,https://www.sauto.cz/osobni/detail/audi/q5/210652544
Audi Q5 TDI,SUV,Liftback,False,https://suchen.mobile.de/auto-inserat/audi-q5-sportback-40-tdi-quattro-led-leder-kamera-pdc-bruchsal/461603829.html
BAIC Beijing X55 1.5 Turbo 7DCT,SUV,Hatchback,False,https://suchen.mobile.de/auto-inserat/baic-beijing-x35-altenstadt-wn/457905377.html
BAIC Beijing X55 1.5 Turbo 7DCT,SUV,Hatchback,False,https://suchen.mobile.de/auto-inserat/baic-beijing-x35-automatik-siegburg-zwischen-k%C3%B6ln-und-bonn/453294574.html
BAIC Beijing X55 1.5 Turbo 7DCT,SUV,Hatchback,False,https://suchen.mobile.de/auto-inserat/baic-beijing-x35-burg/448920794.html
BAIC Beijing X55 1.5 Turbo 7DCT,SUV,Hatchback,False,https://suchen.mobile.de/auto-inserat/baic-beijing-x35-langenfeld/437135707.html
BAIC Beijing X55 1.5 Turbo 7DCT,SUV,Kombi,False,https://suchen.mobile.de/auto-inserat/baic-beijing-x75-traunstein/460122872.html
BAIC Beijing X55 1.5 Turbo 7DCT,SUV,Kombi,False,https://suchen.mobile.de/auto-inserat/baic-x55-automatik-177ps-benzin-360-kamera-traunstein/451775408.html
BAIC X35 1.5,SUV,Hatchback,False,https://suchen.mobile.de/auto-inserat/baic-x35-1-5-l-fashion-burg/447809768.html
BAIC X5 1.5T CVT,SUV,Hatchback,False,https://www.sauto.cz/osobni/detail/baic/x5/209020917
BMW 118 2.0 TSI,Hatchback,Kombi,False,https://suchen.mobile.de/auto-inserat/bmw-118-d-m-sport-panorama-led-sportsitze-kamara-dessau-direkt-an-der-a9/460395118.html
BMW 118 Hatchback 1.5,Hatchback,Sedan,False,https://suchen.mobile.de/auto-inserat/bmw-118-1-lim-advantage-pdc-navi-klima-sitzhezung-m%C3%BCnchen/451363867.html
BMW 118 Hatchback 1.5,Hatchback,Sedan,False,https://suchen.mobile.de/auto-inserat/bmw-118-i-m-sport-harman-kardon-leipzig/453724858.html
BMW 118 Hatchback 1.5,Hatchback,Kombi,False,https://suchen.mobile.de/auto-inserat/bmw-118-i-sport-line-autom-led-navi-pdc-tempom-bendestorf/458963224.html
BMW 118 Hatchback 1.5,Hatchback,Kombi,False,https://suchen.mobile.de/auto-inserat/bmw-118-i-sport-line-led-life-el-klappe-navi-49tkm-chemnitz/458724717.html
BMW 118 Hatchback 1.5,Hatchback,Sedan,False,https://suchen.mobile.de/auto-inserat/bmw-118-i-sportlenkrad-mit-multifunktion-dab-tuner-f-suhl/444775529.html
BMW 118 Hatchback 1.5,Hatchback,Sedan,False,https://suchen.mobile.de/auto-inserat/bmw-118i-advantage-licopro-dab-pa-led-sitzhz-led-pdc-l%C3%BCneburg/459676124.html
BMW 118 Hatchback 1.5,Hatchback,Kombi,False,https://suchen.mobile.de/auto-inserat/bmw-118i-aut-advantage-nur-6-890-km-led-lc-prof-langenwetzendorf/448736163.html
BMW 118 Hatchback 1.5,Hatchback,Sedan,False,https://suchen.mobile.de/auto-inserat/bmw-118i-hifi-lordose-sportsitze-led-shz-tempomat-bt-wilhelmshaven/451840505.html
BMW 118 Hatchback 1.5,Hatchback,Sedan,False,https://suchen.mobile.de/auto-inserat/bmw-118i-m-sport-hagen/458801379.html
BMW 118 Hatchback 1.5,Hatchback,Sedan,False,https://suchen.mobile.de/auto-inserat/bmw-118i-m-sport-m-sport-harztor/460382484.html
BMW 118 Hatchback 1.5,Hatchback,Sedan,False,https://suchen.mobile.de/auto-inserat/bmw-118i-navi-shz-hifi-spurass-led-ambi-bt-s-s-at-ansbach/459711492.html
BMW 118 Hatchback 1.5,Hatchback,Sedan,False,https://suchen.mobile.de/auto-inserat/bmw-118i-rfk-navi-led-pdc-v-h-dab-parkass-tempomat-mettmann/458819868.html
BMW 118 Hatchback 1.5,Hatchback,Kombi,False,https://suchen.mobile.de/auto-inserat/bmw-118i-m-sport-ambienete-ahk-m-technik-navi-schmelz/460607230.html
BMW 118 Hatchback 1.5,Hatchback,Kombi,False,https://suchen.mobile.de/auto-inserat/bmw-118i-bluetooth-navi-led-klima-pdc-el-fenster-osnabr%C3%BCck/461216235.html
BMW 118 Hatchback 1.5,Hatchback,Kombi,False,https://suchen.mobile.de/auto-inserat/bmw-118-i-sport-line-autom-led-navi-pdc-tempom-bendestorf/461356893.html
BMW 118 Hatchback 1.5,Hatchback,Kombi,False,https://suchen.mobile.de/auto-inserat/bmw-118i-advantage-liveprof-klima-shz-pdc-temp-dab-osnabr%C3%BCck/461216235.html
BMW 118 Hatchback 1.5,Hatchback,Kombi,False,https://suchen.mobile.de/auto-inserat/bmw-118i-bluetooth-navi-led-klima-pdc-el-fenster-osnabr%C3%BCck/461385749.html
BMW 118 Hatchback 1.5,Hatchback,Kombi,False,https://suchen.mobile.de/auto-inserat/bmw-118i-advantage-liveprof-klima-led-shz-pdc-temp-osnabr%C3%BCck/461385749.html
BMW 120 Sedan 1.5,Sedan,Hatchback,False,https://suchen.mobile.de/auto-inserat/bmw-120-adled-rfk-dab-shz-da-pdc-bluetooth-led-winsen-luhe/459500383.html
BMW 120 Sedan 1.5,Sedan,Hatchback,False,https://suchen.mobile.de/auto-inserat/bmw-120-m-sport-lc-pro-h-k-hud-da-pa-leas-329-oa-hamburg-bergedorf/458011381.html
BMW 120 Sedan 1.5,Sedan,Hatchback,False,https://suchen.mobile.de/auto-inserat/bmw-120i-limousine-a-led-navi-kamera-drivea-shadowli-erding/458323855.html
BMW 120 Sedan 1.5,Sedan,Hatchback,False,https://suchen.mobile.de/auto-inserat/bmw-120-navi-klimaaut-rfk-usb-sitzhzg-ad-led-shadow-winsen-luhe/459500383.html
BMW 120 Sedan 1.5,Sedan,Hatchback,False,https://suchen.mobile.de/auto-inserat/bmw-120-drivass-rfk-shz-klimaaut-dab-bluetooth-navi-l%C3%BCneburg/451997623.html
BMW 120 Sedan 1.5,Sedan,Hatchback,False,https://suchen.mobile.de/auto-inserat/bmw-120-drivass-rfk-shz-klimaaut-dab-bluetooth-navi-l%C3%BCneburg/457194088.html
BMW 120 Sedan 1.5,Sedan,Hatchback,False,https://suchen.mobile.de/auto-inserat/bmw-120-drivass-rfk-shz-klimaaut-dab-bluetooth-navi-l%C3%BCneburg/457194089.html
BMW 120 Sedan 1.5,Sedan,Hatchback,False,https://suchen.mobile.de/auto-inserat/bmw-120-drivass-rfk-shz-klimaaut-dab-bluetooth-navi-l%C3%BCneburg/457194090.html
BMW 120 Sedan 1.5,Sedan,Hatchback,False,https://suchen.mobile.de/auto-inserat/bmw-120i-dkg-ad-led-navi-dab-shz-17-pa-bluetooth-hamburg-bergedorf/455843381.html
BMW 120 Sedan 1.5,Sedan,Hatchback,False,https://suchen.mobile.de/auto-inserat/bmw-120i-dkg-ad-led-navi-dab-shz-17-leas-279-oa-hamburg-bergedorf/455843381.html
BMW 120 Sedan 2.0,Sedan,Hatchback,False,https://suchen.mobile.de/auto-inserat/bmw-120-i-m-sport-aut-shadow-line-pdc-ulm/454287666.html
BMW 120 Sedan 2.0,Sedan,Hatchback,False,https://suchen.mobile.de/auto-inserat/bmw-120-rheine/459858795.html
BMW 120 Sedan 2.0,Sedan,Kombi,False,https://suchen.mobile.de/auto-inserat/bmw-120i-aut-sport-line-led-spurass-hifi-tempomat-gera/457702828.html
BMW 120 Sedan 2.0,Sedan,Hatchback,False,https://suchen.mobile.de/auto-inserat/bmw-120i-m-sport-pro-m-sitze-h-k-edition-colorvision-hamburg-bergedorf/457541687.html
BMW 120 Sedan 2.0,Sedan,Hatchback,False,https://suchen.mobile.de/auto-inserat/bmw-120i-sportline-aut-navi-led-dab-hifi-lenkrhz-rheinberg/446816870.html
BMW 120 Sedan 2.0,Sedan,Hatchback,False,https://suchen.mobile.de/auto-inserat/bmw-120ilim-m-sport-led-navi-leder-h-k-livecockpit-erding/442747450.html
BMW 120 Sedan 2.0,Sedan,Hatchback,False,https://suchen.mobile.de/auto-inserat/bmw-1er-120-i-sport-line-led-navi-leder-dab-bopfingen/459557469.html
BMW 120 Sedan 2.0,Sedan,Hatchback,False,https://suchen.mobile.de/auto-inserat/bmw-120ilimousine-led-navi-livecockpit-dab-pdc-shz-erding/460550626.html
BMW 120 Sedan 2.0,Sedan,Hatchback,False,https://suchen.mobile.de/auto-inserat/bmw-120-1-limousine-120-i-m-sport-bopfingen/460698581.html
BMW 120 Sedan 2.0,Sedan,Hatchback,False,https://suchen.mobile.de/auto-inserat/bmw-120i-advantage-automatik-led-sitzheizung-pressath/457887237.html
BMW 120 Sedan 2.0,Sedan,Hatchback,False,https://suchen.mobile.de/auto-inserat/bmw-120ia-f40-led-live-cockpit-prof-pdc-multi-zweibr%C3%BCcken/461438596.html
BMW 120 Sedan 2.0 d,Sedan,Kupé,False,https://suchen.mobile.de/auto-inserat/bmw-120-advantage-120d-xdrive-aut-dorfmark/455854838.html
BMW 120 Sedan 2.0 d,Sedan,Kombi,False,https://suchen.mobile.de/auto-inserat/bmw-120-d-advantage-livecockpit-shz-tempomat-navi-donnersdorf/458478612.html
BMW 120 Sedan 2.0 d,Sedan,Hatchback,False,https://suchen.mobile.de/auto-inserat/bmw-120d-aut-advantage-navi-ahk-led-fernwald-steinbach/458674999.html
BMW 120 Sedan 2.0 d,Sedan,Hatchback,False,https://suchen.mobile.de/auto-inserat/bmw-120d-limousine-led-navi-livecockpit-dab-pdc-shz-erding/450776007.html
BMW 120 Sedan 2.0 d,Sedan,Hatchback,False,https://suchen.mobile.de/auto-inserat/bmw-120d-m-sport-aut-led-hifi-dab-pdc-kamera-rheinberg/437494412.html
BMW 120 Sedan 2.0 d,Sedan,Hatchback,False,https://suchen.mobile.de/auto-inserat/bmw-120d-sports-led-keylgo-adaptled-livecockprof-nav-hamburg/460345631.html
BMW 120 Sedan 2.0 d,Sedan,Kombi,False,https://suchen.mobile.de/auto-inserat/bmw-120d-xdrive-aut-m-sport-shadow-parka-ad-fw-schleiz/457315512.html
BMW 2 1.5,MPV,Kombi,False,https://www.sauto.cz/osobni/detail/bmw/rada-2/208790862
BMW 2 1.5,MPV,Kombi,False,https://www.sauto.cz/osobni/detail/bmw/rada-2/208790889
BMW 2 1.5,MPV,Kupé,False,https://www.sauto.cz/osobni/detail/bmw/rada-2/209080941
BMW 2 1.5,MPV,Kupé,False,https://www.sauto.cz/osobni/detail/bmw/rada-2/210297659
BMW 2 1.5,MPV,Sedan,False,https://www.sauto.cz/osobni/detail/bmw/rada-2/210407087
BMW 2 1.5,MPV,Sedan,False,https://www.sauto.cz/osobni/detail/bmw/rada-2/210521831
BMW 2 1.5,MPV,Sedan,False,https://www.sauto.cz/osobni/detail/bmw/rada-2/210196649
BMW 2 1.5,MPV,Kupé,False,https://www.sauto.cz/osobni/detail/bmw/rada-2/210767789
BMW 2 1.5,MPV,Sedan,False,https://www.sauto.cz/osobni/detail/bmw/rada-2/210786431
BMW 2 2.0,MPV,Sedan,False,https://www.sauto.cz/osobni/detail/bmw/rada-2/210767246
BMW 218 VAN 1.5 PHEV,MPV,Kombi,False,https://suchen.mobile.de/auto-inserat/bmw-218-m-sport-led-harman-k-drivingassi-plus-kamara-dessau-direkt-an-der-a9/458581134.html
BMW 218 VAN 1.5 PHEV,MPV,Kombi,False,https://suchen.mobile.de/auto-inserat/bmw-218i-active-tourer-advantage-m%C3%BCnchberg/386110959.html
BMW 218 VAN 1.5 PHEV,MPV,SUV,False,https://suchen.mobile.de/auto-inserat/bmw-218i-active-tourer-navi-adapled-ahk-gsd-apple-bayreuth/460343771.html
BMW 218 VAN 1.5 PHEV,MPV,Kombi,False,https://suchen.mobile.de/auto-inserat/bmw-218i-m-sport-led-panorama-drivingassiplus-kamara-dessau-direkt-an-der-a9/458110434.html
BMW 218 VAN 1.5 PHEV,MPV,Kombi,False,https://suchen.mobile.de/auto-inserat/bmw-218-i-m-sport-active-tourer-dessau-direkt-an-der-a9/460511050.html
BMW 218i Active Tourer,MPV,Kupé,False,https://suchen.mobile.de/auto-inserat/bmw-218i-gran-coupe-advantage-led-navigations-paket-dietzenbach-bei-frankfurt/461089265.html
BMW 220 Gran Coupé Kupé 1.5,Sedan,SUV,False,https://suchen.mobile.de/auto-inserat/bmw-220-active-tourer-apple-led-rfk-virtual-top-bad-rappenau/437411182.html
BMW 220 Gran Coupé Kupé 1.5,Sedan,SUV,False,https://suchen.mobile.de/auto-inserat/bmw-220i-active-tourer-navi-adapled-ahk-komfortzug-bayreuth/458572209.html
BMW 220 Gran Coupé Kupé 1.5,Sedan,SUV,False,https://suchen.mobile.de/auto-inserat/bmw-active-tourer-220-i-m-sport-premium-ahk-19-alu-bitburg/460631428.html
BMW 220 Gran Coupé Kupé 1.5,Sedan,SUV,False,https://suchen.mobile.de/auto-inserat/bmw-active-tourer-220-i-m-sport-led-navi-r-kamera-grevesm%C3%BChlen/458662378.html
BMW 220 Gran Coupé Kupé 2.0 d,Kupé,SUV,False,https://suchen.mobile.de/auto-inserat/bmw-220-2-gran-tourer-220-d-advantage-m%C3%BCnchen/457589938.html
BMW 220 Gran Coupé Kupé 2.0 d,Kupé,Kombi,False,https://suchen.mobile.de/auto-inserat/bmw-220d-active-tourer-garantie-bis-02-2030-hamm/453086227.html
BMW 220 Gran Coupé Kupé 2.0 d,Kupé,Kombi,False,https://suchen.mobile.de/auto-inserat/bmw-220d-active-tourer-garantie-bis-03-2030-hamm/453085147.html
BMW 220 Gran Coupé Kupé 2.0 d,Kupé,Kombi,False,https://suchen.mobile.de/auto-inserat/bmw-220-sport-line-220d-gran-tourer-aut-dorfmark/460525350.html
BMW 220 Gran Coupé Kupé 2.0 d,Kupé,Kombi,False,https://suchen.mobile.de/auto-inserat/bmw-220d-active-tourer-m-sport-garantie-bis-02-30-hamm/453956433.html
BMW 220 Tourer Kombi 1.5 PHEV,Kombi,SUV,False,https://suchen.mobile.de/auto-inserat/bmw-220i-active-tourer-m-sportpaket-navi-adapled-ahk-bayreuth/458890488.html
BMW 225 Tourer 1.5,Kombi,SUV,False,https://suchen.mobile.de/auto-inserat/bmw-225e-active-tourer-sport-line-widescreen-pano-hamm/453087673.html
BMW 225 Tourer 1.5,Kombi,SUV,False,https://suchen.mobile.de/auto-inserat/bmw-225e-active-tourer-sport-line-widescreen-pano-hamm/461358956.html
BMW 230 1.5,MPV,Kombi,False,https://suchen.mobile.de/auto-inserat/bmw-230exd-act-hud-ledermemorsportstz-360-p-drivpro-peine/455622396.html
BMW 2er Gran Coupé Sedan 1.5,Sedan,Kupé,False,https://suchen.mobile.de/auto-inserat/bmw-218-i-gc-m-sportsitze-shadow-acc-kamera-led-ca-pfullingen/457906577.html
BMW 2er Gran Coupé Sedan 1.5,Sedan,Kupé,False,https://suchen.mobile.de/auto-inserat/bmw-218i-aut-gran-coupe-m-sport-headup-19-m-rad-velburg/459547194.html
BMW 2er Gran Coupé Sedan 1.5,Sedan,Kupé,False,https://suchen.mobile.de/auto-inserat/bmw-218i-gran-coupe-m-sport-ahk-pano-memory-kamera-seubersdorf/448531460.html
BMW 2er Gran Coupé Sedan 1.5,Sedan,Kupé,False,https://suchen.mobile.de/auto-inserat/bmw-218i-gran-coupe-m-sport-ahk-panoramadach-kamera-seubersdorf/459962673.html
BMW 2er Gran Coupé Sedan 1.5,Sedan,Kupé,False,https://suchen.mobile.de/auto-inserat/bmw-218i-gran-coupe-m-sport-alcantara-hifi-kamera-velburg/460219137.html
BMW 2er Gran Coupé Sedan 1.5,Sedan,Kupé,False,https://suchen.mobile.de/auto-inserat/bmw-218i-gran-coupe-m-sport-glasdach-memory-headup-velburg/460222131.html
BMW 2er Gran Coupé Sedan 1.5,Sedan,Kupé,False,https://suchen.mobile.de/auto-inserat/bmw-218i-gran-coupe-m-sport-headup-leder-el-sitze-velburg/460222833.html
BMW 2er Gran Coupé Sedan 1.5,Sedan,Kupé,False,https://suchen.mobile.de/auto-inserat/bmw-218i-gran-coupe-m-sport-kamera-abstandstemp-navi-seubersdorf/450741347.html
BMW 2er Gran Coupé Sedan 1.5,Sedan,Kupé,False,https://suchen.mobile.de/auto-inserat/bmw-218i-gran-coupe-m-sport-kamera-head-up-dab-navi-seubersdorf/456856994.html
BMW 2er Gran Coupé Sedan 1.5,Sedan,Kupé,False,https://suchen.mobile.de/auto-inserat/bmw-218i-gran-coupe-m-sport-memory-headup-harmkard-velburg/459652536.html
BMW 2er Gran Coupé Sedan 1.5,Sedan,MPV,False,https://suchen.mobile.de/auto-inserat/bmw-2er-active-tourer-220i-led-curved-display-atg-saarbr%C3%BCcken/457725124.html
BMW 2er Gran Coupé Sedan 1.5,Sedan,Kupé,False,https://suchen.mobile.de/auto-inserat/bmw-218-i-gc-m-sportsitze-shadow-acc-kamera-led-ca-pfullingen/460619494.html
BMW 2er Gran Coupé Sedan 1.5,Sedan,Kupé,False,https://suchen.mobile.de/auto-inserat/bmw-218iagran-coupe-navi-led-dab-smartp-baiersdorf/461151320.html
BMW 2er Gran Coupé Sedan 1.5,Sedan,Kupé,False,https://suchen.mobile.de/auto-inserat/bmw-218i-aut-gran-coupe-m-sport-headup-komfort-hifi-velburg/461177099.html
BMW 318 Kombi 2.0 d,Kombi,MPV,False,https://suchen.mobile.de/auto-inserat/bmw-318d-tour-ahk-adapt-led-navi-sportsitze-sitzhzg-stendal/451270563.html
BMW 520 Kombi 2.0 d,Kombi,SUV,False,https://suchen.mobile.de/auto-inserat/bmw-520-d-touring-m-sport-livprof-acc-pano-19z-hud-erbach/458327953.html
BMW M135 2.0 TSI,Hatchback,Kupé,False,https://suchen.mobile.de/auto-inserat/bmw-m135i-xdrive-hud-pano-leder-lhz-keyless-kam-h-k-saarlouis/461288826.html
BMW M235 2.0,Kupé,MPV,False,https://suchen.mobile.de/auto-inserat/bmw-m235i-gran-coupe-xdrive-aut-navi-led-tempo-cam-korntal-m%C3%BCnchingen/461686083.html
BMW X1 2.0,SUV,Kombi,False,https://www.sauto.cz/osobni/detail/bmw/x1/210442709
BMW X1 2.0,SUV,Kombi,False,https://www.sauto.cz/osobni/detail/bmw/x1/210600860
BMW X1 2.0,SUV,Kombi,False,https://suchen.mobile.de/auto-inserat/bmw-x1-sd-18d-m-sport-liveprof-adled-h-k-rfk-hud-ahk-osnabr%C3%BCck/457288007.html
BMW X1 2.0,SUV,Kombi,False,https://suchen.mobile.de/auto-inserat/bmw-x1-sdrive18d-aut-navi-pano-shz-fernwald-steinbach/459118544.html
BMW X1 2.0,SUV,Kombi,False,https://suchen.mobile.de/auto-inserat/bmw-x1-xdrive-18-d-advantage-1hand-oberteuringen/438577633.html
BMW X1 2.0,SUV,Kombi,False,https://suchen.mobile.de/auto-inserat/bmw-x1-xdrive23d-aut-xline-navi-leder-shz-fernwald-steinbach/458402502.html
BMW X1 2.0,SUV,Kombi,False,https://suchen.mobile.de/auto-inserat/bmw-x1-sdrive18d-bluetooth-navi-led-klima-pdc-osnabr%C3%BCck/461679459.html
BMW X1 sDrive18i,SUV,Kombi,False,https://www.sauto.cz/osobni/detail/bmw/x1/208950609
BMW X1 sDrive18i,SUV,Kombi,False,https://suchen.mobile.de/auto-inserat/bmw-x1-sdrive18i-navi-da-sitzh-parkas-tempot-led-ahk-winsen-luhe/455885003.html
BMW X1 sDrive18i,SUV,MPV,False,https://suchen.mobile.de/auto-inserat/bmw-x1-xdrive25e-inkl-24-monate-garantie-pano-dach-chemnitz/455580567.html
BMW X2 2.0,SUV,Kombi,False,https://www.sauto.cz/osobni/detail/bmw/x2/210701240
BMW X2 2.0,SUV,Kupé,False,https://suchen.mobile.de/auto-inserat/bmw-x2-sdrive-20d-m-sport-sag-acc-navplus-kamera-berlin/457907755.html
BYD ATTO 2 1.5,SUV,Kombi,False,https://suchen.mobile.de/auto-inserat/byd-atto-2-dm-i-boost-360-aut-kam-lm-pdc-spurh-ravensburg/451349822.html
BYD ATTO 2 1.5,SUV,Kombi,False,https://suchen.mobile.de/auto-inserat/byd-atto-2-dm-i-boost-360-aut-kam-lm-pdc-spurh-ravensburg/451415563.html
BYD ATTO 2 1.5,SUV,Kombi,False,https://suchen.mobile.de/auto-inserat/byd-atto-2-dm-i-boost-360-aut-kam-lm-pdc-spurh-ravensburg/459388276.html
BYD ATTO 2 1.5,SUV,Kombi,False,https://suchen.mobile.de/auto-inserat/byd-atto-2-dm-i-boost-360-aut-kam-lm-pdc-spurh-ravensburg/460146519.html
BYD ATTO 2 1.5,SUV,Kombi,False,https://suchen.mobile.de/auto-inserat/byd-atto-2-dm-i-boost-360-aut-kam-lm-pdc-spurh-ravensburg/460148409.html
BYD ATTO 2 1.5,SUV,Kombi,False,https://suchen.mobile.de/auto-inserat/byd-atto-2-dm-i-boost-360-aut-kam-lm-pdc-spurh-rottweil/451415527.html
BYD ATTO 2 1.5,SUV,Kombi,False,https://suchen.mobile.de/auto-inserat/byd-atto-2-dm-i-boost-360-aut-kam-lm-pdc-spurh-rottweil/451415540.html
BYD ATTO 2 1.5,SUV,Kombi,False,https://suchen.mobile.de/auto-inserat/byd-atto-2-dm-i-boost-360-aut-kam-lm-pdc-spurh-rottweil/451415544.html
BYD ATTO 2 1.5,SUV,Kombi,False,https://suchen.mobile.de/auto-inserat/byd-atto-2-dm-i-boost-360-aut-kam-lm-pdc-spurh-rottweil/457914703.html
BYD ATTO 2 1.5,SUV,Kombi,False,https://suchen.mobile.de/auto-inserat/byd-atto-2-dm-i-boost-navi-navi-esd-pano-gsd-ws-lm-a-augsburg/453623197.html
BYD ATTO 2 1.5,SUV,Hatchback,False,https://suchen.mobile.de/auto-inserat/byd-atto-2-dm-i-boost-360-k-shz-1000km-reichw-heilbronn/461346679.html
BYD ATTO 2 1.5,SUV,Hatchback,False,https://suchen.mobile.de/auto-inserat/byd-atto-2-dm-i-boost-panorama-360-kamera-navi-led-ahlen/461551491.html
BYD SEAL 6 Kombi 1.5 HEV,Kombi,SUV,False,https://suchen.mobile.de/auto-inserat/byd-seal-u-dm-i-18-3-kwh-fwd-boost-360-acc-navi-led-ergolding/458487285.html
BYD SEAL 6 Kombi 1.5 HEV,Kombi,SUV,False,https://suchen.mobile.de/auto-inserat/byd-seal-u-dm-i-boost-plug-in-hybridacc-360-pano-bruchsal/459579172.html
Chery Tiggo 7 Pro 1.5T,SUV,Hatchback,False,https://www.sauto.cz/osobni/detail/chery/tiggo-7/210427235
Chery Tiggo 7 Pro 1.5T,SUV,Hatchback,False,https://www.sauto.cz/osobni/detail/chery/tiggo-7/210498035
Chery Tiggo 7 Pro 1.5T,SUV,Hatchback,False,https://www.sauto.cz/osobni/detail/chery/tiggo-7/210675926
Chery Tiggo 7 Pro 1.5T,SUV,Hatchback,False,https://www.sauto.cz/osobni/detail/chery/tiggo-7/210047532
Chery Tiggo 7 Pro 1.5T,SUV,Hatchback,False,https://www.sauto.cz/osobni/detail/chery/tiggo-7/210779336
Chery Tiggo 7 Pro 1.5T,SUV,Hatchback,False,https://www.sauto.cz/osobni/detail/chery/tiggo-7/210781349
Chevrolet Equinox 1.5T AWD,SUV,Kombi,False,https://www.sauto.cz/osobni/detail/chevrolet/equinox/209234190
Citroën C3 Aircross 1.2,SUV,Hatchback,False,https://suchen.mobile.de/auto-inserat/citroen-c3-aircross-plus-parksensoren-kamera-carplay-neuss/458282881.html
Citroën C3 Aircross 1.2 HEV,SUV,Hatchback,False,https://suchen.mobile.de/auto-inserat/citroen-c3-aircross-hybrid-145-plus-bremerhaven/460860564.html
Citroën C3 Aircross 1.2 HEV,SUV,Hatchback,False,https://suchen.mobile.de/auto-inserat/citroen-c3-aircross-hybrid-collection-sondermodell-oberursel/461328368.html
Citroën C4 1.2 MHEV,Hatchback,SUV,False,https://suchen.mobile.de/auto-inserat/citroen-c4-max-mild-hybrid-e-dcs6-automatik-winter-pak-d%C3%BCren/459139438.html
Citroën C4 1.2 MHEV,Hatchback,SUV,False,https://suchen.mobile.de/auto-inserat/citroen-c4-mild-hybrid-plus-145-e-dcs6-automatik-d%C3%BCren/448513472.html
Citroën C4 1.2 MHEV,Hatchback,SUV,False,https://suchen.mobile.de/auto-inserat/citroen-c4-mild-hybrid-plus-145-e-dcs6-d%C3%BCren/454449202.html
Citroën C4 1.2 PureTech,Hatchback,SUV,False,https://suchen.mobile.de/auto-inserat/citroen-c4-1-2-e-dsc6-max-led-navi-kamera-acc-18-c4x-butzbach/455716058.html
Citroën C4 1.2 PureTech,Hatchback,SUV,False,https://suchen.mobile.de/auto-inserat/citroen-c4-145-e-dsc6-max-led-spurass-hifi-navi-rfk-aut-gera/448960669.html
Citroën C4 1.2 PureTech,Hatchback,SUV,False,https://suchen.mobile.de/auto-inserat/citroen-c4-e-dsc6-max-1-2-klimaat-navi-shz-lhz-rcam-pdc-hemer/430310966.html
Citroën C4 1.2 PureTech,Hatchback,SUV,False,https://suchen.mobile.de/auto-inserat/citroen-c4-max-1-2-klimaat-navi-rfk-sd-lenkradhz-shz-pdc-hemer/452982203.html
Citroën C4 1.2 PureTech,Hatchback,SUV,False,https://suchen.mobile.de/auto-inserat/citroen-c4-max-1-2-klimaat-navi-rfk-shz-lenkradhz-allwet-hemer/452977213.html
Citroën C4 1.2 PureTech,Hatchback,SUV,False,https://suchen.mobile.de/auto-inserat/citroen-c4-max-1-2-klimaat-navi-rfk-shz-lenkradhz-allwet-hemer/452977403.html
Citroën C4 1.2 PureTech,Hatchback,SUV,False,https://suchen.mobile.de/auto-inserat/citroen-c4-max-1-2-klimaat-navi-rfk-shz-lhz-acc-360-kame-hemer/445369459.html
Citroën C4 1.2 PureTech,Hatchback,SUV,False,https://suchen.mobile.de/auto-inserat/citroen-c4-max-1-2-klimaat-navi-rfk-shz-lhz-acc-360-kame-hemer/446443673.html
Citroën C4 1.2 PureTech,Hatchback,SUV,False,https://suchen.mobile.de/auto-inserat/citroen-c4-max-1-2-klimaat-navi-shz-lhz-rcam-pdc-alu-spu-hemer/435361744.html
Citroën C4 1.2 PureTech,Hatchback,SUV,False,https://suchen.mobile.de/auto-inserat/citroen-c4-shine-pt-155-automatik-pano-leder-kamera-d%C3%BCren/447411765.html
Citroën C4 1.2 PureTech,Hatchback,SUV,False,https://suchen.mobile.de/auto-inserat/citroen-c4-shine-pt-155-automatik-pano-leder-kamera-d%C3%BCren/447411773.html
Citroën C4 1.2 PureTech,Hatchback,SUV,False,https://suchen.mobile.de/auto-inserat/citroen-c4-team-d-1-2-klimaat-shz-lenkradhz-navi-rfk-pdc-hemer/456172244.html
Citroën C4 1.2 PureTech,Hatchback,SUV,False,https://suchen.mobile.de/auto-inserat/citroen-c4-x-1-2-e-dsc6-max-led-navi-kamera-acc-18-butzbach/455716091.html
Citroën C4 1.2 PureTech,Hatchback,SUV,False,https://suchen.mobile.de/auto-inserat/citroen-c4-x-1-2-e-dsc6-max-led-navi-kamera-acc-18-butzbach/455716119.html
Citroën C4 1.2 PureTech,Hatchback,SUV,False,https://suchen.mobile.de/auto-inserat/citroen-c4-x-1-2-e-dsc6-max-led-navi-kamera-acc-18-butzbach/455716134.html
Citroën C4 1.2 PureTech,Hatchback,SUV,False,https://suchen.mobile.de/auto-inserat/citroen-c4-x-max-1-2-klimaat-navi-sd-shz-lenkradhz-rfk-p-hemer/456252983.html
Citroën C4 1.2 PureTech,Hatchback,SUV,False,https://suchen.mobile.de/auto-inserat/citroen-c4-x-stendal/459797973.html
Citroën Jumper VAN 2.2 d,MPV,Kombi,False,https://suchen.mobile.de/auto-inserat/citroen-jumper-pritsche-doppelk-35-l2-heavy-blue-villach/449791923.html
Citroën Jumper VAN 2.2 d,MPV,SUV,False,https://suchen.mobile.de/auto-inserat/citroen-jumper-pritsche-35-heavy-plus-solution-blue-d%C3%BCren/461491522.html
Citroën Jumpy 2.0 BlueHDi,MPV,Kombi,False,https://suchen.mobile.de/auto-inserat/citroen-jumpy-2-0-bluehdi-145-s-s-man-6-rfk-klima-ahk-dresden/449461515.html
Citroën Jumpy 2.0 BlueHDi,MPV,Kombi,False,https://suchen.mobile.de/auto-inserat/citroen-jumpy-kombi-xl-l3-oberlungwitz/448957273.html
Citroën SpaceTourer VAN 2.0 d,MPV,Kombi,False,https://suchen.mobile.de/auto-inserat/citroen-spacetourer-xl-automatik-led-navi-regensburg/456755837.html
Cupra Ateca 1.5 TSI,SUV,Kombi,False,https://www.sauto.cz/osobni/detail/cupra/ateca/210300194
Cupra Ateca 1.5 TSI,SUV,Kombi,False,https://www.sauto.cz/osobni/detail/cupra/ateca/210557387
Cupra Ateca 1.5 TSI,SUV,Kombi,False,https://www.sauto.cz/osobni/detail/cupra/ateca/210698402
Cupra Ateca 1.5 TSI,SUV,Kombi,False,https://www.sauto.cz/osobni/detail/cupra/ateca/210543518
Cupra Ateca 1.5 TSI,SUV,Kombi,False,https://www.sauto.cz/osobni/detail/cupra/ateca/210576581
Cupra Ateca 1.5 TSI,SUV,Kombi,False,https://www.sauto.cz/osobni/detail/cupra/ateca/210576596
Cupra Ateca 1.5 TSI,SUV,MPV,False,https://suchen.mobile.de/auto-inserat/cupra-ateca-1-5-tsi-ahk-360-kamera-carplay-saarbr%C3%BCcken/459153173.html
Cupra Ateca 1.5 TSI,SUV,MPV,False,https://suchen.mobile.de/auto-inserat/cupra-ateca-1-5-tsi-ahk-navi-acc-shz-lauf-an-der-pegnitz/458959706.html
Cupra Ateca 1.5 TSI,SUV,MPV,False,https://suchen.mobile.de/auto-inserat/cupra-ateca-1-5-tsi-dsg-carplay-r%C3%BCckfahrkamera-saarbr%C3%BCcken/453658527.html
Cupra Ateca 1.5 TSI,SUV,MPV,False,https://suchen.mobile.de/auto-inserat/cupra-ateca-1-5-tsi-dsg-kam-navi-sportp-el-heck-360-pinneberg/459739482.html
Cupra Ateca 1.5 TSI,SUV,MPV,False,https://suchen.mobile.de/auto-inserat/cupra-ateca-1-5-tsi-dsg-navi-led-top-view-sitzheizung-ladenburg/459561876.html
Cupra Ateca 1.5 TSI,SUV,MPV,False,https://suchen.mobile.de/auto-inserat/cupra-ateca-1-5-tsi-rfk-navi-klima-eph-carplay-simmern/460619121.html
Cupra Ateca 2.0 TSI 4Drive,SUV,MPV,False,https://suchen.mobile.de/auto-inserat/cupra-ateca-2-0-tsi-4d-dsg-led-pano-beats-360-hilden/455691761.html
Cupra Ateca 2.0 TSI 4Drive,SUV,MPV,False,https://suchen.mobile.de/auto-inserat/cupra-ateca-2-0-tsi-4drive-ahk-pano-navi-acc-el-heck-roth/454611760.html
Cupra Ateca 2.0 TSI 4Drive,SUV,MPV,False,https://suchen.mobile.de/auto-inserat/cupra-ateca-2-0-tsi-4m-dsg-led-pano-360-beats-hilden/454508173.html
Cupra Ateca 2.0 TSI 4Drive,SUV,MPV,False,https://suchen.mobile.de/auto-inserat/cupra-ateca-2-0-tsi-7-ga-reutlingen/458693590.html
Cupra Ateca 2.0 TSI 4Drive,SUV,MPV,False,https://suchen.mobile.de/auto-inserat/cupra-ateca-2-0-tsi-dsg-4x4-navi-rfk-led-pdc-sitzheizu-heidelberg/460319470.html
Cupra Ateca 2.0 TSI 4Drive,SUV,MPV,False,https://suchen.mobile.de/auto-inserat/cupra-ateca-vz-2-0-tsi-4d-dsg-beats-360-led-navi-dcc-hilden/448401131.html
Cupra Ateca 2.0 TSI 4Drive,SUV,MPV,False,https://suchen.mobile.de/auto-inserat/cupra-ateca-vz-2-0-tsi-4dr-ahk-beats-navi-pano-360-forchheim/451975769.html
Cupra Ateca 2.0 TSI 4Drive,SUV,MPV,False,https://suchen.mobile.de/auto-inserat/cupra-ateca-vz-2-0-tsi-dsg-beats-navi-360-dcc-acc-lm-f%C3%BCrth/459695504.html
Cupra Ateca 2.0 TSI 4Drive,SUV,MPV,False,https://suchen.mobile.de/auto-inserat/cupra-ateca-vz-2-0-tsi-dsg-kamera-navi-led-burgoberbach/460060426.html
Cupra Ateca 2.0 TSI 4Drive,SUV,MPV,False,https://suchen.mobile.de/auto-inserat/cupra-ateca-vz-tribeedition-2-0-tsi-dsg-ahk-kamera-burgoberbach/460081723.html
Cupra Ateca 2.0 TSI 4Drive,SUV,MPV,False,https://suchen.mobile.de/auto-inserat/cupra-ateca-2-0-tsi-vz-4drive-navi-pano-brembo-beat-mainz/456708748.html
Cupra Ateca 2.0 TSI 4Drive,SUV,MPV,False,https://suchen.mobile.de/auto-inserat/cupra-ateca-2-0-tsi-4drive-dsg-360-kamera-ahk-carplay-saarbr%C3%BCcken/460915079.html
Cupra Ateca 2.0 TSI 4Drive,SUV,Kupé,False,https://suchen.mobile.de/auto-inserat/cupra-ateca-vz-4drive-led-ahk-acc-360-dcc-navi-carplay-arnsberg/461056022.html
Cupra Ateca 2.0 TSI 4Drive,SUV,MPV,False,https://suchen.mobile.de/auto-inserat/cupra-ateca-2-0-tsi-vz-dsg-4d-navi-led-sitzheizung-vo-heidelberg/458982917.html
Cupra Ateca 2.0 TSI 4Drive,SUV,MPV,False,https://suchen.mobile.de/auto-inserat/cupra-ateca-2-0-tsi-dsg-acc-led-navi-sitzheizung-vo-u-ladenburg/461437414.html
Cupra Formentor 1.4 e-Hybrid,SUV,Kupé,False,https://suchen.mobile.de/auto-inserat/cupra-formentor-1-4-dsg-e-hybrid-navi-sitzheizung-senden/460071126.html
Cupra Formentor 1.4 e-Hybrid,SUV,Kupé,False,https://suchen.mobile.de/auto-inserat/cupra-formentor-1-4-dsg-vz-e-hybrid-pannodach-ahk-senden/460077133.html
Cupra Formentor 1.4 e-Hybrid,SUV,Kupé,False,https://suchen.mobile.de/auto-inserat/cupra-formentor-1-4-e-hybrid-150-kw-stuttgart-feuerbach/453985485.html
Cupra Formentor 1.4 e-Hybrid,SUV,Kupé,False,https://suchen.mobile.de/auto-inserat/cupra-formentor-1-4-e-hybrid-150kw-204ps-6-gang-dsg-heidenheim/458639742.html
Cupra Formentor 1.4 e-Hybrid,SUV,Kupé,False,https://suchen.mobile.de/auto-inserat/cupra-formentor-1-4-e-hybrid-150kw-204ps-6-gang-dsg-heidenheim/458646325.html
Cupra Formentor 1.4 e-Hybrid,SUV,Kupé,False,https://suchen.mobile.de/auto-inserat/cupra-formentor-1-4-e-hybrid-fahrschulauto-trier/445870871.html
Cupra Formentor 1.4 e-Hybrid,SUV,Kupé,False,https://suchen.mobile.de/auto-inserat/cupra-formentor-1-4-tsi-ehybrid-150-kw-azv-led-rfk-magdeburg/460162040.html
Cupra Formentor 1.4 e-Hybrid,SUV,Kupé,False,https://suchen.mobile.de/auto-inserat/cupra-formentor-formentor-1-4-tsi-dsg-e-hybrid-pdc-shz-magdeburg/453011021.html
Cupra Formentor 1.4 e-Hybrid,SUV,Kupé,False,https://suchen.mobile.de/auto-inserat/cupra-formentor-vz-1-4-dsg-e-hybrid-ahk-panodach-senden/459638662.html
Cupra Formentor 1.4 e-Hybrid,SUV,Kupé,False,https://suchen.mobile.de/auto-inserat/cupra-formentor-vz-1-4-dsg-e-hybrid-navi-led-el-sitz-senden/460071419.html
Cupra Formentor 1.4 e-Hybrid,SUV,Kupé,False,https://suchen.mobile.de/auto-inserat/cupra-formentor-vz-1-4-e-hybrid-shz-full-link-klima-mosbach/460108185.html
Cupra Formentor 1.4 e-Hybrid,SUV,Kupé,False,https://suchen.mobile.de/auto-inserat/cupra-formentor-vz-1-4-tsi-e-hybrid-navi-ahk-rfk-shz-magdeburg/457903431.html
Cupra Formentor 1.4 e-Hybrid,SUV,Kupé,False,https://suchen.mobile.de/auto-inserat/cupra-formentor-vz-245ps-phev-dsg-acc-el-sitz-memory-k-albbruck/450571825.html
Cupra Formentor 1.4 e-Hybrid,SUV,Kupé,False,https://suchen.mobile.de/auto-inserat/cupra-formentor-vz-dsg-e-hybrid-ahk-navi-led-senden/460077486.html
Cupra Formentor 1.4 e-Hybrid,SUV,Kombi,False,https://suchen.mobile.de/auto-inserat/cupra-formentor-vz-e-hybrid-navi-ahk-acc-led-kamera-ascheberg/459979147.html
Cupra Formentor 1.4 e-Hybrid,SUV,Kupé,False,https://suchen.mobile.de/auto-inserat/cupra-formentor-vz-e-hybrid-navi-xl-pano-ssl-ehk-360-h%C3%BCnxe/449733542.html
Cupra Formentor 1.4 e-Hybrid,SUV,Kupé,False,https://suchen.mobile.de/auto-inserat/cupra-formentor-vz-e-hybrid-senden/457883261.html
Cupra Formentor 1.4 e-Hybrid,SUV,Kupé,False,https://suchen.mobile.de/auto-inserat/cupra-formentor-vz-1-4-tsi-e-hybrid-navi-ahk-rfk-shz-magdeburg/461085903.html
Cupra Formentor 1.5 TSI,SUV,Hatchback,False,https://www.sauto.cz/osobni/detail/cupra/formentor/207988267
Cupra Formentor 1.5 TSI,SUV,Hatchback,False,https://www.sauto.cz/osobni/detail/cupra/formentor/208781427
Cupra Formentor 1.5 TSI,SUV,Hatchback,False,https://www.sauto.cz/osobni/detail/cupra/formentor/209116560
Cupra Formentor 1.5 TSI,SUV,Hatchback,False,https://www.sauto.cz/osobni/detail/cupra/formentor/209214639
Cupra Formentor 1.5 TSI,SUV,Hatchback,False,https://www.sauto.cz/osobni/detail/cupra/formentor/209519925
Cupra Formentor 1.5 TSI,SUV,Liftback,False,https://www.sauto.cz/osobni/detail/cupra/formentor/209683143
Cupra Formentor 1.5 TSI,SUV,Kombi,False,https://www.sauto.cz/osobni/detail/cupra/formentor/209924334
Cupra Formentor 1.5 TSI,SUV,Kombi,False,https://www.sauto.cz/osobni/detail/cupra/formentor/209928180
Cupra Formentor 1.5 TSI,SUV,Kombi,False,https://www.sauto.cz/osobni/detail/cupra/formentor/210010113
Cupra Formentor 1.5 TSI,SUV,Kombi,False,https://www.sauto.cz/osobni/detail/cupra/formentor/210079595
Cupra Formentor 1.5 TSI,SUV,Kombi,False,https://www.sauto.cz/osobni/detail/cupra/formentor/210419462
Cupra Formentor 1.5 TSI,SUV,Kombi,False,https://www.sauto.cz/osobni/detail/cupra/formentor/210432701
Cupra Formentor 1.5 TSI,SUV,Kombi,False,https://www.sauto.cz/osobni/detail/cupra/formentor/210490760
Cupra Formentor 1.5 TSI,SUV,Kombi,False,https://www.sauto.cz/osobni/detail/cupra/formentor/210500861
Cupra Formentor 1.5 TSI,SUV,Kombi,False,https://www.sauto.cz/osobni/detail/cupra/formentor/210537458
Cupra Formentor 1.5 TSI,SUV,Hatchback,False,https://www.sauto.cz/osobni/detail/cupra/formentor/210629636
Cupra Formentor 1.5 TSI,SUV,Kombi,False,https://www.sauto.cz/osobni/detail/cupra/formentor/210678026
Cupra Formentor 1.5 TSI,SUV,Kombi,False,https://www.sauto.cz/osobni/detail/cupra/formentor/210701387
Cupra Formentor 1.5 TSI,SUV,Kombi,False,https://www.sauto.cz/osobni/detail/cupra/formentor/210727385
Cupra Formentor 1.5 TSI,SUV,Kombi,False,https://www.sauto.cz/osobni/detail/cupra/formentor/210818219
Cupra Formentor 1.5 TSI,SUV,Kombi,False,https://www.sauto.cz/osobni/detail/cupra/formentor/210820259
Cupra Formentor 1.5 TSI,SUV,Kombi,False,https://www.sauto.cz/osobni/detail/cupra/formentor/210827612
Cupra Formentor 1.5 TSI,SUV,Kupé,False,https://suchen.mobile.de/auto-inserat/cupra-formentor-1-5-tsi-360-kamera-navi-led-klima-mosbach/448956780.html
Cupra Formentor 1.5 TSI,SUV,Kupé,False,https://suchen.mobile.de/auto-inserat/cupra-formentor-1-5-tsi-5j-herstellergarantie-navi-led-mosbach/447989885.html
Cupra Formentor 1.5 TSI,SUV,Kupé,False,https://suchen.mobile.de/auto-inserat/cupra-formentor-1-5-tsi-7-gang-dsg-rostock/453959098.html
Cupra Formentor 1.5 TSI,SUV,Kupé,False,https://suchen.mobile.de/auto-inserat/cupra-formentor-1-5-tsi-ahk-full-link-klima-navi-mosbach/460018609.html
Cupra Formentor 1.5 TSI,SUV,Kupé,False,https://suchen.mobile.de/auto-inserat/cupra-formentor-1-5-tsi-ahk-full-link-shz-klima-mosbach/458451925.html
Cupra Formentor 1.5 TSI,SUV,Kombi,False,https://suchen.mobile.de/auto-inserat/cupra-formentor-1-5-tsi-amberg/454406955.html
Cupra Formentor 1.5 TSI,SUV,MPV,False,https://suchen.mobile.de/auto-inserat/cupra-formentor-1-5-tsi-dsg-basis-r%C3%BCckfahrkam-navi-wolfsburg/451472834.html
Cupra Formentor 1.5 TSI,SUV,Kupé,False,https://suchen.mobile.de/auto-inserat/cupra-formentor-1-5-tsi-dsg-full-link-shz-led-pdc-magdeburg/460162039.html
Cupra Formentor 1.5 TSI,SUV,Kupé,False,https://suchen.mobile.de/auto-inserat/cupra-formentor-1-5-tsi-full-link-matrix-led-klima-mosbach/457390898.html
Cupra Formentor 1.5 TSI,SUV,Kupé,False,https://suchen.mobile.de/auto-inserat/cupra-formentor-1-5-tsi-full-link-shz-pdc-klima-heilbronn/453710327.html
Cupra Formentor 1.5 TSI,SUV,Kupé,False,https://suchen.mobile.de/auto-inserat/cupra-formentor-1-5-tsi-full-link-shz-pdc-klima-mosbach/460018608.html
Cupra Formentor 1.5 TSI,SUV,Kupé,False,https://suchen.mobile.de/auto-inserat/cupra-formentor-1-5-tsi-navi-full-link-klima-navi-heilbronn/450620604.html
Cupra Formentor 1.5 TSI,SUV,Kupé,False,https://suchen.mobile.de/auto-inserat/cupra-formentor-1-5-tsi-shz-full-link-klima-heilbronn/450620608.html
Cupra Formentor 1.5 TSI,SUV,Kupé,False,https://suchen.mobile.de/auto-inserat/cupra-formentor-1-5-tsi-shz-full-link-klima-mosbach/459239982.html
Cupra Formentor 1.5 TSI,SUV,Kupé,False,https://suchen.mobile.de/auto-inserat/cupra-formentor-1-5-tsi-totwinkel-pano-navi-klima-mosbach/450819696.html
Cupra Formentor 1.5 TSI,SUV,Kupé,False,https://suchen.mobile.de/auto-inserat/cupra-formentor-cupra-1-5-tsi-bmt-klima-led-alu-navi-vordorf/459988172.html
Cupra Formentor 1.5 TSI,SUV,Kupé,False,https://suchen.mobile.de/auto-inserat/cupra-formentor1-5-tsi-dsg-kamera-shz-klima-heilbronn/453710328.html
Cupra Formentor 1.5 TSI,SUV,Kombi,False,https://suchen.mobile.de/auto-inserat/cupra-formentor-cupra-formentor-1-5-tsi-dsg-rfk-klima-husum/460620698.html
Cupra Formentor 1.5 TSI,SUV,Kombi,False,https://suchen.mobile.de/auto-inserat/cupra-formentor-1-5-tsi-navi-shz-gjr-full-link-ladbergen/454308507.html
Cupra Formentor 1.5 TSI,SUV,MPV,False,https://suchen.mobile.de/auto-inserat/cupra-formentor-1-5-tsi-dsg-speyer/397074557.html
Cupra Formentor 1.5 eTSI,SUV,Kombi,False,https://www.sauto.cz/osobni/detail/cupra/formentor/209916570
Cupra Formentor 1.5 eTSI,SUV,Kombi,False,https://www.sauto.cz/osobni/detail/cupra/formentor/209990523
Cupra Formentor 1.5 eTSI,SUV,Kombi,False,https://www.sauto.cz/osobni/detail/cupra/formentor/210815159
Cupra Formentor 1.5 eTSI,SUV,Kupé,False,https://suchen.mobile.de/auto-inserat/cupra-formentor-neu-edge-1-5-etsi-dsg-np-48teur-sennh-albbruck/460295270.html
Cupra Formentor 1.5 eTSI,SUV,Kupé,False,https://suchen.mobile.de/auto-inserat/cupra-formentor-1-5-etsi-110-kw-shz-ahk-klima-navi-mosbach/460585626.html
Cupra Formentor 1.5 eTSI,SUV,Kupé,False,https://suchen.mobile.de/auto-inserat/cupra-formentor-1-5-etsi-18-ahk-grj-shz-roth/456844852.html
Cupra Formentor 1.5 eTSI,SUV,Kupé,False,https://suchen.mobile.de/auto-inserat/cupra-formentor-1-5-etsi-110-kw-dsg-led-navi-8000-km-brake/452754115.html
Cupra Formentor 1.5 eTSI,SUV,Kupé,False,https://suchen.mobile.de/auto-inserat/cupra-formentor-1-5-etsi-110-kw-5-jahre-garantie-ab-ez-mosbach/449411425.html
Cupra Formentor 2.0 TDI,SUV,Hatchback,False,https://www.sauto.cz/osobni/detail/cupra/formentor/210316127
Cupra Formentor 2.0 TDI,SUV,Kombi,False,https://www.sauto.cz/osobni/detail/cupra/formentor/210387158
Cupra Formentor 2.0 TDI,SUV,Kombi,False,https://www.sauto.cz/osobni/detail/cupra/formentor/210608207
Cupra Formentor 2.0 TDI,SUV,Kombi,False,https://www.sauto.cz/osobni/detail/cupra/formentor/210763700
Cupra Formentor 2.0 TDI,SUV,Kupé,False,https://suchen.mobile.de/auto-inserat/cupra-formentor-2-0-tdi-4drive-7-gang-dsg-rostock/455849976.html
Cupra Formentor 2.0 TDI,SUV,Kupé,False,https://suchen.mobile.de/auto-inserat/cupra-formentor-2-0-tdi-7-gang-dsg-4drive-rostock/457347268.html
Cupra Formentor 2.0 TDI,SUV,Kupé,False,https://suchen.mobile.de/auto-inserat/cupra-formentor-2-0-tdi-7-gang-dsg-4drive-rostock/460502496.html
Cupra Formentor 2.0 TDI,SUV,Kombi,False,https://suchen.mobile.de/auto-inserat/cupra-formentor-2-0-tdi-4drive-pano-dcc-nav-fernwald-steinbach/461090384.html
Cupra Formentor 2.0 TSI,SUV,Kombi,False,https://www.sauto.cz/osobni/detail/cupra/formentor/209311254
Cupra Formentor 2.0 TSI,SUV,Kombi,False,https://www.sauto.cz/osobni/detail/cupra/formentor/209573904
Cupra Formentor 2.0 TSI,SUV,Hatchback,False,https://www.sauto.cz/osobni/detail/cupra/formentor/210239117
Cupra Formentor 2.0 TSI,SUV,Kombi,False,https://www.sauto.cz/osobni/detail/cupra/formentor/210460811
Cupra Formentor 2.0 TSI,SUV,Kombi,False,https://www.sauto.cz/osobni/detail/cupra/formentor/210572846
Cupra Formentor 2.0 TSI,SUV,Kombi,False,https://www.sauto.cz/osobni/detail/cupra/formentor/210647594
Cupra Formentor 2.0 TSI,SUV,Kombi,False,https://www.sauto.cz/osobni/detail/cupra/formentor/210829910
Cupra Formentor 2.0 TSI,SUV,Kupé,False,https://suchen.mobile.de/auto-inserat/cupra-formentor-2-0-tsi-vz-shz-navi-rfk-matrix-led-simmern/458431106.html
Cupra Formentor 2.0 TSI,SUV,Kupé,False,https://suchen.mobile.de/auto-inserat/cupra-formentor-2-0tsi-vz-4drive-heckklappe-el-navi-mosbach/455822502.html
Cupra Formentor 2.0 TSI,SUV,Kupé,False,https://suchen.mobile.de/auto-inserat/cupra-formentor-4drive-19-beats-navi-carplay-wp-eisleben/460242578.html
Cupra Formentor 2.0 TSI,SUV,Kupé,False,https://suchen.mobile.de/auto-inserat/cupra-formentor-4drive-2-0-tsi-full-link-klima-heilbronn/447840240.html
Cupra Formentor 2.0 TSI,SUV,Kupé,False,https://suchen.mobile.de/auto-inserat/cupra-formentor-4drive-paket-xl-19-pano-dach-e-klappe-eisleben/459952255.html
Cupra Formentor 2.0 TSI,SUV,Kupé,False,https://suchen.mobile.de/auto-inserat/cupra-formentor-vz-2-0-tsi-4drive-228kw-310ps-7-gang-heidenheim/458643538.html
Cupra Formentor 2.0 TSI,SUV,Kupé,False,https://suchen.mobile.de/auto-inserat/cupra-formentor-vz-2-0-tsi-7-gang-dsg-4drive-rostock/451204214.html
Cupra Formentor 2.0 TSI,SUV,Kupé,False,https://suchen.mobile.de/auto-inserat/cupra-formentor-vz-2-0-tsi-beats-ahk-full-link-klima-mosbach/459239980.html
Cupra Formentor 2.0 TSI,SUV,Kupé,False,https://suchen.mobile.de/auto-inserat/cupra-formentor-vz-2-0-tsi-full-link-shz-klima-navi-mosbach/457390899.html
Cupra Formentor 2.0 TSI,SUV,Kupé,False,https://suchen.mobile.de/auto-inserat/cupra-formentor-vz-2-0-tsi-full-link-shz-klima-navi-mosbach/458358192.html
Cupra Formentor 2.0 TSI,SUV,Kupé,False,https://suchen.mobile.de/auto-inserat/cupra-formentor-vz-2-0tsi-dsg-led-navi-pdc-ahk-shz-mfl-balingen/452244579.html
Cupra Formentor 2.0 TSI,SUV,Kupé,False,https://suchen.mobile.de/auto-inserat/cupra-formentor-vz-4drive-2-0-tsi-228-kw-dsg-brembo-brake/460595585.html
Cupra Formentor 2.0 TSI,SUV,Kupé,False,https://suchen.mobile.de/auto-inserat/cupra-formentor-herford/459065992.html
Cupra Formentor 2.0 TSI,SUV,Kupé,False,https://suchen.mobile.de/auto-inserat/cupra-formentor-vz-4drive-hannover/460809470.html
Cupra Formentor 2.0 TSI,SUV,Kupé,False,https://suchen.mobile.de/auto-inserat/cupra-formentor-vz-4drive-kamen/461272328.html
Cupra Formentor 2.0 TSI,SUV,MPV,False,https://suchen.mobile.de/auto-inserat/cupra-formentor-vz-4drive-abt-brembo-beats-graphene-gr-stralsund/461371124.html
Cupra Formentor 2.0 TSI,SUV,Kombi,False,https://suchen.mobile.de/auto-inserat/cupra-formentor-vz-navi-klima-led-rfk-acc-shz-beats-osnabr%C3%BCck/461216238.html
Cupra Formentor 2.5,SUV,Kupé,False,https://suchen.mobile.de/auto-inserat/cupra-formentor-vz5-4drive-360-kamera-leder-vollausst-siegen/450740724.html
Cupra Leon 1.5 eTSI,Hatchback,Sedan,False,https://suchen.mobile.de/auto-inserat/cupra-leon-1-5-etsi-dsg-matrix-kessy-cam-navi-shz-acc-leipzig/457245075.html
Cupra Leon 1.5 eTSI,Hatchback,SUV,False,https://suchen.mobile.de/auto-inserat/cupra-leon-sportstourer-1-5-etsi-amberg/459572504.html
Cupra Leon 1.5 eTSI,Hatchback,SUV,False,https://suchen.mobile.de/auto-inserat/cupra-leon-sportstourer-1-5-etsi-dsg-kamera-acc-beats-chemnitz/453659231.html
Cupra Leon 2.0 TSI,Hatchback,Sedan,False,https://www.sauto.cz/osobni/detail/cupra/leon/210331343
Cupra Leon 2.0 TSI,Hatchback,Sedan,False,https://www.sauto.cz/osobni/detail/cupra/leon/210447773
Cupra Leon 2.0 TSI,Hatchback,Sedan,False,https://suchen.mobile.de/auto-inserat/cupra-leon-2-0-tsi-dsg-klima-pdc-shz-dcc-navi-acc-led-gelnhausen/459629686.html
Cupra Leon 2.0 TSI,Hatchback,SUV,False,https://suchen.mobile.de/auto-inserat/cupra-leon-sp-2-0-tsi-dsg-led-navi-kamera-fapa-l-full-wei%C3%9Fenburg-in-bayern/454506019.html
Cupra Leon 2.0 TSI,Hatchback,SUV,False,https://suchen.mobile.de/auto-inserat/cupra-leon-sp-2-0-tsi-dsg-led-navi-kamera-fapa-l-full-wei%C3%9Fenburg-in-bayern/454506170.html
Cupra Leon 2.0 TSI,Hatchback,SUV,False,https://suchen.mobile.de/auto-inserat/cupra-leon-sportstourer-2-0-tsi-4drive-vz-dsg-led-werne/455356478.html
Cupra Leon 2.0 TSI,Hatchback,SUV,False,https://suchen.mobile.de/auto-inserat/cupra-leon-sportstourer-2-0tsi-vz-spurhalteassist-navi-mosbach/448155174.html
Cupra Leon 2.0 TSI,Hatchback,SUV,False,https://suchen.mobile.de/auto-inserat/cupra-leon-sportstourer-vz-2-0-tsi-dsg-shz-pdc-klima-chemnitz/453934925.html
Cupra Leon 2.0 TSI,Hatchback,SUV,False,https://suchen.mobile.de/auto-inserat/cupra-leon-sportstourer-vz-tsi-dsg-5jgar-pano-beats-oberschopfheim/456870582.html
Cupra Leon 2.0 TSI,Hatchback,Kupé,False,https://suchen.mobile.de/auto-inserat/cupra-leon-vz-2-0-tsi-221-kw-dsg-led-navi-kamra-brake/450739605.html
Cupra Leon ST 1.4 e-Hybrid,Kombi,Sedan,False,https://suchen.mobile.de/auto-inserat/cupra-cupra-leon-vz-e-hybrid-pano-assist-xl-92-bat-n%C3%BCrtingen/459906425.html
Cupra Leon ST 1.4 e-Hybrid,Kombi,Sedan,False,https://suchen.mobile.de/auto-inserat/cupra-leon-1-4-e-hybrid-204-ps-panodach-navi-voll-led-bocholt/460050614.html
Cupra Leon ST 1.4 e-Hybrid,Kombi,Sedan,False,https://suchen.mobile.de/auto-inserat/cupra-leon-1-4-tsi-vz-e-hybrid-led-super-sport-copper-gelnhausen/459629704.html
Cupra Leon ST 1.4 e-Hybrid,Kombi,SUV,False,https://suchen.mobile.de/auto-inserat/cupra-leon-vz-1-4-e-hybrid-dsg-dcc-led-acc-kam-19-gersthofen/457743762.html
DFM Forthing 1.5,SUV,Kombi,False,https://suchen.mobile.de/auto-inserat/dfm-forthing-4-7-sitzer-360-kam-schiebedach-u-v-m-pleinfeld/456689095.html
DFM Forthing 1.5,SUV,MPV,False,https://suchen.mobile.de/auto-inserat/dfm-forthing-4-7-sitzer-konserviert-360-hoppegarten-ot-h%C3%B6now/457424426.html
DFSK Dfm 1.5,SUV,Kombi,False,https://suchen.mobile.de/auto-inserat/dfsk-dfm-forthing-4-u-tour-moers/440516837.html
DFSK Fengon 1.5 T-GDI,SUV,MPV,False,https://suchen.mobile.de/auto-inserat/dfsk-fengon-600-7-sitzer-pano-cam-pdc-led-hoppegarten-ot-h%C3%B6now/445353313.html
DFSK Fengon 1.5 T-GDI,SUV,Kombi,False,https://suchen.mobile.de/auto-inserat/dfsk-fengon-600-automatik-7-sitzer-siegburg-zwischen-k%C3%B6ln-und-bonn/437893754.html
DFSK Fengon 1.5 T-GDI,SUV,Kombi,False,https://suchen.mobile.de/auto-inserat/dfsk-fengon-600-oberderdingen-flehingen/444412480.html
DFSK Forthing 4 1.5 T-GDI,MPV,Kombi,False,https://suchen.mobile.de/auto-inserat/dfsk-forthing-4-u-tour-1-5l-turbo-dvvt-gdi-noble-pirna/441243508.html
DFSK Forthing 5 SUV 1.5,SUV,Kupé,False,https://suchen.mobile.de/auto-inserat/dfsk-dfm-forthing-5-kirchheimbolanden/448074428.html
DFSK Forthing 5 SUV 1.5,SUV,Kombi,False,https://suchen.mobile.de/auto-inserat/dfsk-forthing-3-luxury-panoramadach-duisburg/456829662.html
DFSK Forthing 5 SUV 1.5,SUV,Kombi,False,https://suchen.mobile.de/auto-inserat/dfsk-forthing-3-oberderdingen-flehingen/444398074.html
DFSK Forthing 5 SUV 1.5,SUV,Kombi,False,https://suchen.mobile.de/auto-inserat/dfsk-forthing-4-lauter-bernsbach/460317583.html
DFSK Forthing 5 SUV 1.5,SUV,Kombi,False,https://suchen.mobile.de/auto-inserat/dfsk-forthing-4-led-panorama-totw-spurh-360-7-sitzer-hoppegarten/459386674.html
DFSK Forthing 5 SUV 1.5,SUV,Kombi,False,https://suchen.mobile.de/auto-inserat/dfsk-forthing-4-u-tour-led-carplay-pano-kamera-neustadt/458881426.html
DFSK Forthing 5 SUV 1.5,SUV,Kombi,False,https://suchen.mobile.de/auto-inserat/dfsk-forthing-4-4-u-tour-vollausstattung-duisburg/461185871.html
DFSK Forthing 5 SUV 1.5,SUV,Kombi,False,https://suchen.mobile.de/auto-inserat/dfsk-forthing-4-4u-tour-vollausstattung-duisburg/461187323.html
DS 4 1.6,Hatchback,SUV,False,https://www.sauto.cz/osobni/detail/ds/4/210476135
DS Automobiles DS4 Sedan 1.6 PHEV,Sedan,Hatchback,False,https://suchen.mobile.de/auto-inserat/ds-automobiles-ds-4-e-tense-hybrid-225-plug-in-cross-rivoli-aachen/448003551.html
DS Automobiles DS4 Sedan 1.6 PHEV,Sedan,Hatchback,False,https://suchen.mobile.de/auto-inserat/ds-automobiles-ds-4-e-tense-hybrid-225-plug-in-cross-rivoli-aachen/448003552.html
DS Automobiles DS4 Sedan 1.6 PHEV,Sedan,Hatchback,False,https://suchen.mobile.de/auto-inserat/ds-automobiles-ds-4-e-tense-hybrid-225-plug-in-cross-rivoli-aachen/448003553.html
DS Automobiles DS4 Sedan 1.6 PHEV,Sedan,Hatchback,False,https://suchen.mobile.de/auto-inserat/ds-automobiles-ds-4-e-tense-hybrid-225-plug-in-cross-rivoli-aachen/448003557.html
DS Automobiles DS4 Sedan 1.6 PHEV,Sedan,Hatchback,False,https://suchen.mobile.de/auto-inserat/ds-automobiles-ds-4-e-tense-hybrid-225-plug-in-cross-rivoli-aachen/448087275.html
DS Automobiles DS4 Sedan 1.6 PHEV,Sedan,Hatchback,False,https://suchen.mobile.de/auto-inserat/ds-automobiles-ds-4-e-tense-hybrid-225-plug-in-cross-rivoli-aachen/448087276.html
DS Automobiles DS4 Sedan 1.6 PHEV,Sedan,Hatchback,False,https://suchen.mobile.de/auto-inserat/ds-automobiles-ds4-e-tense-trocadero-225-hybrid-aachen/446118928.html
DS Automobiles DS4 Sedan 1.6 PHEV,Sedan,Hatchback,False,https://suchen.mobile.de/auto-inserat/ds-automobiles-ds4-hybrid-225-plug-in-cross-trocadero-s-s-aachen/448568874.html
DS Automobiles DS4 Sedan 1.6 PHEV,Sedan,Hatchback,False,https://suchen.mobile.de/auto-inserat/ds-automobiles-ds4-rivoli-e-tense-225-tempomat-led-elek-sitz-aachen/424588044.html
DS Automobiles DS7 (Crossback) 1.2,SUV,Hatchback,False,https://suchen.mobile.de/auto-inserat/ds-automobiles-ds3-1-2-136-pallas-navi-kamera-360-totwinkel-dachau/433367690.html
DS Automobiles DS7 (Crossback) 1.6 PureTech,SUV,Kombi,False,https://suchen.mobile.de/auto-inserat/ds-automobiles-ds4-puretech-180-performance-line-ludwigshafen/457750798.html
DS Automobiles DS7 (Crossback) 1.6 PureTech,SUV,Kombi,False,https://suchen.mobile.de/auto-inserat/ds-automobiles-ds4-led-navi-shz-2xklima-kam-keyless-klimaa-lm-stuttgart/461699168.html
DS Automobiles DS7 (Crossback) 1.6 PureTech,SUV,Kupé,False,https://suchen.mobile.de/auto-inserat/ds-automobiles-ds4-rivoli-ahk-led-navi-sd-lm-stuttgart/461699049.html
DS Automobiles DS7 (Crossback) 1.6 PureTech,SUV,Kombi,False,https://suchen.mobile.de/auto-inserat/ds-automobiles-ds4-rivoli-ahk-led-navi-sd-lm-stuttgart/461699055.html
Dacia Bigster 1.2 TCe,SUV,Hatchback,False,https://www.sauto.cz/osobni/detail/dacia/bigster/210225179
Dacia Bigster 1.2 TCe,SUV,Hatchback,False,https://www.sauto.cz/osobni/detail/dacia/bigster/210729233
Dacia Duster 1.2 MHEV,SUV,Kombi,False,https://suchen.mobile.de/auto-inserat/dacia-duster-extreme-mild-hybrid-140-multiview-kamer-neuss/458443881.html
Dacia Duster 1.3 TCe,SUV,Kombi,False,https://www.sauto.cz/osobni/detail/dacia/duster/209014098
Dacia Duster 1.3 TCe,SUV,Kombi,False,https://www.sauto.cz/osobni/detail/dacia/duster/210776855
Dacia Duster 1.3 TCe,SUV,Kombi,False,https://suchen.mobile.de/auto-inserat/dacia-duster-ii-prestige-4wd-insp-neu-allrad-radevormwald/461027381.html
Dacia Duster Hybrid 140,SUV,Kombi,False,https://suchen.mobile.de/auto-inserat/dacia-duster-iii-hybrid-extreme-hybrid-155-driving-win-fulda/459660048.html
Dacia Jogger 1.8 HEV,MPV,SUV,False,https://suchen.mobile.de/auto-inserat/dacia-jogger-extreme-hybrid-140-7-sitzer-multimedia-k-friedrichsdorf/460323312.html
Dacia Jogger 1.8 HEV,MPV,SUV,False,https://suchen.mobile.de/auto-inserat/dacia-jogger-journey-hybrid-155-overath/449558353.html
Dacia Jogger 1.8 HEV,MPV,SUV,False,https://suchen.mobile.de/auto-inserat/dacia-jogger-extreme-hybrid-140-multimedia-kamera-friedrichsdorf/461124252.html
Dodge Charger 3.6,Sedan,Kupé,False,https://suchen.mobile.de/auto-inserat/dodge-charger-3-6-gt-4x4-acc-alpine-4xshz-sbl-totw-r20-rennerod/460159294.html
Dodge Charger 5.7,Sedan,Kupé,False,https://suchen.mobile.de/auto-inserat/dodge-charger-sroda-slaska/459921061.html
Dongfeng DF 6 2.3 dCi,MPV,SUV,False,https://www.sauto.cz/osobni/detail/dongfeng/df-6/210452378
Dongfeng Fengon 5 1.5 Turbo,MPV,SUV,False,https://www.sauto.cz/osobni/detail/dongfeng/fengon-5/186489803
Dongfeng Fengon 5 1.5 Turbo,MPV,SUV,False,https://www.sauto.cz/osobni/detail/dongfeng/fengon-5/210705734
Dongfeng Fengon 5 1.5 Turbo,MPV,SUV,False,https://www.sauto.cz/osobni/detail/dongfeng/fengon-5/210731732
Dongfeng Fengon 5 1.5 Turbo,MPV,SUV,False,https://www.sauto.cz/osobni/detail/dongfeng/fengon-5/210732155
Dongfeng U-Tour 1.5T Petrol,MPV,SUV,False,https://www.sauto.cz/osobni/detail/dongfeng/u-tour/210715037
Fiat 600 1.2 HEV,SUV,Hatchback,False,https://www.sauto.cz/osobni/detail/fiat/600/209647413
Fiat 600 1.2 HEV,SUV,Hatchback,False,https://www.sauto.cz/osobni/detail/fiat/600/209737650
Fiat 600 1.2 HEV,SUV,Hatchback,False,https://www.sauto.cz/osobni/detail/fiat/600/209738310
Fiat 600 1.2 HEV,SUV,Hatchback,False,https://www.sauto.cz/osobni/detail/fiat/600/209744565
Fiat 600 1.2 HEV,SUV,Hatchback,False,https://www.sauto.cz/osobni/detail/fiat/600/209744703
Fiat 600 1.2 HEV,SUV,Hatchback,False,https://www.sauto.cz/osobni/detail/fiat/600/209745408
Fiat 600 1.2 HEV,SUV,Hatchback,False,https://www.sauto.cz/osobni/detail/fiat/600/210428792
Fiat 600 1.2 HEV,SUV,Hatchback,False,https://suchen.mobile.de/auto-inserat/fiat-600-1-2-hybrid-edct-sport-erbach/458178503.html
Fiat 600 1.2 HEV,SUV,Hatchback,False,https://suchen.mobile.de/auto-inserat/fiat-600-1-2-hybrid-t3-107-kw-edct-sport-baesweiler/456438449.html
Fiat 600 1.2 HEV,SUV,Hatchback,False,https://suchen.mobile.de/auto-inserat/fiat-600-1-2-hybrid-t3-107-kw-edct-sport-g%C3%BCtersloh/459395158.html
Fiat 600 1.2 HEV,SUV,Hatchback,False,https://suchen.mobile.de/auto-inserat/fiat-600-1-2-hybrid-t3-107-kw-edct-sport-wismar/457274315.html
Fiat 600 1.2 HEV,SUV,Hatchback,False,https://suchen.mobile.de/auto-inserat/fiat-600-dct-hybrid-pop-keygo-navi-led-kamera-dab-dresden/458602183.html
Fiat 600 1.2 HEV,SUV,Hatchback,False,https://suchen.mobile.de/auto-inserat/fiat-600-dct-hybrid-pop-keygo-navi-led-kamera-dab-dresden/458602187.html
Fiat 600 1.2 HEV,SUV,Hatchback,False,https://suchen.mobile.de/auto-inserat/fiat-600-dct-hybrid-pop-keygo-navi-led-kamera-dab-dresden/459219328.html
Fiat 600 1.2 HEV,SUV,Hatchback,False,https://suchen.mobile.de/auto-inserat/fiat-600-dct-hybrid-pop-keygo-navi-led-kamera-dab-dresden/460163302.html
Fiat 600 1.2 HEV,SUV,Hatchback,False,https://suchen.mobile.de/auto-inserat/fiat-600-dct-hybrid-pop-keygo-navi-led-kamera-dab-dresden/460163594.html
Fiat 600 1.2 HEV,SUV,MPV,False,https://suchen.mobile.de/auto-inserat/fiat-600-hybrid-1-2-107kw-145-ps-illertissen/455616399.html
Fiat 600 1.2 HEV,SUV,Hatchback,False,https://suchen.mobile.de/auto-inserat/fiat-600-hybrid-1-2-sport-dct-landshut/456865066.html
Fiat 600 1.2 HEV,SUV,Hatchback,False,https://suchen.mobile.de/auto-inserat/fiat-600-hybrid-edition-kamera-apple-automatik-shz-walldorf-baden/433333101.html
Fiat 600 1.2 HEV,SUV,Hatchback,False,https://suchen.mobile.de/auto-inserat/fiat-600-hybrid-special-edition-dct-carplay-sitzhzg-kiel/459413702.html
Fiat 600 1.2 HEV,SUV,Hatchback,False,https://suchen.mobile.de/auto-inserat/fiat-600-la-prima-1-2-hybrid-led-navi-180-klima-acc-marienberg/458091372.html
Fiat 600 1.2 HEV,SUV,Hatchback,False,https://suchen.mobile.de/auto-inserat/fiat-600-la-prima-hybrid-1-2-dct-kamera-sitzhzg-klima-schwentinental/456766060.html
Fiat 600 1.2 HEV,SUV,Hatchback,False,https://suchen.mobile.de/auto-inserat/fiat-600-la-prima-hybrid-1-2-dct-kamera-sitzhzg-klima-westerr%C3%B6nfeld/443644248.html
Fiat 600 1.2 HEV,SUV,Hatchback,False,https://suchen.mobile.de/auto-inserat/fiat-600-la-prima-hybrid-1-2-dct-kamera-sitzhzg-klima-schwentinental/460797806.html
Fiat 600 1.2 HEV,SUV,Hatchback,False,https://suchen.mobile.de/auto-inserat/fiat-600-hybrid-dct-sport-mannheim/456669219.html
Fiat 600 1.2 HEV,SUV,Hatchback,False,https://suchen.mobile.de/auto-inserat/fiat-600-hybrid-dct-sport-mannheim/456671515.html
Fiat 600 1.2 HEV,SUV,Hatchback,False,https://suchen.mobile.de/auto-inserat/fiat-600-hybrid-dct-sport-mannheim/460390125.html
Fiat 600 1.2 HEV,SUV,Hatchback,False,https://suchen.mobile.de/auto-inserat/fiat-600-dct-hybrid-pop-keygo-navi-led-kamera-dab-dresden/461150617.html
Fiat Scudo 2.0,MPV,Kombi,False,https://suchen.mobile.de/auto-inserat/fiat-scudo-l3-multicab-sx-berglicht/453289880.html
Ford EcoSport SUV 1.0,SUV,MPV,False,https://suchen.mobile.de/auto-inserat/ford-ecosport-active-winterpaket-led-kamera-navi-bochum/442492290.html
Ford Focus 1.5 EcoBoost,Hatchback,Sedan,False,https://www.sauto.cz/osobni/detail/ford/focus/210763931
Ford Focus 2.0 EcoBlue,Kombi,Sedan,False,https://suchen.mobile.de/auto-inserat/ford-focus-2-0-titanium-1-hand-navi-led-acc-kamera-dorfen/450926147.html
Ford Focus Hatchback 1.0 EcoBoost,Hatchback,Sedan,False,https://suchen.mobile.de/auto-inserat/ford-focus-eu6d-st-line-155ps-ahk-navigation-klimaa-euskirchen/459281953.html
Ford Focus ST 2.3 EcoBoost,Hatchback,Kupé,False,https://suchen.mobile.de/auto-inserat/ford-focus-lim-st-x-head-up-display-navi-bad-friedrichshall/457739995.html
Ford Galaxy VAN 2.0 d,MPV,SUV,False,https://www.sauto.cz/osobni/detail/ford/galaxy/210254990
Ford Galaxy VAN 2.0 d,MPV,Kombi,False,https://suchen.mobile.de/auto-inserat/ford-galaxy-2-0-ecoblue-aut-titanium-kamera-navi-le-f%C3%BCrth/459213840.html
Ford Galaxy VAN 2.0 d,MPV,SUV,False,https://suchen.mobile.de/auto-inserat/ford-galaxy-2-0-titanium-panorama-7-sitzer-led-ahk-sindelfingen-darmsheim/458410164.html
Ford Galaxy VAN 2.0 d,MPV,Kombi,False,https://suchen.mobile.de/auto-inserat/ford-galaxy-titanium-2-0-ecoblue-s-s-allrad-aut-dorfmark/456842529.html
Ford Galaxy VAN 2.0 d,MPV,Kombi,False,https://suchen.mobile.de/auto-inserat/ford-galaxy-titanium-2-0-ecoblue-s-s-aut-dorfmark/453724224.html
Ford Galaxy VAN 2.0 d,MPV,Kombi,False,https://suchen.mobile.de/auto-inserat/ford-galaxy-titanium-2-0-ecoblue-s-s-aut-dorfmark/456141347.html
Ford Galaxy VAN 2.0 d,MPV,Kombi,False,https://suchen.mobile.de/auto-inserat/ford-galaxy-titanium-2-0-ecoblue-s-s-aut-dorfmark/459649151.html
Ford Galaxy VAN 2.0 d,MPV,Kombi,False,https://suchen.mobile.de/auto-inserat/ford-galaxy-titanium-birkenfeld-bei-pforzheim/455930052.html
Ford Galaxy VAN 2.0 d,MPV,SUV,False,https://suchen.mobile.de/auto-inserat/ford-galaxy-titanium-navi-7-sitze-temp-kamera-autom-schleswig/459013882.html
Ford Galaxy VAN 2.0 d,MPV,Kombi,False,https://suchen.mobile.de/auto-inserat/ford-galaxy-vignale-2-0-ecoblue-s-s-allrad-aut-dorfmark/458934195.html
Ford Galaxy VAN 2.0 d,MPV,Kombi,False,https://suchen.mobile.de/auto-inserat/ford-galaxy-2-0-ecoblue-s-s-aut-titanium-ahk-fernwald-steinbach/460897684.html
Ford Galaxy VAN 2.0 d,MPV,Kombi,False,https://suchen.mobile.de/auto-inserat/ford-galaxy-2-0-ecoblue-s-s-titanium-ahk-fernwald-steinbach/460862919.html
Ford Galaxy VAN 2.0 d,MPV,SUV,False,https://suchen.mobile.de/auto-inserat/ford-galaxy-trend-bretten/461371726.html
Ford Galaxy VAN 2.5 HEV,MPV,Kombi,False,https://suchen.mobile.de/auto-inserat/ford-galaxy-hybrid-1-hand-7-sitzer-kamera-totwinkel-schwetzingen/460146060.html
Ford Kuga 1.5 EcoBoost,SUV,Sedan,False,https://www.sauto.cz/osobni/detail/ford/kuga/210474932
Ford Kuga 1.5 EcoBoost,SUV,Kombi,False,https://suchen.mobile.de/auto-inserat/ford-kuga-1-5-ecoboost-st-line-x-navi-rfk-winterpaket-hauzenberg/391988342.html
Ford Kuga 1.5 EcoBoost,SUV,Kombi,False,https://suchen.mobile.de/auto-inserat/ford-kuga-1-5-titanium-hud-navi-led-kurvenlicht-l%C3%B6bau/448750560.html
Ford Kuga 1.5 EcoBoost,SUV,Kombi,False,https://suchen.mobile.de/auto-inserat/ford-kuga-st-line-x-wipa-shz-hud-navi-rfk-dab-deggendorf-fischerdorf/428085504.html
Ford Kuga 1.5 EcoBoost,SUV,Kombi,False,https://suchen.mobile.de/auto-inserat/ford-kuga-1-5-titanium-hud-navi-adapt-led-scheinw-wi-l%C3%B6bau/448750560.html
Ford Kuga 2.0,SUV,Kombi,False,https://www.sauto.cz/osobni/detail/ford/kuga/210328829
Ford Kuga 2.5 Duratec FHEV,SUV,MPV,False,https://suchen.mobile.de/auto-inserat/ford-kuga-hybrid-fhev-titanium-ahk-ehrenberg-seiferts/455623690.html
Ford Kuga 2.5 Duratec FHEV,SUV,Hatchback,False,https://suchen.mobile.de/auto-inserat/ford-kuga-hybrid-st-line-bluetooth-navi-klima-kempten/439537168.html
Ford Kuga 2.5 Duratec PHEV,SUV,Kombi,False,https://suchen.mobile.de/auto-inserat/ford-kuga-2-5-duratec-phev-4xshz-ahk-park-ass-hud-rfk-deggendorf-fischerdorf/447796800.html
Ford Kuga 2.5 Duratec PHEV,SUV,Kombi,False,https://suchen.mobile.de/auto-inserat/ford-kuga-2-5-duratec-phev-st-line-x-kamera-navi-shz-dinslaken/460317687.html
Ford Kuga 2.5 Duratec PHEV,SUV,Kombi,False,https://suchen.mobile.de/auto-inserat/ford-kuga-phev-ahk-pano-4xshz-hud-mmy-rfk-lm-navi-deggendorf-fischerdorf/442316704.html
Ford Kuga 2.5 Duratec PHEV,SUV,MPV,False,https://suchen.mobile.de/auto-inserat/ford-kuga-plug-in-hybrid-titanium-x-led-nav-kam-ahkv-stralsund/457323741.html
Ford Kuga 2.5 Duratec PHEV,SUV,Kombi,False,https://suchen.mobile.de/auto-inserat/ford-kuga-st-line-x-phev-acc-ahk-led-navi-4xshz-deggendorf-fischerdorf/441172714.html
Ford Kuga 2.5 Duratec PHEV,SUV,Kombi,False,https://suchen.mobile.de/auto-inserat/ford-kuga-titanium-x-phev-acc-ahk-led-shz-hud-deggendorf-fischerdorf/438400213.html
Ford Puma 1.0 EcoBoost,SUV,Hatchback,False,https://www.sauto.cz/osobni/detail/ford/puma/209753355
Ford Puma 1.0 EcoBoost,SUV,Hatchback,False,https://www.sauto.cz/osobni/detail/ford/puma/209981397
Ford Puma 1.0 EcoBoost,SUV,Hatchback,False,https://www.sauto.cz/osobni/detail/ford/puma/210423137
Ford Puma 1.0 EcoBoost,SUV,Hatchback,False,https://suchen.mobile.de/auto-inserat/ford-puma-1-0-ecoboost-hybrid-aut-st-line-x-bernau/450435380.html
Ford Puma 1.0 EcoBoost,SUV,Hatchback,False,https://suchen.mobile.de/auto-inserat/ford-puma-1-0-ecoboost-hybrid-aut-st-line-x-bernau/457894785.html
Ford Puma 1.0 EcoBoost,SUV,Hatchback,False,https://suchen.mobile.de/auto-inserat/ford-puma-1-0-ecoboost-hybrid-st-line-x-bernau/451878783.html
Ford Puma 1.0 EcoBoost,SUV,Hatchback,False,https://suchen.mobile.de/auto-inserat/ford-puma-1-0-ecoboost-hybrid-st-line-x-pano-bernau/385016865.html
Ford Puma 1.0 EcoBoost,SUV,Kombi,False,https://suchen.mobile.de/auto-inserat/ford-puma-1-0-st-x-wipa-park-ass-recaro-rfk-shz-deggendorf-fischerdorf/428093394.html
Ford Puma 1.0 EcoBoost,SUV,Hatchback,False,https://suchen.mobile.de/auto-inserat/ford-puma-155ps-autm-st-line-x-iacc-360-kamera-eilenburg/450553875.html
Ford Puma 1.0 EcoBoost,SUV,Hatchback,False,https://suchen.mobile.de/auto-inserat/ford-puma-st-line-acc-dab-navi-klima-winterp-allwet-k%C3%B6ngen/436158579.html
Ford Puma 1.0 EcoBoost,SUV,Hatchback,False,https://suchen.mobile.de/auto-inserat/ford-puma-st-line-automatik-ahk-etc-alpirsbach/444175440.html
Ford Puma 1.0 EcoBoost,SUV,Hatchback,False,https://suchen.mobile.de/auto-inserat/ford-puma-st-line-automatik-panorama-pdc-vo-hi-werne/458540250.html
Ford Puma 1.0 EcoBoost,SUV,Hatchback,False,https://suchen.mobile.de/auto-inserat/ford-puma-st-line-automatik-panorama-pdc-vo-hi-werne/458540271.html
Ford Puma 1.0 EcoBoost,SUV,Hatchback,False,https://suchen.mobile.de/auto-inserat/ford-puma-st-line-automatik-panorama-pdc-vo-hi-werne/459433405.html
Ford Puma 1.0 EcoBoost,SUV,Hatchback,False,https://suchen.mobile.de/auto-inserat/ford-puma-st-line-automatik-panorama-pdc-vo-hi-werne/459433411.html
Ford Puma 1.0 EcoBoost,SUV,Hatchback,False,https://suchen.mobile.de/auto-inserat/ford-puma-st-line-automatik-panorama-pdc-vo-hi-werne/459433417.html
Ford Puma 1.0 EcoBoost,SUV,Hatchback,False,https://suchen.mobile.de/auto-inserat/ford-puma-st-line-automatik-panorama-pdc-vo-hi-werne/459552775.html
Ford Puma 1.0 EcoBoost,SUV,Hatchback,False,https://suchen.mobile.de/auto-inserat/ford-puma-st-line-automatik-sync4-navi-5-jahre-fgs-werne/425182720.html
Ford Puma 1.0 EcoBoost,SUV,Hatchback,False,https://suchen.mobile.de/auto-inserat/ford-puma-st-line-bargteheide/456346404.html
Ford Puma 1.0 EcoBoost,SUV,Hatchback,False,https://suchen.mobile.de/auto-inserat/ford-puma-st-line-bluetooth-navi-led-klima-kempten/453418944.html
Ford Puma 1.0 EcoBoost,SUV,Hatchback,False,https://suchen.mobile.de/auto-inserat/ford-puma-st-line-bluetooth-navi-led-klima-kempten/453418946.html
Ford Puma 1.0 EcoBoost,SUV,Hatchback,False,https://suchen.mobile.de/auto-inserat/ford-puma-st-line-dab-navi-klima-allwetter-k%C3%B6ngen/450579048.html
Ford Puma 1.0 EcoBoost,SUV,Hatchback,False,https://suchen.mobile.de/auto-inserat/ford-puma-st-line-dreieich/454367447.html
Ford Puma 1.0 EcoBoost,SUV,Kupé,False,https://suchen.mobile.de/auto-inserat/ford-puma-st-line-heppenheim/460305490.html
Ford Puma 1.0 EcoBoost,SUV,Hatchback,False,https://suchen.mobile.de/auto-inserat/ford-puma-st-line-rfk-shz-led-pdc-lm-temp-heppenheim/445129299.html
Ford Puma 1.0 EcoBoost,SUV,Hatchback,False,https://suchen.mobile.de/auto-inserat/ford-puma-st-line-x-acc-dab-navi-klima-winterp-allwet-k%C3%B6ngen/436157445.html
Ford Puma 1.0 EcoBoost,SUV,Hatchback,False,https://suchen.mobile.de/auto-inserat/ford-puma-st-line-x-ahk-at-navi-etc-alpirsbach/459751214.html
Ford Puma 1.0 EcoBoost,SUV,Kupé,False,https://suchen.mobile.de/auto-inserat/ford-puma-st-line-x-ahzv-rfk-klima-sitzh-vorn-dachr-dresden/458554110.html
Ford Puma 1.0 EcoBoost,SUV,Hatchback,False,https://suchen.mobile.de/auto-inserat/ford-puma-st-line-x-automatik-shz-keyless-acc-gelsenkirchen/431345609.html
Ford Puma 1.0 EcoBoost,SUV,Hatchback,False,https://suchen.mobile.de/auto-inserat/ford-puma-st-line-x-bad-laer/446437462.html
Ford Puma 1.0 EcoBoost,SUV,Hatchback,False,https://suchen.mobile.de/auto-inserat/ford-puma-st-line-x-design-nr-66503-homburg/395402342.html
Ford Puma 1.0 EcoBoost,SUV,Hatchback,False,https://suchen.mobile.de/auto-inserat/ford-puma-st-line-x-dreieich/454368466.html
Ford Puma 1.0 EcoBoost,SUV,Kombi,False,https://suchen.mobile.de/auto-inserat/ford-puma-st-line-x-fsh-b-o-kamera-leder-j%C3%BCterbog/457747626.html
Ford Puma 1.0 EcoBoost,SUV,Hatchback,False,https://suchen.mobile.de/auto-inserat/ford-puma-st-line-x-navi-winterpaket-schiebedach-lippstadt/456067871.html
Ford Puma 1.0 EcoBoost,SUV,Hatchback,False,https://suchen.mobile.de/auto-inserat/ford-puma-st-line-x-pano-360-kamera-j%C3%BCterbog/458888373.html
Ford Puma 1.0 EcoBoost,SUV,Hatchback,False,https://suchen.mobile.de/auto-inserat/ford-puma-st-line-x-panoramadach-wenig-kilometer-frechen/444173116.html
Ford Puma 1.0 EcoBoost,SUV,Kombi,False,https://suchen.mobile.de/auto-inserat/ford-puma-st-line-x-reduziert-heiligenhaus/442305129.html
Ford Puma 1.0 EcoBoost,SUV,Hatchback,False,https://suchen.mobile.de/auto-inserat/ford-puma-titanium-x-tageszulassung-nr-75874-homburg/431544609.html
Ford Puma 1.0 EcoBoost,SUV,Hatchback,False,https://suchen.mobile.de/auto-inserat/ford-puma-st-line-1-0-automatik-panorma-fgs-frankenthal/460541340.html
Ford Puma 1.0 EcoBoost,SUV,Hatchback,False,https://suchen.mobile.de/auto-inserat/ford-puma-st-line-x-top-zustand-ahk-homburg/460546681.html
Ford Puma 1.0 EcoBoost,SUV,Hatchback,False,https://suchen.mobile.de/auto-inserat/ford-puma-st-line-autom-5-jahre-fgs-winterpaket-werne/460760646.html
Ford Puma 1.0 EcoBoost,SUV,Hatchback,False,https://suchen.mobile.de/auto-inserat/ford-puma-st-line-autom-5-jahre-fgs-winterpaket-werne/460760648.html
Ford Puma 1.0 EcoBoost,SUV,Hatchback,False,https://suchen.mobile.de/auto-inserat/ford-puma-st-line-autom-5-jahre-fgs-winterpaket-werne/460760649.html
Ford Puma 1.0 EcoBoost,SUV,Hatchback,False,https://suchen.mobile.de/auto-inserat/ford-puma-st-line-1-0-automatik-panorma-fgs-bensheim/460813536.html
Ford Puma 1.0 EcoBoost,SUV,Hatchback,False,https://suchen.mobile.de/auto-inserat/ford-puma-st-line-anh%C3%A4ngekupplung-panoramadach-tauberbischofsheim/461276853.html
Ford Puma 1.0 EcoBoost,SUV,Kupé,False,https://suchen.mobile.de/auto-inserat/ford-puma-st-line-x-ahzv-rfk-klima-sitzh-vorn-dachr-dresden/461247606.html
Ford Puma 1.0 EcoBoost,SUV,Hatchback,False,https://suchen.mobile.de/auto-inserat/ford-puma-st-line-x-panorama-schiebedach-tauberbischofsheim/461277945.html
Ford Puma 1.0 EcoBoost MHEV,SUV,Hatchback,False,https://www.sauto.cz/osobni/detail/ford/puma/210122777
Ford Puma 1.0 EcoBoost MHEV,SUV,Hatchback,False,https://suchen.mobile.de/auto-inserat/ford-puma-1-0-ecoboost-mhev-155ps-st-line-x-zwickau/459552219.html
Ford Puma 1.0 EcoBoost MHEV,SUV,Kupé,False,https://suchen.mobile.de/auto-inserat/ford-puma-1-0-ecoboost-mhev-st-line-x-acc-b-o-kamera-wunstorf/449571244.html
Ford Puma 1.0 EcoBoost MHEV,SUV,Hatchback,False,https://suchen.mobile.de/auto-inserat/ford-puma-1-0-mhev-ecoboost-st-line-automatik-gjr-rfk-bocholt/451439335.html
Ford Puma 1.0 EcoBoost MHEV,SUV,Hatchback,False,https://suchen.mobile.de/auto-inserat/ford-puma-1-0-mhev-st-line-autom-kamera-acc-tauberbischofsheim/458066609.html
Ford Puma 1.0 EcoBoost MHEV,SUV,Hatchback,False,https://suchen.mobile.de/auto-inserat/ford-puma-1-0-mhev-st-line-autom-kamera-keyfree-tauberbischofsheim/453188548.html
Ford Puma 1.0 EcoBoost MHEV,SUV,Hatchback,False,https://suchen.mobile.de/auto-inserat/ford-puma-1-0-mhev-st-line-autom-kamera-keyfree-tauberbischofsheim/453188651.html
Ford Puma 1.0 EcoBoost MHEV,SUV,Hatchback,False,https://suchen.mobile.de/auto-inserat/ford-puma-1-0-mhev-st-line-x-autom-kamera-acc-tauberbischofsheim/458284720.html
Ford Puma 1.0 EcoBoost MHEV,SUV,Hatchback,False,https://suchen.mobile.de/auto-inserat/ford-puma-1-0-mhev-st-line-x-autom-kamera-acc-tauberbischofsheim/458460284.html
Ford Puma 1.0 EcoBoost MHEV,SUV,Hatchback,False,https://suchen.mobile.de/auto-inserat/ford-puma-st-line-1-0ecob-mildhybrid-navi-azvabnehmb-l%C3%B6bau/435434285.html
Ford Puma 1.0 EcoBoost MHEV,SUV,Hatchback,False,https://suchen.mobile.de/auto-inserat/ford-puma-st-line-1-0l-mhev-acc-led-navi-360-twa-crailsheim/450465171.html
Ford Puma 1.0 EcoBoost MHEV,SUV,Hatchback,False,https://suchen.mobile.de/auto-inserat/ford-puma-st-line-1-0l-mhev-iacc-360kamera-sync4-nav-crailsheim/438622652.html
Ford Puma 1.0 EcoBoost MHEV,SUV,Hatchback,False,https://suchen.mobile.de/auto-inserat/ford-puma-st-line-x-mhev-assistenzpaket-2-el-hec-werne/455335272.html
Ford Puma 1.0 EcoBoost MHEV,SUV,Hatchback,False,https://suchen.mobile.de/auto-inserat/ford-puma-titanium-1-0-mhev-acc-led-navi-360-crailsheim/450458357.html
Ford Puma 1.0 EcoBoost MHEV,SUV,Hatchback,False,https://suchen.mobile.de/auto-inserat/ford-puma-titanium-1-0-mhev-acc-navi-360-rfk-crailsheim/455840242.html
Ford Puma 1.0 EcoBoost MHEV,SUV,Hatchback,False,https://suchen.mobile.de/auto-inserat/ford-puma-titanium-1-0l-mhev-acc-led-navi-rfk-360-crailsheim/450451739.html
Ford Puma 1.0 EcoBoost MHEV,SUV,Hatchback,False,https://suchen.mobile.de/auto-inserat/ford-puma-1-0-mhev-st-line-autom-kamera-keyfree-tauberbischofsheim/461422473.html
Ford Puma 1.0 EcoBoost MHEV,SUV,Hatchback,False,https://suchen.mobile.de/auto-inserat/ford-puma-1-0-mhev-st-line-autom-kamera-keyfree-tauberbischofsheim/461422591.html
Ford Puma 1.5 EcoBoost,SUV,Hatchback,False,https://www.sauto.cz/osobni/detail/ford/puma/208971123
Ford Puma 1.5 EcoBoost,SUV,Hatchback,False,https://suchen.mobile.de/auto-inserat/ford-puma-1-5-ecoboost-st-ludwigsburg/431096837.html
Ford Puma 1.5 EcoBoost,SUV,Hatchback,False,https://suchen.mobile.de/auto-inserat/ford-puma-1-5-st-led-navi-pdc-19-dessau-ro%C3%9Flau/459104289.html
Ford Puma 1.5 EcoBoost,SUV,Kupé,False,https://suchen.mobile.de/auto-inserat/ford-puma-st-led-navi-cam-pdc-dab-shz-s-w-r%C3%A4der-lmf-schk%C3%B6len/458084967.html
Ford Puma 1.5 EcoBoost,SUV,Kupé,False,https://suchen.mobile.de/auto-inserat/ford-puma-st-performance-fahrassistenzpaket-rudolstadt/385872755.html
Ford Puma 1.5 EcoBoost,SUV,Hatchback,False,https://suchen.mobile.de/auto-inserat/ford-puma-st-pfaffenhofen/456485941.html
Ford Puma 1.5 EcoBoost,SUV,Hatchback,False,https://suchen.mobile.de/auto-inserat/ford-puma-st-x-1-5-ecoboost-gold-edition-b-o-sound-brandenburg/455254166.html
Ford Puma 1.5 EcoBoost,SUV,Hatchback,False,https://suchen.mobile.de/auto-inserat/ford-puma-st-x-1-hand-b-o-performance-navi-arnschwang/458652872.html
Ford Puma 1.5 EcoBoost,SUV,Hatchback,False,https://suchen.mobile.de/auto-inserat/ford-puma-st-x-200-ps-alcantara-b-o-sound-navi-nideggen/458583813.html
Ford Puma 1.5 EcoBoost,SUV,Hatchback,False,https://suchen.mobile.de/auto-inserat/ford-puma-st-x-barnstorf/442935068.html
Ford Puma 1.5 EcoBoost,SUV,Hatchback,False,https://suchen.mobile.de/auto-inserat/ford-puma-st-x-dab-biled-keyless-performance-k%C3%B6ngen/450883778.html
Ford Puma 1.5 EcoBoost,SUV,Hatchback,False,https://suchen.mobile.de/auto-inserat/ford-puma-st-x-gold-edition-homburg/456061312.html
Ford Puma 1.5 EcoBoost,SUV,Kupé,False,https://suchen.mobile.de/auto-inserat/ford-puma-st-x-heckl-el-pps-vorn-und-hinten-rfk-oberhausen-sterkrade/458888974.html
Ford Puma 1.5 EcoBoost,SUV,Kupé,False,https://suchen.mobile.de/auto-inserat/ford-puma-st-x-homburg/456866284.html
Ford Puma 1.5 EcoBoost,SUV,Hatchback,False,https://suchen.mobile.de/auto-inserat/ford-puma-st-x-navi-kamera-sitzheizung-b%C3%BCckeburg/331022504.html
Ford Puma 1.5 EcoBoost,SUV,Kupé,False,https://suchen.mobile.de/auto-inserat/ford-puma-st-x-performance-schlangen/451150614.html
Ford Puma 1.5 EcoBoost,SUV,Kupé,False,https://suchen.mobile.de/auto-inserat/ford-puma-st-x-pirmasens/439718354.html
Ford Puma 1.5 EcoBoost,SUV,Hatchback,False,https://suchen.mobile.de/auto-inserat/ford-puma-st-x-tageszulassung-nr-31856-homburg/431554825.html
Ford Puma 1.5 EcoBoost,SUV,Kupé,False,https://suchen.mobile.de/auto-inserat/ford-puma-stx-gold-edition-performance-1-hand-keyless-wunstorf/418155724.html
Ford Puma 1.5 EcoBoost,SUV,Kupé,False,https://suchen.mobile.de/auto-inserat/ford-puma-st-x-performance-schlangen/460857568.html
Ford Puma 1.5 EcoBoost,SUV,Hatchback,False,https://suchen.mobile.de/auto-inserat/ford-puma-1-5-st-led-navi-pdc-19-dessau-ro%C3%9Flau/461454212.html
Ford Puma 1.5 EcoBoost,SUV,Kupé,False,https://suchen.mobile.de/auto-inserat/ford-puma-st-schm%C3%B6lln/461441310.html
Ford Ranger 2.0 EcoBlue,Pick-up,SUV,False,https://suchen.mobile.de/auto-inserat/ford-ranger-wildtrak-wilkowice/457597530.html
Ford Ranger 2.0 EcoBlue,Pick-up,SUV,False,https://suchen.mobile.de/auto-inserat/ford-ranger-wilkowice/457595778.html
Ford Ranger 2.0 EcoBlue,Pick-up,SUV,False,https://suchen.mobile.de/auto-inserat/ford-ranger-2-0-4x4-limited-doppelkabine-navi-led-acc-landsberg-am-lech/460268457.html
Ford Ranger 2.0 EcoBlue,Pick-up,SUV,False,https://suchen.mobile.de/auto-inserat/ford-ranger-2-0-ahk-allrad-neu-wulmstorf/444903876.html
Ford Ranger 2.0 EcoBlue,Pick-up,SUV,False,https://suchen.mobile.de/auto-inserat/ford-ranger-2-0-aut-4x4-wildtrak-ahk-led-acc-kam-shz-premnitz-nahe-a2/459640865.html
Ford Ranger 2.0 EcoBlue,Pick-up,SUV,False,https://suchen.mobile.de/auto-inserat/ford-ranger-2-0-aut-4x4-wildtrak-ahk-led-shz-parkass-premnitz-nahe-a2/459640861.html
Ford Ranger 2.0 EcoBlue,Pick-up,SUV,False,https://suchen.mobile.de/auto-inserat/ford-ranger-2-0-dk-wolftrak-4x4-navi-dab-temp-radebeul/449167366.html
Ford Ranger 2.0 EcoBlue,Pick-up,SUV,False,https://suchen.mobile.de/auto-inserat/ford-ranger-2-0-eb-panther-xlt-doppelkabine-4x4-ahk-rastede-wahnbek/449002957.html
Ford Ranger 2.0 EcoBlue,Pick-up,SUV,False,https://suchen.mobile.de/auto-inserat/ford-ranger-2-0-ecoblue-autom-xlt-doka-ahk-sper-werne/454950729.html
Ford Ranger 2.0 EcoBlue,Pick-up,SUV,False,https://suchen.mobile.de/auto-inserat/ford-ranger-2-0-l-ecoblue-autm-limited-hude/460067460.html
Ford Ranger 2.0 EcoBlue,Pick-up,SUV,False,https://suchen.mobile.de/auto-inserat/ford-ranger-2-0-l-ecoblue-autm-wildtrak-kaltenkirchen/460129153.html
Ford Ranger 2.0 EcoBlue,Pick-up,SUV,False,https://suchen.mobile.de/auto-inserat/ford-ranger-2-0-l-ecoblue-limited-pforzheim/451926131.html
Ford Ranger 2.0 EcoBlue,Pick-up,SUV,False,https://suchen.mobile.de/auto-inserat/ford-ranger-2-0-wildtrak-4x4-acc-kamera-ahk-essen/459752264.html
Ford Ranger 2.0 EcoBlue,Pick-up,SUV,False,https://suchen.mobile.de/auto-inserat/ford-ranger-2-0-wildtrak-4x4-navi-kamera-ahk-tempo-n%C3%BCrnberg/458853111.html
Ford Ranger 2.0 EcoBlue,Pick-up,SUV,False,https://suchen.mobile.de/auto-inserat/ford-ranger-2-0-wildtrak-autom-stand-barchfeld-immelborn/459977845.html
Ford Ranger 2.0 EcoBlue,Pick-up,SUV,False,https://suchen.mobile.de/auto-inserat/ford-ranger-2-0-wildtrak-autom-vollausstattung-1-hd-frankfurt-main/457494319.html
Ford Ranger 2.0 EcoBlue,Pick-up,SUV,False,https://suchen.mobile.de/auto-inserat/ford-ranger-2-0-wildtrak-doka-hardtop-kamera-acc-leipzig/456662337.html
Ford Ranger 2.0 EcoBlue,Pick-up,SUV,False,https://suchen.mobile.de/auto-inserat/ford-ranger-dk-212ps-autm-wildtrak-4x4-ahk-acc-eilenburg/441653662.html
Ford Ranger 2.0 EcoBlue,Pick-up,SUV,False,https://suchen.mobile.de/auto-inserat/ford-ranger-doka-170ps-autm-xlt-4x4-ahk-offroad-eilenburg/456654800.html
Ford Ranger 2.0 EcoBlue,Pick-up,SUV,False,https://suchen.mobile.de/auto-inserat/ford-ranger-doka-170ps-limited-4x4-navi-ahk-parkassis-eilenburg/454567214.html
Ford Ranger 2.0 EcoBlue,Pick-up,SUV,False,https://suchen.mobile.de/auto-inserat/ford-ranger-doka-170ps-xlt-4x4-ahk-sync3-klima-eilenburg/458572974.html
Ford Ranger 2.0 EcoBlue,Pick-up,SUV,False,https://suchen.mobile.de/auto-inserat/ford-ranger-doka-170ps-xlt-4x4-hardtop-eilenburg/434913165.html
Ford Ranger 2.0 EcoBlue,Pick-up,SUV,False,https://suchen.mobile.de/auto-inserat/ford-ranger-doka-2-0-l-ecoblue-wildtrak-156kw-klimaa-berlin/414293695.html
Ford Ranger 2.0 EcoBlue,Pick-up,SUV,False,https://suchen.mobile.de/auto-inserat/ford-ranger-doka-212ps-autm-wildtrak-4x4-ahk-rollo-eilenburg/446055629.html
Ford Ranger 2.0 EcoBlue,Pick-up,SUV,False,https://suchen.mobile.de/auto-inserat/ford-ranger-doka-212ps-autm-wildtrak-4x4-hardtop-eilenburg/453823521.html
Ford Ranger 2.0 EcoBlue,Pick-up,SUV,False,https://suchen.mobile.de/auto-inserat/ford-ranger-doka-ahk-led-kamera-rollo-carplay-oranienburg/453185691.html
Ford Ranger 2.0 EcoBlue,Pick-up,SUV,False,https://suchen.mobile.de/auto-inserat/ford-ranger-doka-wildtrak-hardtop-leder-kamera-led-halle-saale/457900028.html
Ford Ranger 2.0 EcoBlue,Pick-up,SUV,False,https://suchen.mobile.de/auto-inserat/ford-ranger-doppelkabine-4x4-wildtrak-2-0-ecoblue-ahk-neukirchen-vluyn/445774695.html
Ford Ranger 2.0 EcoBlue,Pick-up,SUV,False,https://suchen.mobile.de/auto-inserat/ford-ranger-extra-xl-170ps-4x4-ahk-klima-eilenburg/439635531.html
Ford Ranger 2.0 EcoBlue,Pick-up,SUV,False,https://suchen.mobile.de/auto-inserat/ford-ranger-koblenz/406696814.html
Ford Ranger 2.0 EcoBlue,Pick-up,SUV,False,https://suchen.mobile.de/auto-inserat/ford-ranger-limited-2-0-doppelkabine-4x4-keyless-neum%C3%BCnster/460342819.html
Ford Ranger 2.0 EcoBlue,Pick-up,SUV,False,https://suchen.mobile.de/auto-inserat/ford-ranger-limited-4x4-doppelkabine-navi-rfk-j%C3%BClich/455095734.html
Ford Ranger 2.0 EcoBlue,Pick-up,SUV,False,https://suchen.mobile.de/auto-inserat/ford-ranger-limited-doppelkab-4x4-autom-nassenheide-bei-berlin/456332859.html
Ford Ranger 2.0 EcoBlue,Pick-up,SUV,False,https://suchen.mobile.de/auto-inserat/ford-ranger-limited-doppelkabine-4x4-2-hand-rfk-shz-moers/454594308.html
Ford Ranger 2.0 EcoBlue,Pick-up,SUV,False,https://suchen.mobile.de/auto-inserat/ford-ranger-limited-doppelkabine-4x4-acc-ahk-3-5t-le-berlin/459058588.html
Ford Ranger 2.0 EcoBlue,Pick-up,SUV,False,https://suchen.mobile.de/auto-inserat/ford-ranger-limited-doppelkabine-4x4-acc-led-dab-leipzig/451720442.html
Ford Ranger 2.0 EcoBlue,Pick-up,SUV,False,https://suchen.mobile.de/auto-inserat/ford-ranger-limited-doppelkabine-4x4-achstetten/459667814.html
Ford Ranger 2.0 EcoBlue,Pick-up,SUV,False,https://suchen.mobile.de/auto-inserat/ford-ranger-limited-doppelkabine-4x4-bad-blankenburg/454015365.html
Ford Ranger 2.0 EcoBlue,Pick-up,SUV,False,https://suchen.mobile.de/auto-inserat/ford-ranger-limited-doppelkabine-4x4-leder-kamera-sta-falkensee/424234080.html
Ford Ranger 2.0 EcoBlue,Pick-up,SUV,False,https://suchen.mobile.de/auto-inserat/ford-ranger-limited-doppelkabine-4x4-nav-std-hzg-ahk-reutlingen-mittelstadt/460047619.html
Ford Ranger 2.0 EcoBlue,Pick-up,SUV,False,https://suchen.mobile.de/auto-inserat/ford-ranger-limited-doppelkabine-4x4-navi-ahk-1-hand-ebersdorf-b-coburg/459580944.html
Ford Ranger 2.0 EcoBlue,Pick-up,SUV,False,https://suchen.mobile.de/auto-inserat/ford-ranger-limited-doppelkabine-4x4-navi-ahk-bergheim-bei-k%C3%B6ln/455865758.html
Ford Ranger 2.0 EcoBlue,Pick-up,SUV,False,https://suchen.mobile.de/auto-inserat/ford-ranger-limited-doppelkabine-4x4-osnabr%C3%BCck/458731528.html
Ford Ranger 2.0 EcoBlue,Pick-up,SUV,False,https://suchen.mobile.de/auto-inserat/ford-ranger-limited-doppelkabine-4x4-sottrum/457916343.html
Ford Ranger 2.0 EcoBlue,Pick-up,SUV,False,https://suchen.mobile.de/auto-inserat/ford-ranger-limited-doppelkabine-led-acc-ahk-kamera-weeze/453353724.html
Ford Ranger 2.0 EcoBlue,Pick-up,SUV,False,https://suchen.mobile.de/auto-inserat/ford-ranger-panther-4x4-ahk-pdc-tempo-xlt-paket-iv-garching-bei-m%C3%BCnchen/455191085.html
Ford Ranger 2.0 EcoBlue,Pick-up,SUV,False,https://suchen.mobile.de/auto-inserat/ford-ranger-panther-ahk-shz-tempomat-einparkhilfe-neuss/455178551.html
Ford Ranger 2.0 EcoBlue,Pick-up,SUV,False,https://suchen.mobile.de/auto-inserat/ford-ranger-panther-limited-doka-leder-kamera-led-ahk-steinbach-hallenberg-ot-herges-hallenberg/459440333.html
Ford Ranger 2.0 EcoBlue,Pick-up,SUV,False,https://suchen.mobile.de/auto-inserat/ford-ranger-raptor-performance-4x4-1-hand-ginsheim-gustavsburg/453359658.html
Ford Ranger 2.0 EcoBlue,Pick-up,SUV,False,https://suchen.mobile.de/auto-inserat/ford-ranger-thunder-wildtrak-doppelkabine-ahk-led-garbsen-hannover/458573009.html
Ford Ranger 2.0 EcoBlue,Pick-up,SUV,False,https://suchen.mobile.de/auto-inserat/ford-ranger-voll-austattung-mogendorf/459051228.html
Ford Ranger 2.0 EcoBlue,Pick-up,SUV,False,https://suchen.mobile.de/auto-inserat/ford-ranger-wildtrak-2-0-doka-4x4-standhzg-ahk-hardtt-l%C3%BCnen/444596273.html
Ford Ranger 2.0 EcoBlue,Pick-up,SUV,False,https://suchen.mobile.de/auto-inserat/ford-ranger-wildtrak-4x4-atm-motor-nur-25tkm-nav-led-minden/458079768.html
Ford Ranger 2.0 EcoBlue,Pick-up,SUV,False,https://suchen.mobile.de/auto-inserat/ford-ranger-wildtrak-dk-4x4-motor-neu-led-acc-cam-ahk-triptis/456248655.html
Ford Ranger 2.0 EcoBlue,Pick-up,SUV,False,https://suchen.mobile.de/auto-inserat/ford-ranger-wildtrak-doka-2-0-4x4-ahk-navi-leder-voll-l%C3%BCbbecke/456246166.html
Ford Ranger 2.0 EcoBlue,Pick-up,SUV,False,https://suchen.mobile.de/auto-inserat/ford-ranger-wildtrak-doka-4x4-autom-el-rollo-ahk-berlin/453851688.html
Ford Ranger 2.0 EcoBlue,Pick-up,SUV,False,https://suchen.mobile.de/auto-inserat/ford-ranger-wildtrak-doka-shz-kamera-navi-ahk-acc-led-halle-saale/440697182.html
Ford Ranger 2.0 EcoBlue,Pick-up,SUV,False,https://suchen.mobile.de/auto-inserat/ford-ranger-wildtrak-doppelk-4x4-acc-elektr-rollo-rodgau-weiskirchen-n%C3%A4he-frankfurt-am-main/456181225.html
Ford Ranger 2.0 EcoBlue,Pick-up,SUV,False,https://suchen.mobile.de/auto-inserat/ford-ranger-wildtrak-doppelk-4x4-led-360-1hand-k%C3%B6ln/457523495.html
Ford Ranger 2.0 EcoBlue,Pick-up,SUV,False,https://suchen.mobile.de/auto-inserat/ford-ranger-wildtrak-doppelkab-4x4-kamera-stdheiz-led-nordhorn/453628183.html
Ford Ranger 2.0 EcoBlue,Pick-up,SUV,False,https://suchen.mobile.de/auto-inserat/ford-ranger-wildtrak-doppelkabine-4x4-1-hand-apa-navi-barsinghausen/450293347.html
Ford Ranger 2.0 EcoBlue,Pick-up,SUV,False,https://suchen.mobile.de/auto-inserat/ford-ranger-wildtrak-doppelkabine-4x4-1hand-leder-nav-coburg/459450131.html
Ford Ranger 2.0 EcoBlue,Pick-up,SUV,False,https://suchen.mobile.de/auto-inserat/ford-ranger-wildtrak-doppelkabine-4x4-absolut-voll-bickenbach/453965124.html
Ford Ranger 2.0 EcoBlue,Pick-up,SUV,False,https://suchen.mobile.de/auto-inserat/ford-ranger-wildtrak-doppelkabine-4x4-acc-lippstadt/455918844.html
Ford Ranger 2.0 EcoBlue,Pick-up,SUV,False,https://suchen.mobile.de/auto-inserat/ford-ranger-wildtrak-doppelkabine-4x4-aland-ot-vielbaum/456339928.html
Ford Ranger 2.0 EcoBlue,Pick-up,SUV,False,https://suchen.mobile.de/auto-inserat/ford-ranger-wildtrak-doppelkabine-4x4-anh%C3%A4ngerkupplun-marktredwitz/453932167.html
Ford Ranger 2.0 EcoBlue,Pick-up,SUV,False,https://suchen.mobile.de/auto-inserat/ford-ranger-wildtrak-doppelkabine-4x4-atm-bei-85tkm-neustadt-i-h/456668389.html
Ford Ranger 2.0 EcoBlue,Pick-up,SUV,False,https://suchen.mobile.de/auto-inserat/ford-ranger-wildtrak-doppelkabine-4x4-aut-led-winter-bergisch-gladbach/452715913.html
Ford Ranger 2.0 EcoBlue,Pick-up,SUV,False,https://suchen.mobile.de/auto-inserat/ford-ranger-wildtrak-doppelkabine-4x4-automatik-osnabr%C3%BCck/458731619.html
Ford Ranger 2.0 EcoBlue,Pick-up,SUV,False,https://suchen.mobile.de/auto-inserat/ford-ranger-wildtrak-doppelkabine-4x4-automatik-r-cam-norderstedt-hamburg/460222614.html
Ford Ranger 2.0 EcoBlue,Pick-up,SUV,False,https://suchen.mobile.de/auto-inserat/ford-ranger-wildtrak-doppelkabine-4x4-birkenwerder/454017529.html
Ford Ranger 2.0 EcoBlue,Pick-up,SUV,False,https://suchen.mobile.de/auto-inserat/ford-ranger-wildtrak-doppelkabine-4x4-bretten/444947651.html
Ford Ranger 2.0 EcoBlue,Pick-up,SUV,False,https://suchen.mobile.de/auto-inserat/ford-ranger-wildtrak-doppelkabine-4x4-buxtehude/459474653.html
Ford Ranger 2.0 EcoBlue,Pick-up,SUV,False,https://suchen.mobile.de/auto-inserat/ford-ranger-wildtrak-doppelkabine-4x4-feldkirch/395486577.html
Ford Ranger 2.0 EcoBlue,Pick-up,SUV,False,https://suchen.mobile.de/auto-inserat/ford-ranger-wildtrak-doppelkabine-4x4-hagen/459988012.html
Ford Ranger 2.0 EcoBlue,Pick-up,SUV,False,https://suchen.mobile.de/auto-inserat/ford-ranger-wildtrak-doppelkabine-4x4-hardtop-stadtsteinach/457627107.html
Ford Ranger 2.0 EcoBlue,Pick-up,SUV,False,https://suchen.mobile.de/auto-inserat/ford-ranger-wildtrak-doppelkabine-4x4-kamera-acc-fuldatal-kassel/456273773.html
Ford Ranger 2.0 EcoBlue,Pick-up,SUV,False,https://suchen.mobile.de/auto-inserat/ford-ranger-wildtrak-doppelkabine-4x4-kingcab-osnabr%C3%BCck/456099420.html
Ford Ranger 2.0 EcoBlue,Pick-up,SUV,False,https://suchen.mobile.de/auto-inserat/ford-ranger-wildtrak-doppelkabine-4x4-krefeld/458151468.html
Ford Ranger 2.0 EcoBlue,Pick-up,SUV,False,https://suchen.mobile.de/auto-inserat/ford-ranger-wildtrak-doppelkabine-4x4-led-leder-ahk-rosenheim/456283230.html
Ford Ranger 2.0 EcoBlue,Pick-up,SUV,False,https://suchen.mobile.de/auto-inserat/ford-ranger-wildtrak-doppelkabine-4x4-led-standheizun-stromberg-warmsroth/448515796.html
Ford Ranger 2.0 EcoBlue,Pick-up,SUV,False,https://suchen.mobile.de/auto-inserat/ford-ranger-wildtrak-doppelkabine-4x4-leder-kamera-dortmund/450170624.html
Ford Ranger 2.0 EcoBlue,Pick-up,SUV,False,https://suchen.mobile.de/auto-inserat/ford-ranger-wildtrak-doppelkabine-4x4-mainz-kastel/460132211.html
Ford Ranger 2.0 EcoBlue,Pick-up,SUV,False,https://suchen.mobile.de/auto-inserat/ford-ranger-wildtrak-doppelkabine-4x4-mittenwalde/451785075.html
Ford Ranger 2.0 EcoBlue,Pick-up,SUV,False,https://suchen.mobile.de/auto-inserat/ford-ranger-wildtrak-doppelkabine-4x4-mittenwalde/459501775.html
Ford Ranger 2.0 EcoBlue,Pick-up,SUV,False,https://suchen.mobile.de/auto-inserat/ford-ranger-wildtrak-doppelkabine-4x4-osterholz-scharmbeck/460330567.html
Ford Ranger 2.0 EcoBlue,Pick-up,SUV,False,https://suchen.mobile.de/auto-inserat/ford-ranger-wildtrak-doppelkabine-4x4-rollo-meinerzhagen/458317681.html
Ford Ranger 2.0 EcoBlue,Pick-up,SUV,False,https://suchen.mobile.de/auto-inserat/ford-ranger-wildtrak-doppelkabine-4x4-shz-ahk-pdc-berlin/452433497.html
Ford Ranger 2.0 EcoBlue,Pick-up,SUV,False,https://suchen.mobile.de/auto-inserat/ford-ranger-wildtrak-doppelkabine-4x4-standh-led-allw-silberstedt/453636283.html
Ford Ranger 2.0 EcoBlue,Pick-up,SUV,False,https://suchen.mobile.de/auto-inserat/ford-ranger-wildtrak-doppelkabine-4x4-sthzg-leder-nav-m%C3%BClheim/457893629.html
Ford Ranger 2.0 EcoBlue,Pick-up,SUV,False,https://suchen.mobile.de/auto-inserat/ford-ranger-wildtrak-doppelkabine-4x4-velbert/451968754.html
Ford Ranger 2.0 EcoBlue,Pick-up,SUV,False,https://suchen.mobile.de/auto-inserat/ford-ranger-wildtrak-doppelkabine-4x4-vollausstattung-potsdam/459174158.html
Ford Ranger 2.0 EcoBlue,Pick-up,SUV,False,https://suchen.mobile.de/auto-inserat/ford-ranger-wildtrak-doppelkabine-4x4-wenig-km-top-1a-duisburg/458297031.html
Ford Ranger 2.0 EcoBlue,Pick-up,SUV,False,https://suchen.mobile.de/auto-inserat/ford-ranger-wildtrak-doppelkabine-4x4standh-erollo-rodgau-weiskirchen-n%C3%A4he-frankfurt-am-main/457032571.html
Ford Ranger 2.0 EcoBlue,Pick-up,SUV,False,https://suchen.mobile.de/auto-inserat/ford-ranger-wildtrak-doppelkabine-automatik-ahk-leder-garbsen-hannover/457001017.html
Ford Ranger 2.0 EcoBlue,Pick-up,SUV,False,https://suchen.mobile.de/auto-inserat/ford-ranger-wildtrak-e-4wd-doppelkabine-trierweiler/457710856.html
Ford Ranger 2.0 EcoBlue,Pick-up,SUV,False,https://suchen.mobile.de/auto-inserat/ford-ranger-wildtrak-leder-rollo-trailterrain-offroad-cottbus/458404723.html
Ford Ranger 2.0 EcoBlue,Pick-up,SUV,False,https://suchen.mobile.de/auto-inserat/ford-ranger-wildtrak-panther-doppelkabine-4x4-ahk-acc-bad-hersfeld/459629990.html
Ford Ranger 2.0 EcoBlue,Pick-up,SUV,False,https://suchen.mobile.de/auto-inserat/ford-ranger-wildtrak-thunder-doka-4x4-1-hd-s-heftg-gro%C3%9F-gerau-ot-berkach/457805706.html
Ford Ranger 2.0 EcoBlue,Pick-up,SUV,False,https://suchen.mobile.de/auto-inserat/ford-ranger-wildtrak-thunder-doka-navi-leder-led-sthz-heide/458244682.html
Ford Ranger 2.0 EcoBlue,Pick-up,SUV,False,https://suchen.mobile.de/auto-inserat/ford-ranger-wildtrak-thunder-doppelkabine-4x4-erftstadt/459259435.html
Ford Ranger 2.0 EcoBlue,Pick-up,SUV,False,https://suchen.mobile.de/auto-inserat/ford-ranger-wolftrak-doppelkabine-4x4-ahk-navi-sitzhz-jena-lobeda/460297213.html
Ford Ranger 2.0 EcoBlue,Pick-up,SUV,False,https://suchen.mobile.de/auto-inserat/ford-ranger-wolftrak-doppelkabine-4x4-meiningen-ot-walldorf/457326236.html
Ford Ranger 2.0 EcoBlue,Pick-up,SUV,False,https://suchen.mobile.de/auto-inserat/ford-ranger-wolftrak-doppelkabine-4x4-standheizng-ahk-ludwigsfelde/456648937.html
Ford Ranger 2.0 EcoBlue,Pick-up,SUV,False,https://suchen.mobile.de/auto-inserat/ford-ranger-xl-4x4-doppelkabine-1-hd-klimaanlage-cam-kassel/457354859.html
Ford Ranger 2.0 EcoBlue,Pick-up,SUV,False,https://suchen.mobile.de/auto-inserat/ford-ranger-xl-doppelkabine-4x4-ahz-ganzjahresreifen-waren-m%C3%BCritz/450946696.html
Ford Ranger 2.0 EcoBlue,Pick-up,SUV,False,https://suchen.mobile.de/auto-inserat/ford-ranger-xlt-2-0-eco-blue-doppelkabine-4x4-ahk-schl%C3%BCchtern/454565527.html
Ford Ranger 2.0 EcoBlue,Pick-up,SUV,False,https://suchen.mobile.de/auto-inserat/ford-ranger-xlt-2-0-ecob-doppelkabine-4x4-1-hand-filderstadt-bei-stuttgart/459480156.html
Ford Ranger 2.0 EcoBlue,Pick-up,SUV,False,https://suchen.mobile.de/auto-inserat/ford-ranger-xlt-2-0-ecoblue-dk-hardtop-fsh-ahk-shz-h%C3%BCfingen/445843596.html
Ford Ranger 2.0 EcoBlue,Pick-up,SUV,False,https://suchen.mobile.de/auto-inserat/ford-ranger-xlt-4x4-doppelkabine-oldenburg/458370887.html
Ford Ranger 2.0 EcoBlue,Pick-up,SUV,False,https://suchen.mobile.de/auto-inserat/ford-ranger-xlt-dokab-4x4-hardtop-simmern/447458371.html
Ford Ranger 2.0 EcoBlue,Pick-up,SUV,False,https://suchen.mobile.de/auto-inserat/ford-ranger-xlt-doppelkabine-4x4-1-hand-hardtop-ahk-essen/458477193.html
Ford Ranger 2.0 EcoBlue,Pick-up,SUV,False,https://suchen.mobile.de/auto-inserat/ford-ranger-xlt-doppelkabine-4x4-ahk-pdc-alu-sindelfingen-darmsheim/448411565.html
Ford Ranger 2.0 EcoBlue,Pick-up,SUV,False,https://suchen.mobile.de/auto-inserat/ford-ranger-xlt-doppelkabine-4x4-bluetooth-navi-klima-kolbermoor/443594774.html
Ford Ranger 2.0 EcoBlue,Pick-up,SUV,False,https://suchen.mobile.de/auto-inserat/ford-ranger-xlt-doppelkabine-4x4-eslohe-bremke/449728295.html
Ford Ranger 2.0 EcoBlue,Pick-up,SUV,False,https://suchen.mobile.de/auto-inserat/ford-ranger-xlt-doppelkabine-4x4-hardtop-ahk-3-5t-leer/453772072.html
Ford Ranger 2.0 EcoBlue,Pick-up,SUV,False,https://suchen.mobile.de/auto-inserat/ford-ranger-xlt-doppelkabine-4x4-kamera-ahk-m%C3%B6nchhagen/460054567.html
Ford Ranger 2.0 EcoBlue,Pick-up,SUV,False,https://suchen.mobile.de/auto-inserat/ford-ranger-xlt-doppelkabine-4x4-leer/442844675.html
Ford Ranger 2.0 EcoBlue,Pick-up,SUV,False,https://suchen.mobile.de/auto-inserat/ford-ranger-xlt-doppelkabine-4x4-leer/442847171.html
Ford Ranger 2.0 EcoBlue,Pick-up,SUV,False,https://suchen.mobile.de/auto-inserat/ford-ranger-xlt-doppelkabine-4x4-leer/446758486.html
Ford Ranger 2.0 EcoBlue,Pick-up,SUV,False,https://suchen.mobile.de/auto-inserat/ford-ranger-xlt-doppelkabine-4x4-leer/446761743.html
Ford Ranger 2.0 EcoBlue,Pick-up,SUV,False,https://suchen.mobile.de/auto-inserat/ford-ranger-xlt-doppelkabine-4x4-nav-ahk-temp-spurhal-nufringen-stuttgart/455918672.html
Ford Ranger 2.0 EcoBlue,Pick-up,SUV,False,https://suchen.mobile.de/auto-inserat/ford-ranger-xlt-doppelkabine-4x4-rollo-navi-ahk-selm/459479110.html
Ford Ranger 2.0 EcoBlue,Pick-up,SUV,False,https://suchen.mobile.de/auto-inserat/ford-ranger-xlt-doppelkabine-4x4-rotenburg/442383973.html
Ford Ranger 2.0 EcoBlue,Pick-up,SUV,False,https://suchen.mobile.de/auto-inserat/ford-ranger-xlt-doppelkabine-4x4-speichersdorf/455498014.html
Ford Ranger 2.0 EcoBlue,Pick-up,SUV,False,https://suchen.mobile.de/auto-inserat/ford-ranger4x4-xlt-doka-automatik-54-tkm-roetgen/459098995.html
Ford Ranger 2.0 EcoBlue,Pick-up,SUV,False,https://suchen.mobile.de/auto-inserat/ford-wildtrak-doppelkabine-4x4-dab-1-hd-bt-ober-m%C3%B6rlen/460120429.html
Ford Ranger 2.0 EcoBlue,Pick-up,SUV,False,https://suchen.mobile.de/auto-inserat/ford-ranger-dk-wildtrak-4x4-aut-ahk-klima-navi-sitzhz-eschwege/460585743.html
Ford Ranger 2.0 EcoBlue,Pick-up,SUV,False,https://suchen.mobile.de/auto-inserat/ford-ranger-wildtrak-2-0-ecoblue-213-ps-4x4-garantie-datteln/459694050.html
Ford Ranger 2.0 EcoBlue,Pick-up,SUV,False,https://suchen.mobile.de/auto-inserat/ford-ranger-wildtrak-doppelkabine-4x4-buxtehude/460552977.html
Ford Ranger 2.0 EcoBlue,Pick-up,SUV,False,https://suchen.mobile.de/auto-inserat/ford-ranger-xlt-2-0-ecoblue-4x4-doppelkabine-b%C3%BChl/458183302.html
Ford Ranger 2.0 EcoBlue,Pick-up,SUV,False,https://suchen.mobile.de/auto-inserat/ford-ranger-xlt-doppelkabine-4x4-nav-ahk-temp-spurhal-nufringen-stuttgart/460532556.html
Ford Ranger 2.0 EcoBlue,Pick-up,SUV,False,https://suchen.mobile.de/auto-inserat/ford-ranger-wildtrack-hardtop-1-hand-d%C3%BCsseldorf/460630931.html
Ford Ranger 2.0 EcoBlue,Pick-up,SUV,False,https://suchen.mobile.de/auto-inserat/ford-ranger-limited-doppelkabine-2-hand-b2b-h%C3%A4ndler-moers/454594308.html
Ford Ranger 2.0 EcoBlue,Pick-up,SUV,False,https://suchen.mobile.de/auto-inserat/ford-ranger-limited-doppelkabine-4x4-h%C3%BCrth/460722093.html
Ford Ranger 2.0 EcoBlue,Pick-up,SUV,False,https://suchen.mobile.de/auto-inserat/ford-ranger-wildtrak-doka-4x4-autom-el-rollo-ahk-berlin/460730211.html
Ford Ranger 2.0 EcoBlue,Pick-up,SUV,False,https://suchen.mobile.de/auto-inserat/ford-ranger-xlt-doppelkabine-4x4-hannover/460725296.html
Ford Ranger 2.0 EcoBlue,Pick-up,SUV,False,https://suchen.mobile.de/auto-inserat/ford-ranger-wildtrak-4x4-cam-spur-navi-led-distr-ahk-herrenberg-bei-stuttgart/460820482.html
Ford Ranger 2.0 EcoBlue,Pick-up,SUV,False,https://suchen.mobile.de/auto-inserat/ford-ranger-wildtrak-doppelkabine-4x4-ahk-3500kg-husum/433664048.html
Ford Ranger 2.0 EcoBlue,Pick-up,SUV,False,https://suchen.mobile.de/auto-inserat/ford-ranger-wildtrak-doppelkabine-4x4-herford/456343739.html
Ford Ranger 2.0 EcoBlue,Pick-up,SUV,False,https://suchen.mobile.de/auto-inserat/ford-ranger-wildtrak-doppelkabine-4x4-wenig-km-top-1a-duisburg/460797172.html
Ford Ranger 2.0 EcoBlue,Pick-up,SUV,False,https://suchen.mobile.de/auto-inserat/ford-ranger-xlt-doppelkabine-4x4-hardtop-spremberg-bei-cottbus/426765121.html
Ford Ranger 2.0 EcoBlue,Pick-up,SUV,False,https://suchen.mobile.de/auto-inserat/ford-ranger-wildtrak-aut-doppelkabine-4x4-leder-navi-garbsen/460865851.html
Ford Ranger 2.0 EcoBlue,Pick-up,SUV,False,https://suchen.mobile.de/auto-inserat/ford-ranger-2-0-l-ecoblue-limited-dk-4x4-krefeld/460963541.html
Ford Ranger 2.0 EcoBlue,Pick-up,SUV,False,https://suchen.mobile.de/auto-inserat/ford-ranger-2-0-diesel-4x4-automatic-vin-173-levice/461101964.html
Ford Ranger 2.0 EcoBlue,Pick-up,SUV,False,https://suchen.mobile.de/auto-inserat/ford-ranger-wildtrak-doppelkabine-4x4-bad-waldsee/450847455.html
Ford Ranger 2.0 EcoBlue,Pick-up,SUV,False,https://suchen.mobile.de/auto-inserat/ford-ranger-wildtrak-doppelkabine-4x4-led-navi-wittenberge/448400120.html
Ford Ranger 2.0 EcoBlue,Pick-up,SUV,False,https://suchen.mobile.de/auto-inserat/ford-ranger-wolftrak-doppelkabine-4x4-m%C3%BCnchen/460094494.html
Ford Ranger 2.0 EcoBlue,Pick-up,SUV,False,https://suchen.mobile.de/auto-inserat/ford-ranger-limited-doppelkabine-2-hand-moers/454594308.html
Ford Ranger 2.0 EcoBlue,Pick-up,SUV,False,https://suchen.mobile.de/auto-inserat/ford-ranger-wildtrak-doppelkabine-4x4-d%C3%BCsseldorf/459092799.html
Ford Ranger 2.0 EcoBlue,Pick-up,SUV,False,https://suchen.mobile.de/auto-inserat/ford-ranger-wildtrak-doppelkabine-4x4-hardtop-leder-n-dinslaken/461260045.html
Ford Ranger 2.0 EcoBlue,Pick-up,SUV,False,https://suchen.mobile.de/auto-inserat/ford-ranger-krefeld/460972859.html
Ford Ranger 2.0 EcoBlue,Pick-up,SUV,False,https://suchen.mobile.de/auto-inserat/ford-ranger-panther-limited-doka-leder-kamera-led-ahk-steinbach-hallenberg-ot-herges-hallenberg/461334889.html
Ford Ranger 2.0 EcoBlue,Pick-up,SUV,False,https://suchen.mobile.de/auto-inserat/ford-ranger-siegen/461184591.html
Ford Ranger 2.0 EcoBlue,Pick-up,SUV,False,https://suchen.mobile.de/auto-inserat/ford-ranger-wildtrak-doppelkabine-4x4-dillingen/461366585.html
Ford Ranger 2.0 EcoBlue,Pick-up,SUV,False,https://suchen.mobile.de/auto-inserat/ford-ranger-limited-doppelkabine-4x4-aut-rollo-spaichingen/461451097.html
Ford Ranger 2.0 EcoBlue,Pick-up,SUV,False,https://suchen.mobile.de/auto-inserat/ford-ranger-limited-doppelkabine-4x4-osnabr%C3%BCck/461428222.html
Ford Ranger 2.0 EcoBlue,Pick-up,SUV,False,https://suchen.mobile.de/auto-inserat/ford-ranger-wildtrak-doka-leder-kamera-standh-hartop-m%C3%BClheim-an-der-ruhr/461455604.html
Ford Ranger 2.0 EcoBlue,Pick-up,SUV,False,https://suchen.mobile.de/auto-inserat/ford-ranger-wildtrak-doppelkabine-4x4-automatik-osnabr%C3%BCck/461428310.html
Ford Ranger 2.0 EcoBlue,Pick-up,SUV,False,https://suchen.mobile.de/auto-inserat/ford-ranger-wildtrak-doppelkabine-4x4-led-navi-20zoll-aalen/461451773.html
Ford Ranger 2.0 EcoBlue,Pick-up,SUV,False,https://suchen.mobile.de/auto-inserat/ford-ranger-xl-4x4-doka-acc-kamera-carplay-ahk-fulda/454623961.html
Ford Ranger 2.0 EcoBlue,Pick-up,SUV,False,https://suchen.mobile.de/auto-inserat/ford-ranger-xl-4x4-techno-pak-19-carplay-kamera-ahk-fulda/454606451.html
Ford Ranger 2.0 EcoBlue,Pick-up,SUV,False,https://suchen.mobile.de/auto-inserat/ford-ranger-xlt-4x4-doppelkabine-tempomat-klima-f%C3%BCrstenwalde-bei-berlin/461449395.html
Ford Ranger 2.0 EcoBlue,Pick-up,SUV,False,https://suchen.mobile.de/auto-inserat/ford-ranger-xlt-doppelkabine-4x4-ahk-pdc-shz-tempo-da-rendsburg/461467449.html
Ford Ranger 2.0 EcoBlue,Pick-up,SUV,False,https://suchen.mobile.de/auto-inserat/ford-ranger-wildtrak-doppelkabine-4x4-w%C3%BCrselen/461521381.html
Ford Ranger 2.0 EcoBlue,Pick-up,SUV,False,https://suchen.mobile.de/auto-inserat/ford-ranger-doka-wolftrak-ahk-navi-kamera-ascheberg/458073271.html
Ford Ranger 2.0 EcoBlue,Pick-up,SUV,False,https://suchen.mobile.de/auto-inserat/ford-ranger-doka-170ps-autm-xlt-4x4-rollo-offroad-eilenburg/460215230.html
Ford Ranger 2.0 EcoBlue,Pick-up,SUV,False,https://suchen.mobile.de/auto-inserat/ford-ranger-doka-212ps-4x4-autm-limited-hardtop-eilenburg/461325409.html
Ford Ranger 2.0 EcoBlue,Pick-up,SUV,False,https://suchen.mobile.de/auto-inserat/ford-ranger-limited-gro%C3%9Fefehn/461685097.html
Ford Ranger 2.0 EcoBlue,Pick-up,SUV,False,https://suchen.mobile.de/auto-inserat/ford-ranger-wildtrak-doppelkabine-4x4-acc-rfk-puchheim/461199060.html
Ford S-MAX 2.0 EcoBlue,MPV,Kombi,False,https://suchen.mobile.de/auto-inserat/ford-s-max-2-0-ecoblue-allrad-aut-vignale-pano-ahk-wernigerode/460041713.html
Ford S-MAX 2.0 EcoBlue,MPV,Kombi,False,https://suchen.mobile.de/auto-inserat/ford-s-max-2-0-ecoblue-aut-st-line-beverungen/459729283.html
Ford S-MAX 2.0 EcoBlue,MPV,SUV,False,https://suchen.mobile.de/auto-inserat/ford-s-max-2-0-ecoblue-aut-titanum-euskirchen/458566226.html
Ford S-MAX 2.0 EcoBlue,MPV,Kombi,False,https://suchen.mobile.de/auto-inserat/ford-s-max-2-0-ecoblue-schwerin/453934478.html
Ford S-MAX 2.0 EcoBlue,MPV,Kombi,False,https://suchen.mobile.de/auto-inserat/ford-s-max-2-0-ecoblue-st-line-awd-start-stopp-shz-pd-unterschlei%C3%9Fheim/450194973.html
Ford S-MAX 2.0 EcoBlue,MPV,Kombi,False,https://suchen.mobile.de/auto-inserat/ford-s-max-2-0-ecoblue-aut-titanium-gersthofen/460872518.html
Ford S-MAX 2.0 EcoBlue,MPV,Kombi,False,https://suchen.mobile.de/auto-inserat/ford-s-max-2-0-ecoblue-allrad-aut-st-line-offenburg-industriegebiet-elgersweier-nord/461621020.html
Ford S-MAX 2.0 TSI,MPV,SUV,False,https://suchen.mobile.de/auto-inserat/ford-s-max-st-line-led-kessy-acc-navi-shz-sportsitze-garching-bei-m%C3%BCnchen/453782395.html
Ford S-MAX 2.0 dCi,MPV,SUV,False,https://suchen.mobile.de/auto-inserat/ford-s-max-titanium-tdci190-auto-nav-led-wipa-7sitze-leuna/407303843.html
Ford S-MAX 2.5,MPV,Kombi,False,https://suchen.mobile.de/auto-inserat/ford-s-max-2-5-duratec-fhev-edition-alzey/443489826.html
Ford S-MAX 2.5,MPV,SUV,False,https://suchen.mobile.de/auto-inserat/ford-s-max-2-5-duratec-fhev-titanium-ahk-euskirchen/460216003.html
Ford S-MAX 2.5,MPV,SUV,False,https://suchen.mobile.de/auto-inserat/ford-s-max-2-5-duratec-fhev-titanium-ahk-euskirchen/460216016.html
Ford S-MAX 2.5,MPV,Kombi,False,https://suchen.mobile.de/auto-inserat/ford-s-max-2-5-duratec-fhev-titanium-alzey/457482930.html
Ford S-MAX 2.5,MPV,Kombi,False,https://suchen.mobile.de/auto-inserat/ford-s-max-st-line-2-5-duratec-fhev-7-sitzer-dorfmark/455065126.html
Ford S-MAX 2.5,MPV,Kombi,False,https://suchen.mobile.de/auto-inserat/ford-s-max-st-line-2-5-duratec-fhev-7-sitzer-dorfmark/459362816.html
Ford S-MAX 2.5,MPV,Kombi,False,https://suchen.mobile.de/auto-inserat/ford-s-max-st-line-2-5-duratec-fhev-dorfmark/454965514.html
Ford S-MAX 2.5,MPV,Kombi,False,https://suchen.mobile.de/auto-inserat/ford-s-max-st-line-2-5-duratec-fhev-dorfmark/460313184.html
Ford S-MAX 2.5,MPV,Kombi,False,https://suchen.mobile.de/auto-inserat/ford-s-max-st-line-sportpaket-bretten/453834502.html
Ford S-MAX 2.5,MPV,Kombi,False,https://suchen.mobile.de/auto-inserat/ford-s-max-titanium-2-5-duratec-fhev-dorfmark/457228833.html
Ford S-MAX 2.5,MPV,SUV,False,https://suchen.mobile.de/auto-inserat/ford-s-max-titanium-bretten/458940790.html
Ford S-MAX 2.5,MPV,Kombi,False,https://suchen.mobile.de/auto-inserat/ford-s-max-vignale-2-5-duratec-fhev-dorfmark/457791265.html
Ford S-MAX 2.5,MPV,Kombi,False,https://suchen.mobile.de/auto-inserat/ford-s-max-st-line-2-5-duratec-fhev-dorfmark/460525298.html
Ford S-MAX 2.5,MPV,Kombi,False,https://suchen.mobile.de/auto-inserat/ford-s-max-st-line-sport-panorama-bretten/453834502.html
Ford S-MAX 2.5,MPV,Kombi,False,https://suchen.mobile.de/auto-inserat/ford-s-max-2-5-duratec-fhev-7-sitzer-titanium-worms/461356058.html
Ford S-MAX 2.5,MPV,SUV,False,https://suchen.mobile.de/auto-inserat/ford-s-max-fhev-st-line-business-p-ii-ahk-aspach/461364768.html
Ford S-MAX 2.5 Duratec FHEV,MPV,Kombi,False,https://www.sauto.cz/osobni/detail/ford/s-max/210760409
Ford Tourneo Custom 2.0 EcoBlue,MPV,SUV,False,https://suchen.mobile.de/auto-inserat/ford-tourneo-custom-185ps-active-l1-xenon-sperrdiff-eilenburg/443552048.html
Ford Transit Custom 2.0 dCi,MPV,Kombi,False,https://suchen.mobile.de/auto-inserat/ford-transit-2-0-tdci-custom-kombi-automatik-9-sitze-b%C3%B6blingen-stuttgart/460061130.html
Ford Transit Custom 2.0 dCi,MPV,Kombi,False,https://suchen.mobile.de/auto-inserat/ford-transit-custom-2-0-eb-trend-l1-8-sitze-navi-gyhum-bockel/455622135.html
Ford Transit Custom 2.0 dCi,MPV,Hatchback,False,https://suchen.mobile.de/auto-inserat/ford-transit-custom-2-0-tdci-320-l1-9-sitze-standh-bischofsheim/460044207.html
Ford Transit Custom 2.0 dCi,MPV,Kombi,False,https://suchen.mobile.de/auto-inserat/ford-transit-custom-2-0-tdci-340-l1-trend-euro-6d-3-stade/445876605.html
Ford Transit Custom 2.0 dCi,MPV,Kombi,False,https://suchen.mobile.de/auto-inserat/ford-transit-custom-320-l1-sport-2-0-tdci-bad-salzuflen/456400627.html
Ford Transit Custom 2.0 dCi,MPV,Kombi,False,https://suchen.mobile.de/auto-inserat/ford-transit-custom-l1-trend-standheizung-9-sitzer-ilshofen/442851929.html
Ford Transit Custom 2.0 dCi,MPV,Kombi,False,https://suchen.mobile.de/auto-inserat/ford-transit-custom-kombi-320-l2-trend-dab-ahk-sitzhz-jena-lobeda/460551719.html
Ford Transit Custom 2.0 dCi,MPV,Kombi,False,https://suchen.mobile.de/auto-inserat/ford-transit-350-l3-trend-2-0-tdci-dpf-bad-salzuflen/457994832.html
Hyundai Kona 1.6,SUV,MPV,False,https://www.sauto.cz/osobni/detail/hyundai/kona/209772492
Hyundai Kona 1.6,SUV,MPV,False,https://www.sauto.cz/osobni/detail/hyundai/kona/209930889
Hyundai Kona 1.6,SUV,Hatchback,False,https://www.sauto.cz/osobni/detail/hyundai/kona/210104105
Hyundai Kona 1.6,SUV,Kombi,False,https://suchen.mobile.de/auto-inserat/hyundai-kona-sx2-my25-1-6-t-gdi-138ps-7-dct-2wd-tren-idar-oberstein/457342694.html
Hyundai Kona 1.6 GDI HEV,SUV,MPV,False,https://suchen.mobile.de/auto-inserat/hyundai-kona-hybrid-automatik-trend-el-heckklappe-traunstein/457376541.html
Hyundai Kona 1.6 TGDI,SUV,Kombi,False,https://www.sauto.cz/osobni/detail/hyundai/kona/209772609
Hyundai Kona 2.0 T-GDI,SUV,Kupé,False,https://suchen.mobile.de/auto-inserat/hyundai-kona-n-performance-2-0-t-gdi-dct-extras-1-hd-trier/428790177.html
Hyundai Kona 2.0 T-GDI,SUV,Hatchback,False,https://suchen.mobile.de/auto-inserat/hyundai-kona-n-performance-2wd-k%C3%B6nigs-wusterhausen/459752776.html
Hyundai Kona 2.0 T-GDI,SUV,Kupé,False,https://suchen.mobile.de/auto-inserat/hyundai-kona-n-performance-dct-2-0-t-gdi-eu6d-winter-al-bornheim/455260932.html
Hyundai Santa Fe 2.2 CRDi,SUV,Kombi,False,https://www.sauto.cz/osobni/detail/hyundai/santa-fe/209994111
Hyundai Santa Fe 2.2 CRDi,SUV,Kombi,False,https://www.sauto.cz/osobni/detail/hyundai/santa-fe/210448334
Hyundai Santa Fe 2.2 CRDi,SUV,Kombi,False,https://www.sauto.cz/osobni/detail/hyundai/santa-fe/210530924
Hyundai Santa Fe 2.2 CRDi,SUV,Kombi,False,https://www.sauto.cz/osobni/detail/hyundai/santa-fe/210571829
Hyundai Santa Fe 2.2 CRDi,SUV,Kombi,False,https://www.sauto.cz/osobni/detail/hyundai/santa-fe/210635558
Hyundai Santa Fe 2.2 CRDi,SUV,Kombi,False,https://www.sauto.cz/osobni/detail/hyundai/santa-fe/210531260
Hyundai Santa Fe 2.2 CRDi,SUV,Kombi,False,https://www.sauto.cz/osobni/detail/hyundai/santa-fe/210194903
Hyundai Tucson 1.6 T-GDI,SUV,Kombi,False,https://suchen.mobile.de/auto-inserat/hyundai-tucson-fl-1-6-t-gdi-7-dct-2wd-n-line-led-paket-idar-oberstein/440110691.html
Hyundai Tucson 1.6 T-GDI,SUV,Kombi,False,https://suchen.mobile.de/auto-inserat/hyundai-tucson-1-6-t-gdi-advantage-2wd-led-navi-acc-rfk-chemnitz-mittelbach/460713131.html
Hyundai Tucson 1.6 T-GDI,SUV,Kombi,False,https://suchen.mobile.de/auto-inserat/hyundai-tucson-fl-1-6-t-gdi-7-dct-2wd-n-line-led-paket-kaiserslautern/460694403.html
Hyundai Tucson 1.6 T-GDI MHEV,SUV,Sedan,False,https://www.sauto.cz/osobni/detail/hyundai/tucson/210421778
Hyundai Tucson 1.6 T-GDI MHEV,SUV,MPV,False,https://suchen.mobile.de/auto-inserat/hyundai-tucson-prime-mild-hybrid-4wd-neu-ulm/458103928.html
Hyundai Tucson 1.6 T-GDI MHEV,SUV,Kombi,False,https://suchen.mobile.de/auto-inserat/hyundai-tucson-edition-30-mild-hybrid-2wd-klima-navi-stuttgart/461274485.html
Hyundai Tucson 1.6 T-GDI PHEV,SUV,MPV,False,https://suchen.mobile.de/auto-inserat/hyundai-tucson-plug-in-hybrid-4wd-bad-schwalbach/459810224.html
Hyundai i20 1.6 T-GDI,Hatchback,Kupé,False,https://suchen.mobile.de/auto-inserat/hyundai-i20-n-performance-ahk-garantie-service-neu-rommerskirchen/459396347.html
Hyundai i20 1.6 T-GDI,Hatchback,Kupé,False,https://suchen.mobile.de/auto-inserat/hyundai-i20-n-performance-aschersleben/436237307.html
Hyundai i30 1.6 CRDi,Hatchback,SUV,False,https://suchen.mobile.de/auto-inserat/hyundai-i30-1-5-cw-trend-klima-navi-pdc-rfk-dab-uvm-augsburg/458486813.html
Hyundai i30 1.6 CRDi,Hatchback,SUV,False,https://suchen.mobile.de/auto-inserat/hyundai-i30-advantage-aut-fernlichtass-kam-klimaa-led-saalfeld/449471589.html
Hyundai i30 1.6 CRDi,Hatchback,Kupé,False,https://suchen.mobile.de/auto-inserat/hyundai-i30-fastback-prime-leder-led-sitz6lenkhz-klimaau-halle-saale/457915349.html
Hyundai i30 1.6 CRDi,Hatchback,Kupé,False,https://suchen.mobile.de/auto-inserat/hyundai-i30-n-line-x-el-panodach-navi-led-acc-apple-car-augsburg/461075387.html
Hyundai i30 1.6 CRDi,Hatchback,Kupé,False,https://suchen.mobile.de/auto-inserat/hyundai-i30-n-line-x-el-panodach-navi-led-acc-apple-car-g%C3%BCnzburg/461075343.html
Hyundai i30 2.0 T-GDI,Hatchback,Sedan,False,https://suchen.mobile.de/auto-inserat/hyundai-i30-2-0-n-performance-shz-sportabgasanlage-led-vellmar/459766448.html
Hyundai i30 2.0 T-GDI,Hatchback,Kupé,False,https://suchen.mobile.de/auto-inserat/hyundai-i30-2-0-t-gdi-dct-fastback-n-perfomance-scheckhe-delligsen/459679907.html
Hyundai i30 2.0 T-GDI,Hatchback,Kupé,False,https://suchen.mobile.de/auto-inserat/hyundai-i30-2-0-t-gdi-fastback-n-performance-northeim/458417007.html
Hyundai i30 2.0 T-GDI,Hatchback,Sedan,False,https://suchen.mobile.de/auto-inserat/hyundai-i30-2-0-t-gdi-n-performance-led-navi-kamera-dab-dresden/459005687.html
Hyundai i30 2.0 T-GDI,Hatchback,SUV,False,https://suchen.mobile.de/auto-inserat/hyundai-i30-fastback-n-performance-klima-navi-led-uvm-augsburg/458592326.html
Hyundai i30 2.0 T-GDI,Hatchback,Kupé,False,https://suchen.mobile.de/auto-inserat/hyundai-i30-n-2-0-t-gdi-fastback-navi-komfort-g%C3%B6ttingen/452026446.html
Hyundai i30 2.0 T-GDI,Hatchback,Kupé,False,https://suchen.mobile.de/auto-inserat/hyundai-i30-n-performance-6-gang-n-schalensitze-rosenheim/456337101.html
Hyundai i30 2.0 T-GDI,Hatchback,Sedan,False,https://suchen.mobile.de/auto-inserat/hyundai-i30-n-performance-pano-kamera-maxton-memory-remscheid/459751168.html
Hyundai i30 2.0 T-GDI,Hatchback,Sedan,False,https://suchen.mobile.de/auto-inserat/hyundai-i30n-performance-2hd-schalensitze-sheft-garantie-h%C3%B6sbach/459490705.html
Hyundai i30 2.0 T-GDI,Hatchback,Sedan,False,https://suchen.mobile.de/auto-inserat/hyundai-i30-remscheid/459751168.html
Hyundai i30 2.0 T-GDI,Hatchback,Kupé,False,https://suchen.mobile.de/auto-inserat/hyundai-i30-2-0-t-gdi-dct-fastback-n-performance-herford/461341570.html
Hyundai i30 2.0 T-GDI,Hatchback,Kupé,False,https://suchen.mobile.de/auto-inserat/hyundai-i30-fastback-n-performance-3jahre-garantie-boden/460608675.html
Hyundai i30 Kombi 1.5 T-GDI MHEV,Kombi,SUV,False,https://www.sauto.cz/osobni/detail/hyundai/i30/210716882
Hyundai i30 Kombi 1.5 T-GDI MHEV,Kombi,Sedan,False,https://www.sauto.cz/osobni/detail/hyundai/i30/210827939
Hyundai i30 Kombi 1.5 T-GDI MHEV,Kombi,SUV,False,https://suchen.mobile.de/auto-inserat/hyundai-i30-1-5-t-gdi-7-dct-advantage-erst-2616km-navi-l-soest/459669269.html
Hyundai i30 Kombi 1.5 T-GDI MHEV,Kombi,SUV,False,https://suchen.mobile.de/auto-inserat/hyundai-i30-1-5-t-gdi-7-dct-advantage-erst-2616km-navi-l-soest/460307233.html
Hyundai i30 Kombi 1.5 T-GDI MHEV,Kombi,MPV,False,https://suchen.mobile.de/auto-inserat/hyundai-i30-1-5-t-gdi-dct-go-plus-led-kamera-pano-dach-werdohl/431265798.html
Hyundai i30 Kombi 1.5 T-GDI MHEV,Kombi,Sedan,False,https://suchen.mobile.de/auto-inserat/hyundai-i30-1-5-t-gdi-trend-led-r%C3%BCckkamera-ass-systeme-lastrup/459765169.html
Hyundai i30 Kombi 1.5 T-GDI MHEV,Kombi,Sedan,False,https://suchen.mobile.de/auto-inserat/hyundai-i30-1-6-t-gdi-7dct-go-shz-navi-pdc-kamera-d%C3%BCsseldorf/458411680.html
Hyundai i30 Kombi 1.5 T-GDI MHEV,Kombi,Kupé,False,https://suchen.mobile.de/auto-inserat/hyundai-i30-cw-n-line-mild-hybrid-klima-navi-stuttgart/449021294.html
Hyundai i30 Kombi 1.5 T-GDI MHEV,Kombi,Sedan,False,https://suchen.mobile.de/auto-inserat/hyundai-i30-iii-fastback-1-5-mhev-t-gdi-fastback-n-lin-neuensalz/454043736.html
Hyundai i30 Kombi 1.5 T-GDI MHEV,Kombi,Sedan,False,https://suchen.mobile.de/auto-inserat/hyundai-i30-n-line-1-6-t-gdi-dct-my26-navi-klimaaut-dinslaken/454560761.html
Hyundai i30 Kombi 1.5 T-GDI MHEV,Kombi,Sedan,False,https://suchen.mobile.de/auto-inserat/hyundai-i30-n-line-x-1-6t-gdi-7-dct-2wd-panoramadach-mem-hattingen/457818703.html
Jaecoo 5 1.6 TGDI,SUV,Hatchback,False,https://www.sauto.cz/osobni/detail/jaecoo/5/210492440
Jaecoo 7 1.6 T-GDI,SUV,Hatchback,False,https://www.sauto.cz/osobni/detail/jaecoo/7/210301709
Jaecoo 7 1.6 TGDI AWD,SUV,Hatchback,False,https://www.sauto.cz/osobni/detail/jaecoo/7/210044709
Jaecoo 7 1.6 TGDI AWD,SUV,Hatchback,False,https://www.sauto.cz/osobni/detail/jaecoo/7/210335912
Jaguar XE 2.0,Sedan,SUV,False,https://suchen.mobile.de/auto-inserat/jaguar-xe-d200-se-greding/450622028.html
Jeep Compass 1.3 PHEV 4xe,SUV,Kupé,False,https://suchen.mobile.de/auto-inserat/jeep-compass-s-plug-in-hybrid-4wd-kottenheim/457514718.html
Jeep Compass 1.3 PHEV 4xe,SUV,Kupé,False,https://suchen.mobile.de/auto-inserat/jeep-compass-trailhawk-plug-in-hybrid-4wd-schwabm%C3%BCnchen/457573139.html
Jeep Renegade 1.3,SUV,Sedan,False,https://www.sauto.cz/osobni/detail/jeep/renegade/210453641
KGM Korando 1.5 GDI-T 2WD,SUV,Kombi,False,https://www.sauto.cz/osobni/detail/kgm/korando/210559115
KGM Korando 1.5 GDI-T 2WD,SUV,Kombi,False,https://www.sauto.cz/osobni/detail/ssangyong/korando/210720914
KGM Korando 1.5 T-GDI,SUV,Kombi,False,https://www.sauto.cz/osobni/detail/ssangyong/korando/210096350
KGM Korando 1.5 T-GDI,SUV,Kombi,False,https://www.sauto.cz/osobni/detail/ssangyong/korando/210463478
KGM Tivoli 1.5 T-GDI,SUV,Kombi,False,https://www.sauto.cz/osobni/detail/ssangyong/tivoli/209638806
KGM Tivoli 1.5 T-GDI,SUV,Hatchback,False,https://www.sauto.cz/osobni/detail/ssangyong/tivoli/210391241
KGM Tivoli 1.5 T-GDI,SUV,Kombi,False,https://www.sauto.cz/osobni/detail/ssangyong/tivoli/210527180
KGM Tivoli 1.5 T-GDI,SUV,Hatchback,False,https://suchen.mobile.de/auto-inserat/kgm-tivoli-essential-t-gdi-1-5benziner-163-ps-mt-na-dierdorf/452524836.html
KGM Tivoli 1.5 T-GDI,SUV,Hatchback,False,https://suchen.mobile.de/auto-inserat/kgm-tivoli-nomad-t-gdi-1-5benziner-163-ps-at-navi-dierdorf/452573251.html
KGM Tivoli 1.5 T-GDI,SUV,Hatchback,False,https://suchen.mobile.de/auto-inserat/kgm-tivoli-nomad-t-gdi-1-5benziner-163-ps-mt-navi-dierdorf/448749965.html
KGM Tivoli 1.5 T-GDI,SUV,Hatchback,False,https://suchen.mobile.de/auto-inserat/kgm-tivoli-nomad-t-gdi-1-5benziner-163-ps-mt-navi-dierdorf/453837308.html
KGM Tivoli 1.5 T-GDI,SUV,Kombi,False,https://suchen.mobile.de/auto-inserat/kgm-tivoli-tivoli-grand-1-5-t-gdi-2wd-at-sapphire-t-heilbronn/459502023.html
KGM Tivoli 1.5 T-GDI,SUV,Hatchback,False,https://suchen.mobile.de/auto-inserat/ssangyong-tivoli-grand-onyx-1-5-t-gdi-6at-frankenthal/448809327.html
KGM Tivoli 1.5 T-GDI,SUV,Kombi,False,https://suchen.mobile.de/auto-inserat/ssangyong-tivoli-grand-onyx-1-5-t-gdi-6at-frankenthal/448809329.html
KGM Tivoli 1.5 T-GDI,SUV,Hatchback,False,https://suchen.mobile.de/auto-inserat/kgm-tivoli-essential-t-gdi-1-5b-163-ps-mt-ab-2-99-dierdorf/452524836.html
KGM Tivoli 1.5 T-GDI,SUV,Hatchback,False,https://suchen.mobile.de/auto-inserat/kgm-tivoli-nomad-t-gdi-1-5b-ab-2-99-163-ps-mt-nav-dierdorf/448749965.html
KGM Tivoli 1.5 T-GDI,SUV,Hatchback,False,https://suchen.mobile.de/auto-inserat/kgm-tivoli-nomad-t-gdi-1-5b-ab-2-99-163-ps-mt-nav-dierdorf/453837308.html
KGM Torres 1.5 T-GDI,SUV,Kombi,False,https://www.sauto.cz/osobni/detail/ssangyong/torres/209475300
Kia Ceed 1.6 CRDi,Hatchback,SUV,False,https://suchen.mobile.de/auto-inserat/kia-ceed-1-6-crdi-vision-at-navi-komfort-brockel/455302036.html
Kia Ceed 1.6 CRDi,Hatchback,Kupé,False,https://suchen.mobile.de/auto-inserat/kia-proceed-1-6-crdi-dct-gt-line-navi-tech-acc-shz-meinerzhagen/436455657.html
Kia Ceed SW 1.6 GDI PHEV,Kombi,Kupé,False,https://suchen.mobile.de/auto-inserat/kia-ceed-1-5t-gdi-140-ps-dct-gt-line-led-technik-gla-volkmarsen/449988576.html
Kia K4 1.6 T-GDI,Kombi,Hatchback,False,https://www.sauto.cz/osobni/detail/kia/k4/209598159
Kia K4 1.6 T-GDI,Kombi,Hatchback,False,https://www.sauto.cz/osobni/detail/kia/k4/209620080
Kia K4 1.6 T-GDI,Kombi,Hatchback,False,https://www.sauto.cz/osobni/detail/kia/k4/209630025
Kia K4 1.6 T-GDI,Kombi,Hatchback,False,https://www.sauto.cz/osobni/detail/kia/k4/209637576
Kia K4 1.6 T-GDI,Kombi,Hatchback,False,https://www.sauto.cz/osobni/detail/kia/k4/209643645
Kia K4 1.6 T-GDI,Kombi,Hatchback,False,https://www.sauto.cz/osobni/detail/kia/k4/209659446
Kia K4 1.6 T-GDI,Kombi,Hatchback,False,https://www.sauto.cz/osobni/detail/kia/k4/209695641
Kia K4 1.6 T-GDI,Kombi,Hatchback,False,https://www.sauto.cz/osobni/detail/kia/k4/209705259
Kia K4 1.6 T-GDI,Kombi,Hatchback,False,https://www.sauto.cz/osobni/detail/kia/k4/209706063
Kia K4 1.6 T-GDI,Kombi,Hatchback,False,https://www.sauto.cz/osobni/detail/kia/k4/209718312
Kia K4 1.6 T-GDI,Kombi,Hatchback,False,https://www.sauto.cz/osobni/detail/kia/k4/209763300
Kia K4 1.6 T-GDI,Kombi,Hatchback,False,https://www.sauto.cz/osobni/detail/kia/k4/209767968
Kia K4 1.6 T-GDI,Kombi,Hatchback,False,https://www.sauto.cz/osobni/detail/kia/k4/209771967
Kia K4 1.6 T-GDI,Kombi,Hatchback,False,https://www.sauto.cz/osobni/detail/kia/k4/209772723
Kia K4 1.6 T-GDI,Kombi,Hatchback,False,https://www.sauto.cz/osobni/detail/kia/k4/209777889
Kia K4 1.6 T-GDI,Kombi,Hatchback,False,https://www.sauto.cz/osobni/detail/kia/k4/209778714
Kia K4 1.6 T-GDI,Kombi,Hatchback,False,https://www.sauto.cz/osobni/detail/kia/k4/209779650
Kia K4 1.6 T-GDI,Kombi,Hatchback,False,https://www.sauto.cz/osobni/detail/kia/k4/209785692
Kia K4 1.6 T-GDI,Kombi,Hatchback,False,https://www.sauto.cz/osobni/detail/kia/k4/209814984
Kia K4 1.6 T-GDI,Kombi,Hatchback,False,https://www.sauto.cz/osobni/detail/kia/k4/209845455
Kia K4 1.6 T-GDI,Kombi,Hatchback,False,https://www.sauto.cz/osobni/detail/kia/k4/209852139
Kia K4 1.6 T-GDI,Kombi,Hatchback,False,https://www.sauto.cz/osobni/detail/kia/k4/209876517
Kia K4 1.6 T-GDI,Kombi,Hatchback,False,https://www.sauto.cz/osobni/detail/kia/k4/209877420
Kia K4 1.6 T-GDI,Kombi,Hatchback,False,https://www.sauto.cz/osobni/detail/kia/k4/209877432
Kia K4 1.6 T-GDI,Kombi,Hatchback,False,https://www.sauto.cz/osobni/detail/kia/k4/209877435
Kia K4 1.6 T-GDI,Kombi,Hatchback,False,https://www.sauto.cz/osobni/detail/kia/k4/209974254
Kia K4 1.6 T-GDI,Kombi,Hatchback,False,https://www.sauto.cz/osobni/detail/kia/k4/209997351
Kia K4 1.6 T-GDI,Kombi,Hatchback,False,https://www.sauto.cz/osobni/detail/kia/k4/210103082
Kia K4 1.6 T-GDI,Kombi,Hatchback,False,https://www.sauto.cz/osobni/detail/kia/k4/210117002
Kia K4 1.6 T-GDI,Kombi,Hatchback,False,https://www.sauto.cz/osobni/detail/kia/k4/210209432
Kia K4 1.6 T-GDI,Kombi,Hatchback,False,https://www.sauto.cz/osobni/detail/kia/k4/210243692
Kia K4 1.6 T-GDI,Kombi,Hatchback,False,https://www.sauto.cz/osobni/detail/kia/k4/210245120
Kia K4 1.6 T-GDI,Kombi,Hatchback,False,https://www.sauto.cz/osobni/detail/kia/k4/210286238
Kia K4 1.6 T-GDI,Kombi,Hatchback,False,https://www.sauto.cz/osobni/detail/kia/k4/210348833
Kia K4 1.6 T-GDI,Kombi,Hatchback,False,https://www.sauto.cz/osobni/detail/kia/k4/210378356
Kia K4 1.6 T-GDI,Kombi,Hatchback,False,https://www.sauto.cz/osobni/detail/kia/k4/210415175
Kia K4 1.6 T-GDI,Kombi,Hatchback,False,https://www.sauto.cz/osobni/detail/kia/k4/210430262
Kia K4 1.6 T-GDI,Kombi,Hatchback,False,https://www.sauto.cz/osobni/detail/kia/k4/210493661
Kia K4 1.6 T-GDI,Kombi,Hatchback,False,https://www.sauto.cz/osobni/detail/kia/k4/210540383
Kia K4 1.6 T-GDI,Kombi,Hatchback,False,https://www.sauto.cz/osobni/detail/kia/k4/210550544
Kia K4 1.6 T-GDI,Kombi,Hatchback,False,https://www.sauto.cz/osobni/detail/kia/k4/210642206
Kia K4 1.6 T-GDI,Kombi,Hatchback,False,https://www.sauto.cz/osobni/detail/kia/k4/210671573
Kia K4 1.6 T-GDI,Kombi,Hatchback,False,https://www.sauto.cz/osobni/detail/kia/k4/210685637
Kia K4 1.6 T-GDI,Kombi,Hatchback,False,https://www.sauto.cz/osobni/detail/kia/k4/210707699
Kia K4 1.6 T-GDI,Kombi,Hatchback,False,https://www.sauto.cz/osobni/detail/kia/k4/210732746
Kia K4 1.6 T-GDI,Kombi,Hatchback,False,https://www.sauto.cz/osobni/detail/kia/k4/210743012
Kia K4 1.6 T-GDI,Kombi,Hatchback,False,https://www.sauto.cz/osobni/detail/kia/k4/210749384
Kia K4 1.6 T-GDI,Kombi,Hatchback,False,https://www.sauto.cz/osobni/detail/kia/k4/210825317
Kia Niro 1.6 GDI HEV,SUV,MPV,False,https://suchen.mobile.de/auto-inserat/kia-niro-1-6-hev-spirit-led-navi-rfk-shz-lmf-berlin/453917959.html
Kia ProCeed 1.5 T-GDI,Kombi,Hatchback,False,https://www.sauto.cz/osobni/detail/kia/pro_cee-d/210171125
Kia ProCeed 1.5 T-GDI,Kombi,Hatchback,False,https://www.sauto.cz/osobni/detail/kia/pro_cee-d/210266279
Kia ProCeed 1.5 T-GDI,Kombi,Hatchback,False,https://www.sauto.cz/osobni/detail/kia/proceed/209602020
Kia ProCeed 1.5 T-GDI,Kombi,Hatchback,False,https://www.sauto.cz/osobni/detail/kia/proceed/209608917
Kia ProCeed 1.5 T-GDI,Kombi,Hatchback,False,https://www.sauto.cz/osobni/detail/kia/proceed/210075803
Kia ProCeed 1.5 T-GDI,Kombi,Hatchback,False,https://www.sauto.cz/osobni/detail/kia/proceed/210159440
Kia ProCeed 1.5 T-GDI,Kombi,Hatchback,False,https://www.sauto.cz/osobni/detail/kia/proceed/210245168
Kia ProCeed 1.5 T-GDI,Kombi,Hatchback,False,https://www.sauto.cz/osobni/detail/kia/proceed/210297905
Kia ProCeed 1.5 T-GDI,Kombi,Hatchback,False,https://www.sauto.cz/osobni/detail/kia/proceed/210423521
Kia ProCeed 1.5 T-GDI,Kombi,Hatchback,False,https://www.sauto.cz/osobni/detail/kia/proceed/210423524
Kia ProCeed 1.5 T-GDI,Kombi,Liftback,False,https://www.sauto.cz/osobni/detail/kia/proceed/210433148
Kia ProCeed 1.5 T-GDI,Kombi,Hatchback,False,https://www.sauto.cz/osobni/detail/kia/proceed/210495170
Kia ProCeed 1.5 T-GDI,Kombi,Hatchback,False,https://www.sauto.cz/osobni/detail/kia/proceed/210678797
Kia ProCeed 1.5 T-GDI,Kombi,Hatchback,False,https://www.sauto.cz/osobni/detail/kia/pro_cee-d/210690191
Kia ProCeed 1.5 T-GDI,Kombi,Hatchback,False,https://www.sauto.cz/osobni/detail/kia/proceed/210747098
Kia ProCeed 1.5 T-GDI,Kombi,Hatchback,False,https://www.sauto.cz/osobni/detail/kia/proceed/210751316
Kia ProCeed 1.5 T-GDI,Kombi,Liftback,False,https://www.sauto.cz/osobni/detail/kia/proceed/210759710
Kia ProCeed 1.5 T-GDI,Kombi,Hatchback,False,https://www.sauto.cz/osobni/detail/kia/pro_cee-d/210811625
Kia ProCeed 1.5 T-GDI,Kombi,Hatchback,False,https://www.sauto.cz/osobni/detail/kia/proceed/210817553
Kia ProCeed 1.5 T-GDI,Kombi,Hatchback,False,https://www.sauto.cz/osobni/detail/kia/proceed/210832616
Kia Sorento 2.2 CRDi,SUV,MPV,False,https://suchen.mobile.de/auto-inserat/kia-sorento-platinum-4wd-pano-bose-acc-ahk-360-r%C3%BCsselsheim/458799596.html
Kia Sportage 1.6 T-GDI,SUV,Kupé,False,https://suchen.mobile.de/auto-inserat/kia-sportage-1-6-t-gt-line-dct-4wd-stand-led-shz-weiden/460679586.html
Kia Sportage 1.6 T-GDI PHEV,SUV,MPV,False,https://suchen.mobile.de/auto-inserat/kia-sportage-1-6t-phev-dct-gt-line-dri-snd-raunheim/461373530.html
Kia XCeed 1.5 T-GDI,SUV,Hatchback,False,https://www.sauto.cz/osobni/detail/kia/ostatni/210170072
Kia XCeed 1.5 T-GDI,SUV,Hatchback,False,https://www.sauto.cz/osobni/detail/kia/ostatni/210551762
Kia XCeed 1.5 T-GDI,SUV,Hatchback,False,https://www.sauto.cz/osobni/detail/kia/xcee-d/207540577
Kia XCeed 1.5 T-GDI,SUV,Hatchback,False,https://www.sauto.cz/osobni/detail/kia/xcee-d/208304954
Kia XCeed 1.5 T-GDI,SUV,Hatchback,False,https://www.sauto.cz/osobni/detail/kia/xcee-d/208843107
Kia XCeed 1.5 T-GDI,SUV,Hatchback,False,https://www.sauto.cz/osobni/detail/kia/xcee-d/208843110
Kia XCeed 1.5 T-GDI,SUV,Hatchback,False,https://www.sauto.cz/osobni/detail/kia/xcee-d/209022504
Kia XCeed 1.5 T-GDI,SUV,Hatchback,False,https://www.sauto.cz/osobni/detail/kia/xcee-d/209281827
Kia XCeed 1.5 T-GDI,SUV,Hatchback,False,https://www.sauto.cz/osobni/detail/kia/xcee-d/209308794
Kia XCeed 1.5 T-GDI,SUV,Hatchback,False,https://www.sauto.cz/osobni/detail/kia/xcee-d/209365554
Kia XCeed 1.5 T-GDI,SUV,Hatchback,False,https://www.sauto.cz/osobni/detail/kia/xcee-d/209365713
Kia XCeed 1.5 T-GDI,SUV,Hatchback,False,https://www.sauto.cz/osobni/detail/kia/xcee-d/209562894
Kia XCeed 1.5 T-GDI,SUV,Hatchback,False,https://www.sauto.cz/osobni/detail/kia/xcee-d/209576340
Kia XCeed 1.5 T-GDI,SUV,Hatchback,False,https://www.sauto.cz/osobni/detail/kia/xcee-d/209705148
Kia XCeed 1.5 T-GDI,SUV,Hatchback,False,https://www.sauto.cz/osobni/detail/kia/xcee-d/209706777
Kia XCeed 1.5 T-GDI,SUV,Hatchback,False,https://www.sauto.cz/osobni/detail/kia/xcee-d/209722308
Kia XCeed 1.5 T-GDI,SUV,Hatchback,False,https://www.sauto.cz/osobni/detail/kia/xcee-d/209728089
Kia XCeed 1.5 T-GDI,SUV,Hatchback,False,https://www.sauto.cz/osobni/detail/kia/xcee-d/209876544
Kia XCeed 1.5 T-GDI,SUV,Hatchback,False,https://www.sauto.cz/osobni/detail/kia/xcee-d/209936358
Kia XCeed 1.5 T-GDI,SUV,Hatchback,False,https://www.sauto.cz/osobni/detail/kia/xcee-d/209936622
Kia XCeed 1.5 T-GDI,SUV,Hatchback,False,https://www.sauto.cz/osobni/detail/kia/xcee-d/209938200
Kia XCeed 1.5 T-GDI,SUV,Hatchback,False,https://www.sauto.cz/osobni/detail/kia/xcee-d/209938644
Kia XCeed 1.5 T-GDI,SUV,Hatchback,False,https://www.sauto.cz/osobni/detail/kia/xcee-d/209952918
Kia XCeed 1.5 T-GDI,SUV,Hatchback,False,https://www.sauto.cz/osobni/detail/kia/xcee-d/209990811
Kia XCeed 1.5 T-GDI,SUV,Hatchback,False,https://www.sauto.cz/osobni/detail/kia/xcee-d/209999127
Kia XCeed 1.5 T-GDI,SUV,Hatchback,False,https://www.sauto.cz/osobni/detail/kia/xcee-d/210056009
Kia XCeed 1.5 T-GDI,SUV,Hatchback,False,https://www.sauto.cz/osobni/detail/kia/xcee-d/210087188
Kia XCeed 1.5 T-GDI,SUV,Hatchback,False,https://www.sauto.cz/osobni/detail/kia/xcee-d/210107039
Kia XCeed 1.5 T-GDI,SUV,Hatchback,False,https://www.sauto.cz/osobni/detail/kia/xcee-d/210107930
Kia XCeed 1.5 T-GDI,SUV,Hatchback,False,https://www.sauto.cz/osobni/detail/kia/xcee-d/210142718
Kia XCeed 1.5 T-GDI,SUV,Hatchback,False,https://www.sauto.cz/osobni/detail/kia/xcee-d/210155213
Kia XCeed 1.5 T-GDI,SUV,Hatchback,False,https://www.sauto.cz/osobni/detail/kia/xcee-d/210157379
Kia XCeed 1.5 T-GDI,SUV,Hatchback,False,https://www.sauto.cz/osobni/detail/kia/xcee-d/210159752
Kia XCeed 1.5 T-GDI,SUV,Hatchback,False,https://www.sauto.cz/osobni/detail/kia/xcee-d/210209471
Kia XCeed 1.5 T-GDI,SUV,Hatchback,False,https://www.sauto.cz/osobni/detail/kia/xcee-d/210209504
Kia XCeed 1.5 T-GDI,SUV,Hatchback,False,https://www.sauto.cz/osobni/detail/kia/xcee-d/210215612
Kia XCeed 1.5 T-GDI,SUV,Hatchback,False,https://www.sauto.cz/osobni/detail/kia/xcee-d/210229883
Kia XCeed 1.5 T-GDI,SUV,Hatchback,False,https://www.sauto.cz/osobni/detail/kia/xcee-d/210241193
Kia XCeed 1.5 T-GDI,SUV,Kombi,False,https://www.sauto.cz/osobni/detail/kia/xcee-d/210298619
Kia XCeed 1.5 T-GDI,SUV,Hatchback,False,https://www.sauto.cz/osobni/detail/kia/xcee-d/210314963
Kia XCeed 1.5 T-GDI,SUV,Hatchback,False,https://www.sauto.cz/osobni/detail/kia/xcee-d/210348314
Kia XCeed 1.5 T-GDI,SUV,Hatchback,False,https://www.sauto.cz/osobni/detail/kia/xcee-d/210377801
Kia XCeed 1.5 T-GDI,SUV,Hatchback,False,https://www.sauto.cz/osobni/detail/kia/xcee-d/210396569
Kia XCeed 1.5 T-GDI,SUV,Hatchback,False,https://www.sauto.cz/osobni/detail/kia/xcee-d/210419705
Kia XCeed 1.5 T-GDI,SUV,Hatchback,False,https://www.sauto.cz/osobni/detail/kia/xcee-d/210420749
Kia XCeed 1.5 T-GDI,SUV,Hatchback,False,https://www.sauto.cz/osobni/detail/kia/xcee-d/210448100
Kia XCeed 1.5 T-GDI,SUV,Hatchback,False,https://www.sauto.cz/osobni/detail/kia/xcee-d/210534332
Kia XCeed 1.5 T-GDI,SUV,Hatchback,False,https://www.sauto.cz/osobni/detail/kia/xcee-d/210539000
Kia XCeed 1.5 T-GDI,SUV,Hatchback,False,https://www.sauto.cz/osobni/detail/kia/xcee-d/210540497
Kia XCeed 1.5 T-GDI,SUV,Hatchback,False,https://www.sauto.cz/osobni/detail/kia/xcee-d/210548306
Kia XCeed 1.5 T-GDI,SUV,Hatchback,False,https://www.sauto.cz/osobni/detail/kia/xcee-d/210548396
Kia XCeed 1.5 T-GDI,SUV,Hatchback,False,https://www.sauto.cz/osobni/detail/kia/xcee-d/210551867
Kia XCeed 1.5 T-GDI,SUV,Hatchback,False,https://www.sauto.cz/osobni/detail/kia/xcee-d/210557153
Kia XCeed 1.5 T-GDI,SUV,Hatchback,False,https://www.sauto.cz/osobni/detail/kia/xcee-d/210567770
Kia XCeed 1.5 T-GDI,SUV,Hatchback,False,https://www.sauto.cz/osobni/detail/kia/xcee-d/210583118
Kia XCeed 1.5 T-GDI,SUV,Hatchback,False,https://www.sauto.cz/osobni/detail/kia/xcee-d/210588110
Kia XCeed 1.5 T-GDI,SUV,Hatchback,False,https://www.sauto.cz/osobni/detail/kia/xcee-d/210631124
Kia XCeed 1.5 T-GDI,SUV,Hatchback,False,https://www.sauto.cz/osobni/detail/kia/xcee-d/210638672
Kia XCeed 1.5 T-GDI,SUV,Hatchback,False,https://www.sauto.cz/osobni/detail/kia/xcee-d/210646571
Kia XCeed 1.5 T-GDI,SUV,Hatchback,False,https://www.sauto.cz/osobni/detail/kia/xcee-d/210660104
Kia XCeed 1.5 T-GDI,SUV,Hatchback,False,https://www.sauto.cz/osobni/detail/kia/xcee-d/210661853
Kia XCeed 1.5 T-GDI,SUV,Hatchback,False,https://www.sauto.cz/osobni/detail/kia/xcee-d/210667028
Kia XCeed 1.5 T-GDI,SUV,Hatchback,False,https://www.sauto.cz/osobni/detail/kia/xcee-d/210674753
Kia XCeed 1.5 T-GDI,SUV,Hatchback,False,https://www.sauto.cz/osobni/detail/kia/xcee-d/210679022
Kia XCeed 1.5 T-GDI,SUV,Hatchback,False,https://www.sauto.cz/osobni/detail/kia/xcee-d/210326354
Kia XCeed 1.5 T-GDI,SUV,Hatchback,False,https://www.sauto.cz/osobni/detail/kia/xcee-d/210705317
Kia XCeed 1.5 T-GDI,SUV,Hatchback,False,https://www.sauto.cz/osobni/detail/kia/xcee-d/210706622
Kia XCeed 1.5 T-GDI,SUV,Hatchback,False,https://www.sauto.cz/osobni/detail/kia/xcee-d/210707801
Kia XCeed 1.5 T-GDI,SUV,Hatchback,False,https://www.sauto.cz/osobni/detail/kia/xcee-d/210746753
Kia XCeed 1.5 T-GDI,SUV,Hatchback,False,https://www.sauto.cz/osobni/detail/kia/xcee-d/210754532
Kia XCeed 1.5 T-GDI,SUV,Hatchback,False,https://www.sauto.cz/osobni/detail/kia/xcee-d/210757442
Kia XCeed 1.5 T-GDI,SUV,Hatchback,False,https://www.sauto.cz/osobni/detail/kia/xcee-d/210769220
Kia XCeed 1.5 T-GDI,SUV,Hatchback,False,https://www.sauto.cz/osobni/detail/kia/xcee-d/210769223
Kia XCeed 1.5 T-GDI,SUV,Hatchback,False,https://www.sauto.cz/osobni/detail/kia/xcee-d/210772283
Kia XCeed 1.5 T-GDI,SUV,Hatchback,False,https://www.sauto.cz/osobni/detail/kia/xcee-d/210772643
Kia XCeed 1.5 T-GDI,SUV,Hatchback,False,https://www.sauto.cz/osobni/detail/kia/ostatni/210776723
Kia XCeed 1.5 T-GDI,SUV,Hatchback,False,https://www.sauto.cz/osobni/detail/kia/xcee-d/210773246
Kia XCeed 1.5 T-GDI,SUV,Hatchback,False,https://www.sauto.cz/osobni/detail/kia/xcee-d/210788018
Kia XCeed 1.5 T-GDI,SUV,Hatchback,False,https://www.sauto.cz/osobni/detail/kia/xcee-d/210797753
Kia XCeed 1.5 T-GDI,SUV,Hatchback,False,https://suchen.mobile.de/auto-inserat/kia-xceed-1-5-t-gdi-2025-automatik-1-hand-praha/457767122.html
Kia XCeed 1.5 T-GDI,SUV,Kombi,False,https://suchen.mobile.de/auto-inserat/kia-xceed-1-5-t-gdi-7dct-exclusive-strakonice/454281288.html
Kia XCeed 1.5 T-GDI,SUV,Kombi,False,https://suchen.mobile.de/auto-inserat/kia-xceed-1-5-t-gdi-7dct-exclusive-strakonice/454281319.html
Kia XCeed 1.5 T-GDI,SUV,Hatchback,False,https://suchen.mobile.de/auto-inserat/kia-xceed-1-5-t-gdi-black-xdition-led-navi-acc-ahk-eisenh%C3%BCttenstadt/458712671.html
Kia XCeed 1.5 T-GDI,SUV,Kupé,False,https://suchen.mobile.de/auto-inserat/kia-xceed-1-5-t-gdi-vision-klima-navi-bad-fallingbostel-dorfm/459518577.html
Kia XCeed 1.5 T-GDI,SUV,Kombi,False,https://suchen.mobile.de/auto-inserat/kia-xceed-1-5t-140-dct7-platinum-glas-cam-led-navi-potsdam/459643493.html
Kia XCeed 1.5 T-GDI,SUV,Kupé,False,https://suchen.mobile.de/auto-inserat/kia-xceed-1-5t-gdi-dct-vision-komfort-navi-led-beilstein/452992194.html
Kia XCeed 1.5 T-GDI,SUV,MPV,False,https://suchen.mobile.de/auto-inserat/kia-xceed-1-5t-xdition-led-navi-kamera-keyless-berlin/459441426.html
Kia XCeed 1.5 T-GDI,SUV,MPV,False,https://suchen.mobile.de/auto-inserat/kia-xceed-1-6t-180-dct-gt-line-ganzjahresreifen-lingen-ems/455860518.html
Kia XCeed 1.5 T-GDI,SUV,Hatchback,False,https://suchen.mobile.de/auto-inserat/kia-xceed-gt-line-virtual-jbl-led-kam-keyless-holzgerlingen/450766822.html
Kia XCeed 1.5 T-GDI,SUV,Kombi,False,https://suchen.mobile.de/auto-inserat/kia-xceed-jbl-sound-edition-kamera-navi-led-shz-serv-baden-w%C3%BCrttemberg-nagold/453532307.html
Kia XCeed 1.5 T-GDI,SUV,Hatchback,False,https://suchen.mobile.de/auto-inserat/kia-xceed-platinum-edition-fulda/457131332.html
Kia XCeed 1.5 T-GDI,SUV,MPV,False,https://suchen.mobile.de/auto-inserat/kia-xceed-spirit-1-5t-rfk-beheiz-lenkr-sitzheiz-oranienburg/436795570.html
Kia XCeed 1.5 T-GDI,SUV,Hatchback,False,https://suchen.mobile.de/auto-inserat/kia-xceed-gt-line-dinslaken/460781186.html
Kia XCeed 1.6 CRDi,SUV,Hatchback,False,https://www.sauto.cz/osobni/detail/kia/xcee-d/209334168
Kia XCeed 1.6 GDI PHEV,SUV,Hatchback,False,https://www.sauto.cz/osobni/detail/kia/xcee-d/210080546
Kia XCeed 1.6 GDI PHEV,SUV,MPV,False,https://suchen.mobile.de/auto-inserat/kia-xceed-1-6-phev-dct6-vis-kom-nav-ada-cam-dynlicht-berlin/453917982.html
Kia XCeed 1.6 GDI PHEV,SUV,Kombi,False,https://suchen.mobile.de/auto-inserat/kia-xceed-vision-plug-in-hybrid-inspektion-neu-dessau-ro%C3%9Flau/453002710.html
Kia XCeed 1.6 GDI PHEV,SUV,Kombi,False,https://suchen.mobile.de/auto-inserat/kia-xceed-plug-in-hybrid-led-navi-1-hand-klima-stuttgart/446220406.html
Lexus LBX 1.5,SUV,Hatchback,False,https://www.sauto.cz/osobni/detail/lexus/lbx/210489137
Lexus LBX 1.5 Hybrid,SUV,Hatchback,False,https://suchen.mobile.de/auto-inserat/lexus-lbx-1-5-hybrid-fwd-basis-komfort-paket-burgst%C3%A4dt/450580026.html
Lexus UX 2.0,SUV,Hatchback,False,https://suchen.mobile.de/auto-inserat/lexus-ux-250h-style-edition-fwd-berlin/456778026.html
Lexus UX 2.0,SUV,Hatchback,False,https://suchen.mobile.de/auto-inserat/lexus-ux-250h-style-edition-fwd-berlin/457952036.html
MG HS 1.5 T-GDI,SUV,Hatchback,False,https://www.sauto.cz/osobni/detail/mg/hs/210071459
MG HS 1.5 T-GDI,SUV,Hatchback,False,https://www.sauto.cz/osobni/detail/mg/hs/210357284
MG HS 1.5 T-GDI,SUV,Hatchback,False,https://www.sauto.cz/osobni/detail/mg/hs/210819185
MG MG3 1.5 HEV,Hatchback,Kupé,False,https://suchen.mobile.de/auto-inserat/mg3-hybrid-7-jahre-garantie-0-finanzierung-limburg/439959172.html
MG ZS 1.5 HEV,SUV,Kombi,False,https://suchen.mobile.de/auto-inserat/mg-zs-luxury-hev-bensheim/438479027.html
Mazda CX-3 SUV 2.0,SUV,Hatchback,False,https://www.sauto.cz/osobni/detail/mazda/cx-3/210604067
Mazda CX-3 SUV 2.0,SUV,Kupé,False,https://suchen.mobile.de/auto-inserat/mazda-cx-30-selection-bose-hud-360-acc-led-fahrass-nav-k%C3%B6nigsbach-stein/453210347.html
Mazda CX-30 2.0 e-Skyactiv G,SUV,Hatchback,False,https://www.sauto.cz/osobni/detail/mazda/cx-30/210659300
Mazda CX-30 2.0 e-Skyactiv G,SUV,MPV,False,https://suchen.mobile.de/auto-inserat/mazda-cx-30-homura-2wd-hud-navi-soundsystem-bose-360-k-delmenhorst/458079698.html
Mazda CX-30 2.5,SUV,Kombi,False,https://www.sauto.cz/osobni/detail/mazda/cx-30/210662843
Mazda CX-30 2.5,SUV,Kombi,False,https://suchen.mobile.de/auto-inserat/mazda-cx-30-5wgn-2-5l-e-skyactiv-g-140ps-6at-fwd-prime-kiel/453953804.html
Mazda CX-30 2.5,SUV,Kombi,False,https://suchen.mobile.de/auto-inserat/mazda-cx-30-center-line-matrix-led-sw-navi-aschersleben/456338496.html
Mazda CX-30 2.5,SUV,Hatchback,False,https://suchen.mobile.de/auto-inserat/mazda-cx-30-skyactiv-g-140-homura-hamburg/451117663.html
Mazda CX-30 2.5,SUV,Hatchback,False,https://suchen.mobile.de/auto-inserat/mazda-cx-30-skyactiv-g-140-homura-hamburg/451117980.html
Mazda CX-5 2.0 Skyactiv-G,SUV,Kombi,False,https://suchen.mobile.de/auto-inserat/mazda-cx-5-skyactiv-g-165-navi-ahk-lenkradhzg-led-sw-stendal/456283475.html
Mazda CX-5 2.5,SUV,Kombi,False,https://www.sauto.cz/osobni/detail/mazda/cx-5/210730028
Mazda MX-30 0.8,SUV,Kombi,False,https://suchen.mobile.de/auto-inserat/mazda-mx-30-e-skyactiv-r-ev-exclusive-line-abs-esp-led-rendsburg/429322978.html
Mercedes-Benz A 2.0,Hatchback,Kupé,False,https://suchen.mobile.de/auto-inserat/mercedes-benz-a-35-amg-4matic-performance-aerodynamic-led-360-viersen/458855739.html
Mercedes-Benz B 2.0,Sedan,Kombi,False,https://suchen.mobile.de/auto-inserat/mercedes-benz-b-250-4m-amg-ambi-pano-shd-aut-led-navi-keylgo-m%C3%BChldorf-a-inn/458308591.html
Mercedes-Benz B 2.0,Sedan,Kombi,False,https://suchen.mobile.de/auto-inserat/mercedes-benz-b-250-progressive-4matic-euro-6d-led-navi-ahk-d%C3%BCsseldorf/457321516.html
Mercedes-Benz B 2.0,Sedan,Kombi,False,https://suchen.mobile.de/auto-inserat/mercedes-benz-b-250-progressive-7g-led-memo-hud-kyls-nght-dstr-emmendingen/449516281.html
Mercedes-Benz CLA 1.3 TSI,Sedan,Kupé,False,https://suchen.mobile.de/auto-inserat/mercedes-benz-cla-200-coupe-7g-dct-sportsitze-ambiente-leder-recklinghausen/458943416.html
Mercedes-Benz CLA Shooting Brake 200,Kombi,SUV,False,https://suchen.mobile.de/auto-inserat/mercedes-benz-cla-250-e-shooting-brake-amg-night-ambiente-mbux-saarbr%C3%BCcken/461442150.html
Mercedes-Benz GLA 1.9,SUV,Kombi,False,https://www.sauto.cz/osobni/detail/mercedes-benz/gla/210604433
Mercedes-Benz GLA 1.9,SUV,MPV,False,https://suchen.mobile.de/auto-inserat/mercedes-benz-gla-200-d-progressive-leder-business-paket-haltern-am-see/460789590.html
Mercedes-Benz GLB 1.9,SUV,MPV,False,https://suchen.mobile.de/auto-inserat/mercedes-benz-glb-200d-r%C3%BCckkam-wide-led-ahk-keyless-go-ambient-reutlingen-mittelstadt/460353005.html
Mercedes-Benz GLB 1.9,SUV,Kombi,False,https://suchen.mobile.de/auto-inserat/mercedes-benz-glb-220-d-t%C3%BCv-insp-neu-neu-wulmstorf/439167537.html
Mercedes-Benz Sprinter 1.9,MPV,SUV,False,https://suchen.mobile.de/auto-inserat/mercedes-benz-sprinter-iii-pritsche-doka-317-aland-ot-vielbaum/461327341.html
Mercedes-Benz Třídy A Hatchback 180,Hatchback,Kombi,False,https://suchen.mobile.de/auto-inserat/mercedes-benz-a-180-progressive-aut-kam-klimaa-led-lm-pdc-shz-passau/439449229.html
Mercedes-Benz Třídy A Hatchback 180,Hatchback,Kupé,False,https://suchen.mobile.de/auto-inserat/mercedes-benz-a-250-e-progressive-advanced-standhz-led-kamer-goslar/460214145.html
Mercedes-Benz Třídy A Hatchback 180,Hatchback,Kupé,False,https://suchen.mobile.de/auto-inserat/mercedes-benz-a-250-e-progressive-advanced-led-kamera-spurh-a-goslar/460564124.html
Mercedes-Benz Třídy A Hatchback 180,Hatchback,SUV,False,https://suchen.mobile.de/auto-inserat/mercedes-benz-a-200-amg-ambiente-kamera-dab-led-shz-d%C3%B6rfles-esbach/461070170.html
Mercedes-Benz Třídy A Hatchback 180,Hatchback,Kupé,False,https://suchen.mobile.de/auto-inserat/mercedes-benz-a-250-e-amg-sport-advanced-multib-led-navi-shz-goslar/455178236.html
Mercedes-Benz Třídy A Hatchback 180,Hatchback,Kupé,False,https://suchen.mobile.de/auto-inserat/mercedes-benz-a-250-e-progressive-advanced-ahk-pano-led-360-arnsberg/460052317.html
Mercedes-Benz Třídy A Hatchback 180,Hatchback,Kombi,False,https://suchen.mobile.de/auto-inserat/mercedes-benz-a-180-business-solution-100kw-leder-ingelheim/461327457.html
Mercedes-Benz Třídy A Hatchback 180,Hatchback,Kupé,False,https://suchen.mobile.de/auto-inserat/mercedes-benz-a-200-jahreswagenzustand-automatik-2-hand-weinheim/448392181.html
Mercedes-Benz Třídy A Hatchback 180,Hatchback,Kombi,False,https://suchen.mobile.de/auto-inserat/mercedes-benz-a-180-komp-lim-amg-mbux-led-wide-cam-navi-totw-chemnitz/461622491.html
Mercedes-Benz Třídy A Hatchback 180,Hatchback,Kupé,False,https://suchen.mobile.de/auto-inserat/mercedes-benz-a-180-progressive-line-advanced-plus-distr-led-menden/457341879.html
Mercedes-Benz Třídy A Hatchback 180,Hatchback,Kupé,False,https://suchen.mobile.de/auto-inserat/mercedes-benz-a-180-progressive-line-advanced-plus-distr-led-stendal/451191119.html
Mercedes-Benz Třídy B 180,MPV,Hatchback,False,https://www.sauto.cz/osobni/detail/mercedes-benz/tridy-b/208977729
Mercedes-Benz Třídy B 180,MPV,Hatchback,False,https://www.sauto.cz/osobni/detail/mercedes-benz/tridy-b/209549100
Mercedes-Benz Třídy B 180,MPV,Hatchback,False,https://www.sauto.cz/osobni/detail/mercedes-benz/tridy-b/210010140
Mercedes-Benz Třídy B 180,MPV,Hatchback,False,https://www.sauto.cz/osobni/detail/mercedes-benz/tridy-b/210384920
Mercedes-Benz Třídy B 180,MPV,Hatchback,False,https://www.sauto.cz/osobni/detail/mercedes-benz/tridy-b/210508676
Mercedes-Benz Třídy B 180,MPV,Hatchback,False,https://suchen.mobile.de/auto-inserat/mercedes-benz-b-180-led-mbux-1000km-prague/432955852.html
Mercedes-Benz Třídy B 180,MPV,Kombi,False,https://suchen.mobile.de/auto-inserat/mercedes-benz-b-180-acc-aut-kam-keyless-klimaa-led-lm-navi-merzig/447415773.html
Mercedes-Benz Třídy B 180,MPV,Kombi,False,https://suchen.mobile.de/auto-inserat/mercedes-benz-b-180-ahk-kamera-style-navi-pdc-coburg/455696078.html
Mercedes-Benz Třídy B 180,MPV,Kombi,False,https://suchen.mobile.de/auto-inserat/mercedes-benz-b-180-ahk-led-18-zoll-shz-kamera-uhingen/459752632.html
Mercedes-Benz Třídy B 180,MPV,Kombi,False,https://suchen.mobile.de/auto-inserat/mercedes-benz-b-180-amg-digital-winter-night-spiegel-360-trier/458320246.html
Mercedes-Benz Třídy B 180,MPV,Kombi,False,https://suchen.mobile.de/auto-inserat/mercedes-benz-b-180-amg-pano-night-multibeam-kamera-laderpaket-d%C3%B6rfles-esbach/460223561.html
Mercedes-Benz Třídy B 180,MPV,Kombi,False,https://suchen.mobile.de/auto-inserat/mercedes-benz-b-180-amg-sport-led-cam-burm-night-keyl-ambiente-schwelm/457824566.html
Mercedes-Benz Třídy B 180,MPV,Kombi,False,https://suchen.mobile.de/auto-inserat/mercedes-benz-b-180-aut-kam-klimaa-led-lm-navi-pdc-parkass-alzey/459939164.html
Mercedes-Benz Třídy B 180,MPV,Kombi,False,https://suchen.mobile.de/auto-inserat/mercedes-benz-b-180-aut-kam-klimaa-led-lm-navi-pdc-parkass-neuwied/460038571.html
Mercedes-Benz Třídy B 180,MPV,Kombi,False,https://suchen.mobile.de/auto-inserat/mercedes-benz-b-180-aut-kam-klimaa-led-lm-pdc-parkass-shz-balingen/457917270.html
Mercedes-Benz Třídy B 180,MPV,Kombi,False,https://suchen.mobile.de/auto-inserat/mercedes-benz-b-180-aut-progressive-navi-shz-kamera-spur-led-beselich/432743137.html
Mercedes-Benz Třídy B 180,MPV,Kombi,False,https://suchen.mobile.de/auto-inserat/mercedes-benz-b-180-dct-progressive-schlo%C3%9F-holte-stukenbrock/459422015.html
Mercedes-Benz Třídy B 180,MPV,Kombi,False,https://suchen.mobile.de/auto-inserat/mercedes-benz-b-180-distro-ahk-navi-led-schorndorf/459459131.html
Mercedes-Benz Třídy B 180,MPV,Hatchback,False,https://suchen.mobile.de/auto-inserat/mercedes-benz-b-180-edition-amg-line-kamera-business-herford/456698796.html
Mercedes-Benz Třídy B 180,MPV,Kombi,False,https://suchen.mobile.de/auto-inserat/mercedes-benz-b-180-euro-6d-navi-pdc-shz-temp-d%C3%BCsseldorf/454026975.html
Mercedes-Benz Třídy B 180,MPV,Kombi,False,https://suchen.mobile.de/auto-inserat/mercedes-benz-b-180-kam-aut-shz-passau/448844032.html
Mercedes-Benz Třídy B 180,MPV,Kombi,False,https://suchen.mobile.de/auto-inserat/mercedes-benz-b-180-kamera-ahk-navi-multibeam-geislingen-steige/458851916.html
Mercedes-Benz Třídy B 180,MPV,Kombi,False,https://suchen.mobile.de/auto-inserat/mercedes-benz-b-180-kamera-ahk-navi-multibeam-schorndorf/459123079.html
Mercedes-Benz Třídy B 180,MPV,Kombi,False,https://suchen.mobile.de/auto-inserat/mercedes-benz-b-180-kamera-dct-lm-shz-passau/450435785.html
Mercedes-Benz Třídy B 180,MPV,Kombi,False,https://suchen.mobile.de/auto-inserat/mercedes-benz-b-180-kamera-multibeam-navi-geislingen-steige/458966423.html
Mercedes-Benz Třídy B 180,MPV,Kombi,False,https://suchen.mobile.de/auto-inserat/mercedes-benz-b-180-kamera-multibeam-navi-schorndorf/458966428.html
Mercedes-Benz Třídy B 180,MPV,Kombi,False,https://suchen.mobile.de/auto-inserat/mercedes-benz-b-180-kamera-rfk-led-navi-schorndorf/458964702.html
Mercedes-Benz Třídy B 180,MPV,Kombi,False,https://suchen.mobile.de/auto-inserat/mercedes-benz-b-180-led-kamera-navi-ahk-uhingen/459570226.html
Mercedes-Benz Třídy B 180,MPV,Kombi,False,https://suchen.mobile.de/auto-inserat/mercedes-benz-b-180-led-navi-winter-acc-distronic-komfort-limburg-offheim/460380721.html
Mercedes-Benz Třídy B 180,MPV,Kombi,False,https://suchen.mobile.de/auto-inserat/mercedes-benz-b-180-mbux-kamera-ahk-navi-aut-shz-totwinkel-elmshorn/458383219.html
Mercedes-Benz Třídy B 180,MPV,Kombi,False,https://suchen.mobile.de/auto-inserat/mercedes-benz-b-180-mercedes-benz-b-180-progressive-ils-cam-le-dortmund/459041338.html
Mercedes-Benz Třídy B 180,MPV,Kombi,False,https://suchen.mobile.de/auto-inserat/mercedes-benz-b-180-multi-ahk-rfk-shz-uhingen/460039574.html
Mercedes-Benz Třídy B 180,MPV,Kombi,False,https://suchen.mobile.de/auto-inserat/mercedes-benz-b-180-multi-ahk-shz-rfk-waiblingen/457879932.html
Mercedes-Benz Třídy B 180,MPV,Kombi,False,https://suchen.mobile.de/auto-inserat/mercedes-benz-b-180-multib-ahk-winterp-kamera-geislingen-steige/459763371.html
Mercedes-Benz Třídy B 180,MPV,Kombi,False,https://suchen.mobile.de/auto-inserat/mercedes-benz-b-180-multib-ahk-wp-shz-rfk-tw-uhingen/456418643.html
Mercedes-Benz Třídy B 180,MPV,Kombi,False,https://suchen.mobile.de/auto-inserat/mercedes-benz-b-180-multib-ahk-wp-shz-rfk-tw-waiblingen/456776262.html
Mercedes-Benz Třídy B 180,MPV,Kombi,False,https://suchen.mobile.de/auto-inserat/mercedes-benz-b-180-navi-kamera-led-winter-acc-ditronic-limburg-offheim/460380723.html
Mercedes-Benz Třídy B 180,MPV,Kombi,False,https://suchen.mobile.de/auto-inserat/mercedes-benz-b-180-pano-progressive-cam-led-shd-navi-wide-pts-l%C3%BCnen/457834117.html
Mercedes-Benz Třídy B 180,MPV,Kombi,False,https://suchen.mobile.de/auto-inserat/mercedes-benz-b-180-progr-distr-navi-led-ahk-kam-apple-w-pak-l%C3%BCbbecke/456289222.html
Mercedes-Benz Třídy B 180,MPV,Kombi,False,https://suchen.mobile.de/auto-inserat/mercedes-benz-b-180-progressive-7g-dct-carplay-tempo-led-ahk-bad-waldsee/456831615.html
Mercedes-Benz Třídy B 180,MPV,Kombi,False,https://suchen.mobile.de/auto-inserat/mercedes-benz-b-180-progressive-adv-kamera-led-navi-park-ass-osnabr%C3%BCck/451363452.html
Mercedes-Benz Třídy B 180,MPV,Kombi,False,https://suchen.mobile.de/auto-inserat/mercedes-benz-b-180-progressive-advanced-led-kamera-easy-pack-osterode/459730818.html
Mercedes-Benz Třídy B 180,MPV,Kombi,False,https://suchen.mobile.de/auto-inserat/mercedes-benz-b-180-progressive-advanced-led-kamera-navi-duderstadt/458959888.html
Mercedes-Benz Třídy B 180,MPV,Kombi,False,https://suchen.mobile.de/auto-inserat/mercedes-benz-b-180-progressive-advanced-winter-paket-dessau-ro%C3%9Flau/460113458.html
Mercedes-Benz Třídy B 180,MPV,Kombi,False,https://suchen.mobile.de/auto-inserat/mercedes-benz-b-180-progressive-advanced-winter-paket-lutherstadt-wittenberg/458661530.html
Mercedes-Benz Třídy B 180,MPV,Kombi,False,https://suchen.mobile.de/auto-inserat/mercedes-benz-b-180-progressive-ahk-el-heckkl-led-lhz-kamera-plauen/457338516.html
Mercedes-Benz Třídy B 180,MPV,Kombi,False,https://suchen.mobile.de/auto-inserat/mercedes-benz-b-180-progressive-ahk-led-kamera-winter-shz-17-olpe/452540881.html
Mercedes-Benz Třídy B 180,MPV,Kombi,False,https://suchen.mobile.de/auto-inserat/mercedes-benz-b-180-progressive-ahk-mbux-rfk-elhk-friedrichshafen/459629794.html
Mercedes-Benz Třídy B 180,MPV,Kombi,False,https://suchen.mobile.de/auto-inserat/mercedes-benz-b-180-progressive-ahk-multi-rfk-led-shz-schorndorf/460321289.html
Mercedes-Benz Třídy B 180,MPV,Kombi,False,https://suchen.mobile.de/auto-inserat/mercedes-benz-b-180-progressive-ahk-multi-shz-rfk-tw-schorndorf/460321267.html
Mercedes-Benz Třídy B 180,MPV,Kombi,False,https://suchen.mobile.de/auto-inserat/mercedes-benz-b-180-progressive-ahk-multi-tw-rfk-shz-schorndorf/460319338.html
Mercedes-Benz Třídy B 180,MPV,Kombi,False,https://suchen.mobile.de/auto-inserat/mercedes-benz-b-180-progressive-ahk-multi-tw-wp-rfk-schorndorf/460321278.html
Mercedes-Benz Třídy B 180,MPV,Kombi,False,https://suchen.mobile.de/auto-inserat/mercedes-benz-b-180-progressive-cam-led-navi-totw-wide-winter-dortmund/455708037.html
Mercedes-Benz Třídy B 180,MPV,Kombi,False,https://suchen.mobile.de/auto-inserat/mercedes-benz-b-180-progressive-cam-led-navi-totw-wide-winter-unna/457324332.html
Mercedes-Benz Třídy B 180,MPV,Kombi,False,https://suchen.mobile.de/auto-inserat/mercedes-benz-b-180-progressive-cam-led-navi-wide-winter-dortmund/455517406.html
Mercedes-Benz Třídy B 180,MPV,Kombi,False,https://suchen.mobile.de/auto-inserat/mercedes-benz-b-180-progressive-cam-led-navi-wide-winter-pts-dortmund/453092775.html
Mercedes-Benz Třídy B 180,MPV,Kombi,False,https://suchen.mobile.de/auto-inserat/mercedes-benz-b-180-progressive-cam-led-navi-wide-winter-pts-dortmund/456076127.html
Mercedes-Benz Třídy B 180,MPV,Kombi,False,https://suchen.mobile.de/auto-inserat/mercedes-benz-b-180-progressive-cam-led-navi-wide-winter-pts-dortmund/456323068.html
Mercedes-Benz Třídy B 180,MPV,Kombi,False,https://suchen.mobile.de/auto-inserat/mercedes-benz-b-180-progressive-cam-led-navi-wide-winter-pts-dortmund/457719147.html
Mercedes-Benz Třídy B 180,MPV,Kombi,False,https://suchen.mobile.de/auto-inserat/mercedes-benz-b-180-progressive-cam-led-navi-wide-winter-pts-dortmund/457906924.html
Mercedes-Benz Třídy B 180,MPV,Kombi,False,https://suchen.mobile.de/auto-inserat/mercedes-benz-b-180-progressive-cam-led-navi-wide-winter-pts-dortmund/458412587.html
Mercedes-Benz Třídy B 180,MPV,Kombi,False,https://suchen.mobile.de/auto-inserat/mercedes-benz-b-180-progressive-cam-led-navi-wide-winter-pts-dortmund/460063959.html
Mercedes-Benz Třídy B 180,MPV,Kombi,False,https://suchen.mobile.de/auto-inserat/mercedes-benz-b-180-progressive-cam-led-navi-wide-winter-pts-unna/459133065.html
Mercedes-Benz Třídy B 180,MPV,Kombi,False,https://suchen.mobile.de/auto-inserat/mercedes-benz-b-180-progressive-distr-360-memo-led-totw-17-waldbr%C3%B6l/449456377.html
Mercedes-Benz Třídy B 180,MPV,Kombi,False,https://suchen.mobile.de/auto-inserat/mercedes-benz-b-180-progressive-distr-ahk-cam-led-navi-totw-dortmund/460143729.html
Mercedes-Benz Třídy B 180,MPV,Kombi,False,https://suchen.mobile.de/auto-inserat/mercedes-benz-b-180-progressive-distr-cam-led-navi-totw-wide-unna/458977298.html
Mercedes-Benz Třídy B 180,MPV,Kombi,False,https://suchen.mobile.de/auto-inserat/mercedes-benz-b-180-progressive-distronic-ahv-bernburg/419924494.html
Mercedes-Benz Třídy B 180,MPV,Kombi,False,https://suchen.mobile.de/auto-inserat/mercedes-benz-b-180-progressive-led-ahk-shz-dab-rfk-schorndorf/460323052.html
Mercedes-Benz Třídy B 180,MPV,Kombi,False,https://suchen.mobile.de/auto-inserat/mercedes-benz-b-180-progressive-led-cam-ahk-winter-easy-p-shz-l%C3%BCdenscheid/456942883.html
Mercedes-Benz Třídy B 180,MPV,Kombi,False,https://suchen.mobile.de/auto-inserat/mercedes-benz-b-180-progressive-led-cam-memo-stdhz-winter-shz-hagen/449906405.html
Mercedes-Benz Třídy B 180,MPV,Kombi,False,https://suchen.mobile.de/auto-inserat/mercedes-benz-b-180-progressive-led-kamera-easy-p-shz-dab-17-hagen/457158771.html
Mercedes-Benz Třídy B 180,MPV,Kombi,False,https://suchen.mobile.de/auto-inserat/mercedes-benz-b-180-progressive-led-kamera-shz-easy-p-winter-hagen/457350212.html
Mercedes-Benz Třídy B 180,MPV,Kombi,False,https://suchen.mobile.de/auto-inserat/mercedes-benz-b-180-progressive-led-kamera-szh-pts-jungerstern-pfungstadt/454619354.html
Mercedes-Benz Třídy B 180,MPV,Kombi,False,https://suchen.mobile.de/auto-inserat/mercedes-benz-b-180-progressive-led-kamera-winter-p-metallic-ahaus/460207805.html
Mercedes-Benz Třídy B 180,MPV,Kombi,False,https://suchen.mobile.de/auto-inserat/mercedes-benz-b-180-progressive-line-advanced-winter-paket-schlo%C3%9F-holte-stukenbrock/433105483.html
Mercedes-Benz Třídy B 180,MPV,Kombi,False,https://suchen.mobile.de/auto-inserat/mercedes-benz-b-180-progressive-multibeam-cam-totw-winter-shz-l%C3%BCdenscheid/458491835.html
Mercedes-Benz Třídy B 180,MPV,Kombi,False,https://suchen.mobile.de/auto-inserat/mercedes-benz-b-180-progressive-totw-r%C3%BCckfahrkamera-distronic-ebersberg/454491361.html
Mercedes-Benz Třídy B 180,MPV,Kombi,False,https://suchen.mobile.de/auto-inserat/mercedes-benz-b-180-progressive-winter-p-easy-pack-laderaum-p-metzingen/455256954.html
Mercedes-Benz Třídy B 180,MPV,Kombi,False,https://suchen.mobile.de/auto-inserat/mercedes-benz-b-180-progressive-winter-paket-dessau-ro%C3%9Flau/456953647.html
Mercedes-Benz Třídy B 180,MPV,Kombi,False,https://suchen.mobile.de/auto-inserat/mercedes-benz-b-180-progrssive-navi-wide-pts-shz-tempomat-17-betzdorf/459213302.html
Mercedes-Benz Třídy B 180,MPV,Kombi,False,https://suchen.mobile.de/auto-inserat/mercedes-benz-b-200-4m-progres-multibeam-kamera-memory-spurp-pfungstadt/459961498.html
Mercedes-Benz Třídy B 180,MPV,Kombi,False,https://suchen.mobile.de/auto-inserat/mercedes-benz-b-200-4m-progressive-ahk-led-kamera-tempomat-17-betzdorf/460030327.html
Mercedes-Benz Třídy B 180,MPV,Kombi,False,https://suchen.mobile.de/auto-inserat/mercedes-benz-b-200-4matic-junge-sterne-led-kamera-ahk-leder-schwetzingen/460063721.html
Mercedes-Benz Třídy B 180,MPV,Kombi,False,https://suchen.mobile.de/auto-inserat/mercedes-benz-b-200-7g-dct-style-navi-led-shz-tempomat-keyless-g%C3%B6ppingen/452984506.html
Mercedes-Benz Třídy B 180,MPV,Kombi,False,https://suchen.mobile.de/auto-inserat/mercedes-benz-b-200-amg-ambi-mbux-ar-carplay-aut-led-navi-rkam-m%C3%BChldorf-a-inn/459939283.html
Mercedes-Benz Třídy B 180,MPV,Kombi,False,https://suchen.mobile.de/auto-inserat/mercedes-benz-b-200-amg-edition-2020-panorama-navigation-led-mei%C3%9Fen/446905320.html
Mercedes-Benz Třídy B 180,MPV,Kombi,False,https://suchen.mobile.de/auto-inserat/mercedes-benz-b-200-amg-line-premium-panorama-pts-kamera-spurh-wackersdorf/452543666.html
Mercedes-Benz Třídy B 180,MPV,Kombi,False,https://suchen.mobile.de/auto-inserat/mercedes-benz-b-200-automatik-r%C3%BCckfahrkamera-navigation-spurh-aalen/446074758.html
Mercedes-Benz Třídy B 180,MPV,Hatchback,False,https://suchen.mobile.de/auto-inserat/mercedes-benz-b-200-b-b-200-tutzing/459206375.html
Mercedes-Benz Třídy B 180,MPV,Kombi,False,https://suchen.mobile.de/auto-inserat/mercedes-benz-b-200-led-r-kamera-shz-mbux-wismar/457909729.html
Mercedes-Benz Třídy B 180,MPV,Kombi,False,https://suchen.mobile.de/auto-inserat/mercedes-benz-b-200-navi-pano-led-kamera-uhingen/449252335.html
Mercedes-Benz Třídy B 180,MPV,Kombi,False,https://suchen.mobile.de/auto-inserat/mercedes-benz-b-200-progressiv-multbeam-business-p-ahk-northeim/457888475.html
Mercedes-Benz Třídy B 180,MPV,Kombi,False,https://suchen.mobile.de/auto-inserat/mercedes-benz-b-200-progressive-7g-led-mbux-ahk-cam-spur-totw-emmendingen/460042021.html
Mercedes-Benz Třídy B 180,MPV,Kombi,False,https://suchen.mobile.de/auto-inserat/mercedes-benz-b-200-progressive-adv-kamera-led-mbux-navi-osnabr%C3%BCck/451363457.html
Mercedes-Benz Třídy B 180,MPV,Kombi,False,https://suchen.mobile.de/auto-inserat/mercedes-benz-b-200-progressive-advanced-led-night-pdc-360-mei%C3%9Fen/449356475.html
Mercedes-Benz Třídy B 180,MPV,Kombi,False,https://suchen.mobile.de/auto-inserat/mercedes-benz-b-200-progressive-ahk-cam-led-navi-wide-winter-dortmund/453958416.html
Mercedes-Benz Třídy B 180,MPV,Kombi,False,https://suchen.mobile.de/auto-inserat/mercedes-benz-b-200-progressive-ahk-kamera-led-navi-pdc-shz-lm-l%C3%BCbbecke/456329990.html
Mercedes-Benz Třídy B 180,MPV,Kombi,False,https://suchen.mobile.de/auto-inserat/mercedes-benz-b-200-progressive-ahk-multi-rfk-shz-schorndorf/460321286.html
Mercedes-Benz Třídy B 180,MPV,Kombi,False,https://suchen.mobile.de/auto-inserat/mercedes-benz-b-200-progressive-ahk-multi-rfk-wp-shz-schorndorf/460321294.html
Mercedes-Benz Třídy B 180,MPV,Kombi,False,https://suchen.mobile.de/auto-inserat/mercedes-benz-b-200-progressive-ahk-multib-rfk-tw-shz-wp-schorndorf/459564924.html
Mercedes-Benz Třídy B 180,MPV,Kombi,False,https://suchen.mobile.de/auto-inserat/mercedes-benz-b-200-progressive-ambiente-cam-led-keyl-navi-pts-dortmund/453277576.html
Mercedes-Benz Třídy B 180,MPV,Kombi,False,https://suchen.mobile.de/auto-inserat/mercedes-benz-b-200-progressive-cam-led-navi-totw-wide-winter-l%C3%BCnen/452743054.html
Mercedes-Benz Třídy B 180,MPV,Kombi,False,https://suchen.mobile.de/auto-inserat/mercedes-benz-b-200-progressive-cam-led-navi-wide-pts-shz-dortmund/459448131.html
Mercedes-Benz Třídy B 180,MPV,Kombi,False,https://suchen.mobile.de/auto-inserat/mercedes-benz-b-200-progressive-cam-led-navi-wide-winter-dortmund/456076129.html
Mercedes-Benz Třídy B 180,MPV,Kombi,False,https://suchen.mobile.de/auto-inserat/mercedes-benz-b-200-progressive-cam-led-navi-wide-winter-pts-dortmund/450196959.html
Mercedes-Benz Třídy B 180,MPV,Kombi,False,https://suchen.mobile.de/auto-inserat/mercedes-benz-b-200-progressive-cam-led-navi-wide-winter-pts-dortmund/456161349.html
Mercedes-Benz Třídy B 180,MPV,Kombi,False,https://suchen.mobile.de/auto-inserat/mercedes-benz-b-200-progressive-cam-led-navi-wide-winter-pts-dortmund/459133098.html
Mercedes-Benz Třídy B 180,MPV,Kombi,False,https://suchen.mobile.de/auto-inserat/mercedes-benz-b-200-progressive-cam-led-navi-wide-winter-pts-dortmund/460146444.html
Mercedes-Benz Třídy B 180,MPV,Kombi,False,https://suchen.mobile.de/auto-inserat/mercedes-benz-b-200-progressive-cam-led-navi-wide-winter-pts-l%C3%BCnen/457834130.html
Mercedes-Benz Třídy B 180,MPV,Kombi,False,https://suchen.mobile.de/auto-inserat/mercedes-benz-b-200-progressive-cam-led-navi-wide-winter-pts-unna/455298171.html
Mercedes-Benz Třídy B 180,MPV,Kombi,False,https://suchen.mobile.de/auto-inserat/mercedes-benz-b-200-progressive-cam-led-navi-wide-winter-pts-unna/460063915.html
Mercedes-Benz Třídy B 180,MPV,Kombi,False,https://suchen.mobile.de/auto-inserat/mercedes-benz-b-200-progressive-distr-ambiente-360-cam-led-pts-dortmund/455708050.html
Mercedes-Benz Třídy B 180,MPV,Kombi,False,https://suchen.mobile.de/auto-inserat/mercedes-benz-b-200-progressive-distr-ils-360-cam-led-navi-pts-dortmund/453736474.html
Mercedes-Benz Třídy B 180,MPV,Kombi,False,https://suchen.mobile.de/auto-inserat/mercedes-benz-b-200-progressive-distr-ils-cam-led-navi-totw-dortmund/459126701.html
Mercedes-Benz Třídy B 180,MPV,Kombi,False,https://suchen.mobile.de/auto-inserat/mercedes-benz-b-200-progressive-distr-ils-cam-led-navi-wide-dortmund/458412592.html
Mercedes-Benz Třídy B 180,MPV,Kombi,False,https://suchen.mobile.de/auto-inserat/mercedes-benz-b-200-progressive-distr-ils-cam-led-navi-wide-dortmund/459126676.html
Mercedes-Benz Třídy B 180,MPV,Kombi,False,https://suchen.mobile.de/auto-inserat/mercedes-benz-b-200-progressive-distr-led-kamera-totw-memo-17-altenkirchen/453630430.html
Mercedes-Benz Třídy B 180,MPV,Kombi,False,https://suchen.mobile.de/auto-inserat/mercedes-benz-b-200-progressive-distr-mlb-360-cam-led-navi-pts-unna/452738742.html
Mercedes-Benz Třídy B 180,MPV,Kombi,False,https://suchen.mobile.de/auto-inserat/mercedes-benz-b-200-progressive-distr-mlb-cam-led-navi-wide-dortmund/451965873.html
Mercedes-Benz Třídy B 180,MPV,Kombi,False,https://suchen.mobile.de/auto-inserat/mercedes-benz-b-200-progressive-distronic-panorama-navi-kamera-wackersdorf/459012302.html
Mercedes-Benz Třídy B 180,MPV,Kombi,False,https://suchen.mobile.de/auto-inserat/mercedes-benz-b-200-progressive-junger-stern-led-spur-mbux-nav-pfungstadt/448761967.html
Mercedes-Benz Třídy B 180,MPV,Kombi,False,https://suchen.mobile.de/auto-inserat/mercedes-benz-b-200-progressive-kamera-easy-p-carplay-laderaup-erding/456693983.html
Mercedes-Benz Třídy B 180,MPV,Kombi,False,https://suchen.mobile.de/auto-inserat/mercedes-benz-b-200-progressive-kamera-usb-led-spur-winterp-senden/440290331.html
Mercedes-Benz Třídy B 180,MPV,Kombi,False,https://suchen.mobile.de/auto-inserat/mercedes-benz-b-200-progressive-led-360-totw-winter-easy-p-shz-betzdorf/451349800.html
Mercedes-Benz Třídy B 180,MPV,Kombi,False,https://suchen.mobile.de/auto-inserat/mercedes-benz-b-200-progressive-led-cam-keyl-easy-pack-shz-17-schwerte/453863392.html
Mercedes-Benz Třídy B 180,MPV,Kombi,False,https://suchen.mobile.de/auto-inserat/mercedes-benz-b-200-progressive-led-cam-metallic-beige-winter-hagen/450095091.html
Mercedes-Benz Třídy B 180,MPV,Kombi,False,https://suchen.mobile.de/auto-inserat/mercedes-benz-b-200-progressive-led-cam-night-keyl-winter-18-schwerte/448732030.html
Mercedes-Benz Třídy B 180,MPV,Kombi,False,https://suchen.mobile.de/auto-inserat/mercedes-benz-b-200-progressive-led-cam-totw-night-distr-shz-hagen/449906351.html
Mercedes-Benz Třídy B 180,MPV,Kombi,False,https://suchen.mobile.de/auto-inserat/mercedes-benz-b-200-progressive-led-kamera-easy-p-winter-shz-schwelm/456414416.html
Mercedes-Benz Třídy B 180,MPV,Kombi,False,https://suchen.mobile.de/auto-inserat/mercedes-benz-b-200-progressive-led-kamera-easy-pack-winter-17-erndtebr%C3%BCck/451349891.html
Mercedes-Benz Třídy B 180,MPV,Kombi,False,https://suchen.mobile.de/auto-inserat/mercedes-benz-b-200-progressive-led-kamera-navi-pdc-coburg/440295894.html
Mercedes-Benz Třídy B 180,MPV,Kombi,False,https://suchen.mobile.de/auto-inserat/mercedes-benz-b-200-progressive-led-kamera-navi-shz-tempomat-erndtebr%C3%BCck/459213272.html
Mercedes-Benz Třídy B 180,MPV,Kombi,False,https://suchen.mobile.de/auto-inserat/mercedes-benz-b-200-progressive-led-kamera-totw-winter-wide-17-siegen/457986116.html
Mercedes-Benz Třídy B 180,MPV,Kombi,False,https://suchen.mobile.de/auto-inserat/mercedes-benz-b-200-progressive-led-kamera-winter-metallic-m%C3%BCnster/455270235.html
Mercedes-Benz Třídy B 180,MPV,Kombi,False,https://suchen.mobile.de/auto-inserat/mercedes-benz-b-200-progressive-led-kamera-winter-p-metallic-nordhorn/454506342.html
Mercedes-Benz Třídy B 180,MPV,Kombi,False,https://suchen.mobile.de/auto-inserat/mercedes-benz-b-200-progressive-led-kamera-winter-paket-nordhorn/450799607.html
Mercedes-Benz Třídy B 180,MPV,Kombi,False,https://suchen.mobile.de/auto-inserat/mercedes-benz-b-200-progressive-led-kamera-winter-shz-easy-p-l%C3%BCdenscheid/459041952.html
Mercedes-Benz Třídy B 180,MPV,Kombi,False,https://suchen.mobile.de/auto-inserat/mercedes-benz-b-200-progressive-led-kamera-winter-shz-easy-p-siegen/452744669.html
Mercedes-Benz Třídy B 180,MPV,Kombi,False,https://suchen.mobile.de/auto-inserat/mercedes-benz-b-200-progressive-led-kamera-winter-shz-easyp-17-altenkirchen/453063139.html
Mercedes-Benz Třídy B 180,MPV,Kombi,False,https://suchen.mobile.de/auto-inserat/mercedes-benz-b-200-progressive-led-kamera-winter-shz-navi-17-altenkirchen/453628950.html
Mercedes-Benz Třídy B 180,MPV,Kombi,False,https://suchen.mobile.de/auto-inserat/mercedes-benz-b-200-progressive-led-kamera-winter-shz-navi-17-betzdorf/453853902.html
Mercedes-Benz Třídy B 180,MPV,Kombi,False,https://suchen.mobile.de/auto-inserat/mercedes-benz-b-200-progressive-led-kamera-winter-shz-navi-siegen/453270022.html
Mercedes-Benz Třídy B 180,MPV,Kombi,False,https://suchen.mobile.de/auto-inserat/mercedes-benz-b-200-progressive-line-ahv-dessau-ro%C3%9Flau/451453652.html
Mercedes-Benz Třídy B 180,MPV,Kombi,False,https://suchen.mobile.de/auto-inserat/mercedes-benz-b-200-progressive-multibeam-360-kamera-distronic-osterode/449791937.html
Mercedes-Benz Třídy B 180,MPV,Kombi,False,https://suchen.mobile.de/auto-inserat/mercedes-benz-b-200-progressive-navi-led-ahk-standh-kamera-w-p-tuttlingen/458596625.html
Mercedes-Benz Třídy B 180,MPV,Kombi,False,https://suchen.mobile.de/auto-inserat/mercedes-benz-b-200-progressive-night-cam-led-navi-wide-winter-dortmund/452997018.html
Mercedes-Benz Třídy B 180,MPV,Kombi,False,https://suchen.mobile.de/auto-inserat/mercedes-benz-b-200-progressive-night-led-kamera-mbux-navi-vm-pfungstadt/448584376.html
Mercedes-Benz Třídy B 180,MPV,Kombi,False,https://suchen.mobile.de/auto-inserat/mercedes-benz-b-250-e-ahk-stndhz-aug-rea-kamera-led-carpl-shz-plauen/458686719.html
Mercedes-Benz Třídy B 180,MPV,Kombi,False,https://suchen.mobile.de/auto-inserat/mercedes-benz-b-250-e-ahk-totwinkel-pdc-mbux-led-coburg/459253864.html
Mercedes-Benz Třídy B 180,MPV,Kombi,False,https://suchen.mobile.de/auto-inserat/mercedes-benz-b-250-e-amg-line-navigation-led-pts-spurh-klimaa-mei%C3%9Fen/457226574.html
Mercedes-Benz Třídy B 180,MPV,Kombi,False,https://suchen.mobile.de/auto-inserat/mercedes-benz-b-250-e-amg-night-mbux-distronic-kamera-led-navi-d%C3%BClmen/458851089.html
Mercedes-Benz Třídy B 180,MPV,Kombi,False,https://suchen.mobile.de/auto-inserat/mercedes-benz-b-250-e-led-navi-mbux-kamera-thermatic-easypack-tamm/459119794.html
Mercedes-Benz Třídy B 180,MPV,Kombi,False,https://suchen.mobile.de/auto-inserat/mercedes-benz-b-250-e-night-progressive-kamera-spur-pdc-shz-eutin/453753589.html
Mercedes-Benz Třídy B 180,MPV,Kombi,False,https://suchen.mobile.de/auto-inserat/mercedes-benz-b-250-e-progressive-advanced-led-distronic-kamer-nordhausen/460037516.html
Mercedes-Benz Třídy B 180,MPV,Kombi,False,https://suchen.mobile.de/auto-inserat/mercedes-benz-b-250-e-progressive-euro-6d-led-navi-pano-shz-d%C3%BCsseldorf/458881953.html
Mercedes-Benz Třídy B 180,MPV,Kombi,False,https://suchen.mobile.de/auto-inserat/mercedes-benz-b-250-e-progressive-kam-totw-memory-shz-lhz-led-saarlouis/459039628.html
Mercedes-Benz Třídy B 180,MPV,Kombi,False,https://suchen.mobile.de/auto-inserat/mercedes-benz-b-250-e-progressive-led-cam-pano-easy-pack-shz-hagen/459966787.html
Mercedes-Benz Třídy B 180,MPV,Kombi,False,https://suchen.mobile.de/auto-inserat/mercedes-benz-b-250-e-progressive-led-kamera-easy-pack-shz-17-hagen/460231968.html
Mercedes-Benz Třídy B 180,MPV,Kombi,False,https://suchen.mobile.de/auto-inserat/mercedes-benz-b-250-e-progressive-night-distr-ahk-led-18-tuttlingen/460223521.html
Mercedes-Benz Třídy B 180,MPV,Hatchback,False,https://suchen.mobile.de/auto-inserat/mercedes-benz-b-250-e-style-ahk-led-kam-mbux-bremen/453293765.html
Mercedes-Benz Třídy B 180,MPV,Kombi,False,https://suchen.mobile.de/auto-inserat/mercedes-benz-b-250-e-style-euro-6d-hamburg/458858767.html
Mercedes-Benz Třídy B 180,MPV,SUV,False,https://suchen.mobile.de/auto-inserat/mercedes-benz-b-250e-aut-navi-sitzhzg-klima-pdc-fl%C3%B6rsheim/458390648.html
Mercedes-Benz Třídy B 180,MPV,Hatchback,False,https://suchen.mobile.de/auto-inserat/mercedes-benz-b-250e-grevesm%C3%BChlen/455493496.html
Mercedes-Benz Třídy B 180,MPV,SUV,False,https://suchen.mobile.de/auto-inserat/mercedes-benz-b180-progressive-dct-led-rfk-navi-spurh-dab-gra-cloppenburg/446975193.html
Mercedes-Benz Třídy B 180,MPV,Hatchback,False,https://suchen.mobile.de/auto-inserat/mercedes-benz-b180-stadtbergen/460073753.html
Mercedes-Benz Třídy B 180,MPV,Hatchback,False,https://suchen.mobile.de/auto-inserat/mercedes-benz-b-200-amg-line-nav-led-psd-keyless-tw-spur-360-hamburg/458162634.html
Mercedes-Benz Třídy B 180,MPV,Kombi,False,https://suchen.mobile.de/auto-inserat/mercedes-benz-b-180-navi-kamera-led-winter-acc-ditronic-mayen/460527986.html
Mercedes-Benz Třídy B 180,MPV,Kombi,False,https://suchen.mobile.de/auto-inserat/mercedes-benz-b-250-e-amg-ahk-multibeam-panorama-stndhz-kamera-saalfeld/460541403.html
Mercedes-Benz Třídy B 180,MPV,Kombi,False,https://suchen.mobile.de/auto-inserat/mercedes-benz-b-250-e-progressive-led-360-fahrassistenz-leder-mainz/459590293.html
Mercedes-Benz Třídy B 180,MPV,Kombi,False,https://suchen.mobile.de/auto-inserat/mercedes-benz-b-180-advanced-winter-navi-led-kamera-komfortpak-limburg-offheim/460610495.html
Mercedes-Benz Třídy B 180,MPV,Kombi,False,https://suchen.mobile.de/auto-inserat/mercedes-benz-b-180-distronic-winter-acc-kamera-led-komfort-mayen/460629774.html
Mercedes-Benz Třídy B 180,MPV,Kombi,False,https://suchen.mobile.de/auto-inserat/mercedes-benz-b-180-progressive-advanced-winter-paket-dessau-ro%C3%9Flau/460064504.html
Mercedes-Benz Třídy B 180,MPV,Kombi,False,https://suchen.mobile.de/auto-inserat/mercedes-benz-b-200-amg-rkam-carplay-keygo-led-navi-aut-ambi-m%C3%BChldorf-a-inn/459939283.html
Mercedes-Benz Třídy B 180,MPV,Kombi,False,https://suchen.mobile.de/auto-inserat/mercedes-benz-b-200-facelift-progressive-advanced-ahk-mod2026-ebersberg/460614689.html
Mercedes-Benz Třídy B 180,MPV,Kombi,False,https://suchen.mobile.de/auto-inserat/mercedes-benz-b-180-ahk-led-shz-rfk-geislingen-steige/460697489.html
Mercedes-Benz Třídy B 180,MPV,Kombi,False,https://suchen.mobile.de/auto-inserat/mercedes-benz-b-180-progressive-ahk-led-rfk-mbux-shz-elhkl-friedrichshafen/459629794.html
Mercedes-Benz Třídy B 180,MPV,Kombi,False,https://suchen.mobile.de/auto-inserat/mercedes-benz-b-180-progressive-cam-led-navi-wide-pts-shz-dortmund/460701315.html
Mercedes-Benz Třídy B 180,MPV,Kombi,False,https://suchen.mobile.de/auto-inserat/mercedes-benz-b-180-progressive-shz-led-mbux-kamera-ahk-dab-pt-bad-waldsee/456831486.html
Mercedes-Benz Třídy B 180,MPV,Kombi,False,https://suchen.mobile.de/auto-inserat/mercedes-benz-b-200-amg-sport-night-ambiente-ahk-cam-led-navi-l%C3%BCnen/460725715.html
Mercedes-Benz Třídy B 180,MPV,Kombi,False,https://suchen.mobile.de/auto-inserat/mercedes-benz-b-200-progressive-carplay-led-kamera-winter-p-lemgo/460721675.html
Mercedes-Benz Třídy B 180,MPV,Kombi,False,https://suchen.mobile.de/auto-inserat/mercedes-benz-b-200-progressive-led-kamera-winter-p-metallic-emsdetten/460729619.html
Mercedes-Benz Třídy B 180,MPV,Kombi,False,https://suchen.mobile.de/auto-inserat/mercedes-benz-b-180-amg-pano-hud-multi-360-geislingen-steige/456412441.html
Mercedes-Benz Třídy B 180,MPV,Kombi,False,https://suchen.mobile.de/auto-inserat/mercedes-benz-b-200-amg-ahk-totw-night-spiegel-dortmund/460802265.html
Mercedes-Benz Třídy B 180,MPV,Kombi,False,https://suchen.mobile.de/auto-inserat/mercedes-benz-b-200-multi-ahk-tw-rfk-night-uhingen/460624578.html
Mercedes-Benz Třídy B 180,MPV,Kombi,False,https://suchen.mobile.de/auto-inserat/mercedes-benz-b-200-progressive-ahk-navi-prem-keyless-kam-bielefeld/454740783.html
Mercedes-Benz Třídy B 180,MPV,Kombi,False,https://suchen.mobile.de/auto-inserat/mercedes-benz-b-200-progressive-cam-led-navi-wide-winter-pts-dortmund/460802268.html
Mercedes-Benz Třídy B 180,MPV,Kombi,False,https://suchen.mobile.de/auto-inserat/mercedes-benz-b-200-progressive-led-ahk-tw-rfk-schorndorf/459396884.html
Mercedes-Benz Třídy B 180,MPV,Kombi,False,https://suchen.mobile.de/auto-inserat/mercedes-benz-b-200-progressive-pano-ahk-kamera-led-winter-wittlich/447387219.html
Mercedes-Benz Třídy B 180,MPV,Kombi,False,https://suchen.mobile.de/auto-inserat/mercedes-benz-b-250e-amg-kamera-led-carplay-shz-bussines-p-erding/460856203.html
Mercedes-Benz Třídy B 180,MPV,Kombi,False,https://suchen.mobile.de/auto-inserat/mercedes-benz-b-180-progressive-kamera-led-szh-mbux-navi-spur-pfungstadt/460893333.html
Mercedes-Benz Třídy B 180,MPV,Kombi,False,https://suchen.mobile.de/auto-inserat/mercedes-benz-b-180-dortmund/456076127.html
Mercedes-Benz Třídy B 180,MPV,Hatchback,False,https://suchen.mobile.de/auto-inserat/mercedes-benz-b-180-widesreen-navi-mbux-ravensburg/460894678.html
Mercedes-Benz Třídy B 180,MPV,Kombi,False,https://suchen.mobile.de/auto-inserat/mercedes-benz-b-200-dortmund/455708050.html
Mercedes-Benz Třídy B 180,MPV,Kombi,False,https://suchen.mobile.de/auto-inserat/mercedes-benz-b-200-ahk-kamera-multib-waiblingen/461091911.html
Mercedes-Benz Třídy B 180,MPV,Kombi,False,https://suchen.mobile.de/auto-inserat/mercedes-benz-b-200-night-progressive-burmester-winter-p-360-osnabr%C3%BCck/460158965.html
Mercedes-Benz Třídy B 180,MPV,Kombi,False,https://suchen.mobile.de/auto-inserat/mercedes-benz-b-200-progressive-line-ahv-lutherstadt-wittenberg/461076128.html
Mercedes-Benz Třídy B 180,MPV,Kombi,False,https://suchen.mobile.de/auto-inserat/mercedes-benz-b-200-progressive-navi-mbux-led-360-totw-shz-17-hagen/461085986.html
Mercedes-Benz Třídy B 180,MPV,Kombi,False,https://suchen.mobile.de/auto-inserat/mercedes-benz-b-250-e-amg-kam-navi-pdc-easy-p-park-assist-shz-gie%C3%9Fen/461153548.html
Mercedes-Benz Třídy B 180,MPV,Kombi,False,https://suchen.mobile.de/auto-inserat/mercedes-benz-b-klasse-b-200-progressive-navi-led-tempo-pdc-korntal-m%C3%BCnchingen/460637827.html
Mercedes-Benz Třídy B 180,MPV,Kombi,False,https://suchen.mobile.de/auto-inserat/mercedes-benz-b-180-progr-distr-navi-led-ahk-kam-apple-w-pak-vechta/461270373.html
Mercedes-Benz Třídy B 180,MPV,Kombi,False,https://suchen.mobile.de/auto-inserat/mercedes-benz-b-180-progressive-ahk-multi-tw-wp-rfk-waiblingen/461324190.html
Mercedes-Benz Třídy B 180,MPV,SUV,False,https://suchen.mobile.de/auto-inserat/mercedes-benz-b-200-navi-led-kamera-amg-line-scheckh-vir-cock-waltrop/461196203.html
Mercedes-Benz Třídy B 180,MPV,Kombi,False,https://suchen.mobile.de/auto-inserat/mercedes-benz-b-200-progressive-memo-kamera-spur-pdc-shz-l%C3%BCbeck/461268007.html
Mercedes-Benz Třídy B 180,MPV,Kombi,False,https://suchen.mobile.de/auto-inserat/mercedes-benz-b-180-kamera-ahk-navi-multibeam-waiblingen/461333562.html
Mercedes-Benz Třídy B 180,MPV,Kombi,False,https://suchen.mobile.de/auto-inserat/mercedes-benz-b-180-progressive-adv-ahk-kamera-winter-paket-asperg/446469266.html
Mercedes-Benz Třídy B 180,MPV,Kombi,False,https://suchen.mobile.de/auto-inserat/mercedes-benz-b-200-amg-multibeam-pdc-kamera-soundsystem-dab-mei%C3%9Fen/461340751.html
Mercedes-Benz Třídy B 180,MPV,Kombi,False,https://suchen.mobile.de/auto-inserat/mercedes-benz-b-180-progressive-ahk-led-kamera-winter-shz-wide-siegen/458392242.html
Mercedes-Benz Třídy B 180,MPV,Kombi,False,https://suchen.mobile.de/auto-inserat/mercedes-benz-b-klasse-b-200-progressive-navi-led-tempo-pdc-frankfurt-am-main/461438316.html
Mercedes-Benz Třídy B 180,MPV,Kombi,False,https://suchen.mobile.de/auto-inserat/mercedes-benz-b-klasse-b-200-progressive-navi-led-tempo-pdc-k%C3%B6ln/461422206.html
Mercedes-Benz Třídy B 180,MPV,Kombi,False,https://suchen.mobile.de/auto-inserat/mercedes-benz-b-180-mbux-totwinkel-kamera-ahk-navi-aut-shz-led-elmshorn/458383219.html
Mercedes-Benz Třídy B 180,MPV,Kombi,False,https://suchen.mobile.de/auto-inserat/mercedes-benz-b-180-multi-ahk-rfk-tw-winter-schorndorf/461621251.html
Mercedes-Benz Třídy B 180,MPV,Kombi,False,https://suchen.mobile.de/auto-inserat/mercedes-benz-b-180-dct-progressive-ahk-nav-led-schlo%C3%9F-holte-stukenbrock/459422015.html
Mercedes-Benz Třídy B 180,MPV,Kombi,False,https://suchen.mobile.de/auto-inserat/mercedes-benz-b-180-progressive-led-kamera-carplay-winter-p-ahaus/460207805.html
Mercedes-Benz Třídy B 180,MPV,Kombi,False,https://suchen.mobile.de/auto-inserat/mercedes-benz-b-200-amg-rkam-carplay-keygo-led-navi-aut-ambi-pfarrkirchen/461649202.html
Mercedes-Benz Třídy B 180,MPV,Kombi,False,https://suchen.mobile.de/auto-inserat/mercedes-benz-b-200-multi-ahk-shz-rfk-winterp-schorndorf/461706847.html
Mercedes-Benz Třídy B 180,MPV,Kombi,False,https://suchen.mobile.de/auto-inserat/mercedes-benz-b-200-progressive-pano-keyless-multibeam-kamera-dornstadt/432859929.html
Mercedes-Benz Třídy B 180,MPV,Kombi,False,https://suchen.mobile.de/auto-inserat/mercedes-benz-b-200-progressive-pano-keyless-multibeam-kamera-dornstadt/432860340.html
Mini Cooper 3D 2.0 TSI,Hatchback,Kombi,False,https://www.sauto.cz/osobni/detail/mini/countryman/210217712
Mini Cooper 3D 2.0 TSI,Hatchback,Sedan,False,https://suchen.mobile.de/auto-inserat/mini-cooper-s-5-t%C3%BCrer-head-up-hk-hifi-dab-led-rfk-filderstadt/455611576.html
Mini Cooper 3D 2.0 TSI,Hatchback,Kupé,False,https://suchen.mobile.de/auto-inserat/mini-cooper-s-head-up-kamera-driv-assist-led-alarm-stuttgart/456471964.html
Mini Cooper 3D 2.0 TSI,Hatchback,Kupé,False,https://suchen.mobile.de/auto-inserat/mini-cooper-s-head-up-kamera-pano-dach-driv-assist-dreieich-sprendlingen/451585465.html
Mini Cooper 3D 2.0 TSI,Hatchback,Kupé,False,https://suchen.mobile.de/auto-inserat/mini-cooper-s-head-up-kamera-pano-dach-driv-assist-stuttgart/456471979.html
Mini Cooper 3D 2.0 TSI,Hatchback,Kabriolet,False,https://suchen.mobile.de/auto-inserat/mini-john-cooper-works-cabrio-aut-navi-rfk-acc-esslingen-am-neckar/461673415.html
Mini Cooper 3D Hatchback,Hatchback,Kabriolet,False,https://suchen.mobile.de/auto-inserat/mini-cooper-cabrio-classic-trim-sportsitze-led-pdc-ahaus/457794804.html
Mitsubishi ASX 1.3 Turbo,SUV,Hatchback,False,https://suchen.mobile.de/auto-inserat/mitsubishi-asx-mildhybrid-plus-1-3-l-turbo-benziner-%C3%BCbach-palenberg/401060868.html
Mitsubishi ASX 1.3 Turbo,SUV,Hatchback,False,https://suchen.mobile.de/auto-inserat/mitsubishi-asx-mildhybrid-plus-1-3-l-turbo-benziner-6-mt-erlangen/399776676.html
Mitsubishi ASX 1.3 Turbo,SUV,Kombi,False,https://suchen.mobile.de/auto-inserat/mitsubishi-asx-plus-1-hand-neuwertig-perlmutt-wei%C3%9F-grafschaft-lantershofen/450638331.html
Mitsubishi ASX 1.8 HEV,SUV,Hatchback,False,https://www.sauto.cz/osobni/detail/mitsubishi/asx/209987352
Mitsubishi ASX 1.8 HEV,SUV,Kombi,False,https://suchen.mobile.de/auto-inserat/mitsubishi-asx-hybrid-plus-1-6-klima-r%C3%BCckfahrkamera-pocking/427452709.html
Mitsubishi Eclipse Cross 1.5 Turbo,SUV,Kombi,False,https://www.sauto.cz/osobni/detail/mitsubishi/eclipse-cross/210525548
Mitsubishi Grandis 1.3,SUV,MPV,False,https://suchen.mobile.de/auto-inserat/mitsubishi-grandis-1-3-diamant-plus-7-dct-crailsheim/444358003.html
Mitsubishi Grandis 1.3,SUV,MPV,False,https://suchen.mobile.de/auto-inserat/mitsubishi-grandis-1-3-diamant-plus-at-berlin-buckow/454582906.html
Mitsubishi Grandis 1.3,SUV,MPV,False,https://suchen.mobile.de/auto-inserat/mitsubishi-grandis-1-3-diamant-plus-8-j-garantie-p-radeberg/448815426.html
Mitsubishi Grandis 1.3,SUV,MPV,False,https://suchen.mobile.de/auto-inserat/mitsubishi-grandis-1-3-at-intro-ed-berlin-buckow/456354312.html
Mitsubishi Grandis 1.3 Turbo MHEV,SUV,Kombi,False,https://suchen.mobile.de/auto-inserat/mitsubishi-grandis-1-3-mhev-103-kw-diamant-plus-ribnitz-damgarten/453249454.html
Mitsubishi Grandis 1.3 Turbo MHEV,SUV,Kombi,False,https://suchen.mobile.de/auto-inserat/mitsubishi-grandis-1-3-turbo-mildhybrid-dct-diamant-plus-br%C3%BChl/448036903.html
Mitsubishi Grandis 1.3 Turbo MHEV,SUV,Kombi,False,https://suchen.mobile.de/auto-inserat/mitsubishi-grandis-1-3-turbo-mildhybrid-dct-diamant-plus-br%C3%BChl/457883763.html
Mitsubishi Grandis 1.8 HEV,SUV,MPV,False,https://suchen.mobile.de/auto-inserat/mitsubishi-grandis-1-8-hev-diamant-plus-berlin-buckow/454575629.html
Nissan Juke 1.6,SUV,Hatchback,False,https://www.sauto.cz/osobni/detail/nissan/juke/203881875
Nissan Juke 1.6 Hybrid,SUV,Hatchback,False,https://suchen.mobile.de/auto-inserat/nissan-juke-1-6-hybrid-n-connecta-49-000-km-automatik-asperg-ludwigsburg-bei-stuttgart/458514580.html
Nissan Juke 1.6 Hybrid,SUV,Hatchback,False,https://suchen.mobile.de/auto-inserat/nissan-juke-1-6-hybrid-n-connecta-cottbus/437070982.html
Nissan Juke 1.6 Hybrid,SUV,Hatchback,False,https://suchen.mobile.de/auto-inserat/nissan-juke-1-6-hybrid-n-connecta-cottbus/440198860.html
Nissan Juke 1.6 Hybrid,SUV,Hatchback,False,https://suchen.mobile.de/auto-inserat/nissan-juke-1-6-hybrid-n-connecta-winter-paket-kamera-essen/458770382.html
Nissan Juke 1.6 Hybrid,SUV,Hatchback,False,https://suchen.mobile.de/auto-inserat/nissan-juke-1-6-hybrid-tekna-143-ps-4amt-bose-offenbach/449146709.html
Nissan Juke 1.6 Hybrid,SUV,Hatchback,False,https://suchen.mobile.de/auto-inserat/nissan-juke-1-6-hybrid-redline-edition-cottbus/452803644.html
Nissan Juke 1.6 Hybrid,SUV,Hatchback,False,https://suchen.mobile.de/auto-inserat/nissan-juke-n-connecta-1-6-hybrid-werksgarantie-05-27-offenbach/460871758.html
Nissan NV300 VAN 2.0 d,MPV,Kombi,False,https://suchen.mobile.de/auto-inserat/nissan-nv300-kombi-l1h1-2-8t-n-connecta-6mt-led-kamera-steinen/453325390.html
Nissan NV300 VAN 2.0 d,MPV,Kombi,False,https://suchen.mobile.de/auto-inserat/nissan-nv300-l1h1-2-8t-n-connectar-klima-rfk-navi-led-warendorf/453769438.html
Nissan NV300 VAN 2.0 d,MPV,Kombi,False,https://suchen.mobile.de/auto-inserat/nissan-nv300-l1h1-tekna-kamera-navi-alu-tempom-wetzlar/459975021.html
Nissan NV300 VAN 2.0 d,MPV,Kombi,False,https://suchen.mobile.de/auto-inserat/nissan-nv300-2-0-dci-l1h1-2-8t-n-connecta-navi-led-cam-k%C3%B6ln/454026509.html
Nissan NV300 VAN 2.0 d,MPV,Kombi,False,https://suchen.mobile.de/auto-inserat/nissan-nv300-2-8t-l1h1-tekna-navi-360-kamera-led-pforzheim/460177504.html
Nissan NV300 VAN 2.0 d,MPV,Kombi,False,https://suchen.mobile.de/auto-inserat/nissan-nv300-2-0-dci-l1h1-2-8t-n-connecta-navi-led-cam-berlin/461426413.html
Nissan Qashqai 1.3 DIG-T MHEV,SUV,Sedan,False,https://suchen.mobile.de/auto-inserat/nissan-qashqai-1-3-dig-t-mhev-158ps-xtronic-tekna-v%C3%B6hringen/458267580.html
Nissan Qashqai 1.3 DIG-T MHEV,SUV,Kombi,False,https://suchen.mobile.de/auto-inserat/nissan-qashqai-1-3-dig-t-mhev-acenta-celle/457407365.html
Nissan Qashqai 1.3 DIG-T MHEV,SUV,Kombi,False,https://suchen.mobile.de/auto-inserat/nissan-qashqai-1-3-dig-t-mhev-n-conne-acc-rcam-klima-osnabr%C3%BCck/460595562.html
Omoda 5 1.6 T-GDI,SUV,Hatchback,False,https://www.sauto.cz/osobni/detail/omoda/5/209818107
Omoda 5 1.6 T-GDI,SUV,Hatchback,False,https://www.sauto.cz/osobni/detail/omoda/5/209862957
Omoda 5 1.6 T-GDI,SUV,Hatchback,False,https://www.sauto.cz/osobni/detail/omoda/5/209988714
Omoda 5 1.6 T-GDI,SUV,Hatchback,False,https://www.sauto.cz/osobni/detail/omoda/5/210437912
Omoda 5 1.6 T-GDI,SUV,Hatchback,False,https://www.sauto.cz/osobni/detail/omoda/5/210464171
Omoda 5 1.6 T-GDI,SUV,Hatchback,False,https://www.sauto.cz/osobni/detail/omoda/5/210492155
Omoda 5 1.6 T-GDI,SUV,Hatchback,False,https://www.sauto.cz/osobni/detail/omoda/5/210506063
Omoda 5 1.6 T-GDI,SUV,Kombi,False,https://www.sauto.cz/osobni/detail/omoda/5/210508433
Omoda 5 1.6 T-GDI,SUV,Hatchback,False,https://www.sauto.cz/osobni/detail/omoda/5/210669833
Omoda 5 1.6 T-GDI,SUV,Hatchback,False,https://www.sauto.cz/osobni/detail/omoda/5/210740966
Omoda 5 1.6 T-GDI,SUV,Hatchback,False,https://www.sauto.cz/osobni/detail/omoda/5/210744161
Omoda C5 1.6 TGDI,SUV,Hatchback,False,https://www.sauto.cz/osobni/detail/omoda/c5/210623930
Opel Astra Sports Tourer 1.2 Turbo,Kombi,Kupé,False,https://suchen.mobile.de/auto-inserat/opel-astra-sports-tourer-gs-automatik-komfort-shz-pa-kassel/452066251.html
Opel Corsa Hatchback 1.2 HEV,Hatchback,Sedan,False,https://suchen.mobile.de/auto-inserat/opel-corsa-f-1-2-turbo-hybrid-gs-e-dct-navi-matrix-ka-lingen-ems/460364682.html
Opel Frontera 1.2,SUV,MPV,False,https://suchen.mobile.de/auto-inserat/opel-frontera-ultimate-1-2-bhwss-navi-180-rfk-lhz-shz-r%C3%BCdersdorf/461653587.html
Opel Frontera 1.2 MHEV,SUV,Hatchback,False,https://suchen.mobile.de/auto-inserat/opel-frontera-gs-line-mild-hybrid-rhauderfehn/450550483.html
Opel Frontera Hybrid,SUV,Hatchback,False,https://suchen.mobile.de/auto-inserat/opel-frontera-edition-1-2-hybrid-rkamera-130-navi-unna/453736334.html
Opel Frontera Hybrid,SUV,MPV,False,https://suchen.mobile.de/auto-inserat/opel-frontera-ultimate-hybrid-navi-shz-lhz-pdc-v-h-ca-bad-salzuflen/460397376.html
Opel Grandland 1.2 MHEV,SUV,Kombi,False,https://suchen.mobile.de/auto-inserat/opel-grandland-1-2-di-hybrid-48-v-gs-lauchringen/459986906.html
Opel Grandland 1.2 MHEV,SUV,Kombi,False,https://suchen.mobile.de/auto-inserat/opel-grandland-1-2-di-hybrid-48-v-automatik-gs-k-lauchringen/454018020.html
Opel Grandland 1.6 PHEV,SUV,Kabriolet,False,https://suchen.mobile.de/auto-inserat/opel-grandland-ultimate-phev-1-6-360kamera-navi-led-k-schneeberg/458092978.html
Opel Insignia 2.0,Liftback,Kupé,False,https://suchen.mobile.de/auto-inserat/opel-insignia-b-grand-sport-gsi-4x4-recaro-led-navi-sch%C3%B6nbach/459157142.html
Opel Insignia 2.0,Liftback,Kupé,False,https://suchen.mobile.de/auto-inserat/opel-insignia-b-gs-ultimate-opc-agr-sitze-8-fach-20-bocholt/457356076.html
Opel Mokka 1.2 MHEV,SUV,Hatchback,False,https://suchen.mobile.de/auto-inserat/opel-mokka-1-2-hybrid-48v-automatik-gs-niesky/423373250.html
Opel Mokka 1.2 MHEV,SUV,Hatchback,False,https://suchen.mobile.de/auto-inserat/opel-mokka-gs-mild-hybrid-at-led-rfk-navi-acc-keyless-bielefeld/455016869.html
Opel Mokka 1.2 MHEV,SUV,Hatchback,False,https://suchen.mobile.de/auto-inserat/opel-mokka-gs-mild-hybrid-at-shz-lhz-navi-massage-led-bielefeld/455017599.html
Opel Mokka 1.2 Turbo,SUV,Hatchback,False,https://www.sauto.cz/osobni/detail/opel/mokka/210500618
Opel Mokka 1.2 Turbo,SUV,Hatchback,False,https://www.sauto.cz/osobni/detail/opel/mokka/210502616
Opel Mokka 1.2 Turbo,SUV,Hatchback,False,https://www.sauto.cz/osobni/detail/opel/mokka/210502682
Opel Mokka 1.2 Turbo,SUV,Hatchback,False,https://www.sauto.cz/osobni/detail/opel/mokka/210502697
Opel Mokka 1.2 Turbo,SUV,Hatchback,False,https://www.sauto.cz/osobni/detail/opel/mokka/210503006
Opel Mokka 1.2 Turbo,SUV,Hatchback,False,https://www.sauto.cz/osobni/detail/opel/mokka/210506795
Opel Mokka 1.2 Turbo,SUV,Hatchback,False,https://www.sauto.cz/osobni/detail/opel/mokka/210506960
Opel Mokka 1.2 Turbo,SUV,Hatchback,False,https://www.sauto.cz/osobni/detail/opel/mokka/210507038
Opel Mokka 1.2 Turbo,SUV,Hatchback,False,https://www.sauto.cz/osobni/detail/opel/mokka/210507572
Opel Mokka 1.2 Turbo,SUV,Hatchback,False,https://www.sauto.cz/osobni/detail/opel/mokka/210507671
Opel Mokka 1.2 Turbo,SUV,Hatchback,False,https://www.sauto.cz/osobni/detail/opel/mokka/210507848
Opel Mokka 1.2 Turbo,SUV,Hatchback,False,https://www.sauto.cz/osobni/detail/opel/mokka/210507944
Opel Mokka 1.2 Turbo,SUV,Hatchback,False,https://www.sauto.cz/osobni/detail/opel/mokka/210508034
Opel Mokka 1.2 Turbo,SUV,Hatchback,False,https://www.sauto.cz/osobni/detail/opel/mokka/210508172
Opel Mokka 1.2 Turbo,SUV,Hatchback,False,https://www.sauto.cz/osobni/detail/opel/mokka/210508358
Opel Mokka 1.2 Turbo,SUV,Hatchback,False,https://www.sauto.cz/osobni/detail/opel/mokka/210508385
Opel Mokka 1.2 Turbo,SUV,Hatchback,False,https://www.sauto.cz/osobni/detail/opel/mokka/210508718
Opel Mokka 1.2 Turbo,SUV,Hatchback,False,https://www.sauto.cz/osobni/detail/opel/mokka/210510254
Opel Mokka 1.2 Turbo,SUV,Hatchback,False,https://suchen.mobile.de/auto-inserat/opel-mokka-1-2-turbo-ultimate-acc-ahk-alcantara-led-hof/458841170.html
Opel Mokka 1.2 Turbo,SUV,Hatchback,False,https://suchen.mobile.de/auto-inserat/opel-mokka-edition-inkl-sport-umbau-oberhausen/459376466.html
Opel Mokka 1.2 Turbo,SUV,Hatchback,False,https://suchen.mobile.de/auto-inserat/opel-mokka-edition-oberhausen/455251017.html
Opel Mokka 1.2 Turbo,SUV,Hatchback,False,https://suchen.mobile.de/auto-inserat/opel-mokka-gs-facelift-shz-lhz-rfk-10-multimedia-bielefeld/452705280.html
Opel Mokka 1.2 Turbo,SUV,Hatchback,False,https://suchen.mobile.de/auto-inserat/opel-mokka-ultimate-ahzv-navi-winterpaket-artern/449877028.html
Opel Mokka 1.2 Turbo,SUV,Hatchback,False,https://suchen.mobile.de/auto-inserat/opel-mokka-edition-navi-artern/461341854.html
Opel Mokka 1.2 Turbo,SUV,Hatchback,False,https://suchen.mobile.de/auto-inserat/opel-mokka-gs-rabenau/461583731.html
Opel Movano 2.3 d,MPV,Kombi,False,https://suchen.mobile.de/auto-inserat/opel-movano-2-3-hka-l2h2-3-5t-braunschweig/448434804.html
Opel Movano 2.3 d,MPV,Kombi,False,https://suchen.mobile.de/auto-inserat/opel-movano-b-2-3-cdti-3-3t-l2h2-9-sitzer-plattling/445426293.html
Opel Movano 2.3 d,MPV,Kombi,False,https://suchen.mobile.de/auto-inserat/opel-movano-b-2-3-cdti-3-3t-l2h2-9-sitzer-plattling/445426946.html
Opel Movano 2.3 d,MPV,Kombi,False,https://suchen.mobile.de/auto-inserat/opel-movano-l2h2-klima-navi-9-sitzer-obertraubling/447233613.html
Opel Movano 2.3 d,MPV,Kombi,False,https://suchen.mobile.de/auto-inserat/opel-movano-l2h2-klima-navi-obertraubling/448425749.html
Opel Vivaro 2.0 CDTi,MPV,Hatchback,False,https://www.sauto.cz/osobni/detail/opel/vivaro/210332408
Opel Zafira 2.0 CDTi,MPV,Hatchback,False,https://www.sauto.cz/osobni/detail/opel/zafira/209724447
Opel Zafira 2.0 CDTi,MPV,Hatchback,False,https://www.sauto.cz/osobni/detail/opel/zafira/210327068
Opel Zafira 2.0 CDTi,MPV,Kombi,False,https://www.sauto.cz/osobni/detail/opel/zafira/210708470
Opel Zafira 2.0 CDTi,MPV,Kombi,False,https://suchen.mobile.de/auto-inserat/opel-vivaro-2-0-d-l-9-sitzer-klima-navi-pro-ahk-144ps-halle/456415374.html
Opel Zafira 2.0 CDTi,MPV,Kombi,False,https://suchen.mobile.de/auto-inserat/opel-vivaro-kombi-2-0-d-l-9-sitzer-klima-144ps-osterode/458412080.html
Opel Zafira 2.0 CDTi,MPV,SUV,False,https://suchen.mobile.de/auto-inserat/opel-zafira-life-2-0-d-edition-mit-pdc-tempomat-2-zon-freising/441827265.html
Opel Zafira 2.0 CDTi,MPV,Kombi,False,https://suchen.mobile.de/auto-inserat/opel-zafira-life-2-0-d-eu6d-kombi-l-8-sitzer-navi-pdc-hardheim/372870467.html
Opel Zafira 2.0 CDTi,MPV,Kombi,False,https://suchen.mobile.de/auto-inserat/opel-zafira-life-2-0-d-m-aut-edition-lauchringen/459531657.html
Opel Zafira 2.0 CDTi,MPV,Kombi,False,https://suchen.mobile.de/auto-inserat/opel-zafira-life-2-0d-m-aut-elegance-nav-ahk-fernwald-steinbach/455597407.html
Peugeot 2008 1.2 HEV,SUV,Hatchback,False,https://suchen.mobile.de/auto-inserat/peugeot-2008-allure-hybrid-145-dsc6-rottweil/453391626.html
Peugeot 2008 1.2 HEV,SUV,Hatchback,False,https://suchen.mobile.de/auto-inserat/peugeot-2008-hybrid-136-style-led-pdc-keyless-7-tkm-hagen/448443498.html
Peugeot 2008 1.2 HEV,SUV,Hatchback,False,https://suchen.mobile.de/auto-inserat/peugeot-2008-hybrid-145-e-dsc6-arnstadt/445673432.html
Peugeot 2008 1.2 HEV,SUV,Kombi,False,https://suchen.mobile.de/auto-inserat/peugeot-2008-hybrid-136-style-pdc-dab-apple-car-play-aschersleben/461089669.html
Peugeot 2008 1.2 PureTech,SUV,Kombi,False,https://suchen.mobile.de/auto-inserat/peugeot-2008-puretech-155-eat8-gt-navi-sitzheizung-nobitz/443950444.html
Peugeot 2008 1.2 PureTech,SUV,Kombi,False,https://suchen.mobile.de/auto-inserat/peugeot-2008-1-2-gt-pack-bad-aibling/461173769.html
Peugeot 208 1.2 PureTech,Hatchback,SUV,False,https://suchen.mobile.de/auto-inserat/peugeot-208-gt-hybrid145-e-dsc6-shz-led-360-acc-navi-erfurt/448826077.html
Peugeot 3008 1.6,SUV,Kombi,False,https://suchen.mobile.de/auto-inserat/peugeot-3008-hybrid4-300-gt-navi-led-panodach-ahk-bielefeld/459093369.html
Peugeot 3008 1.6 HEV,SUV,Hatchback,False,https://suchen.mobile.de/auto-inserat/peugeot-3008-hybrid-225-allure-pack-oettersdorf/442946603.html
Peugeot 3008 1.6 HEV,SUV,Kupé,False,https://suchen.mobile.de/auto-inserat/peugeot-3008-hybrid-225-allure-pack-sitzheizg-el-heckkl-giessen/459781381.html
Peugeot 308 1.2 HEV,Hatchback,SUV,False,https://suchen.mobile.de/auto-inserat/peugeot-308-sw-hybrid-145-allure-bedburg/455717749.html
Peugeot 408 1.2 HEV,Liftback,Sedan,False,https://www.sauto.cz/osobni/detail/peugeot/408/210647498
Peugeot 408 1.2 HEV,Liftback,SUV,False,https://www.sauto.cz/osobni/detail/peugeot/408/210789221
Peugeot 408 1.2 HEV,Liftback,SUV,False,https://suchen.mobile.de/auto-inserat/peugeot-408-1-2-hybrid-145-aut-led-acc-navi-kamera-berlin/456217925.html
Peugeot 408 1.2 HEV,Liftback,SUV,False,https://suchen.mobile.de/auto-inserat/peugeot-408-1-2-hybrid-145-aut-led-acc-navi-kamera-brehna/456472639.html
Peugeot 408 1.2 HEV,Liftback,SUV,False,https://suchen.mobile.de/auto-inserat/peugeot-408-1-2-hybrid-145-aut-led-acc-navi-kamera-cottbus-ot-kolkwitz/456217582.html
Peugeot 408 1.2 HEV,Liftback,SUV,False,https://suchen.mobile.de/auto-inserat/peugeot-408-1-2-hybrid-145-aut-led-acc-navi-kamera-g%C3%B6ttingen/460202583.html
Peugeot 408 1.2 HEV,Liftback,SUV,False,https://suchen.mobile.de/auto-inserat/peugeot-408-1-2-hybrid-145-aut-led-acc-navi-kamera-hannover/456218019.html
Peugeot 408 1.2 HEV,Liftback,SUV,False,https://suchen.mobile.de/auto-inserat/peugeot-408-1-2-hybrid-145-aut-led-acc-navi-kamera-leipzig/456217112.html
Peugeot 408 1.2 HEV,Liftback,SUV,False,https://suchen.mobile.de/auto-inserat/peugeot-408-1-2-hybrid-145-aut-led-acc-navi-kamera-magdeburg/456307103.html
Peugeot 408 1.2 HEV,Liftback,SUV,False,https://suchen.mobile.de/auto-inserat/peugeot-408-allure-hybrid-145ps-e-dsc6-360-kamera-schwandorf/458314757.html
Peugeot 408 1.2 HEV,Liftback,SUV,False,https://suchen.mobile.de/auto-inserat/peugeot-408-allure-hybrid-145ps-e-dsc6-360-kamera-schwandorf/458327961.html
Peugeot 408 1.2 HEV,Liftback,SUV,False,https://suchen.mobile.de/auto-inserat/peugeot-408-allure-hybrid-145ps-e-dsc6-360-kamera-schwandorf/459215756.html
Peugeot 408 1.2 HEV,Liftback,SUV,False,https://suchen.mobile.de/auto-inserat/peugeot-408-allure-hybrid-145ps-e-dsc6-360-kamera-schwandorf/459215923.html
Peugeot 408 1.2 HEV,Liftback,SUV,False,https://suchen.mobile.de/auto-inserat/peugeot-408-allure-hybrid-145ps-e-dsc6-360-kamera-schwandorf/459216127.html
Peugeot 408 1.2 HEV,Liftback,SUV,False,https://suchen.mobile.de/auto-inserat/peugeot-408-allure-hybrid-145ps-e-dsc6-360-kamera-schwandorf/459217689.html
Peugeot 408 1.2 HEV,Liftback,SUV,False,https://suchen.mobile.de/auto-inserat/peugeot-408-allure-hybrid-145ps-e-dsc6-360-kamera-schwandorf/459218414.html
Peugeot 408 1.2 HEV,Liftback,SUV,False,https://suchen.mobile.de/auto-inserat/peugeot-408-allure-hybrid-145ps-e-dsc6-360-kamera-schwandorf/459218833.html
Peugeot 408 1.2 HEV,Liftback,SUV,False,https://suchen.mobile.de/auto-inserat/peugeot-408-allure-hybrid-145ps-e-dsc6-360-kamera-schwandorf/459218925.html
Peugeot 408 1.2 HEV,Liftback,SUV,False,https://suchen.mobile.de/auto-inserat/peugeot-408-allure-hybrid-145ps-e-dsc6-360-kamera-schwandorf/459219036.html
Peugeot 408 1.2 HEV,Liftback,SUV,False,https://suchen.mobile.de/auto-inserat/peugeot-408-allure-hybrid-145ps-e-dsc6-360-kamera-schwandorf/459220072.html
Peugeot 408 1.2 HEV,Liftback,SUV,False,https://suchen.mobile.de/auto-inserat/peugeot-408-allure-hybrid-145ps-e-dsc6-360-kamera-schwandorf/459220263.html
Peugeot 408 1.2 HEV,Liftback,SUV,False,https://suchen.mobile.de/auto-inserat/peugeot-408-allure-hybrid-145ps-e-dsc6-360-kamera-schwandorf/459362821.html
Peugeot 408 1.2 HEV,Liftback,SUV,False,https://suchen.mobile.de/auto-inserat/peugeot-408-allure-hybrid-145ps-e-dsc6-360-kamera-schwandorf/459363185.html
Peugeot 408 1.2 HEV,Liftback,SUV,False,https://suchen.mobile.de/auto-inserat/peugeot-408-allure-hybrid-145ps-e-dsc6-360-kamera-schwandorf/459363346.html
Peugeot 408 1.2 HEV,Liftback,SUV,False,https://suchen.mobile.de/auto-inserat/peugeot-408-allure-hybrid-145ps-e-dsc6-360-kamera-schwandorf/459363450.html
Peugeot 408 1.2 HEV,Liftback,SUV,False,https://suchen.mobile.de/auto-inserat/peugeot-408-gt-1-2-hybrid-145-aut-led-acc-360-bautzen/449024127.html
Peugeot 408 1.2 HEV,Liftback,SUV,False,https://suchen.mobile.de/auto-inserat/peugeot-408-gt-1-2-hybrid-145-aut-led-acc-360-brehna/448779895.html
Peugeot 408 1.2 HEV,Liftback,SUV,False,https://suchen.mobile.de/auto-inserat/peugeot-408-gt-1-2-hybrid-145-aut-led-acc-360-magdeburg/448462810.html
Peugeot 408 1.2 HEV,Liftback,SUV,False,https://suchen.mobile.de/auto-inserat/peugeot-408-gt-1-2-hybrid-145-aut-led-acc-360-neubrandenburg/448462900.html
Peugeot 408 1.2 HEV,Liftback,SUV,False,https://suchen.mobile.de/auto-inserat/peugeot-408-gt-1-2-hybrid-145-aut-led-acc-360-rostock/448463002.html
Peugeot 408 1.2 HEV,Liftback,SUV,False,https://suchen.mobile.de/auto-inserat/peugeot-408-gt-1-2-hybrid-145-aut-led-acc-navi-360-berlin/457903108.html
Peugeot 408 1.2 HEV,Liftback,SUV,False,https://suchen.mobile.de/auto-inserat/peugeot-408-hybrid-136-allure-auto-navi-r-kamera-led-pdc-neustadt/453965075.html
Peugeot 408 1.2 HEV,Liftback,SUV,False,https://suchen.mobile.de/auto-inserat/peugeot-408-hybrid-136-allure-brake/459749664.html
Peugeot 408 1.2 HEV,Liftback,SUV,False,https://suchen.mobile.de/auto-inserat/peugeot-408-1-2-hybrid-145-aut-led-acc-navi-kamera-z%C3%B6llnitz/461318783.html
Peugeot 408 1.2 HEV,Liftback,SUV,False,https://suchen.mobile.de/auto-inserat/peugeot-408-1-2-hybrid-145-aut-led-acc-navi-freiberg/461488324.html
Peugeot 408 1.2 HEV,Liftback,SUV,False,https://suchen.mobile.de/auto-inserat/peugeot-408-1-2-hybrid-145-aut-led-acc-navi-erfurt/461551814.html
Peugeot 408 1.2 HEV,Liftback,SUV,False,https://suchen.mobile.de/auto-inserat/peugeot-408-1-2-hybrid-145-aut-led-acc-navi-dresden/461689216.html
Peugeot 408 1.2 HEV,Liftback,SUV,False,https://suchen.mobile.de/auto-inserat/peugeot-408-1-2-hybrid-145-aut-led-acc-navi-greifswald/461695909.html
Peugeot 408 1.2 HEV,Liftback,SUV,False,https://suchen.mobile.de/auto-inserat/peugeot-408-1-2-hybrid-145-aut-led-acc-navi-hamburg/461690100.html
Peugeot 408 1.2 HEV,Liftback,SUV,False,https://suchen.mobile.de/auto-inserat/peugeot-408-1-2-hybrid-145-aut-led-acc-navi-kassel/461690173.html
Peugeot 408 1.6 PHEV,Liftback,SUV,False,https://suchen.mobile.de/auto-inserat/peugeot-408-1-6-180-phev-e-eat8-allure-led-navi-alarm17-butzbach/452645927.html
Peugeot 408 1.6 PHEV,Liftback,SUV,False,https://suchen.mobile.de/auto-inserat/peugeot-408-1-6-225-phev-e-eat8-allure-pack-led-navi-19-butzbach/422277414.html
Peugeot 408 1.6 PHEV,Liftback,Kombi,False,https://suchen.mobile.de/auto-inserat/peugeot-408-plug-in-hybrid-225-gt-gremersdorf-ot-bollbr%C3%BCgge/460046201.html
Peugeot 408 1.6 PHEV,Liftback,SUV,False,https://suchen.mobile.de/auto-inserat/peugeot-408-plug-in-hybrid-225-gt-klima-navi-kamera-bad-saulgau/457311548.html
Peugeot 408 1.6 PHEV,Liftback,SUV,False,https://suchen.mobile.de/auto-inserat/peugeot-408-plug-in-hybrid-225-gt-m-led-kamera-shz-navi-ottersberg/453638292.html
Peugeot 5008 1.2 HEV,SUV,MPV,False,https://suchen.mobile.de/auto-inserat/peugeot-5008-allure-pack-hybrid-136-e-dsc6-leder-augsburg/459776396.html
Peugeot 5008 1.2 HEV,SUV,MPV,False,https://suchen.mobile.de/auto-inserat/peugeot-5008-hybrid-136-allure-bad-kreuznach/459148559.html
Peugeot 5008 1.2 HEV,SUV,MPV,False,https://suchen.mobile.de/auto-inserat/peugeot-5008-hybrid-136-ps-navi-shz-kamera-w%C3%BCrzburg/449419124.html
Peugeot 5008 1.2 HEV,SUV,MPV,False,https://suchen.mobile.de/auto-inserat/peugeot-5008-hybrid-145-gt-7si-sitz-lenkradheizung-19z-h%C3%BCllhorst/449627710.html
Peugeot 5008 1.2 HEV,SUV,MPV,False,https://suchen.mobile.de/auto-inserat/peugeot-neuer-5008-gt-hybrid-136-e-dsc6-shz-lhz-led-na-gro%C3%9Fr%C3%B6hrsdorf-ot-bretnig/454445915.html
Peugeot 5008 1.2 HEV,SUV,MPV,False,https://suchen.mobile.de/auto-inserat/peugeot-5008-gt-hybrid-136-e-dsc6-shz-lhz-led-navi-kam-gro%C3%9Fr%C3%B6hrsdorf-ot-bretnig/454445915.html
Peugeot 5008 1.2 PureTech MHEV,SUV,MPV,False,https://suchen.mobile.de/auto-inserat/peugeot-5008-gt-mild-hybrid-145-navi-sd-rfk-shz-led-lm-bremen/459893941.html
Peugeot 5008 1.6,SUV,MPV,False,https://suchen.mobile.de/auto-inserat/peugeot-5008-puretech-180-eat8-stop-start-gt-pack-speyer/461149489.html
Peugeot 5008 2.0 BlueHDi,SUV,MPV,False,https://www.sauto.cz/osobni/detail/peugeot/5008/210764498
Peugeot 5008 2.0 BlueHDi,SUV,MPV,False,https://suchen.mobile.de/auto-inserat/peugeot-5008-allure-pack-7-sitzer-w%C3%BCrselen/442302664.html
Peugeot 5008 2.0 BlueHDi,SUV,MPV,False,https://suchen.mobile.de/auto-inserat/peugeot-5008-2-0d-at8-allure-led-navi-virtu-shz-dab-rfk-bebra/461282182.html
Peugeot Traveller 2.0 BlueHDi,MPV,SUV,False,https://suchen.mobile.de/auto-inserat/peugeot-traveller-allure-l2-business-pano-led-8gang-saarlouis/458646792.html
Peugeot Traveller 2.0 BlueHDi,MPV,Kombi,False,https://suchen.mobile.de/auto-inserat/peugeot-traveller-l3-180-ps-automatik-navi-8-sitzer-hebertsfelden/419000895.html
Renault Arkana 1.3,Kupé,Hatchback,False,https://www.sauto.cz/osobni/detail/renault/arkana/210530561
Renault Arkana 1.3 TCe MHEV,SUV,Hatchback,False,https://www.sauto.cz/osobni/detail/renault/arkana/208012967
Renault Arkana 1.3 TCe MHEV,SUV,Hatchback,False,https://www.sauto.cz/osobni/detail/renault/arkana/209320971
Renault Arkana 1.3 TCe MHEV,SUV,Hatchback,False,https://www.sauto.cz/osobni/detail/renault/arkana/210052472
Renault Arkana E-Tech Hybrid,SUV,Hatchback,False,https://www.sauto.cz/osobni/detail/renault/arkana/210139181
Renault Arkana E-Tech Hybrid,SUV,Hatchback,False,https://www.sauto.cz/osobni/detail/renault/arkana/210401336
Renault Arkana E-Tech Hybrid,SUV,Hatchback,False,https://www.sauto.cz/osobni/detail/renault/arkana/210427865
Renault Arkana E-Tech Hybrid,SUV,Hatchback,False,https://www.sauto.cz/osobni/detail/renault/arkana/210778028
Renault Arkana E-Tech Hybrid,SUV,Kupé,False,https://suchen.mobile.de/auto-inserat/renault-arkana-intens-e-tech-145-hybrid-kamera-pdc-alu-l-geislingen/434206823.html
Renault Austral 1.2 e-TEC HEV,SUV,Kombi,False,https://suchen.mobile.de/auto-inserat/renault-austral-techno-e-tech-full-hybrid-200-gjr-klima-kaltenkirchen/459472025.html
Renault Austral 1.3 MHEV,SUV,Kombi,False,https://www.sauto.cz/osobni/detail/renault/austral/210769940
Renault Austral 1.3 MHEV,SUV,Kombi,False,https://www.sauto.cz/osobni/detail/renault/austral/210834338
Renault Austral 1.3 TCe,SUV,Kombi,False,https://www.sauto.cz/osobni/detail/renault/austral/210799256
Renault Austral 1.3 TCe,SUV,Kombi,False,https://suchen.mobile.de/auto-inserat/renault-austral-equilibre-led-autom-netto-20-160-top-magstadt/457744004.html
Renault Austral 1.3 TCe,SUV,Kupé,False,https://suchen.mobile.de/auto-inserat/renault-austral-techno-navi-kamera-automatik-ahk-langendorf-stralsund/447876159.html
Renault Captur 1.3 TCe,SUV,Hatchback,False,https://www.sauto.cz/osobni/detail/renault/captur/210815549
Renault Captur 1.3 TCe,SUV,Hatchback,False,https://www.sauto.cz/osobni/detail/renault/captur/210827876
Renault Captur 1.3 TCe,SUV,Hatchback,False,https://suchen.mobile.de/auto-inserat/renault-1-3-techno-160-wien/457242725.html
Renault Captur 1.3 TCe,SUV,Hatchback,False,https://suchen.mobile.de/auto-inserat/renault-techno-tce-140-edc-wien/457242970.html
Renault Captur 1.3 TCe,SUV,Hatchback,False,https://suchen.mobile.de/auto-inserat/renault-captur-ii-1-3-tce-m-hybrid-evolution-dab-navi-eisenh%C3%BCttenstadt/460371307.html
Renault Captur 1.3 TCe,SUV,Hatchback,False,https://suchen.mobile.de/auto-inserat/renault-captur-ii-edition-one-tce-140-edc-gpf-berlin/458108906.html
Renault Captur 1.3 TCe,SUV,Hatchback,False,https://suchen.mobile.de/auto-inserat/renault-captur-ii-evolution-potsdam/457355709.html
Renault Captur 1.3 TCe,SUV,Hatchback,False,https://suchen.mobile.de/auto-inserat/renault-captur-ii-intens-1-3-aut-navi-led-leder-kamera-barsinghausen-bei-hannover/457906964.html
Renault Captur 1.3 TCe,SUV,Hatchback,False,https://suchen.mobile.de/auto-inserat/renault-captur-ii-techno-chemnitz/452512420.html
Renault Captur 1.3 TCe,SUV,Hatchback,False,https://suchen.mobile.de/auto-inserat/renault-captur-ii-techno-fast-track-1-3-tce-140-potsdam/455719246.html
Renault Captur 1.3 TCe,SUV,Hatchback,False,https://suchen.mobile.de/auto-inserat/renault-captur-ii-techno-potsdam/457520174.html
Renault Captur 1.3 TCe,SUV,Hatchback,False,https://suchen.mobile.de/auto-inserat/renault-captur-ii-techno-tce-160-edc-schwielowsee-ot-geltow/443480174.html
Renault Captur 1.3 TCe,SUV,Hatchback,False,https://suchen.mobile.de/auto-inserat/renault-captur-tce-140-gpf-intens-wismar-r%C3%BCggow/437832521.html
Renault Captur 1.3 TCe,SUV,Hatchback,False,https://suchen.mobile.de/auto-inserat/renault-captur-techno-tce-140-navi-kamera-sitzheizung-halle/419597935.html
Renault Captur 1.3 TCe,SUV,Hatchback,False,https://suchen.mobile.de/auto-inserat/renault-captur-ii-intens-tce-140-zw%C3%B6nitz/460623476.html
Renault Captur 1.3 TCe,SUV,Hatchback,False,https://suchen.mobile.de/auto-inserat/renault-captur-ii-techno-m%C3%BCnchen/461222843.html
Renault Captur 1.3 TCe,SUV,Hatchback,False,https://suchen.mobile.de/auto-inserat/renault-captur-zen-tce-140-edc-aurich/461192470.html
Renault Captur 1.3 TCe,SUV,Hatchback,False,https://suchen.mobile.de/auto-inserat/renault-captur-evolution-navi-tempo-r-cam-shz-led-uvm-donauw%C3%B6rth/461268976.html
Renault Captur 1.3 e-TEC MHEV,SUV,Hatchback,False,https://www.sauto.cz/osobni/detail/renault/captur/209458911
Renault Captur 1.3 e-TEC MHEV,SUV,Hatchback,False,https://www.sauto.cz/osobni/detail/renault/captur/209685432
Renault Captur 1.3 e-TEC MHEV,SUV,Hatchback,False,https://www.sauto.cz/osobni/detail/renault/captur/210292763
Renault Captur 1.3 e-TEC MHEV,SUV,Hatchback,False,https://www.sauto.cz/osobni/detail/renault/captur/210428756
Renault Captur 1.3 e-TEC MHEV,SUV,Hatchback,False,https://www.sauto.cz/osobni/detail/renault/captur/210712655
Renault Captur 1.3 e-TEC MHEV,SUV,Hatchback,False,https://www.sauto.cz/osobni/detail/renault/captur/210728219
Renault Captur 1.3 e-TEC MHEV,SUV,Hatchback,False,https://www.sauto.cz/osobni/detail/renault/captur/210728288
Renault Captur 1.3 e-TEC MHEV,SUV,Hatchback,False,https://www.sauto.cz/osobni/detail/renault/captur/210728330
Renault Captur 1.3 e-TEC MHEV,SUV,Hatchback,False,https://www.sauto.cz/osobni/detail/renault/captur/210816671
Renault Captur 1.3 e-TEC MHEV,SUV,Hatchback,False,https://suchen.mobile.de/auto-inserat/renault-captur-evolution-tce-160-mild-hybrid-autom-beidenfleth/453146539.html
Renault Captur 1.3 e-TEC MHEV,SUV,Kombi,False,https://suchen.mobile.de/auto-inserat/renault-captur-ii-techno-mild-hybrid-160-edc-navi-wi-pak-dietingen-b%C3%B6hringen/445710196.html
Renault Captur 1.3 e-TEC MHEV,SUV,Hatchback,False,https://suchen.mobile.de/auto-inserat/renault-captur-mild-hybrid-140-techno-potsdam/436065826.html
Renault Captur 1.3 e-TEC MHEV,SUV,Hatchback,False,https://suchen.mobile.de/auto-inserat/renault-captur-techno-mild-hybrid-140-sonthofen/460376129.html
Renault Captur 1.3 e-TEC MHEV,SUV,Hatchback,False,https://suchen.mobile.de/auto-inserat/renault-captur-techno-mild-hybrid-tce-140-gpf-grafenrheinfeld/441053902.html
Renault Captur 1.3 e-TEC MHEV,SUV,Hatchback,False,https://suchen.mobile.de/auto-inserat/renault-captur-esprit-alpine-mild-hyb-tce160-autom-beidenfleth/461495670.html
Renault Captur 1.8 e-TEC HEV,SUV,Kombi,False,https://suchen.mobile.de/auto-inserat/renault-captur-full-hybrid-e-tech-160-esprit-alpine-strakonice/453859727.html
Renault Captur E-Tech Plug-In Hybrid,SUV,Kombi,False,https://suchen.mobile.de/auto-inserat/renault-captur-captur-e-tech-plug-in-hybrid-dresden/460801560.html
Renault Clio 1.3 TCe,Hatchback,Sedan,False,https://suchen.mobile.de/auto-inserat/renault-clio-v-techno-erbach/400503052.html
Renault Clio 1.8 e-TEC,Hatchback,SUV,False,https://suchen.mobile.de/auto-inserat/renault-clio-e-tech-full-hybrid-160-shz-apple-cp-klima-bocholt/457809085.html
Renault Clio 1.8 e-TEC,Hatchback,SUV,False,https://suchen.mobile.de/auto-inserat/renault-clio-e-tech-full-hybrid-160-techno-apple-cp-shz-bocholt/460207539.html
Renault Clio 1.8 e-TEC,Hatchback,SUV,False,https://suchen.mobile.de/auto-inserat/renault-clio-e-tech-full-hybrid-160-techno-shz-apple-cp-bocholt/459746672.html
Renault Clio 1.8 e-TEC,Hatchback,Sedan,False,https://suchen.mobile.de/auto-inserat/renault-clio-vi-1-8-e-tech-hybrid-160-esprit-alpine-neum%C3%BCnster/460210249.html
Renault Clio 1.8 e-TEC,Hatchback,SUV,False,https://suchen.mobile.de/auto-inserat/renault-clio-e-tech-full-hybrid-160-techno-navi-360-kam-d%C3%BClmen/460813316.html
Renault Clio 1.8 e-TEC,Hatchback,SUV,False,https://suchen.mobile.de/auto-inserat/renault-clio-e-tech-full-hybrid-160-techno-navi-360-kam-d%C3%BClmen/460819739.html
Renault Clio 1.8 e-TEC,Hatchback,SUV,False,https://suchen.mobile.de/auto-inserat/renault-clio-e-tech-full-hybrid-160-techno-navi-360-kam-d%C3%BClmen/460820028.html
Renault Clio 1.8 e-TEC,Hatchback,SUV,False,https://suchen.mobile.de/auto-inserat/renault-clio-e-tech-full-hybrid-160-techno-navi-360-kam-d%C3%BClmen/460820643.html
Renault Clio 1.8 e-TEC,Hatchback,SUV,False,https://suchen.mobile.de/auto-inserat/renault-clio-e-tech-full-hybrid-160-techno-oberhausen-am-centro/460900743.html
Renault Clio 1.8 e-TEC,Hatchback,SUV,False,https://suchen.mobile.de/auto-inserat/renault-clio-e-tech-full-hybrid-160-techno-safety-parkin-d%C3%BClmen/460901118.html
Renault Clio 1.8 e-TEC,Hatchback,SUV,False,https://suchen.mobile.de/auto-inserat/renault-clio-e-tech-full-hybrid-160-techno-safety-parkin-d%C3%BClmen/460901412.html
Renault Clio 1.8 e-TEC,Hatchback,SUV,False,https://suchen.mobile.de/auto-inserat/renault-clio-e-tech-full-hybrid-160-techno-safety-parkin-duisburg/460899451.html
Renault Clio 1.8 e-TEC,Hatchback,SUV,False,https://suchen.mobile.de/auto-inserat/renault-clio-e-tech-full-hybrid-160-techno-safety-parkin-duisburg/460900220.html
Renault Clio 1.8 e-TEC,Hatchback,SUV,False,https://suchen.mobile.de/auto-inserat/renault-clio-e-tech-full-hybrid-160-techno-safety-parkin-duisburg/460900959.html
Renault Clio 1.8 e-TEC,Hatchback,SUV,False,https://suchen.mobile.de/auto-inserat/renault-clio-e-tech-full-hybrid-160-techno-safety-parkin-duisburg/460902313.html
Renault Clio 1.8 e-TEC,Hatchback,SUV,False,https://suchen.mobile.de/auto-inserat/renault-clio-e-tech-full-hybrid-160-techno-safety-parkin-moers/460899974.html
Renault Clio 1.8 e-TEC,Hatchback,SUV,False,https://suchen.mobile.de/auto-inserat/renault-clio-e-tech-full-hybrid-160-techno-safety-parkin-moers/460901810.html
Renault Clio 1.8 e-TEC,Hatchback,SUV,False,https://suchen.mobile.de/auto-inserat/renault-clio-e-tech-full-hybrid-160-techno-alsdorf/461621746.html
Renault Espace 1.2,SUV,Kombi,False,https://suchen.mobile.de/auto-inserat/renault-espace-6-esprit-alpine-automatik-7-sitzer-teltow/459366556.html
Renault Espace VAN 2.0 d,MPV,Kombi,False,https://suchen.mobile.de/auto-inserat/renault-espace-blue-dci-190-edc-initiale-paris-automa-oberhausen/450434640.html
Renault Espace VAN 2.0 d,MPV,Sedan,False,https://suchen.mobile.de/auto-inserat/renault-espace-blue-dci-190-edc-initiale-paris-initi-titisee-neustadt/458222507.html
Renault Grand Scénic 1.3 TCe,MPV,SUV,False,https://suchen.mobile.de/auto-inserat/renault-grand-scenic-iv-1-3-tce-160-dsg-oelsnitz-erzgebirge/445267227.html
Renault Grand Scénic 1.3 TCe,MPV,SUV,False,https://suchen.mobile.de/auto-inserat/renault-grand-scenic-iv-business-navi-kamera-keyless-go-mutterstadt/459842135.html
Renault Grand Scénic 1.3 TCe,MPV,SUV,False,https://suchen.mobile.de/auto-inserat/renault-grand-scenic-techno-1-3-tce-140-navi-led-dab-shz-zwickau/457507313.html
Renault Grand Scénic 1.3 TCe,MPV,SUV,False,https://suchen.mobile.de/auto-inserat/renault-grand-scenic-techno-navi-kamera-led-tempomat-pdc-garching-bei-m%C3%BCnchen/457506922.html
Renault Grand Scénic 1.3 TCe,MPV,Kombi,False,https://suchen.mobile.de/auto-inserat/renault-grand-scenic-techno-tce-140-apple-carplay-pdc-bt-hamburg/455927753.html
Renault Grand Scénic 1.3 TCe,MPV,Kombi,False,https://suchen.mobile.de/auto-inserat/renault-grand-scenic-techno-tce-140-edc-carplay-pdc-frankfurt-main/456134747.html
Renault Grand Scénic 1.3 TCe,MPV,SUV,False,https://suchen.mobile.de/auto-inserat/renault-scenic-iv-grand-executive-leder-ahk-bose-autom-stadthagen/448616597.html
Renault Grand Scénic 1.3 TCe,MPV,SUV,False,https://suchen.mobile.de/auto-inserat/renault-grand-scenic-techno-1-3-tce-140-navi-led-dab-shz-oederan/460851112.html
Renault Kadjar 1.3 TCe,SUV,Kombi,False,https://suchen.mobile.de/auto-inserat/renault-kadjar-business-edition-achstetten/454119363.html
Renault Kadjar 1.3 TCe,SUV,MPV,False,https://suchen.mobile.de/auto-inserat/renault-kadjar-kamera-led-pdc-navigation-sitzheizung-wolfsburg-heiligendorf/455920478.html
Renault Kadjar 1.3 TCe,SUV,MPV,False,https://suchen.mobile.de/auto-inserat/renault-kadjar-zen-1-3-140ps-automatik-kamera-59tkm-brandenburg-ot-klein-kreutz/459976327.html
Renault Koleos 1.3 TCe,SUV,Kombi,False,https://suchen.mobile.de/auto-inserat/renault-koleos-techno-sch%C3%B6mberg/459384219.html
Renault Master VAN 2.3 d,MPV,SUV,False,https://suchen.mobile.de/auto-inserat/renault-master-iii-dci-165-doka-pritsche-l3h1-3-5t-ahk-berlin/461198487.html
Renault Megane 1.3 TCe,Hatchback,MPV,False,https://suchen.mobile.de/auto-inserat/renault-megane-iv-grandtour-techno-tce-140-edc-np-30-990-wiesbaden/458953780.html
Renault Megane 1.8,Hatchback,Kupé,False,https://suchen.mobile.de/auto-inserat/renault-megane-iv-lim-5-trg-r-s-berlin/443043897.html
Renault Mégane Hatchback 1.3 TCe,Hatchback,Kombi,False,https://www.sauto.cz/osobni/detail/renault/megane/208488425
Renault Mégane Hatchback 1.3 TCe,Hatchback,Sedan,False,https://www.sauto.cz/osobni/detail/renault/megane/209620641
Renault Mégane Hatchback 1.3 TCe,Hatchback,Kombi,False,https://www.sauto.cz/osobni/detail/renault/megane/209654328
Renault Mégane Hatchback 1.3 TCe,Hatchback,Kombi,False,https://www.sauto.cz/osobni/detail/renault/megane/209888019
Renault Mégane Hatchback 1.3 TCe,Hatchback,Kombi,False,https://www.sauto.cz/osobni/detail/renault/megane/209940642
Renault Mégane Hatchback 1.3 TCe,Hatchback,Kombi,False,https://www.sauto.cz/osobni/detail/renault/megane/210275342
Renault Mégane Hatchback 1.3 TCe,Hatchback,Kombi,False,https://www.sauto.cz/osobni/detail/renault/megane/210479780
Renault Mégane Hatchback 1.3 TCe,Hatchback,Kombi,False,https://www.sauto.cz/osobni/detail/renault/megane/210500105
Renault Mégane Hatchback 1.3 TCe,Hatchback,Kombi,False,https://www.sauto.cz/osobni/detail/renault/megane/210586742
Renault Mégane Hatchback 1.3 TCe,Hatchback,Kombi,False,https://www.sauto.cz/osobni/detail/renault/megane/210594233
Renault Mégane Hatchback 1.3 TCe,Hatchback,Kombi,False,https://www.sauto.cz/osobni/detail/renault/megane/210646790
Renault Mégane Hatchback 1.3 TCe,Hatchback,Kombi,False,https://www.sauto.cz/osobni/detail/renault/megane/210672356
Renault Mégane Hatchback 1.3 TCe,Hatchback,Kombi,False,https://www.sauto.cz/osobni/detail/renault/megane/210124619
Renault Mégane Hatchback 1.3 TCe,Hatchback,Kombi,False,https://www.sauto.cz/osobni/detail/renault/megane/210428762
Renault Scenic 1.3 TCe,MPV,SUV,False,https://suchen.mobile.de/auto-inserat/renault-scenic-intens-1-3-automatik-allwetter-ahk-sh-waltrop/459370293.html
Renault Scenic 1.3 TCe,MPV,SUV,False,https://suchen.mobile.de/auto-inserat/renault-scenic-iv-1-3-tce-140-equilibre-led-2xklima-kam-hagen/455607451.html
Renault Scenic 1.3 TCe,MPV,Hatchback,False,https://suchen.mobile.de/auto-inserat/renault-scenic-iv-1-3-tce-140-intens-sch%C3%B6nburg/455633774.html
Renault Scenic 1.3 TCe,MPV,Kombi,False,https://suchen.mobile.de/auto-inserat/renault-scenic-iv-grand-black-edition-pampow/446818447.html
Renault Scenic 1.3 TCe,MPV,Kombi,False,https://suchen.mobile.de/auto-inserat/renault-scenic-iv-grand-intens-bad-kreuznach/458374578.html
Renault Scenic 1.3 TCe,MPV,SUV,False,https://suchen.mobile.de/auto-inserat/renault-scenic-iv-limited-automatik-r-kam-spur-shz-brackenheim/459189236.html
Renault Scenic 1.3 TCe,MPV,SUV,False,https://suchen.mobile.de/auto-inserat/renault-scenic-iv-limited-oelsnitz-i-e/410709468.html
Renault Scenic 1.3 TCe,MPV,SUV,False,https://suchen.mobile.de/auto-inserat/renault-scenic-iv-tce-140-techno-nav-kam-pdc-bochum/433808124.html
Renault Scenic 1.3 TCe,MPV,Kombi,False,https://suchen.mobile.de/auto-inserat/renault-scenic-tce-140-business-edition-regensburg/456257723.html
Renault Scenic 1.3 TCe,MPV,Kombi,False,https://suchen.mobile.de/auto-inserat/renault-scenic-tce-140-gpf-edc-techno-n%C3%BCrnberg/455313811.html
Renault Scenic 1.3 TCe,MPV,SUV,False,https://suchen.mobile.de/auto-inserat/renault-scenic-iv-grand-executive-tce-160-edc-zschopau/460861230.html
Renault Scenic 1.3 TCe,MPV,SUV,False,https://suchen.mobile.de/auto-inserat/renault-scenic-iv-1-3-tce-140-equilibre-navi-led-keyless-hagen/455607451.html
Renault Scenic 1.3 TCe,MPV,SUV,False,https://suchen.mobile.de/auto-inserat/renault-scenic-iv-grand-techno-7-sitze-d%C3%BCren/461167259.html
Renault Scenic 1.3 TCe,MPV,SUV,False,https://suchen.mobile.de/auto-inserat/renault-scenic-iv-grand-techno-7-sitze-head-up-garantie-d%C3%BCren/461167259.html
Renault Scenic 1.3 TCe,MPV,SUV,False,https://suchen.mobile.de/auto-inserat/renault-scenic-iv-limited-automatik-r-kam-spur-shz-brackenheim/461327541.html
Renault Symbioz 1.3 TCe MHEV,SUV,Hatchback,False,https://www.sauto.cz/osobni/detail/renault/symbioz/209520612
Renault Symbioz 1.3 TCe MHEV,SUV,Hatchback,False,https://www.sauto.cz/osobni/detail/renault/symbioz/209535723
Renault Symbioz 1.3 TCe MHEV,SUV,Kombi,False,https://www.sauto.cz/osobni/detail/renault/symbioz/209631060
Renault Symbioz 1.3 TCe MHEV,SUV,Kombi,False,https://www.sauto.cz/osobni/detail/renault/symbioz/210176291
Renault Symbioz 1.3 TCe MHEV,SUV,Kombi,False,https://www.sauto.cz/osobni/detail/renault/symbioz/210592796
Renault Symbioz 1.3 TCe MHEV,SUV,Kombi,False,https://www.sauto.cz/osobni/detail/renault/symbioz/210623303
Renault Symbioz 1.3 TCe MHEV,SUV,Hatchback,False,https://www.sauto.cz/osobni/detail/renault/symbioz/210712499
Renault Symbioz 1.3 TCe MHEV,SUV,Hatchback,False,https://www.sauto.cz/osobni/detail/renault/symbioz/210339608
Renault Symbioz 1.3 TCe MHEV,SUV,Liftback,False,https://www.sauto.cz/osobni/detail/renault/symbioz/210839096
Renault Symbioz 1.3 TCe MHEV,SUV,Kombi,False,https://suchen.mobile.de/auto-inserat/renault-symbioz-140-mild-hybrid-techno-ribnitz-damgarten/456148400.html
Renault Symbioz 1.8 e-TEC,SUV,Hatchback,False,https://www.sauto.cz/osobni/detail/renault/symbioz/210658133
Renault Symbioz 1.8 e-TEC,SUV,Kombi,False,https://suchen.mobile.de/auto-inserat/renault-160-esprit-alpine-e-tech-hybrid-strakonice/453932691.html
Renault Symbioz 1.8 e-TEC,SUV,Kombi,False,https://suchen.mobile.de/auto-inserat/renault-160-techno-e-tech-hybrid-strakonice/453932630.html
Renault Symbioz 1.8 e-TEC,SUV,Kombi,False,https://suchen.mobile.de/auto-inserat/renault-160-techno-e-tech-hybrid-strakonice/453932667.html
Renault Symbioz 1.8 e-TEC,SUV,MPV,False,https://suchen.mobile.de/auto-inserat/renault-symbioz-160-e-tech-full-hybrid-techno-elsterwerda/459471432.html
Renault Symbioz 1.8 e-TEC,SUV,Kombi,False,https://suchen.mobile.de/auto-inserat/renault-symbioz-techno-hybrid-145-el-heckkl-gjr-esslingen/449068629.html
Renault Symbioz 1.8 e-TEC,SUV,Hatchback,False,https://suchen.mobile.de/auto-inserat/renault-symbioz-145-e-tech-full-hybrid-iconic-cottbus-gro%C3%9F-gaglow/447383436.html
SWM G1 PRO 1.5 Turbo,SUV,Kombi,False,https://www.sauto.cz/osobni/detail/swm/g1-pro/209762526
Seat Alhambra 1.4 TSI,MPV,SUV,False,https://suchen.mobile.de/auto-inserat/seat-alhambra-fr-line-ahk-kamera-xenon-carplay-kessy-neuss/457128101.html
Seat Alhambra 1.4 TSI,MPV,SUV,False,https://suchen.mobile.de/auto-inserat/seat-alhambra-fr-line-dsg-ahk-pano-led-7-sitzer-voll-olpe/459739923.html
Seat Alhambra 1.4 TSI,MPV,SUV,False,https://suchen.mobile.de/auto-inserat/seat-alhambra-fr-line-guben/459938846.html
Seat Alhambra 1.4 TSI,MPV,Kombi,False,https://suchen.mobile.de/auto-inserat/seat-alhambra-1-4-tsi-dsg-xcellence-totw-navi-xenon-berlin/459996343.html
Seat Alhambra 1.4 TSI,MPV,SUV,False,https://suchen.mobile.de/auto-inserat/seat-alhambra-fr-line-schiebet%C3%BCren-bs-1hand-ahk-rfk-m%C3%BClheim-an-der-ruhr/460822968.html
Seat Alhambra 1.4 TSI,MPV,SUV,False,https://suchen.mobile.de/auto-inserat/seat-alhambra-fr-line-schiebet%C3%BCren-bs-1hand-ahk-rfk-m%C3%BClheim-an-der-ruhr/460954252.html
Seat Alhambra 1.4 TSI,MPV,SUV,False,https://suchen.mobile.de/auto-inserat/seat-alhambra-fr-line-schiebet%C3%BCren-bs-1hand-7sitze-m%C3%BClheim-an-der-ruhr/461658129.html
Seat Arona 1.5,SUV,Hatchback,False,https://suchen.mobile.de/auto-inserat/seat-arona-fr-dsg-150ps-18-xl-paket-kessy-wp-dcc-eisleben/448347148.html
Seat Arona 1.5,SUV,MPV,False,https://suchen.mobile.de/auto-inserat/seat-arona-fr-1-5-tsi-150-ps-7-gang-dsg-winter-paket-kirkel/447395867.html
Seat Arona 1.5,SUV,MPV,False,https://suchen.mobile.de/auto-inserat/seat-arona-fr-hof/460802596.html
Seat Arona 1.5,SUV,Hatchback,False,https://suchen.mobile.de/auto-inserat/seat-arona-1-5-tsi-fr-dsg-ahk-navi-soundsystem-neu-wulmstorf/461181260.html
Seat Ateca 1.5 TSI,SUV,Kombi,False,https://www.sauto.cz/osobni/detail/seat/ateca/210263444
Seat Ateca 1.5 TSI,SUV,Kombi,False,https://www.sauto.cz/osobni/detail/seat/ateca/210559373
Seat Ateca 1.5 TSI,SUV,Kombi,False,https://www.sauto.cz/osobni/detail/seat/ateca/210638699
Seat Ateca 1.5 TSI,SUV,MPV,False,https://suchen.mobile.de/auto-inserat/seat-ateca-1-5-tsi-act-opf-style-edition-speyer/423264050.html
Seat Ateca 1.5 TSI,SUV,MPV,False,https://suchen.mobile.de/auto-inserat/seat-ateca-1-5-tsi-dsg-style-navi-led-sitzheizung-vo-ladenburg/458032293.html
Seat Ateca 1.5 TSI,SUV,MPV,False,https://suchen.mobile.de/auto-inserat/seat-ateca-1-5-tsi-dsg-xperience-lhz-shz-full-link-schleswig/458116886.html
Seat Ateca 1.5 TSI,SUV,MPV,False,https://suchen.mobile.de/auto-inserat/seat-ateca-1-5-tsi-style-navi-led-rfk-sitzheizung-vo-heidelberg/459595723.html
Seat Ateca 1.5 TSI,SUV,MPV,False,https://suchen.mobile.de/auto-inserat/seat-ateca-1-5-tsi-style-navi-rfk-led-sitzheizung-vo-heidelberg/459999353.html
Seat Ateca 1.5 TSI,SUV,MPV,False,https://suchen.mobile.de/auto-inserat/seat-ateca-1-5-tsi-style-rfk-navi-led-pdc-sitzheizung-ladenburg/459999229.html
Seat Ateca 1.5 TSI,SUV,MPV,False,https://suchen.mobile.de/auto-inserat/seat-ateca-fr-1-5-tsi-dsg-b%C3%BChl/457930118.html
Seat Ateca 1.5 TSI,SUV,Kombi,False,https://suchen.mobile.de/auto-inserat/seat-ateca-fr-nav-ahk-led-e-klappe-areaview-panorama-ascheberg/459443686.html
Seat Ateca 1.5 TSI,SUV,Kombi,False,https://suchen.mobile.de/auto-inserat/seat-ateca-fr-navi-ahk-led-e-klappe-kamera-gra-klima-ascheberg/459917253.html
Seat Ateca 1.5 TSI,SUV,MPV,False,https://suchen.mobile.de/auto-inserat/seat-ateca-style-1-5-tsi-act-ettlingen/459741281.html
Seat Ateca 1.5 TSI,SUV,MPV,False,https://suchen.mobile.de/auto-inserat/seat-ateca-style-1-5-tsi-act-m%C3%B6ssingen/459654932.html
Seat Ateca 1.5 TSI,SUV,MPV,False,https://suchen.mobile.de/auto-inserat/seat-ateca-style-1-5-tsi-dsg-110kw-stuttgart-feuerbach/453787114.html
Seat Ateca 1.5 TSI,SUV,MPV,False,https://suchen.mobile.de/auto-inserat/seat-ateca-style-dsg-navi-acc-ahk-led-sitzheizung-blaustein/459750477.html
Seat Ateca 1.5 TSI,SUV,MPV,False,https://suchen.mobile.de/auto-inserat/seat-ateca-style-edition-1-5-tsi-reutlingen/459033920.html
Seat Ateca 1.5 TSI,SUV,Kombi,False,https://suchen.mobile.de/auto-inserat/seat-ateca-style-led-pdc-navi-apple-car-play-g%C3%B6ppingen/460081502.html
Seat Ateca 1.5 TSI,SUV,Kombi,False,https://suchen.mobile.de/auto-inserat/seat-ateca-style-sch%C3%BCttorf/418344614.html
Seat Ateca 1.5 TSI,SUV,Kombi,False,https://suchen.mobile.de/auto-inserat/seat-ateca-xp-naiv-ahk-led-kamera-leder-e-klappe-acc-ascheberg/457677097.html
Seat Ateca 1.5 TSI,SUV,MPV,False,https://suchen.mobile.de/auto-inserat/seat-ateca-xperience-1-5-tsi-150ps-dsg-nidderau/458928256.html
Seat Ateca 1.5 TSI,SUV,MPV,False,https://suchen.mobile.de/auto-inserat/seat-ateca-xperience-1-5-tsi-act-150-ps-7-gang-dsg-leipzig/457514487.html
Seat Ateca 1.5 TSI,SUV,MPV,False,https://suchen.mobile.de/auto-inserat/seat-ateca-xperience-1-5-tsi-ahk-rear-view-shzg-gra-k-eiselfing/448443224.html
Seat Ateca 1.5 TSI,SUV,MPV,False,https://suchen.mobile.de/auto-inserat/seat-ateca-xperience-1-5-tsi-dsg-carplay-r%C3%BCckfahrkame-saarbr%C3%BCcken/451775411.html
Seat Ateca 1.5 TSI,SUV,Hatchback,False,https://suchen.mobile.de/auto-inserat/seat-ateca-xperience-fulda/442200099.html
Seat Ateca 1.5 TSI,SUV,Kombi,False,https://suchen.mobile.de/auto-inserat/seat-ateca-xperience-nav-ahk-acc-led-areview-e-klappe-ascheberg/459102082.html
Seat Ateca 1.5 TSI,SUV,Kombi,False,https://suchen.mobile.de/auto-inserat/seat-ateca-xperience-navi-ahk-led-kamera-fahrprofil-ascheberg/459917251.html
Seat Ateca 1.5 TSI,SUV,MPV,False,https://suchen.mobile.de/auto-inserat/seat-ateca-xperience-1-5-tsi-dsg-pano-r%C3%BCckfahkamera-saarbr%C3%BCcken/460530253.html
Seat Ateca 1.5 TSI,SUV,MPV,False,https://suchen.mobile.de/auto-inserat/seat-ateca-fr-1-5-tsi-dsg-navi-area-view-full-link-sh-eiselfing/460642117.html
Seat Ateca 1.5 TSI,SUV,MPV,False,https://suchen.mobile.de/auto-inserat/seat-ateca-style-1-5-tsistyle5t110-ds9au7-tiptronic-k-eiselfing/460642108.html
Seat Ateca 1.5 TSI,SUV,Kombi,False,https://suchen.mobile.de/auto-inserat/seat-ateca-xp-navi-ahk-led-kamera-leder-e-klappe-acc-ascheberg/460767395.html
Seat Ateca 1.5 TSI,SUV,MPV,False,https://suchen.mobile.de/auto-inserat/seat-ateca-style-1-5-tsi-dsg-ahk-led-app-connect-ettlingen/459741281.html
Seat Ateca 1.5 TSI,SUV,MPV,False,https://suchen.mobile.de/auto-inserat/seat-ateca-xperience-1-5-tsi-dsg-carplay-r%C3%BCckfahrkame-saarbr%C3%BCcken/460915077.html
Seat Ateca 1.5 TSI,SUV,Kombi,False,https://suchen.mobile.de/auto-inserat/seat-ateca-herford/461210020.html
Seat Ateca 1.5 TSI,SUV,Kombi,False,https://suchen.mobile.de/auto-inserat/seat-xperience-rfk-led-ahk-keyless-herford/461210020.html
Seat Ateca 1.5 TSI,SUV,MPV,False,https://suchen.mobile.de/auto-inserat/seat-ateca-1-5-tsi-style-navi-shz-lenkradheizung-simmern/461345890.html
Seat Ateca 2.0 TDI,SUV,Kombi,False,https://www.sauto.cz/osobni/detail/seat/ateca/203996169
Seat Ateca 2.0 TDI,SUV,Kombi,False,https://www.sauto.cz/osobni/detail/seat/ateca/210810962
Seat Ateca 2.0 TDI,SUV,Kombi,False,https://www.sauto.cz/osobni/detail/seat/ateca/210815303
Seat Ateca 2.0 TDI,SUV,MPV,False,https://suchen.mobile.de/auto-inserat/seat-ateca-2-0-tdi-4drive-dsg-style-ahk-standhz-beats-mannheim/453406392.html
Seat Ateca 2.0 TDI,SUV,MPV,False,https://suchen.mobile.de/auto-inserat/seat-ateca-2-0-tdi-dsg-fr-ahk-rfk-navi-led-sitzheizun-ladenburg/459196030.html
Seat Ateca 2.0 TDI,SUV,MPV,False,https://suchen.mobile.de/auto-inserat/seat-ateca-2-0-tdi-dsg-fr-pano-ahk-kamera-wolfsburg/459150932.html
Seat Ateca 2.0 TDI,SUV,MPV,False,https://suchen.mobile.de/auto-inserat/seat-ateca-2-0-tdi-dsg-fr-shz-led-acc-rfk-klima-alzey/459775010.html
Seat Ateca 2.0 TDI,SUV,MPV,False,https://suchen.mobile.de/auto-inserat/seat-ateca-2-0-tdi-dsg-style-ahk-navi-led-sitzheizung-ladenburg/459561880.html
Seat Ateca 2.0 TDI,SUV,MPV,False,https://suchen.mobile.de/auto-inserat/seat-ateca-2-0-tdi-dsg-xperience-ahk-tempo-r%C3%BCckkam-wolfsburg/456969100.html
Seat Ateca 2.0 TDI,SUV,MPV,False,https://suchen.mobile.de/auto-inserat/seat-ateca-2-0-tdi-fr-dsg-ahk-sitzheizung-vo-rfk-u-v-heidelberg/455179036.html
Seat Ateca 2.0 TDI,SUV,MPV,False,https://suchen.mobile.de/auto-inserat/seat-ateca-2-0-tdi-style-ahk-navi-shz-gra-pdc-kruft/450558751.html
Seat Ateca 2.0 TDI,SUV,MPV,False,https://suchen.mobile.de/auto-inserat/seat-ateca-fr-2-0-tdi-dsg-b%C3%BChl/457371841.html
Seat Ateca 2.0 TDI,SUV,MPV,False,https://suchen.mobile.de/auto-inserat/seat-ateca-style-autom-leder-navi-kamera-pdc-alu-n%C3%BCrnberg/459571720.html
Seat Ateca 2.0 TDI,SUV,Kombi,False,https://suchen.mobile.de/auto-inserat/seat-ateca-xperience-navi-ahk-acc-led-kamera-e-klappe-ascheberg/460262338.html
Seat Ateca 2.0 TDI,SUV,Kombi,False,https://suchen.mobile.de/auto-inserat/seat-ateca-xperience-navi-ahk-led-acc-kamera-klima-ascheberg/459917248.html
Seat Ateca 2.0 TDI,SUV,MPV,False,https://suchen.mobile.de/auto-inserat/seat-ateca-fr-2-0-tdi-dsg-360-kamera-pano-memory-sitz-saarbr%C3%BCcken/460741263.html
Seat Ateca 2.0 TSI,SUV,MPV,False,https://www.sauto.cz/osobni/detail/seat/ateca/210748706
Seat Ateca 2.0 TSI,SUV,MPV,False,https://suchen.mobile.de/auto-inserat/seat-ateca-xp-4drive-2-0-eisleben/455100739.html
Seat Ateca 2.0 TSI,SUV,MPV,False,https://suchen.mobile.de/auto-inserat/seat-ateca-xperience-2-0-tsi-4drive-dsg-pano-rfk-saarbr%C3%BCcken/453123797.html
Seat Ateca 2.0 TSI,SUV,MPV,False,https://suchen.mobile.de/auto-inserat/seat-ateca-2-0-tsi-dsg-4x4-xperience-panoramadach-rfk-heidelberg/460878819.html
Seat Formentor 1.5 TSI,SUV,Kombi,False,https://suchen.mobile.de/auto-inserat/seat-formentor-1-5-tsi-dsg-herford/461673984.html
Seat Ibiza Hatchback 1.5,Hatchback,Sedan,False,https://suchen.mobile.de/auto-inserat/seat-ibiza-fr-1-5-black-ed-dsg-upe-34-990-per-sofort-meckenheim-bonn/449607528.html
Seat Ibiza Hatchback 1.5,Hatchback,Sedan,False,https://suchen.mobile.de/auto-inserat/seat-ibiza-fr-1-5-tsifr-5t110-ds9a7-emsdetten/460111014.html
Seat Leon 2.0 TDI,Kombi,MPV,False,https://www.sauto.cz/osobni/detail/seat/leon/187796829
Seat Leon 2.0 TDI,Kombi,SUV,False,https://suchen.mobile.de/auto-inserat/seat-leon-2-0-tdi-dsg-style-virtual-cam-led-spur-acc-heusenstamm-bei-frankfurt/459246720.html
Seat Leon 2.0 TDI,Kombi,Sedan,False,https://suchen.mobile.de/auto-inserat/seat-leon-style-tdi-panorama-vision-assist-upe-46-830-meckenheim-bonn/440753038.html
Seat Leon 2.0 TDI,Kombi,SUV,False,https://suchen.mobile.de/auto-inserat/seat-leon-fr-2-0-tdi-dsg-business-paket-kamera-sitzhe-neu-anspach/447425154.html
Seat Leon 2.0 TDI,Kombi,SUV,False,https://suchen.mobile.de/auto-inserat/seat-leon-2-0-tdi-dsg-style-virtual-cam-led-spur-acc-heusenstamm-bei-frankfurt/460996429.html
Seat Tarraco 1.5 TSI,SUV,MPV,False,https://suchen.mobile.de/auto-inserat/seat-tarraco-style-1-5-tsi-7-sitzer-pano-navi-klima-mosbach/460585624.html
Seat Tarraco 1.5 TSI,SUV,Hatchback,False,https://suchen.mobile.de/auto-inserat/seat-tarraco-herford/461673985.html
Seat Tarraco 2.0 TDI,SUV,Kombi,False,https://www.sauto.cz/osobni/detail/seat/tarraco/210097982
Seat Tarraco 2.0 TDI,SUV,Kombi,False,https://www.sauto.cz/osobni/detail/seat/tarraco/210640625
Seat Tarraco 2.0 TDI,SUV,Kombi,False,https://suchen.mobile.de/auto-inserat/seat-tarraco-fr-4drive-ahk-pano-360-led-sthz-app-acc-wunstorf/453765364.html
Seat Tarraco 2.0 TSI,SUV,Kombi,False,https://www.sauto.cz/osobni/detail/seat/tarraco/209503110
SsangYong Rexton 2.2 CRDi,SUV,Kombi,False,https://www.sauto.cz/osobni/detail/ssangyong/rexton/210384116
Subaru Crosstrek 2.0,SUV,Kombi,False,https://www.sauto.cz/osobni/detail/subaru/crosstrek/210502214
Subaru Crosstrek 2.0,SUV,Kombi,False,https://suchen.mobile.de/auto-inserat/subaru-crosstrek-2-0-comfort-automatik-elsterwerda/451967792.html
Subaru Crosstrek 2.0,SUV,Kombi,False,https://suchen.mobile.de/auto-inserat/subaru-crosstrek-hamburg/420940246.html
Subaru Forester 2.0,SUV,Kombi,False,https://www.sauto.cz/osobni/detail/subaru/forester/210544817
Subaru Impreza 2.0,Hatchback,SUV,False,https://suchen.mobile.de/auto-inserat/subaru-impreza-2-0ie-inventurabverkauf-my-2025-hof/437636084.html
Subaru Impreza 2.0,Hatchback,SUV,False,https://suchen.mobile.de/auto-inserat/subaru-impreza-platinum-m%C3%B6ssingen-talheim/460534518.html
Subaru Outback 2.5,Kombi,SUV,False,https://www.sauto.cz/osobni/detail/subaru/outback/209700585
Subaru Outback 2.5,Kombi,SUV,False,https://www.sauto.cz/osobni/detail/subaru/outback/209374548
Subaru Outback 2.5,Kombi,SUV,False,https://www.sauto.cz/osobni/detail/subaru/outback/210502094
Subaru Outback 2.5,Kombi,SUV,False,https://www.sauto.cz/osobni/detail/subaru/outback/210673769
Subaru Outback 2.5,Kombi,SUV,False,https://www.sauto.cz/osobni/detail/subaru/outback/210759281
Subaru Outback 2.5,Kombi,SUV,False,https://www.sauto.cz/osobni/detail/subaru/outback/210642488
Subaru Outback 2.5,Kombi,SUV,False,https://suchen.mobile.de/auto-inserat/subaru-outback-2-5i-automatik-insp-t%C3%BCv-au-neu-j%C3%BClich/451962664.html
Subaru Outback 2.5,Kombi,SUV,False,https://suchen.mobile.de/auto-inserat/subaru-outback-2-5i-edition-exclusive-cross-f%C3%BCrstenwalde-spree/453825336.html
Subaru Outback 2.5,Kombi,SUV,False,https://suchen.mobile.de/auto-inserat/subaru-outback-outback-platinum-h%C3%B6rstel/460623811.html
Subaru Outback 2.5,Kombi,SUV,False,https://suchen.mobile.de/auto-inserat/subaru-outback-outback-edition-exclusive-cross-markt-einersheim/461678604.html
Subaru XV 2.0,SUV,Hatchback,False,https://www.sauto.cz/osobni/detail/subaru/xv/209952723
Subaru XV 2.0,SUV,MPV,False,https://www.sauto.cz/osobni/detail/subaru/xv/210483074
Subaru XV 2.0,SUV,Kombi,False,https://www.sauto.cz/osobni/detail/subaru/xv/210498599
Toyota C-HR 1.8 HEV,SUV,Hatchback,False,https://www.sauto.cz/osobni/detail/toyota/c-hr/209243415
Toyota C-HR 1.8 HEV,SUV,Kupé,False,https://suchen.mobile.de/auto-inserat/toyota-c-hr-hybrid-fwd-team-deutschland-technik-allwe-ratingen/460139018.html
Toyota C-HR 2.0,SUV,Hatchback,False,https://www.sauto.cz/osobni/detail/toyota/c-hr/210637208
Toyota C-HR 2.0 HEV,SUV,Hatchback,False,https://www.sauto.cz/osobni/detail/toyota/c-hr/210565757
Toyota C-HR 2.0 HEV,SUV,Kupé,False,https://suchen.mobile.de/auto-inserat/toyota-c-hr-2-0-hybrid-team-aac-ahb-park-assist-acc-velden/457347076.html
Toyota C-HR 2.0 HEV,SUV,Hatchback,False,https://suchen.mobile.de/auto-inserat/toyota-c-hr-hybrid-gr-sp-black-edition-nur13-500km-gersthofen/446159742.html
Toyota C-HR 2.0 HEV,SUV,Kupé,False,https://suchen.mobile.de/auto-inserat/toyota-c-hr-hybrid-gr-sport-black-edition-top-m%C3%BCllheim/460162470.html
Toyota C-HR 2.0 HEV,SUV,Kupé,False,https://suchen.mobile.de/auto-inserat/toyota-c-hr-hybrid-team-d-2-0-topfahrzeug-m%C3%BCllheim/460162471.html
Toyota C-HR 2.0 HEV,SUV,Kupé,False,https://suchen.mobile.de/auto-inserat/toyota-c-hr-hybrid-team-d-st-wendel/402587683.html
Toyota C-HR 2.0 HEV,SUV,Hatchback,False,https://suchen.mobile.de/auto-inserat/toyota-c-hr-hybrid-team-deutschland-edition-hamm/452435437.html
Toyota Corolla 1.8,Hatchback,SUV,False,https://suchen.mobile.de/auto-inserat/toyota-corolla-cross-1-8-teamplayer-4x2-led-allwetter-petersberg/460019239.html
Toyota Corolla 1.8,Hatchback,SUV,False,https://suchen.mobile.de/auto-inserat/toyota-corolla-cross-1-8hybrid-aut-comfort-led-navi-pdc-siershahn/458309949.html
Toyota Corolla 1.8,Hatchback,SUV,False,https://suchen.mobile.de/auto-inserat/toyota-corolla-cross-1-8hybrid-aut-style-led-kamera-ahk-heide/455080047.html
Toyota Corolla 1.8,Hatchback,SUV,False,https://suchen.mobile.de/auto-inserat/toyota-corolla-cross-h%C3%BCnxe/456116288.html
Toyota Corolla Hatchback 1.8 Hybrid,Hatchback,Sedan,False,https://suchen.mobile.de/auto-inserat/toyota-corolla-1-8-hybrid-team-deutschland-led-navi-pdc-leverkusen/459089690.html
Toyota Corolla Hatchback 1.8 Hybrid,Hatchback,Sedan,False,https://suchen.mobile.de/auto-inserat/toyota-corolla-1-8-hybrid-team-deutschland-navi-bi-led-d%C3%BCsseldorf/453012600.html
Toyota Corolla Hatchback 1.8 Hybrid,Hatchback,SUV,False,https://suchen.mobile.de/auto-inserat/toyota-corolla-cross-1-8-hybrid-business-edition-shz-bad-g%C3%B6gging/456862321.html
Toyota Corolla Hatchback 1.8 Hybrid,Hatchback,SUV,False,https://suchen.mobile.de/auto-inserat/toyota-corolla-cross-1-8-hybrid-comfort-acc-led-kamera-friesoythe/456433286.html
Toyota Corolla Hatchback 1.8 Hybrid,Hatchback,SUV,False,https://suchen.mobile.de/auto-inserat/toyota-corolla-cross-1-8-hybrid-style-comfort-bsm-top-kiel/459470190.html
Toyota Corolla Hatchback 1.8 Hybrid,Hatchback,SUV,False,https://suchen.mobile.de/auto-inserat/toyota-corolla-cross-hybrid-1-8-team-d-led-acc-cam-shz-leipzig/458963153.html
Toyota Corolla Hatchback 1.8 Hybrid,Hatchback,SUV,False,https://suchen.mobile.de/auto-inserat/toyota-corolla-cross-hybrid-1-8-teamplayer-led-acc-cam-bremen/460238198.html
Toyota Corolla Hatchback 1.8 Hybrid,Hatchback,SUV,False,https://suchen.mobile.de/auto-inserat/toyota-corolla-cross-hybrid-kam-acc-virtual-park-navi-uetersen-bei-hamburg/456350585.html
Toyota Corolla Hatchback 1.8 Hybrid,Hatchback,SUV,False,https://suchen.mobile.de/auto-inserat/toyota-corolla-cross-hybrid-kam-acc-virtual-park-navi-uetersen-bei-hamburg/456350593.html
Toyota Corolla Hatchback 1.8 Hybrid,Hatchback,SUV,False,https://suchen.mobile.de/auto-inserat/toyota-corolla-cross-1-8-hybrid-team-d-fwd-top-eisenach/459960789.html
Toyota Corolla Hatchback 1.8 Hybrid,Hatchback,SUV,False,https://suchen.mobile.de/auto-inserat/toyota-corolla-cross-fwd-teamd-1-8-hybrid-team-d-kamera-hamburg/457482242.html
Toyota Corolla Hatchback 1.8 Hybrid,Hatchback,SUV,False,https://suchen.mobile.de/auto-inserat/toyota-corolla-cross-hybrid-hev140-team-d-allwetter-rheinbach/461420755.html
Toyota Corolla TS Kombi 2.0 Hybrid,Kombi,SUV,False,https://www.sauto.cz/osobni/detail/toyota/corolla-cross/210228548
Toyota Corolla TS Kombi 2.0 Hybrid,Kombi,SUV,False,https://suchen.mobile.de/auto-inserat/toyota-corolla-cross-2-0-hybrid-awd-team-d-aut-navi-led-frankfurt-am-main/460095819.html
Toyota Corolla TS Kombi 2.0 Hybrid,Kombi,SUV,False,https://suchen.mobile.de/auto-inserat/toyota-corolla-cross-2-0-hybrid-awd-team-d-aut-navi-led-k%C3%B6ln/460149831.html
Toyota Corolla TS Kombi 2.0 Hybrid,Kombi,SUV,False,https://suchen.mobile.de/auto-inserat/toyota-corolla-cross-2-0-hybrid-fwd-team-deutschland-templin/459754981.html
Toyota Corolla TS Kombi 2.0 Hybrid,Kombi,SUV,False,https://suchen.mobile.de/auto-inserat/toyota-corolla-cross-2-0-hybrid-team-d-edition-kamera-n-bad-neustadt-s/454365412.html
Toyota Corolla TS Kombi 2.0 Hybrid,Kombi,SUV,False,https://suchen.mobile.de/auto-inserat/toyota-corolla-cross-2-0-hybrid-teamd-navi-led-shz-taxi-bad-g%C3%B6gging/456743598.html
Toyota Corolla TS Kombi 2.0 Hybrid,Kombi,SUV,False,https://suchen.mobile.de/auto-inserat/toyota-corolla-cross-hybrid-2-0-team-d-acc-kamera-shz-hamm/450866360.html
Toyota Corolla TS Kombi 2.0 Hybrid,Kombi,SUV,False,https://suchen.mobile.de/auto-inserat/toyota-corolla-cross-hybrid-2-0-team-d-led-acc-shz-cam-leipzig/454049925.html
Toyota Corolla TS Kombi 2.0 Hybrid,Kombi,SUV,False,https://suchen.mobile.de/auto-inserat/toyota-corolla-cross-hybrid-2-0-team-d-led-acc-shz-cam-leipzig/458967363.html
Toyota Corolla TS Kombi 2.0 Hybrid,Kombi,SUV,False,https://suchen.mobile.de/auto-inserat/toyota-corolla-cross-hybrid-2-0-vvt-i-team-deutschland-halberstadt/456159782.html
Toyota Corolla TS Kombi 2.0 Hybrid,Kombi,SUV,False,https://suchen.mobile.de/auto-inserat/toyota-corolla-cross-hybrid-2-0-vvt-i-team-deutschland-rotenburg/451990790.html
Toyota Corolla TS Kombi 2.0 Hybrid,Kombi,SUV,False,https://suchen.mobile.de/auto-inserat/toyota-corolla-cross-hybrid-awd-team-deutschland-berlin/460037083.html
Toyota Corolla TS Kombi 2.0 Hybrid,Kombi,SUV,False,https://suchen.mobile.de/auto-inserat/toyota-corolla-cross-hybrid-fwd-team-deutschland-dinslaken/460062068.html
Toyota Corolla TS Kombi 2.0 Hybrid,Kombi,SUV,False,https://suchen.mobile.de/auto-inserat/toyota-corolla-cross-hybrid-fwd-team-deutschland-halberstadt/453758845.html
Toyota Corolla TS Kombi 2.0 Hybrid,Kombi,SUV,False,https://suchen.mobile.de/auto-inserat/toyota-corolla-cross-2-0-hybrid-aut-active-led-ahk-shz-hameln/460612519.html
Toyota Corolla TS Kombi 2.0 Hybrid,Kombi,SUV,False,https://suchen.mobile.de/auto-inserat/toyota-corolla-cross-2-0-hybrid-awd-team-d-aut-navi-led-korntal-m%C3%BCnchingen/460627696.html
Toyota Corolla TS Kombi 2.0 Hybrid,Kombi,SUV,False,https://suchen.mobile.de/auto-inserat/toyota-corolla-cross-2-0-l-vvt-i-hybrid-lounge-goldbach/460638698.html
Toyota Corolla TS Kombi 2.0 Hybrid,Kombi,SUV,False,https://suchen.mobile.de/auto-inserat/toyota-corolla-cross-2-0-l-vvt-i-hybrid-team-deutsc-f%C3%BCrth/458769957.html
Toyota Corolla TS Kombi 2.0 Hybrid,Kombi,SUV,False,https://suchen.mobile.de/auto-inserat/toyota-corolla-cross-hybrid-awd-team-deutschland-navi-rosenheim/458982430.html
Toyota Corolla TS Kombi 2.0 Hybrid,Kombi,SUV,False,https://suchen.mobile.de/auto-inserat/toyota-corolla-cross-hybrid-fwd-team-deutschland-halberstadt/453967776.html
Toyota Corolla TS Kombi 2.0 Hybrid,Kombi,SUV,False,https://suchen.mobile.de/auto-inserat/toyota-corolla-cross-2-0-hybrid-fwd-team-d-premium-pake-merzig/459477439.html
Toyota Corolla TS Kombi 2.0 Hybrid,Kombi,SUV,False,https://suchen.mobile.de/auto-inserat/toyota-corolla-cross-2-0-hybrid-team-d-acc-led-sd-dresden/456684078.html
Toyota Corolla TS Kombi 2.0 Hybrid,Kombi,SUV,False,https://suchen.mobile.de/auto-inserat/toyota-corolla-cross-2-0-hybrid-team-d-kamera-acc-led-hamburg/457482242.html
Toyota Corolla TS Kombi 2.0 Hybrid,Kombi,SUV,False,https://suchen.mobile.de/auto-inserat/toyota-corolla-cross-2-0l-hybrid-team-deutschland-remscheid/459461011.html
Toyota Corolla TS Kombi 2.0 Hybrid,Kombi,SUV,False,https://suchen.mobile.de/auto-inserat/toyota-corolla-cross-hybrid-style-automatik-ecvt-n-f%C3%BCrstenwalde-bei-berlin/460017531.html
Toyota Corolla TS Kombi 2.0 Hybrid,Kombi,SUV,False,https://suchen.mobile.de/auto-inserat/toyota-corolla-cross-2-0-hybrid-style-comfort-bsm-ahk-kiel/461278789.html
Toyota Corolla TS Kombi 2.0 Hybrid,Kombi,SUV,False,https://suchen.mobile.de/auto-inserat/toyota-corolla-cross-2-0-hybrid-style-led-navi-cam-top-kiel/461279599.html
Toyota Corolla TS Kombi 2.0 Hybrid,Kombi,SUV,False,https://suchen.mobile.de/auto-inserat/toyota-corolla-cross-2-0-vvt-i-hybrid-itzehoe/461386589.html
Toyota Corolla TS Kombi 2.0 Hybrid,Kombi,SUV,False,https://suchen.mobile.de/auto-inserat/toyota-corolla-cross-hybrid-fwd-navi-pdc-cam-shz-lhz-herford/461380393.html
Toyota Corolla TS Kombi 2.0 Hybrid,Kombi,SUV,False,https://suchen.mobile.de/auto-inserat/toyota-corolla-cross-2-0-hybrid-awd-team-d-aut-navi-led-essen/461435640.html
Toyota Corolla TS Kombi 2.0 Hybrid,Kombi,SUV,False,https://suchen.mobile.de/auto-inserat/toyota-corolla-cross-hybrid-fwd-led-kamera-spurass-ver-heddesheim/461445952.html
Toyota Hilux 2.4,SUV,Sedan,False,https://suchen.mobile.de/auto-inserat/toyota-hilux-2-4-110kw-4x4-6m-t-partizanske/459726843.html
Toyota Prius 1.8,Liftback,MPV,False,https://suchen.mobile.de/auto-inserat/toyota-prius-comfort-7-sitze-neuzustand-ronneburg/461115238.html
Toyota Rav4 2.5 Hybrid,SUV,Kombi,False,https://www.sauto.cz/osobni/detail/toyota/rav4/210549980
Toyota Yaris 1.5 HEV,Hatchback,SUV,False,https://suchen.mobile.de/auto-inserat/toyota-yaris-cross-hybrid-1-5-vvt-i-comfort-kamera-frankfurt/460675066.html
Toyota Yaris 1.5 HEV,Hatchback,SUV,False,https://suchen.mobile.de/auto-inserat/toyota-yaris-cross-hybrid-1-5-vvt-i-team-d-kamera-shz-w%C3%A4chtersbach/461184415.html
VW Arteon 1.4 TSI PHEV,Kombi,Kupé,False,https://suchen.mobile.de/auto-inserat/volkswagen-arteon-1-4-dsg-ehybrid-r-line-pano19dcc-peine/401312069.html
VW Arteon 1.4 TSI PHEV,Kombi,Kupé,False,https://suchen.mobile.de/auto-inserat/volkswagen-arteon-1-4-tsi-r-line-ehybrid-klima-navi-geesthacht/454471328.html
VW Arteon 1.4 TSI PHEV,Kombi,Kupé,False,https://suchen.mobile.de/auto-inserat/volkswagen-arteon-e-hybrid-1-4-tsi-elegance-marsberg/456782940.html
VW Arteon 1.4 TSI PHEV,Kombi,Kupé,False,https://suchen.mobile.de/auto-inserat/volkswagen-arteon-gte-1-4-tsi-dsg-hybrid-rline-standh19navi-peine/401311357.html
VW Arteon 1.4 TSI PHEV,Kombi,Kupé,False,https://suchen.mobile.de/auto-inserat/volkswagen-arteon-r-line-ehybrid-218ps-phev-dsg-acc-kamera-albbruck/459119759.html
VW Arteon 1.4 TSI PHEV,Kombi,Kupé,False,https://suchen.mobile.de/auto-inserat/volkswagen-arteon-shooting-brake-1-4-ehybrid-dsg-r-line-ahk-neubrandenburg/452616044.html
VW Arteon 1.4 TSI PHEV,Kombi,Kupé,False,https://suchen.mobile.de/auto-inserat/volkswagen-arteon-shooting-brake-elegance-1-4-l-ehybrid-opf-b%C3%BCtzow/446366214.html
VW Arteon 1.4 TSI PHEV,Kombi,Kupé,False,https://suchen.mobile.de/auto-inserat/volkswagen-arteon-shootingbrake-r-line-1-4-tsi-ehybrid-matr-oberhausen/460545867.html
VW Arteon 1.4 TSI PHEV,Kombi,Kupé,False,https://suchen.mobile.de/auto-inserat/volkswagen-arteon-ehybrid-r-line-acc-ahk-pano-navi-kam-shz-leverkusen/457346526.html
VW Arteon 1.4 TSI PHEV,Kombi,Kupé,False,https://suchen.mobile.de/auto-inserat/volkswagen-arteon-r-line-1-4-tsie-led-ahk-pano-kamera-navi-neustadt-a-d-weinstra%C3%9Fe/461296499.html
VW Arteon Liftback 2.0 TSI,Hatchback,Kupé,False,https://suchen.mobile.de/auto-inserat/volkswagen-arteon-2-0-dsg-shooting-brake-r-line-ahk-dingolfing/458323299.html
VW Arteon Liftback 2.0 TSI,Hatchback,Kupé,False,https://suchen.mobile.de/auto-inserat/volkswagen-arteon-2-0-tsi-elegance-190-ps-dsg-standhzg-na-neutraubling/446488663.html
VW Arteon Liftback 2.0 TSI,Hatchback,Kupé,False,https://suchen.mobile.de/auto-inserat/volkswagen-arteon-elegance-2-0tsi-dsg-ahk-navipro-leder-led-bad-vilbel/447450293.html
VW Arteon Liftback 2.0 TSI,Hatchback,Kupé,False,https://suchen.mobile.de/auto-inserat/volkswagen-arteon-sb-2-0-tsi-elegance-4m-led-pano-acc-ahk-stuhr/459596207.html
VW Arteon Liftback 2.0 TSI,Hatchback,Kupé,False,https://suchen.mobile.de/auto-inserat/volkswagen-arteon-sb-2-0-tsi-opf-r-line-automatik-leder-dcc-berlin/458339257.html
VW Arteon Liftback 2.0 TSI,Hatchback,Kupé,False,https://suchen.mobile.de/auto-inserat/volkswagen-arteon-shooting-brake-2-0-tsi-dsg-elegance-ahk-plattling/456076689.html
VW Arteon Liftback 2.0 TSI,Hatchback,Kupé,False,https://suchen.mobile.de/auto-inserat/volkswagen-arteon-shooting-brake-2-0-tsi-r-line-dsg-pano-bremen/458886240.html
VW Arteon Liftback 2.0 TSI,Hatchback,Kupé,False,https://suchen.mobile.de/auto-inserat/volkswagen-arteon-shooting-brake-2-0-tsi-r-line-iq-light-r-bad-salzungen/447431613.html
VW Arteon Liftback 2.0 TSI,Hatchback,Kupé,False,https://suchen.mobile.de/auto-inserat/volkswagen-arteon-r-line-4motion-2-hand-gro%C3%9Fbeeren/461114285.html
VW Arteon Liftback 2.0 TSI,Hatchback,Kupé,False,https://suchen.mobile.de/auto-inserat/volkswagen-arteon-r-line-2-0-tsi-dsg-4xshz-acc-ahk-aut-kam-landshut/461331117.html
VW Arteon Shooting Brake 2.0 TDI,Kombi,Kupé,False,https://www.sauto.cz/osobni/detail/volkswagen/arteon/209994642
VW Arteon Shooting Brake 2.0 TDI,Kombi,Kupé,False,https://suchen.mobile.de/auto-inserat/volkswagen-arteon-2-0-tdi-dsg-4motion-r-line-carplay-ahk-g%C3%BCtersloh/455541564.html
VW Arteon Shooting Brake 2.0 TDI,Kombi,Kupé,False,https://suchen.mobile.de/auto-inserat/volkswagen-arteon-2-0-tdi-dsg-4motion-r-line-standhzg-are-raubling/444187636.html
VW Arteon Shooting Brake 2.0 TDI,Kombi,Kupé,False,https://suchen.mobile.de/auto-inserat/volkswagen-arteon-2-0-tdi-dsg-4motion-r-line-standhzg-are-raubling/450635017.html
VW Arteon Shooting Brake 2.0 TDI,Kombi,Kupé,False,https://suchen.mobile.de/auto-inserat/volkswagen-arteon-2-0-tdi-dsg-elegance-navi-iqlight-rearvi-wasserburg-a-inn/454576096.html
VW Arteon Shooting Brake 2.0 TDI,Kombi,Kupé,False,https://suchen.mobile.de/auto-inserat/volkswagen-arteon-2-0-tdi-dsg-elegance-neubrandenburg/443865685.html
VW Arteon Shooting Brake 2.0 TDI,Kombi,Kupé,False,https://suchen.mobile.de/auto-inserat/volkswagen-arteon-2-0-tdi-dsg-r-line-ahk-21-zoll-dcc-stand-bautzen/434437832.html
VW Arteon Shooting Brake 2.0 TDI,Kombi,Kupé,False,https://suchen.mobile.de/auto-inserat/volkswagen-arteon-2-0-tdi-r-line-4motion-virtual-pano-voll-mindelheim/460176515.html
VW Arteon Shooting Brake 2.0 TDI,Kombi,Sedan,False,https://suchen.mobile.de/auto-inserat/volkswagen-arteon-2-0tdi-elegance-dsg-led-active-acc-leder-altdorf-landshut/449819608.html
VW Arteon Shooting Brake 2.0 TDI,Kombi,Kupé,False,https://suchen.mobile.de/auto-inserat/volkswagen-arteon-elegance-2-0-tdi-dsg-matrix-hud-bluetooth-strausberg/441788085.html
VW Arteon Shooting Brake 2.0 TDI,Kombi,Kupé,False,https://suchen.mobile.de/auto-inserat/volkswagen-arteon-elegance-2-0tdi-dsg-navi-pano-sthz-sihz-n%C3%BCrnberg/454106255.html
VW Arteon Shooting Brake 2.0 TDI,Kombi,Kupé,False,https://suchen.mobile.de/auto-inserat/volkswagen-arteon-elegance-h%C3%B6henkirchen/448487352.html
VW Arteon Shooting Brake 2.0 TDI,Kombi,Kupé,False,https://suchen.mobile.de/auto-inserat/volkswagen-arteon-r-line-4motion-2-0-tdi-acc-hud-stdhz-iq-schmidgaden/446664697.html
VW Arteon Shooting Brake 2.0 TDI,Kombi,Kupé,False,https://suchen.mobile.de/auto-inserat/volkswagen-arteon-sb-2-0-tdi-elegance-nav-rfk-head-up-waren-m%C3%BCritz/448449870.html
VW Arteon Shooting Brake 2.0 TDI,Kombi,Kupé,False,https://suchen.mobile.de/auto-inserat/volkswagen-arteon-sb-2-0-tdi-r-line-matrix-ahk-navi-shz-magdeburg/456190597.html
VW Arteon Shooting Brake 2.0 TDI,Kombi,SUV,False,https://suchen.mobile.de/auto-inserat/volkswagen-arteon-shooting-brake-2-0-tdi-r-line-acc-kamera-salzgitter/459092189.html
VW Arteon Shooting Brake 2.0 TDI,Kombi,Kupé,False,https://suchen.mobile.de/auto-inserat/volkswagen-arteon-shooting-brake-elegance-2-0-tdi-dsg-4m-blomberg/452620460.html
VW Arteon Shooting Brake 2.0 TDI,Kombi,Kupé,False,https://suchen.mobile.de/auto-inserat/volkswagen-arteon-shootingbrake-2-0-tdi-dsg-r-line-4motion-erfurt/451435513.html
VW Arteon Shooting Brake 2.0 TDI,Kombi,Kupé,False,https://suchen.mobile.de/auto-inserat/volkswagen-arteon-shootingbrake-2-0-tdi-dsg-r-line-4motion-erfurt/454291861.html
VW Arteon Shooting Brake 2.0 TDI,Kombi,Kupé,False,https://suchen.mobile.de/auto-inserat/volkswagen-arteon-shootingbrake-2-0tdi-7-dsg-elegance-acc-n-neuss/447593336.html
VW Arteon Shooting Brake 2.0 TDI,Kombi,Kupé,False,https://suchen.mobile.de/auto-inserat/volkswagen-arteon-shootingbrake-r-line-2-0-tdi-dsg-busiprem-kusel/455368237.html
VW Arteon Shooting Brake 2.0 TDI,Kombi,Kupé,False,https://suchen.mobile.de/auto-inserat/volkswagen-arteon-shootingbrake-r-line-matrix-navi-acc-ahk-itzehoe/459937289.html
VW Arteon Shooting Brake 2.0 TDI,Kombi,Kupé,False,https://suchen.mobile.de/auto-inserat/volkswagen-arteon-2-0-tdi-4m-elegance-led-lm-20-navi-pdc-v-minden/460531351.html
VW Arteon Shooting Brake 2.0 TDI,Kombi,Kupé,False,https://suchen.mobile.de/auto-inserat/volkswagen-arteon-shooting-brake-basis-bielefeld/460591424.html
VW Arteon Shooting Brake 2.0 TDI,Kombi,Kupé,False,https://suchen.mobile.de/auto-inserat/volkswagen-arteon-shooting-brake-2-0-tdi-dsg-r-line-360-rathenow/460580869.html
VW Arteon Shooting Brake 2.0 TDI,Kombi,Kupé,False,https://suchen.mobile.de/auto-inserat/volkswagen-arteon-sbrake-r-line-2-0-tdi-dsg-ahk-acc-navi-laudenbach/460717008.html
VW Arteon Shooting Brake 2.0 TDI,Kombi,Kupé,False,https://suchen.mobile.de/auto-inserat/volkswagen-arteon-2-0-tdi-dsg-ahk-acc-led-navi-app-shz-2xpd-duisburg-rheinhausen/460792424.html
VW Arteon Shooting Brake 2.0 TDI,Kombi,Kupé,False,https://suchen.mobile.de/auto-inserat/volkswagen-arteon-2-0-tdi-dsg-elegance-navi-iqlight-rearvi-wasserburg-a-inn/460796554.html
VW Arteon Shooting Brake 2.0 TDI,Kombi,Kupé,False,https://suchen.mobile.de/auto-inserat/volkswagen-arteon-r-line-2-0-tdi-dsg-4motion-annaberg-buchholz/461141795.html
VW Arteon Shooting Brake 2.0 TDI,Kombi,Kupé,False,https://suchen.mobile.de/auto-inserat/volkswagen-arteon-shootingbrake-2-0-tdi-r-line-matrix-kamer-weimar/461345094.html
VW Crafter VAN 2.0 d,MPV,Kombi,False,https://suchen.mobile.de/auto-inserat/volkswagen-crafter-2-0-tdi-kasten-plus-35-mittellang-doka-thurmansbang-thannberg/459095558.html
VW Crafter VAN 2.0 d,MPV,SUV,False,https://suchen.mobile.de/auto-inserat/volkswagen-crafter35-2-0tdi-doka-pritsche-ahk-klima-tempom-b%C3%BCckeburg/456238539.html
VW Golf 2.0 TSI,Hatchback,Sedan,False,https://www.sauto.cz/osobni/detail/volkswagen/golf/210746384
VW Golf 2.0 TSI,Hatchback,Sedan,False,https://www.sauto.cz/osobni/detail/volkswagen/golf/210746390
VW Golf 2.0 TSI,Hatchback,Sedan,False,https://www.sauto.cz/osobni/detail/volkswagen/golf/210746396
VW Golf 2.0 TSI,Hatchback,Sedan,False,https://www.sauto.cz/osobni/detail/volkswagen/golf/210746405
VW Golf 2.0 TSI,Hatchback,Sedan,False,https://www.sauto.cz/osobni/detail/volkswagen/golf/210746825
VW Golf 2.0 TSI,Hatchback,Sedan,False,https://www.sauto.cz/osobni/detail/volkswagen/golf/210746993
VW Golf 2.0 TSI,Hatchback,Sedan,False,https://suchen.mobile.de/auto-inserat/volkswagen-golf-viii-lim-gti-dsg-2024-exp-19290-sinabelkirchen/457791378.html
VW Golf 2.0 TSI,Hatchback,Sedan,False,https://suchen.mobile.de/auto-inserat/volkswagen-golf-2-0-gti-virt-navi-kamera-acc-led-shz-dab-bebra/459789103.html
VW Golf 2.0 TSI,Hatchback,Sedan,False,https://suchen.mobile.de/auto-inserat/volkswagen-golf-2-0-tsi-dsg-gti-clubsport-kamera-m%C3%B6nchengladbach/458209813.html
VW Golf 2.0 TSI,Hatchback,Sedan,False,https://suchen.mobile.de/auto-inserat/volkswagen-golf-2-0-tsi-dsg-gti-panorama-waldb%C3%BCttelbrunn/459023663.html
VW Golf 2.0 TSI,Hatchback,Sedan,False,https://suchen.mobile.de/auto-inserat/volkswagen-golf-2-0-tsi-dsg-r-l-4m-black-nav-ahk-harman-k-viechtach/453720547.html
VW Golf 2.0 TSI,Hatchback,Sedan,False,https://suchen.mobile.de/auto-inserat/volkswagen-golf-2-0-tsi-gti-clubsport-pano-iq-light-acc-cam-braunschweig/460091031.html
VW Golf 2.0 TSI,Hatchback,Sedan,False,https://suchen.mobile.de/auto-inserat/volkswagen-golf-2-0-tsi-opf-dsg-gti-gti-durmersheim/453542175.html
VW Golf 2.0 TSI,Hatchback,Kupé,False,https://suchen.mobile.de/auto-inserat/volkswagen-golf-2-0-viii-gti-performance-4-trg-tsi-bmt-navi-vordorf/454407168.html
VW Golf 2.0 TSI,Hatchback,Kupé,False,https://suchen.mobile.de/auto-inserat/volkswagen-golf-8-2-0tsi-gti-245ps-navi-led-kamera-balingen/450230521.html
VW Golf 2.0 TSI,Hatchback,Sedan,False,https://suchen.mobile.de/auto-inserat/volkswagen-golf-gti-clubsport-2-0-tsi-dsg-navi-acc-led-shz-stuttgart-wangen/460230965.html
VW Golf 2.0 TSI,Hatchback,Sedan,False,https://suchen.mobile.de/auto-inserat/volkswagen-golf-style-2-0-tsi-dsg-dab-virt-acc-led-pdc-gummersbach/454977265.html
VW Golf 2.0 TSI,Hatchback,Sedan,False,https://suchen.mobile.de/auto-inserat/volkswagen-golf-viii-2-0-tsi-gti-dsg-led-shz-pdc-app-connec-berlin/453419362.html
VW Golf 2.0 TSI,Hatchback,Sedan,False,https://suchen.mobile.de/auto-inserat/volkswagen-golf-viii-2-0-tsi-gti-iq-light-navi-kamera-acc-k-lauda-k%C3%B6nigshofen/459455845.html
VW Golf 2.0 TSI,Hatchback,Sedan,False,https://suchen.mobile.de/auto-inserat/volkswagen-golf-viii-dsg-lim-gti-black-style-kamera-acc-goslar/458085689.html
VW Golf 2.0 TSI,Hatchback,Sedan,False,https://suchen.mobile.de/auto-inserat/volkswagen-golf-viii-gti-2-0-tsi-h-k-aid-acc-led-carplay-pinneberg/459446150.html
VW Golf 2.0 TSI,Hatchback,Kupé,False,https://suchen.mobile.de/auto-inserat/volkswagen-golf-viii-gti-2-0tsi-245ps-d%C3%B6beln/457358630.html
VW Golf 2.0 TSI,Hatchback,Sedan,False,https://suchen.mobile.de/auto-inserat/volkswagen-golf-viii-gti-lim-led-navi-sh-ellwangen/458794336.html
VW Golf 2.0 TSI,Hatchback,Sedan,False,https://suchen.mobile.de/auto-inserat/volkswagen-golf-viii-r-line-2-0-tsi-dsg-navi-kamera-park-hu-pohlheim/456272476.html
VW Golf 2.0 TSI,Hatchback,Kupé,False,https://suchen.mobile.de/auto-inserat/volkswagen-golf-viii-gti-2-0-tsi-dsg-led-navi-acc-pdc-weyhe/460652061.html
VW Golf 8 eHybrid,Hatchback,Sedan,False,https://suchen.mobile.de/auto-inserat/volkswagen-golf-viii-lim-1-5-tsi-active-led-ahk-kamera-mainz/459969506.html
VW Golf Hatchback 1.5 TSI,Hatchback,Sedan,False,https://suchen.mobile.de/auto-inserat/volkswagen-golf-1-4tsi-gte-ehybrid-matrix-navi-kamera-pdc-nabburg/456583842.html
VW Golf Hatchback 1.5 TSI,Hatchback,Sedan,False,https://suchen.mobile.de/auto-inserat/volkswagen-golf-1-5-tsi-dsg-goal-ahk-kamera-navi-sitzhzg-remscheid/456366698.html
VW Golf Hatchback 1.5 TSI,Hatchback,Sedan,False,https://suchen.mobile.de/auto-inserat/volkswagen-golf-1-5-tsi-opf-110kw-life-kriftel/458262626.html
VW Golf Hatchback 1.5 TSI,Hatchback,Sedan,False,https://suchen.mobile.de/auto-inserat/volkswagen-golf-8-1-5-tsi-style-ahk-dcc-matrix-navi-pano-erlangen/458452296.html
VW Golf Hatchback 1.5 TSI,Hatchback,Sedan,False,https://suchen.mobile.de/auto-inserat/volkswagen-golf-8-lim-1-5tsi-nav-matr-digi-kam-ahk-acc-17-volkmarsen/457749582.html
VW Golf Hatchback 1.5 TSI,Hatchback,Sedan,False,https://suchen.mobile.de/auto-inserat/volkswagen-golf-viii-1-5-tsi-opf-life-navi-standhz-acc-rfk-braunschweig/460109291.html
VW Golf Hatchback 2.0 TDI,Hatchback,Sedan,False,https://suchen.mobile.de/auto-inserat/volkswagen-golf-2-0-tdi-dsg-active-ahk-navi-led-kamera-hamm/458001662.html
VW Golf Hatchback 2.0 TDI,Hatchback,Sedan,False,https://suchen.mobile.de/auto-inserat/volkswagen-golf-2-0-tdi-dsg-gtd-standhz-sitzklima-harmank-eichwalde/451328623.html
VW Golf Hatchback 2.0 TDI,Hatchback,Sedan,False,https://suchen.mobile.de/auto-inserat/volkswagen-golf-8-2-0tdi-dsg-nav-matr-digi-sthz-acc-dab-1ha-volkmarsen/457749223.html
VW Golf Hatchback 2.0 TDI,Hatchback,Sedan,False,https://suchen.mobile.de/auto-inserat/volkswagen-golf-8-gtd-dsg-hud-ahk-iq-light-wettenberg/460194700.html
VW Golf Hatchback 2.0 TDI,Hatchback,Sedan,False,https://suchen.mobile.de/auto-inserat/volkswagen-golf-8-gtd-kw-gewinde-fwk-service-neu-apple-carp-gr%C3%BCnwald/459610448.html
VW Golf Hatchback 2.0 TDI,Hatchback,Sedan,False,https://suchen.mobile.de/auto-inserat/volkswagen-golf-goal-tdi-ahk-carplay-kamera-acc-ahk-kamera-mainburg/459983298.html
VW Golf Hatchback 2.0 TDI,Hatchback,Sedan,False,https://suchen.mobile.de/auto-inserat/volkswagen-golf-gtd-ahk-acc-dcc-navi-iq-light-hamm/457370350.html
VW Golf Hatchback 2.0 TDI,Hatchback,Sedan,False,https://suchen.mobile.de/auto-inserat/volkswagen-golf-gtd-navi-kamera-klima-pdc-shzg-hamm/447480229.html
VW Golf Hatchback 2.0 TDI,Hatchback,MPV,False,https://suchen.mobile.de/auto-inserat/volkswagen-golf-sportsvan-vii-highline-2-0-tdi-s%C3%B6mmerda/425874111.html
VW Golf Hatchback 2.0 TDI,Hatchback,Sedan,False,https://suchen.mobile.de/auto-inserat/volkswagen-golf-style-2-0tdi-dsg-nav-ahk-headup-standhzg-schlo%C3%9F-holte-stukenbrock/460343837.html
VW Golf Hatchback 2.0 TDI,Hatchback,Sedan,False,https://suchen.mobile.de/auto-inserat/volkswagen-golf-viii-2-0-tdi-dsg-move-pano-ahk-led-gardelegen/455553126.html
VW Golf Hatchback 2.0 TDI,Hatchback,Sedan,False,https://suchen.mobile.de/auto-inserat/volkswagen-golf-viii-2-0tdi-dsg-led-navi-ahk-potsdam/458643458.html
VW Golf Hatchback 2.0 TDI,Hatchback,Sedan,False,https://suchen.mobile.de/auto-inserat/volkswagen-golf-viii-2-0tdi-lim-active-pano-matrix-standh-stuttgart/459894852.html
VW Golf Hatchback 2.0 TDI,Hatchback,Sedan,False,https://suchen.mobile.de/auto-inserat/volkswagen-golf-viii-gtd-2-0-tdi-dsg-led-vc-nav-pdc-carplay-salzgitter-lebenstedt/449104012.html
VW Golf Hatchback 2.0 TDI,Hatchback,Sedan,False,https://suchen.mobile.de/auto-inserat/volkswagen-golf-viii-gtd-2-0-tdi-scr-dsg-navi-led-r%C3%BCckfk-sh-bonn/459503975.html
VW Golf Hatchback 2.0 TDI,Hatchback,Kupé,False,https://suchen.mobile.de/auto-inserat/volkswagen-golf-viii-lim-active-moosthenning/428974864.html
VW Golf Hatchback 2.0 TDI,Hatchback,Sedan,False,https://suchen.mobile.de/auto-inserat/volkswagen-golf-viii-lim-dsg-life-acc-appc-led-shz-pdc-goslar/457837716.html
VW Golf Hatchback 2.0 TDI,Hatchback,SUV,False,https://suchen.mobile.de/auto-inserat/volkswagen-golf-viii-variant-2-0-tdi-dsg-goal-navi-ahk-iq-l-lehrte/455277495.html
VW Golf Hatchback 2.0 TDI,Hatchback,Kupé,False,https://suchen.mobile.de/auto-inserat/volkswagen-golf-viii-variant-style-2-0-tdi-dsg-led-navi-leipzig/447031152.html
VW Golf Hatchback 2.0 TDI,Hatchback,Kupé,False,https://suchen.mobile.de/auto-inserat/volkswagen-golf-life-2-0-tdi-scr-dsg-dorfmark/461182137.html
VW Golf Variant 1.5 eTSI,Kombi,Sedan,False,https://suchen.mobile.de/auto-inserat/volkswagen-golf-1-5-etsi-act-opf-dsg-110kw-style-style-bochum/458262847.html
VW Golf Variant 1.5 eTSI,Kombi,Sedan,False,https://suchen.mobile.de/auto-inserat/volkswagen-golf-1-5-etsi-dsg-goal-ahk-kamera-navi-iq-light-duisburg/454297664.html
VW Golf Variant 1.5 eTSI,Kombi,Sedan,False,https://suchen.mobile.de/auto-inserat/volkswagen-golf-1-5-etsi-dsg-goal-ahk-navi-kamera-iq-light-hamm/454890981.html
VW Golf Variant 1.5 eTSI,Kombi,Sedan,False,https://suchen.mobile.de/auto-inserat/volkswagen-golf-1-5-etsi-dsg-goal-ahk-navi-kamera-iq-light-hamm/454891003.html
VW Golf Variant 1.5 eTSI,Kombi,Sedan,False,https://suchen.mobile.de/auto-inserat/volkswagen-golf-1-5-etsi-dsg-goal-kamera-sitzhzg-led-pdc-hamm/456067320.html
VW Golf Variant 1.5 eTSI,Kombi,Sedan,False,https://suchen.mobile.de/auto-inserat/volkswagen-golf-1-5-etsi-dsg-goal-led-kamera-ahk-navi-bochum/456709971.html
VW Golf Variant 1.5 eTSI,Kombi,Sedan,False,https://suchen.mobile.de/auto-inserat/volkswagen-golf-1-5-etsi-dsg-goal-navi-ahk-kamera-klima-hamm/456067321.html
VW Golf Variant 1.5 eTSI,Kombi,Sedan,False,https://suchen.mobile.de/auto-inserat/volkswagen-golf-1-5-etsi-dsg-goal-navi-ahk-kamera-sitzh-duisburg/454434899.html
VW Golf Variant 1.5 eTSI,Kombi,Sedan,False,https://suchen.mobile.de/auto-inserat/volkswagen-golf-1-5-etsi-goal-neumarkt/460403085.html
VW Golf Variant 1.5 eTSI,Kombi,Sedan,False,https://suchen.mobile.de/auto-inserat/volkswagen-golf-1-5-etsi-r-line-dsg-black-style-ahk-kamera-paderborn/460138356.html
VW Golf Variant 1.5 eTSI,Kombi,Sedan,False,https://suchen.mobile.de/auto-inserat/volkswagen-golf-8-viii-1-5-etsi-dsg-goal-led-acc-kamera-ap-gifhorn/454297771.html
VW Golf Variant 1.5 eTSI,Kombi,Sedan,False,https://suchen.mobile.de/auto-inserat/volkswagen-golf-life-goal-1-5-etsi-110kw-7-gang-dsg-s%C3%BCdliches-anhalt-ot-g%C3%B6rzig/460045411.html
VW Golf Variant 1.5 eTSI,Kombi,Sedan,False,https://suchen.mobile.de/auto-inserat/volkswagen-golf-viii-etsi-acc-navi-kamera-led-pdc-berlin/455846020.html
VW Golf Variant 1.5 eTSI,Kombi,Sedan,False,https://suchen.mobile.de/auto-inserat/volkswagen-golf-viii-goal-1-5etsi-dsg-iq-lighti-ahk-kam-magdeburg/457219316.html
VW Golf Variant 1.5 eTSI,Kombi,SUV,False,https://suchen.mobile.de/auto-inserat/volkswagen-golf-viii-1-5-etsi-goal-dsg-navi-ahk-kamera-uvm-mannheim/460867475.html
VW Passat 1.5 TSI,Kombi,Sedan,False,https://www.sauto.cz/osobni/detail/volkswagen/passat/210362609
VW Passat 1.5 TSI,Kombi,Sedan,False,https://www.sauto.cz/osobni/detail/volkswagen/passat/210463922
VW Passat 1.5 TSI,Kombi,Sedan,False,https://www.sauto.cz/osobni/detail/volkswagen/passat/209292657
VW Passat 1.5 TSI,Kombi,Hatchback,False,https://suchen.mobile.de/auto-inserat/volkswagen-passat-variant-navi-acc-sitzheizung-lwst-n%C3%BCrnberg/453862430.html
VW Passat Variant Elegance 2.0 TDI,Kombi,Sedan,False,https://www.sauto.cz/osobni/detail/volkswagen/passat/210556676
VW Passat Variant Elegance 2.0 TDI,Kombi,Sedan,False,https://www.sauto.cz/osobni/detail/volkswagen/passat/210339089
VW Passat Variant Elegance 2.0 TDI,Kombi,Sedan,False,https://www.sauto.cz/osobni/detail/volkswagen/passat/210767780
VW Passat Variant Elegance 2.0 TDI,Kombi,Sedan,False,https://www.sauto.cz/osobni/detail/volkswagen/passat/210823466
VW Passat Variant Elegance 2.0 TDI,Kombi,Hatchback,False,https://suchen.mobile.de/auto-inserat/volkswagen-passat-2-0tdi-dsg-business-matrix-led-voll-bebra/456465956.html
VW Passat Variant Elegance 2.0 TDI,Kombi,MPV,False,https://suchen.mobile.de/auto-inserat/volkswagen-passat-variant-2-0-tdi-4motion-business-sthzg-frankfurt/458431474.html
VW Polo 1.5 TSI,Hatchback,SUV,False,https://www.sauto.cz/osobni/detail/volkswagen/polo/206938791
VW Polo 2.0 TSI,Hatchback,SUV,False,https://suchen.mobile.de/auto-inserat/volkswagen-polo-gti-2-0-tsi-dsg-acc-radar-navi-bluetooth-osnabr%C3%BCck/458427748.html
VW Polo 2.0 TSI,Hatchback,Kupé,False,https://suchen.mobile.de/auto-inserat/volkswagen-polo-gti-2-0-tsi-dsg-opf-navi-iq-light-leipzig/459997435.html
VW Polo 2.0 TSI,Hatchback,Sedan,False,https://suchen.mobile.de/auto-inserat/volkswagen-polo-gti-led-acc-sideassist-rfk-18-dab-shz-vechta/454537338.html
VW Polo 2.0 TSI,Hatchback,Kupé,False,https://suchen.mobile.de/auto-inserat/volkswagen-polo-vi-gti-1-hand-versmold/455764633.html
VW Polo 2.0 TSI,Hatchback,Sedan,False,https://suchen.mobile.de/auto-inserat/volkswagen-polo-vi-gti-dsg-iq-led-pano-beats-kam-keyl-shz-kleinblittersdorf/457639722.html
VW Polo 2.0 TSI,Hatchback,Sedan,False,https://suchen.mobile.de/auto-inserat/volkswagen-polo-vi-gti-iq-light-matrix-hrst-garantie-unterschleissheim/459865640.html
VW Sharan 1.4 TSI,MPV,Kombi,False,https://suchen.mobile.de/auto-inserat/volkswagen-sharan-1-4-tsi-highline-7-sitze-ahk-nav-fernwald-steinbach/460702541.html
VW T-Cross 1.5 TSI,SUV,Hatchback,False,https://suchen.mobile.de/auto-inserat/volkswagen-neuer-t-cross-life-limited-1-5-tsi-7dsg-110kw-au-deizisau/454517697.html
VW T-Cross 1.5 TSI,SUV,Hatchback,False,https://suchen.mobile.de/auto-inserat/volkswagen-neuer-t-cross-r-line-limited-1-5-tsi-7dsg-110kw-deizisau/455167132.html
VW T-Cross 1.5 TSI,SUV,Hatchback,False,https://suchen.mobile.de/auto-inserat/volkswagen-neuer-t-cross-r-line-limited-1-5-tsi-7dsg-110kw-deizisau/455167152.html
VW T-Cross 1.5 TSI,SUV,Hatchback,False,https://suchen.mobile.de/auto-inserat/volkswagen-t-cross-1-5-tsi-act-opf-dsg-style-d%C3%BClmen/458652230.html
VW T-Cross 1.5 TSI,SUV,Hatchback,False,https://suchen.mobile.de/auto-inserat/volkswagen-t-cross-1-5-tsi-dsg-life-ahk-matrixled-frankfurt-am-main/460054433.html
VW T-Cross 1.5 TSI,SUV,MPV,False,https://suchen.mobile.de/auto-inserat/volkswagen-t-cross-1-5-tsi-dsg-r-line-iq-drive-navi-kamera-g%C3%BCtersloh/453777295.html
VW T-Cross 1.5 TSI,SUV,Hatchback,False,https://suchen.mobile.de/auto-inserat/volkswagen-t-cross-1-5-tsi-dsg-style-ahk-virtual-led-kamera-braunschweig/458769216.html
VW T-Cross 1.5 TSI,SUV,Hatchback,False,https://suchen.mobile.de/auto-inserat/volkswagen-t-cross-active-dsg-led-navi-acc-garantie-app-nettetal/459369180.html
VW T-Cross 1.5 TSI,SUV,Hatchback,False,https://suchen.mobile.de/auto-inserat/volkswagen-t-cross-life-1-5-tsi-dsg-navi-led-pdc-acc-scheuring/448567713.html
VW T-Cross 1.5 TSI,SUV,Hatchback,False,https://suchen.mobile.de/auto-inserat/volkswagen-t-cross-r-line-1-5-l-tsi-act-opf-110-kw-150-ps-h%C3%B6hr-grenzhausen/441720541.html
VW T-Cross 1.5 TSI,SUV,MPV,False,https://suchen.mobile.de/auto-inserat/volkswagen-t-cross-style-r-line-1-5-tsi-dsg-led-navi-acc-rf-kolkwitz-cottbus/449244352.html
VW T-Cross 1.5 TSI,SUV,Hatchback,False,https://suchen.mobile.de/auto-inserat/volkswagen-t-cross-1-5-tsi-dsg-r-line-navi-ahk-led-acc-m%C3%BClheim-an-der-ruhr/460020682.html
VW T-Cross 1.5 TSI,SUV,Hatchback,False,https://suchen.mobile.de/auto-inserat/volkswagen-neuer-t-cross-r-line-limited-1-5-tsi-7dsg-110kw-deizisau/461664120.html
VW T-Cross 1.5 TSI,SUV,Hatchback,False,https://suchen.mobile.de/auto-inserat/volkswagen-neuer-t-cross-r-line-limited-1-5-tsi-7dsg-110kw-deizisau/461664132.html
VW T-Roc 1.5 TSI,SUV,Kombi,False,https://www.sauto.cz/osobni/detail/volkswagen/t-roc/209127876
VW T-Roc 1.5 TSI,SUV,Kombi,False,https://www.sauto.cz/osobni/detail/volkswagen/t-roc/209508720
VW T-Roc 1.5 TSI,SUV,Kombi,False,https://www.sauto.cz/osobni/detail/volkswagen/t-roc/210149075
VW T-Roc 1.5 TSI,SUV,Kombi,False,https://www.sauto.cz/osobni/detail/volkswagen/t-roc/210397658
VW T-Roc 1.5 TSI,SUV,Kombi,False,https://www.sauto.cz/osobni/detail/volkswagen/t-roc/210416441
VW T-Roc 1.5 TSI,SUV,Hatchback,False,https://www.sauto.cz/osobni/detail/volkswagen/t-roc/210519260
VW T-Roc 1.5 TSI,SUV,Kombi,False,https://www.sauto.cz/osobni/detail/volkswagen/t-roc/210761477
VW T-Roc 1.5 TSI,SUV,Hatchback,False,https://www.sauto.cz/osobni/detail/volkswagen/t-roc/210775532
VW T-Roc 1.5 TSI,SUV,MPV,False,https://suchen.mobile.de/auto-inserat/volkswagen-t-roc-1-5-tsi-active-r%C3%BCckfahrkam-navi-pano-wolfsburg/459150935.html
VW T-Roc 1.5 TSI,SUV,Hatchback,False,https://suchen.mobile.de/auto-inserat/volkswagen-t-roc-1-5-tsi-dsg-united-r-line-acc-navi-kamera-winsen-luhe/455189175.html
VW T-Roc 1.5 TSI,SUV,Kombi,False,https://suchen.mobile.de/auto-inserat/volkswagen-t-roc-1-5-tsi-r-line-dsg-navi-ahk-led-sportpak-bad-nauheim/458299955.html
VW T-Roc 1.5 TSI,SUV,MPV,False,https://suchen.mobile.de/auto-inserat/volkswagen-t-roc-1-5-tsi-style-dsg-led-navi-ahk-shz-acc-pdc-mettmann/459436861.html
VW T-Roc 1.5 TSI,SUV,Kabriolet,False,https://suchen.mobile.de/auto-inserat/volkswagen-t-roc-cabrio-1-5-tsi-dsg-black-style-18-kamera-lennestadt/456698400.html
VW T-Roc 1.5 TSI,SUV,Kabriolet,False,https://suchen.mobile.de/auto-inserat/volkswagen-t-roc-cabrio-r-line-1-5-tsi-dsg-navi-kamera-ahk-d%C3%BCsseldorf/458138520.html
VW T-Roc 1.5 TSI,SUV,Kabriolet,False,https://suchen.mobile.de/auto-inserat/volkswagen-t-roc-cabriolet-1-5-tsi-dsg-r-line-beats-carplay-g%C3%BCtersloh/455541040.html
VW T-Roc 1.5 TSI,SUV,Kabriolet,False,https://suchen.mobile.de/auto-inserat/volkswagen-t-roc-cabriolet-edition-grey-ahk-garantie-3-2028-geldern/453365483.html
VW T-Roc 1.5 TSI,SUV,Kabriolet,False,https://suchen.mobile.de/auto-inserat/volkswagen-t-roc-cabriolet-r-line-1-5-tsi-dsg-matrix-acc-ah-emsdetten/458452231.html
VW T-Roc 1.5 TSI,SUV,Kabriolet,False,https://suchen.mobile.de/auto-inserat/volkswagen-t-roc-cabriolet-r-line-black-style-1-5-tsi-dsg-c-emsdetten/456047532.html
VW T-Roc 1.5 TSI,SUV,Kabriolet,False,https://suchen.mobile.de/auto-inserat/volkswagen-t-roc-cabriolet-r-line-dsg-pdc-8fach-vw-connect-erding/447900740.html
VW T-Roc 1.5 TSI,SUV,Kabriolet,False,https://suchen.mobile.de/auto-inserat/volkswagen-t-roc-cabriolet-style-1-5-l-tsi-carplay-led-acc-emsdetten/451197512.html
VW T-Roc 1.5 TSI,SUV,Kabriolet,False,https://suchen.mobile.de/auto-inserat/volkswagen-t-roc-cabriolet-tsi-dsg-style-navi-acc-kamera-pa-rheinstetten/460156150.html
VW T-Roc 1.5 TSI,SUV,MPV,False,https://suchen.mobile.de/auto-inserat/volkswagen-t-roc-life-1-5-l-tsi-dsg-fahrerassistenzpaket-zwickau/457347067.html
VW T-Roc 1.5 TSI,SUV,Hatchback,False,https://suchen.mobile.de/auto-inserat/volkswagen-t-roc-life-aldenhoven/453872336.html
VW T-Roc 1.5 TSI,SUV,MPV,False,https://suchen.mobile.de/auto-inserat/volkswagen-t-roc-move-1-5l-110kw-150ps-tsi-6-gang-jaderberg/443480721.html
VW T-Roc 1.5 TSI,SUV,Kupé,False,https://suchen.mobile.de/auto-inserat/volkswagen-t-roc-move-pdc-kamera-bad-endorf/459399012.html
VW T-Roc 1.5 TSI,SUV,Kabriolet,False,https://suchen.mobile.de/auto-inserat/volkswagen-t-roc-r-line-led-ahk-kamera-sitz-hzg-alu-pdc-vo-moers/457800371.html
VW T-Roc 1.5 TSI,SUV,Hatchback,False,https://suchen.mobile.de/auto-inserat/volkswagen-t-roc-sondermodell-life-goal-automatic-ellwangen-r%C3%B6hlingen/444366481.html
VW T-Roc 1.5 TSI,SUV,Kombi,False,https://suchen.mobile.de/auto-inserat/volkswagen-t-roc-style-ergoldsbach/439440207.html
VW T-Roc 1.5 TSI,SUV,Kombi,False,https://suchen.mobile.de/auto-inserat/volkswagen-t-roc-style-navi-ahk-led-acc-garantie-12-2027-ascheberg/459917249.html
VW T-Roc 1.5 TSI,SUV,Kombi,False,https://suchen.mobile.de/auto-inserat/volkswagen-t-roc-style-navi-ahk-pano-matrix-beats-e-klappe-ascheberg/459176925.html
VW T-Roc 1.5 TSI,SUV,Kombi,False,https://suchen.mobile.de/auto-inserat/volkswagen-t-roc-style-navi-pano-standhzg-led-acc-kamera-ascheberg/458641641.html
VW T-Roc 1.5 TSI,SUV,Kabriolet,False,https://suchen.mobile.de/auto-inserat/volkswagen-t-roc-cabrio-1-5-tsi-r-line-beats-keylessgo-acc-sch%C3%B6nefeld/460554158.html
VW T-Roc 1.5 TSI,SUV,Kombi,False,https://suchen.mobile.de/auto-inserat/volkswagen-t-roc-1-5-tsi-dsg-life-shz-pdc-led-app-fernwald-steinbach/460715784.html
VW T-Roc 1.5 TSI,SUV,Kabriolet,False,https://suchen.mobile.de/auto-inserat/volkswagen-t-roc-cabriolet-r-line-1-5tsi-dsg-249-ohne-anz-horn-bad-meinberg/457749758.html
VW T-Roc 1.5 TSI,SUV,Kombi,False,https://suchen.mobile.de/auto-inserat/volkswagen-t-roc-style-navi-pano-standhzg-led-acc-kamera-ascheberg/460767401.html
VW T-Roc 1.5 TSI,SUV,Kabriolet,False,https://suchen.mobile.de/auto-inserat/volkswagen-t-roc-cabriolet-r-line-1-5-tsi-dsg-ahk-led-essen/458919598.html
VW T-Roc 1.5 TSI,SUV,Kabriolet,False,https://suchen.mobile.de/auto-inserat/volkswagen-t-roc-cabriolet-1-5-tsi-dsg-goal-navi-shz-acc-ap-rostock/441479689.html
VW T-Roc 1.5 TSI,SUV,Kabriolet,False,https://suchen.mobile.de/auto-inserat/volkswagen-t-roc-cabriolet-tsi-dsg-style-navi-acc-kamera-pa-karlsruhe/460946682.html
VW T-Roc 1.5 TSI,SUV,Kabriolet,False,https://suchen.mobile.de/auto-inserat/volkswagen-t-roc-cabriolet-r-line-1-5-tsi-dsg-led-acc-ahk-emsdetten/461133020.html
VW T-Roc 1.5 TSI,SUV,Kabriolet,False,https://suchen.mobile.de/auto-inserat/volkswagen-t-roc-cabriolet-r-line-black-style-1-5-tsi-dsg-s-lingen/461199723.html
VW T-Roc 1.5 TSI,SUV,Kabriolet,False,https://suchen.mobile.de/auto-inserat/volkswagen-t-roc-style-goal-1-5-tsi-dsg-carplay-led-acc-shz-emsdetten/461401946.html
VW T-Roc 2.0 TDI,SUV,MPV,False,https://www.sauto.cz/osobni/detail/volkswagen/t-roc/210142022
VW T-Roc 2.0 TDI,SUV,Kombi,False,https://www.sauto.cz/osobni/detail/volkswagen/t-roc/210827843
VW T-Roc 2.0 TDI,SUV,Kombi,False,https://suchen.mobile.de/auto-inserat/volkswagen-t-roc-r-line-4motion-iq-drive-panorama-dcc-kamer-helmstedt/460526498.html
VW Taigo 1.5 TSI,SUV,Hatchback,False,https://www.sauto.cz/osobni/detail/volkswagen/taigo/209466465
VW Taigo 1.5 TSI,SUV,Hatchback,False,https://www.sauto.cz/osobni/detail/volkswagen/taigo/209911425
VW Taigo 1.5 TSI,SUV,Hatchback,False,https://www.sauto.cz/osobni/detail/volkswagen/taigo/210625025
VW Taigo 1.5 TSI,SUV,Kombi,False,https://www.sauto.cz/osobni/detail/volkswagen/taigo/210604022
VW Taigo 1.5 TSI,SUV,Hatchback,False,https://www.sauto.cz/osobni/detail/volkswagen/taigo/210781517
VW Taigo 1.5 TSI,SUV,Kupé,False,https://suchen.mobile.de/auto-inserat/volkswagen-taigo-1-5-tsi-150-ps-dsg-move-ahk-navi-iq-drive-siegen/416550253.html
VW Taigo 1.5 TSI,SUV,Kupé,False,https://suchen.mobile.de/auto-inserat/volkswagen-taigo-1-5-tsi-150-ps-dsg-style-ahk-iq-drive-matr-bautzen/411193168.html
VW Taigo 1.5 TSI,SUV,Kupé,False,https://suchen.mobile.de/auto-inserat/volkswagen-taigo-1-5-tsi-dsg-goal-garantie-b-7-4-30-navi-butzbach/441515445.html
VW Taigo 1.5 TSI,SUV,Kupé,False,https://suchen.mobile.de/auto-inserat/volkswagen-taigo-1-5-tsi-dsg-life-iqdrive-ahk-navi-keyless-murnau/459822217.html
VW Taigo 1.5 TSI,SUV,Kupé,False,https://suchen.mobile.de/auto-inserat/volkswagen-taigo-1-5-tsi-dsg-life-iqdrive-ahk-navi-keyless-schongau/459822261.html
VW Taigo 1.5 TSI,SUV,Kupé,False,https://suchen.mobile.de/auto-inserat/volkswagen-taigo-1-5-tsi-dsg-r-line-18-misano-rfk-matrix-ac-brilon/459135855.html
VW Taigo 1.5 TSI,SUV,Kupé,False,https://suchen.mobile.de/auto-inserat/volkswagen-taigo-1-5-tsi-dsg-r-line-ahk-blackroof-navi-acc-g%C3%BCtersloh/450669834.html
VW Taigo 1.5 TSI,SUV,Kupé,False,https://suchen.mobile.de/auto-inserat/volkswagen-taigo-1-5-tsi-dsg-r-line-ahk-blackroof-navi-acc-g%C3%BCtersloh/450682807.html
VW Taigo 1.5 TSI,SUV,Kupé,False,https://suchen.mobile.de/auto-inserat/volkswagen-taigo-1-5-tsi-dsg-r-line-ahk-blackroof-navi-acc-g%C3%BCtersloh/450682851.html
VW Taigo 1.5 TSI,SUV,Kupé,False,https://suchen.mobile.de/auto-inserat/volkswagen-taigo-1-5-tsi-dsg-r-line-ahk-kamera-villingen-schwenningen/429292115.html
VW Taigo 1.5 TSI,SUV,Kupé,False,https://suchen.mobile.de/auto-inserat/volkswagen-taigo-1-5-tsi-dsg-r-line-ahk-nav-winterr%C3%A4der-acc-g%C3%BCtersloh/450206728.html
VW Taigo 1.5 TSI,SUV,Kupé,False,https://suchen.mobile.de/auto-inserat/volkswagen-taigo-1-5-tsi-dsg-r-line-ahk-nav-winterr%C3%A4der-acc-g%C3%BCtersloh/450669863.html
VW Taigo 1.5 TSI,SUV,MPV,False,https://suchen.mobile.de/auto-inserat/volkswagen-taigo-1-5-tsi-dsg-r-line-ahk-r%C3%BCckkam-multilenk-gardelegen/458520429.html
VW Taigo 1.5 TSI,SUV,Kupé,False,https://suchen.mobile.de/auto-inserat/volkswagen-taigo-1-5-tsi-dsg-r-line-black-style-keyless-nav-rottenburg/446060314.html
VW Taigo 1.5 TSI,SUV,Hatchback,False,https://suchen.mobile.de/auto-inserat/volkswagen-taigo-1-5-tsi-dsg-r-line-blackstyle-ahk-5jjgaran-frankfurt-am-main/459389609.html
VW Taigo 1.5 TSI,SUV,Hatchback,False,https://suchen.mobile.de/auto-inserat/volkswagen-taigo-1-5-tsi-dsg-r-line-blackstyle-ahk-5jjgaran-frankfurt-am-main/459391228.html
VW Taigo 1.5 TSI,SUV,Kupé,False,https://suchen.mobile.de/auto-inserat/volkswagen-taigo-1-5-tsi-dsg-r-line-blackstyle-matrix-pdc-zeitz/458887033.html
VW Taigo 1.5 TSI,SUV,Kupé,False,https://suchen.mobile.de/auto-inserat/volkswagen-taigo-1-5-tsi-dsg-r-line-iq-drive-black-style-re-rottenburg/413394770.html
VW Taigo 1.5 TSI,SUV,Kupé,False,https://suchen.mobile.de/auto-inserat/volkswagen-taigo-1-5-tsi-dsg-r-line-iq-light-18-app-c-fulda/460234815.html
VW Taigo 1.5 TSI,SUV,Kupé,False,https://suchen.mobile.de/auto-inserat/volkswagen-taigo-1-5-tsi-dsg-r-line-iq-light-rearview-raubling/453293351.html
VW Taigo 1.5 TSI,SUV,Kupé,False,https://suchen.mobile.de/auto-inserat/volkswagen-taigo-1-5-tsi-dsg-r-line-iq-light-sitzhzg-raubling/453293353.html
VW Taigo 1.5 TSI,SUV,Kupé,False,https://suchen.mobile.de/auto-inserat/volkswagen-taigo-1-5-tsi-dsg-r-line-iq-light-sitzhzg-raubling/453861981.html
VW Taigo 1.5 TSI,SUV,Kupé,False,https://suchen.mobile.de/auto-inserat/volkswagen-taigo-1-5-tsi-dsg-r-line-iqlight-rearview-sitzh-raubling/459555320.html
VW Taigo 1.5 TSI,SUV,Kupé,False,https://suchen.mobile.de/auto-inserat/volkswagen-taigo-1-5-tsi-dsg-r-line-matrix-acc-virtualcp-g%C3%BCtersloh/459625491.html
VW Taigo 1.5 TSI,SUV,Kupé,False,https://suchen.mobile.de/auto-inserat/volkswagen-taigo-1-5-tsi-dsg-r-line-matrix-ahk-navi-5-j-gar-vohenstrauss/458381372.html
VW Taigo 1.5 TSI,SUV,Kupé,False,https://suchen.mobile.de/auto-inserat/volkswagen-taigo-1-5-tsi-dsg-r-line-matrix-navi-pro-iq-lm18-h%C3%BCnxe/457735951.html
VW Taigo 1.5 TSI,SUV,Kupé,False,https://suchen.mobile.de/auto-inserat/volkswagen-taigo-1-5-tsi-dsg-r-line-matrix-rfk-navi-clima-i-teterow/449924603.html
VW Taigo 1.5 TSI,SUV,Kupé,False,https://suchen.mobile.de/auto-inserat/volkswagen-taigo-1-5-tsi-dsg-r-line-navi-ahk-rfk-acc-sitzh-kassel/459197624.html
VW Taigo 1.5 TSI,SUV,Kupé,False,https://suchen.mobile.de/auto-inserat/volkswagen-taigo-1-5-tsi-dsg-r-line-navi-ahk-rfk-matrix-led-kassel/459197620.html
VW Taigo 1.5 TSI,SUV,Kupé,False,https://suchen.mobile.de/auto-inserat/volkswagen-taigo-1-5-tsi-dsg-style-iq-light-ahk-acc-raubling/456437050.html
VW Taigo 1.5 TSI,SUV,Hatchback,False,https://suchen.mobile.de/auto-inserat/volkswagen-taigo-1-5-tsi-dsg-style-navi-led-leichtmetallr%C3%A4d-m%C3%BClheim-an-der-ruhr/453148457.html
VW Taigo 1.5 TSI,SUV,Kupé,False,https://suchen.mobile.de/auto-inserat/volkswagen-taigo-1-5-tsi-dsg-style-shz-navi-matrix-led-wittenberge/401677189.html
VW Taigo 1.5 TSI,SUV,Kupé,False,https://suchen.mobile.de/auto-inserat/volkswagen-taigo-1-5-tsi-life-bad-langensalza/435776070.html
VW Taigo 1.5 TSI,SUV,Kupé,False,https://suchen.mobile.de/auto-inserat/volkswagen-taigo-1-5-tsi-move-matrix-navi-rfk-navi-celle/456428293.html
VW Taigo 1.5 TSI,SUV,Kupé,False,https://suchen.mobile.de/auto-inserat/volkswagen-taigo-1-5-tsi-r-line-7-dsg-ahk-led-matrix-rfk-olching/450698203.html
VW Taigo 1.5 TSI,SUV,Kupé,False,https://suchen.mobile.de/auto-inserat/volkswagen-taigo-1-5-tsi-r-line-7-dsg-matrix-led-shz-gj-olching/458691318.html
VW Taigo 1.5 TSI,SUV,Kupé,False,https://suchen.mobile.de/auto-inserat/volkswagen-taigo-1-5-tsi-r-line-black-matrix-navi-iq-drive-norden/376983799.html
VW Taigo 1.5 TSI,SUV,Kupé,False,https://suchen.mobile.de/auto-inserat/volkswagen-taigo-1-5-tsi-r-line-dsg-fritzlar/457797367.html
VW Taigo 1.5 TSI,SUV,Kupé,False,https://suchen.mobile.de/auto-inserat/volkswagen-taigo-1-5-tsi-r-line-dsg-iq-light-kamera-bad-zwischenahn/454584097.html
VW Taigo 1.5 TSI,SUV,Kupé,False,https://suchen.mobile.de/auto-inserat/volkswagen-taigo-1-5-tsi-r-line-dsg-led-acc-shz-klimaauto-loxstedt-bexh%C3%B6vede/459106209.html
VW Taigo 1.5 TSI,SUV,Kupé,False,https://suchen.mobile.de/auto-inserat/volkswagen-taigo-1-5-tsi-r-line-dsg-led-iq-light-black-roeslau/456859940.html
VW Taigo 1.5 TSI,SUV,Kupé,False,https://suchen.mobile.de/auto-inserat/volkswagen-taigo-1-5-tsi-r-line-dsg-led-navi-rfk-gjr-flensburg/449849769.html
VW Taigo 1.5 TSI,SUV,Kupé,False,https://suchen.mobile.de/auto-inserat/volkswagen-taigo-1-5-tsi-r-line-dsg-led-pdc-ahk-panorama-lehe/455533652.html
VW Taigo 1.5 TSI,SUV,Kupé,False,https://suchen.mobile.de/auto-inserat/volkswagen-taigo-1-5-tsi-r-line-dsg-navi-rfk-baesweiler/452687639.html
VW Taigo 1.5 TSI,SUV,Kupé,False,https://suchen.mobile.de/auto-inserat/volkswagen-taigo-1-5-tsi-r-line-kamera-iq-drive-travel-assi-murnau/430751617.html
VW Taigo 1.5 TSI,SUV,Kupé,False,https://suchen.mobile.de/auto-inserat/volkswagen-taigo-1-5-tsi-r-line-kamera-iq-drive-travel-assi-schongau/430751535.html
VW Taigo 1.5 TSI,SUV,Kupé,False,https://suchen.mobile.de/auto-inserat/volkswagen-taigo-1-5-tsi-r-line-r-line-bluetooth-navi-led-schopfheim/452096712.html
VW Taigo 1.5 TSI,SUV,Kupé,False,https://suchen.mobile.de/auto-inserat/volkswagen-taigo-1-5-tsi-r-line-rfk-black-style-baesweiler/459292633.html
VW Taigo 1.5 TSI,SUV,Kupé,False,https://suchen.mobile.de/auto-inserat/volkswagen-taigo-1-5-tsi-style-dsg-fritzlar/456923245.html
VW Taigo 1.5 TSI,SUV,Kupé,False,https://suchen.mobile.de/auto-inserat/volkswagen-taigo-1-5-tsi-style-dsg-iq-light-r2d-acc-todtnau/360041286.html
VW Taigo 1.5 TSI,SUV,Kupé,False,https://suchen.mobile.de/auto-inserat/volkswagen-taigo-1-5-tsi-style-dsg-klima-matrix-led-pano-wanzleben-b%C3%B6rde-ot-hohendodeleben/458943647.html
VW Taigo 1.5 TSI,SUV,Kupé,False,https://suchen.mobile.de/auto-inserat/volkswagen-taigo-1-5-tsi-style-dsg-pano-ahk-kamera-bitterfeld-wolfen/428830908.html
VW Taigo 1.5 TSI,SUV,Kupé,False,https://suchen.mobile.de/auto-inserat/volkswagen-taigo-1-5-tsi-style-euro-6d-geeste-gro%C3%9F-hesepe/460325535.html
VW Taigo 1.5 TSI,SUV,Kupé,False,https://suchen.mobile.de/auto-inserat/volkswagen-taigo-1-5-tsi-style-klima-r%C3%BCckfahrkamera-geesthacht/451150282.html
VW Taigo 1.5 TSI,SUV,Kupé,False,https://suchen.mobile.de/auto-inserat/volkswagen-taigo-1-5-tsi-style-led-matrix-digital-cockpit-fuldatal/443566826.html
VW Taigo 1.5 TSI,SUV,Kupé,False,https://suchen.mobile.de/auto-inserat/volkswagen-taigo-1-5l-tsi-r-line-pro-rear-acc-matrix-pano-haldensleben/435951639.html
VW Taigo 1.5 TSI,SUV,MPV,False,https://suchen.mobile.de/auto-inserat/volkswagen-taigo-1-5tsi-dsg-style-navi-iq-drive-weingarten/456712140.html
VW Taigo 1.5 TSI,SUV,Hatchback,False,https://suchen.mobile.de/auto-inserat/volkswagen-taigo-1-5tsi-r-line-dsg-acc-travel-kam-pdc-acc-landau/459301218.html
VW Taigo 1.5 TSI,SUV,Kupé,False,https://suchen.mobile.de/auto-inserat/volkswagen-taigo-energy-1-5-l-tsi-dsg-klima-r%C3%BCckfahrkamera-pirmasens/455920356.html
VW Taigo 1.5 TSI,SUV,Kupé,False,https://suchen.mobile.de/auto-inserat/volkswagen-taigo-energy-1-5-tsi-dsg-kamera-5j-gar-vohenstrauss/460234839.html
VW Taigo 1.5 TSI,SUV,Kupé,False,https://suchen.mobile.de/auto-inserat/volkswagen-taigo-goal-1-5-l-tsi-opf-dsg-r%C3%BCckfahrkamera-geesthacht/453061470.html
VW Taigo 1.5 TSI,SUV,Kupé,False,https://suchen.mobile.de/auto-inserat/volkswagen-taigo-life-1-5-l-tsi-dsg-navi-ahk-pdc-blomberg/457271409.html
VW Taigo 1.5 TSI,SUV,Kupé,False,https://suchen.mobile.de/auto-inserat/volkswagen-taigo-life-move-garantie-04-2029-ahk-sitzheizun-passau/453659116.html
VW Taigo 1.5 TSI,SUV,Kupé,False,https://suchen.mobile.de/auto-inserat/volkswagen-taigo-r-line-1-5-l-tsi-dsg-led-navi-alu-cottbus/458595372.html
VW Taigo 1.5 TSI,SUV,Kupé,False,https://suchen.mobile.de/auto-inserat/volkswagen-taigo-r-line-1-5-l-tsi-opf-110-kw-150-ps-7-gan-k%C3%B6ln/450562846.html
VW Taigo 1.5 TSI,SUV,Kupé,False,https://suchen.mobile.de/auto-inserat/volkswagen-taigo-r-line-1-5-l-tsi-opf-110-kw-150-ps-7-gan-pirmasens/433564445.html
VW Taigo 1.5 TSI,SUV,Hatchback,False,https://suchen.mobile.de/auto-inserat/volkswagen-taigo-r-line-1-5-tsi-110-kw-black-style-navi-leipzig/450148336.html
VW Taigo 1.5 TSI,SUV,Kupé,False,https://suchen.mobile.de/auto-inserat/volkswagen-taigo-r-line-1-5-tsi-110kw-dsg-blackstyle-ahk-engen/456976121.html
VW Taigo 1.5 TSI,SUV,Hatchback,False,https://suchen.mobile.de/auto-inserat/volkswagen-taigo-r-line-1-5-tsi-110kw-dsg-led-ahk-kamera-salzhausen/455839005.html
VW Taigo 1.5 TSI,SUV,Kupé,False,https://suchen.mobile.de/auto-inserat/volkswagen-taigo-r-line-1-5-tsi-150-ps-dsg-ahk-iq-erfurt/418470803.html
VW Taigo 1.5 TSI,SUV,Kupé,False,https://suchen.mobile.de/auto-inserat/volkswagen-taigo-r-line-1-5-tsi-150-ps-dsg-mtrx-pano-app-sonneberg/450804121.html
VW Taigo 1.5 TSI,SUV,Kupé,False,https://suchen.mobile.de/auto-inserat/volkswagen-taigo-r-line-1-5-tsi-dsg-110-kw-led-navi-acc-wetzlar/450565757.html
VW Taigo 1.5 TSI,SUV,Kupé,False,https://suchen.mobile.de/auto-inserat/volkswagen-taigo-r-line-1-5-tsi-dsg-ahzv-black-style-navi-dresden/445060952.html
VW Taigo 1.5 TSI,SUV,Kupé,False,https://suchen.mobile.de/auto-inserat/volkswagen-taigo-r-line-1-5-tsi-dsg-blackstyle-matrix-keyle-oberhausen/451248479.html
VW Taigo 1.5 TSI,SUV,Kupé,False,https://suchen.mobile.de/auto-inserat/volkswagen-taigo-r-line-1-5-tsi-dsg-blackstyle-matrix-keyle-oberhausen/451850438.html
VW Taigo 1.5 TSI,SUV,Kupé,False,https://suchen.mobile.de/auto-inserat/volkswagen-taigo-r-line-1-5-tsi-dsg-matrix-black-style-keyl-oberhausen/457265386.html
VW Taigo 1.5 TSI,SUV,Kupé,False,https://suchen.mobile.de/auto-inserat/volkswagen-taigo-r-line-1-5-tsi-dsg-navi-ahk-rfk-gr%C3%BCnstadt/459960753.html
VW Taigo 1.5 TSI,SUV,Kupé,False,https://suchen.mobile.de/auto-inserat/volkswagen-taigo-r-line-1-5-tsi-dsg-navi-rfk-climatronic-laudenbach/416721372.html
VW Taigo 1.5 TSI,SUV,Kupé,False,https://suchen.mobile.de/auto-inserat/volkswagen-taigo-r-line-1-5-tsi-dsg-pano-navi-keyless-kamer-offenbach-am-main/441194568.html
VW Taigo 1.5 TSI,SUV,Kupé,False,https://suchen.mobile.de/auto-inserat/volkswagen-taigo-r-line-1-5-tsi-dsg-pano-navi-pro-iqdrive-werl/452747608.html
VW Taigo 1.5 TSI,SUV,Kupé,False,https://suchen.mobile.de/auto-inserat/volkswagen-taigo-r-line-1-5-tsi-dsg-rfk-app-acc-led-shz-wedel/457439916.html
VW Taigo 1.5 TSI,SUV,Kupé,False,https://suchen.mobile.de/auto-inserat/volkswagen-taigo-r-line-1-5-tsi-navi-sitzhz-acc-pdc-carplay-kiel/455676682.html
VW Taigo 1.5 TSI,SUV,Kupé,False,https://suchen.mobile.de/auto-inserat/volkswagen-taigo-r-line-1-5tsi-dsg-blackstyle-ahk-kamera-petershagen/455302853.html
VW Taigo 1.5 TSI,SUV,MPV,False,https://suchen.mobile.de/auto-inserat/volkswagen-taigo-r-line-black-1-5tsi-150ps-dsg-np-43t-ahk-k-vilsbiburg/457238225.html
VW Taigo 1.5 TSI,SUV,Kupé,False,https://suchen.mobile.de/auto-inserat/volkswagen-taigo-r-line-black-style-1-5tsi-dsg-ahk-kamera-b-albbruck/440898156.html
VW Taigo 1.5 TSI,SUV,Hatchback,False,https://suchen.mobile.de/auto-inserat/volkswagen-taigo-r-line-duisburg/430809614.html
VW Taigo 1.5 TSI,SUV,Kupé,False,https://suchen.mobile.de/auto-inserat/volkswagen-taigo-r-line-klima-navi-r%C3%BCckfahrkamera-bochum/458374864.html
VW Taigo 1.5 TSI,SUV,Hatchback,False,https://suchen.mobile.de/auto-inserat/volkswagen-taigo-r-line-schauenburg/435863553.html
VW Taigo 1.5 TSI,SUV,Hatchback,False,https://suchen.mobile.de/auto-inserat/volkswagen-taigo-r-line-zell-i-w/441925577.html
VW Taigo 1.5 TSI,SUV,Kupé,False,https://suchen.mobile.de/auto-inserat/volkswagen-taigo-style-1-5-tsi-dsg-ahk-led-matrix-r%C3%BCckfahrk-warburg/451537959.html
VW Taigo 1.5 TSI,SUV,Hatchback,False,https://suchen.mobile.de/auto-inserat/volkswagen-taigo-style-1-5-tsi-dsg-ahk-led-matrix-r%C3%BCckfahrk-warburg/451537973.html
VW Taigo 1.5 TSI,SUV,Kupé,False,https://suchen.mobile.de/auto-inserat/volkswagen-taigo-style-1-5-tsi-dsg-ahk-led-navi-rfk-cottbus/458595353.html
VW Taigo 1.5 TSI,SUV,Kupé,False,https://suchen.mobile.de/auto-inserat/volkswagen-taigo-style-1-5-tsi-dsg-dach-schwarz-navi-marktleugast/414774333.html
VW Taigo 1.5 TSI,SUV,Kupé,False,https://suchen.mobile.de/auto-inserat/volkswagen-taigo-style-1-5-tsi-dsg-gjr-rfk-keyless-acc-jever/458335413.html
VW Taigo 1.5 TSI,SUV,Kupé,False,https://suchen.mobile.de/auto-inserat/volkswagen-taigo-style-1-5-tsi-dsg-navi-ahk-uvm-duisburg/452596725.html
VW Taigo 1.5 TSI,SUV,Kupé,False,https://suchen.mobile.de/auto-inserat/volkswagen-taigo-style-1-5-tsi-dsg-rfk-navi-acc-rostock/459059161.html
VW Taigo 1.5 TSI,SUV,Kupé,False,https://suchen.mobile.de/auto-inserat/volkswagen-taigo-style-1-5-tsi-klima-r%C3%BCckfahrkamera-kiel/459212373.html
VW Taigo 1.5 TSI,SUV,Kupé,False,https://suchen.mobile.de/auto-inserat/volkswagen-taigo-style-1-5-tsi-opf-dsg-pano-navi-rfk-k%C3%B6ln/458008063.html
VW Taigo 1.5 TSI,SUV,Kupé,False,https://suchen.mobile.de/auto-inserat/volkswagen-taigo-style-1-5tsi-dsg-249-ohne-anzahlung-navi-horn-bad-meinberg/460169496.html
VW Taigo 1.5 TSI,SUV,Kupé,False,https://suchen.mobile.de/auto-inserat/volkswagen-taigo-style-ahk-rfk-matrix-rodewisch/460086280.html
VW Taigo 1.5 TSI,SUV,Kupé,False,https://suchen.mobile.de/auto-inserat/volkswagen-taigo-style-dsg-acc-app-iq-l-shz-gr%C3%B6ditz/448754091.html
VW Taigo 1.5 TSI,SUV,Kupé,False,https://suchen.mobile.de/auto-inserat/volkswagen-taigo-style-gro%C3%9F-gr%C3%B6nau/460231119.html
VW Taigo 1.5 TSI,SUV,MPV,False,https://suchen.mobile.de/auto-inserat/volkswagen-taigo-style-mit-matrix-led-scheinwerfer-hoyerswerda/460329180.html
VW Taigo 1.5 TSI,SUV,Kupé,False,https://suchen.mobile.de/auto-inserat/volkswagen-taigo-1-5-tsi-r-line-ahk-pano-matrix-lm-18-navi-minden/460531356.html
VW Taigo 1.5 TSI,SUV,Kupé,False,https://suchen.mobile.de/auto-inserat/volkswagen-taigo-r-line-1-5-tsi-dsg-klima-navi-led-pano-wanzleben-b%C3%B6rde-ot-hohendodeleben/440174438.html
VW Taigo 1.5 TSI,SUV,Kupé,False,https://suchen.mobile.de/auto-inserat/volkswagen-taigo-r-line-1-5-l-tsi-opf-dsg-ahk-blackroof-nav-g%C3%BCtersloh/450669834.html
VW Taigo 1.5 TSI,SUV,Kupé,False,https://suchen.mobile.de/auto-inserat/volkswagen-taigo-r-line-1-5-l-tsi-opf-dsg-ahk-blackroof-nav-g%C3%BCtersloh/450682807.html
VW Taigo 1.5 TSI,SUV,Kupé,False,https://suchen.mobile.de/auto-inserat/volkswagen-taigo-r-line-1-5-l-tsi-opf-dsg-ahk-blackroof-nav-g%C3%BCtersloh/450682851.html
VW Taigo 1.5 TSI,SUV,Kupé,False,https://suchen.mobile.de/auto-inserat/volkswagen-taigo-r-line-1-5-l-tsi-opf-dsg-ahk-nav-winterr%C3%A4d-g%C3%BCtersloh/450206728.html
VW Taigo 1.5 TSI,SUV,Kupé,False,https://suchen.mobile.de/auto-inserat/volkswagen-taigo-r-line-1-5-l-tsi-opf-dsg-ahk-nav-winterr%C3%A4d-g%C3%BCtersloh/450669863.html
VW Taigo 1.5 TSI,SUV,Kupé,False,https://suchen.mobile.de/auto-inserat/volkswagen-taigo-1-5-tsi-dsg-r-line-matrix-navi-pano-acc-na-olpe/460790713.html
VW Taigo 1.5 TSI,SUV,Kupé,False,https://suchen.mobile.de/auto-inserat/volkswagen-taigo-prime-1-5-l-tsi-dsg-ahk-iq-light-kamera-balgheim/457911816.html
VW Taigo 1.5 TSI,SUV,Kupé,False,https://suchen.mobile.de/auto-inserat/volkswagen-taigo-prime-1-5-l-tsi-dsg-ahk-iq-light-kamera-balgheim/457911819.html
VW Taigo 1.5 TSI,SUV,Kupé,False,https://suchen.mobile.de/auto-inserat/volkswagen-taigo-prime-1-5-l-tsi-dsg-ahk-iq-light-kamera-balgheim/457911820.html
VW Taigo 1.5 TSI,SUV,Kupé,False,https://suchen.mobile.de/auto-inserat/volkswagen-taigo-prime-1-5-l-tsi-dsg-ahk-iq-light-kamera-balgheim/457911821.html
VW Taigo 1.5 TSI,SUV,Kupé,False,https://suchen.mobile.de/auto-inserat/volkswagen-taigo-prime-1-5-l-tsi-dsg-ahk-iq-light-kamera-balgheim/457911822.html
VW Taigo 1.5 TSI,SUV,Kupé,False,https://suchen.mobile.de/auto-inserat/volkswagen-taigo-r-line-1-5-tsi-dsg-led-navi-acc-wetzlar/450565757.html
VW Taigo 1.5 TSI,SUV,Kupé,False,https://suchen.mobile.de/auto-inserat/volkswagen-taigo-move-1-5-tsi-ahk-kam-led-navi-pdc-passau/453659116.html
VW Taigo 1.5 TSI,SUV,Kupé,False,https://suchen.mobile.de/auto-inserat/volkswagen-taigo-1-5-tsi-dsg-r-line-navi-ahk-rfk-matrix-led-kassel/461086468.html
VW Taigo 1.5 TSI,SUV,Kupé,False,https://suchen.mobile.de/auto-inserat/volkswagen-taigo-1-5-tsi-7-dsg-r-line-acc-ahk-iqlight-r%C3%BCckf-neuss/455186905.html
VW Taigo 1.5 TSI,SUV,Kupé,False,https://suchen.mobile.de/auto-inserat/volkswagen-taigo-1-5-tsi-7dsg-r-line-black-style-heilbad-heiligenstadt/461251366.html
VW Taigo 1.5 TSI,SUV,Kupé,False,https://suchen.mobile.de/auto-inserat/volkswagen-taigo-r-line-1-5-l-tsi-anschlussgarantie-3-jahre-bad-langensalza/421746210.html
VW Taigo 1.5 TSI,SUV,Kupé,False,https://suchen.mobile.de/auto-inserat/volkswagen-taigo-r-line-1-5-tsi-dsg-iq-drive-led-ahk-pirna/461507006.html
VW Taigo 1.5 TSI,SUV,Kupé,False,https://suchen.mobile.de/auto-inserat/volkswagen-taigo-prime-1-5-l-tsi-dsg-ahk-iq-light-kamera-balgheim/461701412.html
VW Taigo 1.5 TSI,SUV,Kupé,False,https://suchen.mobile.de/auto-inserat/volkswagen-taigo-prime-1-5-l-tsi-dsg-ahk-iq-light-kamera-balgheim/461701413.html
VW Taigo 1.5 TSI,SUV,Kupé,False,https://suchen.mobile.de/auto-inserat/volkswagen-taigo-prime-1-5-l-tsi-dsg-ahk-iq-light-kamera-balgheim/461701416.html
VW Taigo 1.5 TSI,SUV,Kupé,False,https://suchen.mobile.de/auto-inserat/volkswagen-taigo-prime-1-5-l-tsi-dsg-ahk-iq-light-kamera-balgheim/461701417.html
VW Taigo 1.5 TSI,SUV,Kupé,False,https://suchen.mobile.de/auto-inserat/volkswagen-taigo-prime-1-5-l-tsi-dsg-ahk-iq-light-kamera-balgheim/461701418.html
VW Tiguan 1.4 PHEV,SUV,Kombi,False,https://suchen.mobile.de/auto-inserat/volkswagen-tiguan-active-ehybrid-navi-ahk-iq-drive-head-up-ascheberg/460164020.html
VW Tiguan 1.4 PHEV,SUV,Kombi,False,https://suchen.mobile.de/auto-inserat/volkswagen-tiguan-ehybrid-navi-ahk-e-klappe-led-iq-drive-ascheberg/458641645.html
VW Tiguan 1.4 PHEV,SUV,Kombi,False,https://suchen.mobile.de/auto-inserat/volkswagen-tiguan-ehybrid-navi-ahk-matrix-areaview-e-klappe-ascheberg/460159672.html
VW Tiguan 1.4 PHEV,SUV,Kombi,False,https://suchen.mobile.de/auto-inserat/volkswagen-tiguan-elegance-ehybrid-iq-pano-matrix-ahk-ergo-ascheberg/459487121.html
VW Tiguan 1.4 PHEV,SUV,Kombi,False,https://suchen.mobile.de/auto-inserat/volkswagen-tiguan-elegance-ehybrid-navi-ahk-matrix-iq-drive-ascheberg/459028662.html
VW Tiguan 1.4 PHEV,SUV,Kombi,False,https://suchen.mobile.de/auto-inserat/volkswagen-tiguan-elegance-ehybrid-navi-ahk-panorama-matrix-ascheberg/460262348.html
VW Tiguan 1.4 PHEV,SUV,Kombi,False,https://suchen.mobile.de/auto-inserat/volkswagen-tiguan-active-ehybrid-navi-ahk-led-trailerassist-ascheberg/460712788.html
VW Tiguan 1.4 PHEV,SUV,Kombi,False,https://suchen.mobile.de/auto-inserat/volkswagen-tiguan-ehybrid-navi-ahk-e-klappe-led-iq-drive-ascheberg/461002863.html
VW Tiguan Allspace 2.0 TDI,SUV,Kombi,False,https://www.sauto.cz/osobni/detail/volkswagen/tiguan-allspace/210338807
VW Tiguan Allspace 2.0 TDI,SUV,Kombi,False,https://www.sauto.cz/osobni/detail/volkswagen/tiguan/209650608
VW Tiguan Allspace 2.0 TDI,SUV,Kombi,False,https://www.sauto.cz/osobni/detail/volkswagen/tiguan/210545384
VW Tiguan Allspace 2.0 TDI,SUV,Kombi,False,https://www.sauto.cz/osobni/detail/volkswagen/tiguan-allspace/210703652
VW Tiguan Allspace 2.0 TDI,SUV,Kombi,False,https://www.sauto.cz/osobni/detail/volkswagen/tiguan-allspace/210703574
VW Tiguan Allspace 2.0 TDI,SUV,MPV,False,https://www.sauto.cz/osobni/detail/volkswagen/tiguan/208865025
VW Tiguan Allspace 2.0 TDI,SUV,Kombi,False,https://www.sauto.cz/osobni/detail/volkswagen/tiguan/210228653
VW Tiguan Allspace 2.0 TDI,SUV,Kombi,False,https://www.sauto.cz/osobni/detail/volkswagen/tiguan/210775775
VW Tiguan Allspace 2.0 TDI,SUV,Kombi,False,https://www.sauto.cz/osobni/detail/volkswagen/tiguan-allspace/210783281
VW Tiguan Allspace 2.0 TDI,SUV,Kombi,False,https://www.sauto.cz/osobni/detail/volkswagen/tiguan/210783284
VW Tiguan Allspace 2.0 TDI,SUV,Kombi,False,https://www.sauto.cz/osobni/detail/volkswagen/tiguan/210789860
VW Tiguan Allspace 2.0 TDI,SUV,MPV,False,https://suchen.mobile.de/auto-inserat/volkswagen-tiguan-2-0-tdi-dsg-life-ahk-acc-r%C3%BCckkam-wolfsburg/450797747.html
VW Tiguan Allspace 2.0 TDI,SUV,MPV,False,https://suchen.mobile.de/auto-inserat/volkswagen-tiguan-2-0-tdi-quattro-dsg-r-line-standhzg-ahk-r-wolfsburg/460090090.html
VW Tiguan Allspace 2.0 TDI,SUV,Kombi,False,https://suchen.mobile.de/auto-inserat/volkswagen-tiguan-allspace-navi-ahk-leder-head-up-harman-ascheberg/459176920.html
VW Tiguan Allspace 2.0 TDI,SUV,Kombi,False,https://suchen.mobile.de/auto-inserat/volkswagen-tiguan-life-navi-ahk-acc-led-parkpilot-dab-ascheberg/459917252.html
VW Tiguan Allspace 2.0 TDI,SUV,Kombi,False,https://suchen.mobile.de/auto-inserat/volkswagen-tiguan-allspace-4mot-elegance-7-si-ahk-fernwald-steinbach/461076224.html
VW Tiguan Life 1.5 TSI,SUV,Kombi,False,https://www.sauto.cz/osobni/detail/volkswagen/tiguan-allspace/209993679
VW Tiguan Life 1.5 TSI,SUV,Kombi,False,https://www.sauto.cz/osobni/detail/volkswagen/tiguan-allspace/210050496
VW Tiguan Life 1.5 TSI,SUV,Kombi,False,https://www.sauto.cz/osobni/detail/volkswagen/tiguan-allspace/210642536
VW Tiguan Life 1.5 TSI,SUV,Kombi,False,https://www.sauto.cz/osobni/detail/volkswagen/tiguan/209753610
VW Tiguan Life 1.5 TSI,SUV,Kombi,False,https://www.sauto.cz/osobni/detail/volkswagen/tiguan/210210503
VW Tiguan Life 1.5 TSI,SUV,Kombi,False,https://www.sauto.cz/osobni/detail/volkswagen/tiguan/210248045
VW Tiguan Life 1.5 TSI,SUV,Kombi,False,https://www.sauto.cz/osobni/detail/volkswagen/tiguan/210248048
VW Tiguan Life 1.5 TSI,SUV,Kombi,False,https://www.sauto.cz/osobni/detail/volkswagen/tiguan/210428585
VW Tiguan Life 1.5 TSI,SUV,Kombi,False,https://www.sauto.cz/osobni/detail/volkswagen/tiguan/210617891
VW Tiguan Life 1.5 TSI,SUV,Kombi,False,https://www.sauto.cz/osobni/detail/volkswagen/tiguan/210657707
VW Tiguan Life 1.5 TSI,SUV,Kombi,False,https://www.sauto.cz/osobni/detail/volkswagen/tiguan-allspace/210576062
VW Tiguan Life 1.5 TSI,SUV,Kombi,False,https://www.sauto.cz/osobni/detail/volkswagen/tiguan/210750047
VW Tiguan Life 1.5 TSI,SUV,Kombi,False,https://www.sauto.cz/osobni/detail/volkswagen/tiguan/210818069
VW Tiguan Life 1.5 TSI,SUV,Kombi,False,https://www.sauto.cz/osobni/detail/volkswagen/tiguan/210825098
VW Tiguan Life 1.5 TSI,SUV,Kombi,False,https://www.sauto.cz/osobni/detail/volkswagen/tiguan/210838247
VW Tiguan Life 1.5 TSI,SUV,MPV,False,https://suchen.mobile.de/auto-inserat/volkswagen-tiguan-1-5-tsi-dsg-life-led-acc-kamera-navi-ahk-gifhorn/453687379.html
VW Tiguan Life 1.5 TSI,SUV,MPV,False,https://suchen.mobile.de/auto-inserat/volkswagen-tiguan-1-5-tsi-dsg-r-line-navi-ahk-acc-shz-m%C3%BChlhausen/454008452.html
VW Tiguan Life 1.5 TSI,SUV,Kombi,False,https://suchen.mobile.de/auto-inserat/volkswagen-tiguan-1-5-tsi-move-led-navi-carplay-acc-leipzig/457147977.html
VW Tiguan Life 1.5 TSI,SUV,MPV,False,https://suchen.mobile.de/auto-inserat/volkswagen-tiguan-allspace-life-1hd-7sitzer-navi-pdc-led-braunschweig/455197584.html
VW Tiguan Life 1.5 TSI,SUV,Kombi,False,https://suchen.mobile.de/auto-inserat/volkswagen-tiguan-allspace-navi-ahk-matrix-acc-ergoactive-ascheberg/460070630.html
VW Tiguan Life 1.5 TSI,SUV,Kombi,False,https://suchen.mobile.de/auto-inserat/volkswagen-tiguan-allspace-navi-led-acc-e-klappe-head-up-ascheberg/458641639.html
VW Tiguan Life 1.5 TSI,SUV,Kombi,False,https://suchen.mobile.de/auto-inserat/volkswagen-tiguan-allspace-navi-led-acc-e-klappe-head-up-ascheberg/460767399.html
VW Touran 1.5 TSI,MPV,Kombi,False,https://www.sauto.cz/osobni/detail/volkswagen/touran/197915437
VW Touran 1.5 TSI,MPV,Kombi,False,https://www.sauto.cz/osobni/detail/volkswagen/touran/209847837
VW Touran 1.5 TSI,MPV,Kombi,False,https://www.sauto.cz/osobni/detail/volkswagen/touran/210300737
VW Touran 1.5 TSI,MPV,Kombi,False,https://www.sauto.cz/osobni/detail/volkswagen/touran/210647033
VW Touran 1.5 TSI,MPV,Kombi,False,https://www.sauto.cz/osobni/detail/volkswagen/touran/210678995
VW Touran 1.5 TSI,MPV,Kombi,False,https://www.sauto.cz/osobni/detail/volkswagen/touran/210744431
VW Touran 1.5 TSI,MPV,Kombi,False,https://suchen.mobile.de/auto-inserat/volkswagen-touran-1-5-tsi-highline-r-line-ahk-18z-acc-pro-donnersdorf/459975681.html
VW Touran 1.5 TSI,MPV,SUV,False,https://suchen.mobile.de/auto-inserat/volkswagen-touran-1-5-tsi-r-line-7-sitzer-virtual-dsg-sch%C3%B6ppenstedt/459060165.html
VW Touran 1.5 TSI,MPV,Kombi,False,https://suchen.mobile.de/auto-inserat/volkswagen-touran-active-1-5-tsi-navi-pdc-shz-16-app-connec-rastede-wahnbek/438834226.html
VW Touran 1.5 TSI,MPV,Kombi,False,https://suchen.mobile.de/auto-inserat/volkswagen-touran-active-tsi-navi-ahk-led-parkpilot-dab-ascheberg/457664275.html
VW Touran 1.5 TSI,MPV,SUV,False,https://suchen.mobile.de/auto-inserat/volkswagen-touran-highline-1-5-tsi-dsg-r-line-7-sitzer-ahk-%C3%B6stringen/455172362.html
VW Touran 1.5 TSI,MPV,Kombi,False,https://suchen.mobile.de/auto-inserat/volkswagen-touran-highline-sonderfinnzierung-althengstett/460123295.html
VW Touran 1.5 TSI,MPV,Kombi,False,https://suchen.mobile.de/auto-inserat/volkswagen-touran-active-tsi-navi-ahk-led-parkpilot-dab-ascheberg/460601418.html
VW Touran 1.5 TSI,MPV,Kombi,False,https://suchen.mobile.de/auto-inserat/volkswagen-vw-touran-r-line-7-sitzer-acc-haigerloch/461218820.html
VW Touran 1.5 TSI,MPV,Kombi,False,https://suchen.mobile.de/auto-inserat/volkswagen-touran-1-5-tsi-move-dsg-navi-ahk-acc-pdc-shz-lm-wuppertal/461317377.html
VW Touran 1.5 TSI,MPV,SUV,False,https://suchen.mobile.de/auto-inserat/volkswagen-touran-1-5-tsi-dsg-highline-led-ahk-navi-dab-shz-schrobenhausen-edelshsn/461496872.html
VW Touran 1.5 TSI,MPV,SUV,False,https://suchen.mobile.de/auto-inserat/volkswagen-touran-1-5-tsi-dsg-highline-led-navi-dab-shz-pdc-schrobenhausen-edelshsn/461496941.html
VW Touran 1.5 TSI,MPV,Kombi,False,https://suchen.mobile.de/auto-inserat/volkswagen-vw-touran-highline-r-line-7-sitzer-acc-haigerloch/461512130.html
VW Touran 2.0 TDI,MPV,Kombi,False,https://www.sauto.cz/osobni/detail/volkswagen/touran/210362729
VW Touran 2.0 TDI,MPV,Kombi,False,https://www.sauto.cz/osobni/detail/volkswagen/touran/210519026
VW Touran 2.0 TDI,MPV,Kombi,False,https://www.sauto.cz/osobni/detail/volkswagen/touran/210751466
VW Touran 2.0 TDI,MPV,SUV,False,https://suchen.mobile.de/auto-inserat/volkswagen-touran-2-0-tdi-dsg-active-led-acc-einparkhi-wolfsburg/435388970.html
VW Touran 2.0 TDI,MPV,Kombi,False,https://suchen.mobile.de/auto-inserat/volkswagen-touran-2-0-tdi-dsg-highline-acc-kamera-virtual-a-braunschweig/458673954.html
VW Touran 2.0 TDI,MPV,SUV,False,https://suchen.mobile.de/auto-inserat/volkswagen-touran-2-0-tdi-dsg-highline-led-navi-kamera-pano-hilden/448111687.html
VW Touran 2.0 TDI,MPV,Kombi,False,https://suchen.mobile.de/auto-inserat/volkswagen-touran-2-0-tdi-scr-dsg-active-ahk-fernwald-steinbach/459540532.html
VW Touran 2.0 TDI,MPV,Kombi,False,https://suchen.mobile.de/auto-inserat/volkswagen-touran-2-0-tdi-scr-dsg-comf-acc-assip-fernwald-steinbach/459533148.html
VW Touran 2.0 TDI,MPV,SUV,False,https://suchen.mobile.de/auto-inserat/volkswagen-touran-abstandstemp-fahrassistenzpaket-harrislee/455855955.html
VW Touran 2.0 TDI,MPV,Kombi,False,https://suchen.mobile.de/auto-inserat/volkswagen-touran-active-led-navi-dsg-kamera-tempomat-waldheim/451119621.html
VW Touran 2.0 TDI,MPV,SUV,False,https://suchen.mobile.de/auto-inserat/volkswagen-touran-active-rfk-pdc-shz-app-acc-7-sitze-merkendorf/444458359.html
VW Touran 2.0 TDI,MPV,Kombi,False,https://suchen.mobile.de/auto-inserat/volkswagen-touran-comfortline-bmt-navi-led-acc-burgau/453108712.html
VW Touran 2.0 TDI,MPV,Kombi,False,https://suchen.mobile.de/auto-inserat/volkswagen-touran-comfortline-bmt-start-stopp-bretten/459532100.html
VW Touran 2.0 TDI,MPV,SUV,False,https://suchen.mobile.de/auto-inserat/volkswagen-touran-comfortline-bmt-start-stopp-pano-shz-7-si-goslar/447569702.html
VW Touran 2.0 TDI,MPV,Kombi,False,https://suchen.mobile.de/auto-inserat/volkswagen-touran-comfortline-dsg-ahk-led-sitzheizung-eggenstein/446677509.html
VW Touran 2.0 TDI,MPV,SUV,False,https://suchen.mobile.de/auto-inserat/volkswagen-touran-comfortline-pano-7-sitze-stdh-kam-virtual-goslar/450688315.html
VW Touran 2.0 TDI,MPV,SUV,False,https://suchen.mobile.de/auto-inserat/volkswagen-touran-comfortline-pano-digital-massage-kam-7-si-goslar/449165900.html
VW Touran 2.0 TDI,MPV,SUV,False,https://suchen.mobile.de/auto-inserat/volkswagen-touran-dsg-bmt-acc-keyless-kamera-massage-goslar/456837177.html
VW Touran 2.0 TDI,MPV,Kombi,False,https://suchen.mobile.de/auto-inserat/volkswagen-touran-highline-2-0-tdi-dsg-leder-ahk-kamera-rastede-wahnbek/444105078.html
VW Touran 2.0 TDI,MPV,SUV,False,https://suchen.mobile.de/auto-inserat/volkswagen-touran-highline-bmt-start-stopp-moers/460358948.html
VW Touran 2.0 TDI,MPV,Kombi,False,https://suchen.mobile.de/auto-inserat/volkswagen-touran-highline-iq-drive-r-kamera-app-connect-aurich/456436949.html
VW Touran 2.0 TDI,MPV,SUV,False,https://suchen.mobile.de/auto-inserat/volkswagen-touran-highline-panorama-7-sitze-cockpit-keyless-dortmund/454051355.html
VW Touran 2.0 TDI,MPV,Kombi,False,https://suchen.mobile.de/auto-inserat/volkswagen-touran-2-0-tdi-dsg-hl-rline-pano-ahk-navi-dcc-strausberg/458519532.html
VW Touran 2.0 TDI,MPV,Kombi,False,https://suchen.mobile.de/auto-inserat/volkswagen-touran-2-0-tdi-dsg-comfortline-led-acc-fernwald-steinbach/461076097.html
VW Touran 2.0 TDI,MPV,Kombi,False,https://suchen.mobile.de/auto-inserat/volkswagen-touran-2-0-tdi-dsg-highline-navi-kam-fernwald-steinbach/461075941.html
VW Touran 2.0 TDI,MPV,Kombi,False,https://suchen.mobile.de/auto-inserat/volkswagen-touran-2-0-tdi-scr-dsg-comf-assip-fernwald-steinbach/461365375.html
VW Touran 2.0 TDI,MPV,Kombi,False,https://suchen.mobile.de/auto-inserat/volkswagen-touran-2-0-tdi-dsg-highline-acc-kamera-virtual-a-braunschweig/461502998.html
VW Touran Comfortline 1.5 TSI,MPV,SUV,False,https://suchen.mobile.de/auto-inserat/volkswagen-7-sitzer-comfortline-bmt-start-stopp-freiburg-im-breisgau/429549699.html
VW Touran Comfortline 1.5 TSI,MPV,Kombi,False,https://suchen.mobile.de/auto-inserat/volkswagen-touran-1-5-tsi-comfortline-standheizng-7-sitzer-zehnhausen/410260490.html
VW Touran Comfortline 1.5 TSI,MPV,Kombi,False,https://suchen.mobile.de/auto-inserat/volkswagen-touran-comfortline-i-cockpit-kamera-ahk-saarlouis/457516045.html
VW Touran Comfortline 1.5 TSI,MPV,Kombi,False,https://suchen.mobile.de/auto-inserat/volkswagen-touran-touran-1-5-tsi-opf-comfortline-kamera-dinkelscherben/454408505.html
VW Touran Comfortline 1.5 TSI,MPV,Kombi,False,https://suchen.mobile.de/auto-inserat/volkswagen-touran-comfortline-bmt-start-stopp-7stz-marbach-am-neckar/461065046.html
VW Touran Comfortline 1.5 TSI,MPV,SUV,False,https://suchen.mobile.de/auto-inserat/volkswagen-touran-comfortline-bmt-acc-rfk-shz-3zk-led-buchschwabach-bei-n%C3%BCrnberg/460939165.html
Volvo S60 2.0 MHEV,Sedan,SUV,False,https://suchen.mobile.de/auto-inserat/volvo-s60-b4-mild-hybrid-2-0-abs-esp-servo-koblenz/450686837.html
Volvo S60 2.0 MHEV,Sedan,SUV,False,https://suchen.mobile.de/auto-inserat/volvo-s60-b4-mild-hybrid-2-0-aachen/461276658.html
Volvo S60 2.0 MHEV,Sedan,SUV,False,https://suchen.mobile.de/auto-inserat/volvo-s60-b4-mild-hybrid-2-0-abs-esp-servo-betzdorf/442476050.html
Volvo S60 2.0 MHEV,Sedan,SUV,False,https://suchen.mobile.de/auto-inserat/volvo-s60-b4-mild-hybrid-2-0-betzdorf/442014739.html
Volvo S60 Sedan 2.0,Sedan,Kombi,False,https://suchen.mobile.de/auto-inserat/volvo-v60-1-hand-mwst-head-up-harman-kardon-duisburg/461169516.html
Volvo V60 2.0,Kombi,SUV,False,https://suchen.mobile.de/auto-inserat/volvo-v60-kombi-momentum-pro-core-1-hand-lenkrad-heizu-kerpen/455396612.html
Škoda Kamiq 1.5 TSI,SUV,Hatchback,False,https://www.sauto.cz/osobni/detail/skoda/kamiq/191631886
Škoda Kamiq 1.5 TSI,SUV,Hatchback,False,https://www.sauto.cz/osobni/detail/skoda/kamiq/208450829
Škoda Kamiq 1.5 TSI,SUV,Hatchback,False,https://www.sauto.cz/osobni/detail/skoda/kamiq/209120505
Škoda Kamiq 1.5 TSI,SUV,Hatchback,False,https://www.sauto.cz/osobni/detail/skoda/kamiq/209127738
Škoda Kamiq 1.5 TSI,SUV,Hatchback,False,https://www.sauto.cz/osobni/detail/skoda/kamiq/209310864
Škoda Kamiq 1.5 TSI,SUV,Hatchback,False,https://www.sauto.cz/osobni/detail/skoda/kamiq/209486937
Škoda Kamiq 1.5 TSI,SUV,Hatchback,False,https://www.sauto.cz/osobni/detail/skoda/kamiq/209533743
Škoda Kamiq 1.5 TSI,SUV,Hatchback,False,https://www.sauto.cz/osobni/detail/skoda/kamiq/209550420
Škoda Kamiq 1.5 TSI,SUV,Hatchback,False,https://www.sauto.cz/osobni/detail/skoda/kamiq/209616345
Škoda Kamiq 1.5 TSI,SUV,Hatchback,False,https://www.sauto.cz/osobni/detail/skoda/kamiq/209627490
Škoda Kamiq 1.5 TSI,SUV,Hatchback,False,https://www.sauto.cz/osobni/detail/skoda/kamiq/209666955
Škoda Kamiq 1.5 TSI,SUV,Hatchback,False,https://www.sauto.cz/osobni/detail/skoda/kamiq/209686758
Škoda Kamiq 1.5 TSI,SUV,Hatchback,False,https://www.sauto.cz/osobni/detail/skoda/kamiq/209695293
Škoda Kamiq 1.5 TSI,SUV,Hatchback,False,https://www.sauto.cz/osobni/detail/skoda/kamiq/209734377
Škoda Kamiq 1.5 TSI,SUV,Hatchback,False,https://www.sauto.cz/osobni/detail/skoda/kamiq/209795340
Škoda Kamiq 1.5 TSI,SUV,Hatchback,False,https://www.sauto.cz/osobni/detail/skoda/kamiq/209875746
Škoda Kamiq 1.5 TSI,SUV,Hatchback,False,https://www.sauto.cz/osobni/detail/skoda/kamiq/209880741
Škoda Kamiq 1.5 TSI,SUV,Hatchback,False,https://www.sauto.cz/osobni/detail/skoda/kamiq/209920092
Škoda Kamiq 1.5 TSI,SUV,Hatchback,False,https://www.sauto.cz/osobni/detail/skoda/kamiq/210100271
Škoda Kamiq 1.5 TSI,SUV,Hatchback,False,https://www.sauto.cz/osobni/detail/skoda/kamiq/210103796
Škoda Kamiq 1.5 TSI,SUV,Hatchback,False,https://www.sauto.cz/osobni/detail/skoda/kamiq/210118193
Škoda Kamiq 1.5 TSI,SUV,Hatchback,False,https://www.sauto.cz/osobni/detail/skoda/kamiq/210125306
Škoda Kamiq 1.5 TSI,SUV,Hatchback,False,https://www.sauto.cz/osobni/detail/skoda/kamiq/210149696
Škoda Kamiq 1.5 TSI,SUV,Hatchback,False,https://www.sauto.cz/osobni/detail/skoda/kamiq/210181928
Škoda Kamiq 1.5 TSI,SUV,Hatchback,False,https://www.sauto.cz/osobni/detail/skoda/kamiq/210290714
Škoda Kamiq 1.5 TSI,SUV,Hatchback,False,https://www.sauto.cz/osobni/detail/skoda/kamiq/210292817
Škoda Kamiq 1.5 TSI,SUV,Hatchback,False,https://www.sauto.cz/osobni/detail/skoda/kamiq/210298430
Škoda Kamiq 1.5 TSI,SUV,Hatchback,False,https://www.sauto.cz/osobni/detail/skoda/kamiq/210308768
Škoda Kamiq 1.5 TSI,SUV,Hatchback,False,https://www.sauto.cz/osobni/detail/skoda/kamiq/210316247
Škoda Kamiq 1.5 TSI,SUV,Hatchback,False,https://www.sauto.cz/osobni/detail/skoda/kamiq/210339302
Škoda Kamiq 1.5 TSI,SUV,Hatchback,False,https://www.sauto.cz/osobni/detail/skoda/kamiq/210339365
Škoda Kamiq 1.5 TSI,SUV,Hatchback,False,https://www.sauto.cz/osobni/detail/skoda/kamiq/210383246
Škoda Kamiq 1.5 TSI,SUV,Hatchback,False,https://www.sauto.cz/osobni/detail/skoda/kamiq/210438647
Škoda Kamiq 1.5 TSI,SUV,Hatchback,False,https://www.sauto.cz/osobni/detail/skoda/kamiq/210438650
Škoda Kamiq 1.5 TSI,SUV,Hatchback,False,https://www.sauto.cz/osobni/detail/skoda/kamiq/210438803
Škoda Kamiq 1.5 TSI,SUV,Hatchback,False,https://www.sauto.cz/osobni/detail/skoda/kamiq/210458237
Škoda Kamiq 1.5 TSI,SUV,Hatchback,False,https://www.sauto.cz/osobni/detail/skoda/kamiq/210461192
Škoda Kamiq 1.5 TSI,SUV,Hatchback,False,https://www.sauto.cz/osobni/detail/skoda/kamiq/210466007
Škoda Kamiq 1.5 TSI,SUV,Hatchback,False,https://www.sauto.cz/osobni/detail/skoda/kamiq/210472370
Škoda Kamiq 1.5 TSI,SUV,Hatchback,False,https://www.sauto.cz/osobni/detail/skoda/kamiq/210530675
Škoda Kamiq 1.5 TSI,SUV,MPV,False,https://www.sauto.cz/osobni/detail/skoda/kamiq/210533045
Škoda Kamiq 1.5 TSI,SUV,Hatchback,False,https://www.sauto.cz/osobni/detail/skoda/kamiq/210535139
Škoda Kamiq 1.5 TSI,SUV,Hatchback,False,https://www.sauto.cz/osobni/detail/skoda/kamiq/210537569
Škoda Kamiq 1.5 TSI,SUV,Hatchback,False,https://www.sauto.cz/osobni/detail/skoda/kamiq/210576680
Škoda Kamiq 1.5 TSI,SUV,Hatchback,False,https://www.sauto.cz/osobni/detail/skoda/kamiq/210586226
Škoda Kamiq 1.5 TSI,SUV,Hatchback,False,https://www.sauto.cz/osobni/detail/skoda/kamiq/210592748
Škoda Kamiq 1.5 TSI,SUV,Hatchback,False,https://www.sauto.cz/osobni/detail/skoda/kamiq/210593789
Škoda Kamiq 1.5 TSI,SUV,Hatchback,False,https://www.sauto.cz/osobni/detail/skoda/kamiq/210598721
Škoda Kamiq 1.5 TSI,SUV,Hatchback,False,https://www.sauto.cz/osobni/detail/skoda/kamiq/210600980
Škoda Kamiq 1.5 TSI,SUV,Hatchback,False,https://www.sauto.cz/osobni/detail/skoda/kamiq/210620159
Škoda Kamiq 1.5 TSI,SUV,Hatchback,False,https://www.sauto.cz/osobni/detail/skoda/kamiq/210620267
Škoda Kamiq 1.5 TSI,SUV,Hatchback,False,https://www.sauto.cz/osobni/detail/skoda/kamiq/210632120
Škoda Kamiq 1.5 TSI,SUV,Hatchback,False,https://www.sauto.cz/osobni/detail/skoda/kamiq/210652313
Škoda Kamiq 1.5 TSI,SUV,Hatchback,False,https://www.sauto.cz/osobni/detail/skoda/kamiq/210666908
Škoda Kamiq 1.5 TSI,SUV,Hatchback,False,https://www.sauto.cz/osobni/detail/skoda/kamiq/210674780
Škoda Kamiq 1.5 TSI,SUV,Hatchback,False,https://www.sauto.cz/osobni/detail/skoda/kamiq/210682781
Škoda Kamiq 1.5 TSI,SUV,Hatchback,False,https://www.sauto.cz/osobni/detail/skoda/kamiq/210690128
Škoda Kamiq 1.5 TSI,SUV,Hatchback,False,https://www.sauto.cz/osobni/detail/skoda/kamiq/210693981
Škoda Kamiq 1.5 TSI,SUV,Hatchback,False,https://www.sauto.cz/osobni/detail/skoda/kamiq/210701954
Škoda Kamiq 1.5 TSI,SUV,Hatchback,False,https://www.sauto.cz/osobni/detail/skoda/kamiq/209270196
Škoda Kamiq 1.5 TSI,SUV,Hatchback,False,https://www.sauto.cz/osobni/detail/skoda/kamiq/210201425
Škoda Kamiq 1.5 TSI,SUV,Hatchback,False,https://www.sauto.cz/osobni/detail/skoda/kamiq/210509702
Škoda Kamiq 1.5 TSI,SUV,Hatchback,False,https://www.sauto.cz/osobni/detail/skoda/kamiq/210620447
Škoda Kamiq 1.5 TSI,SUV,Hatchback,False,https://www.sauto.cz/osobni/detail/skoda/kamiq/210710156
Škoda Kamiq 1.5 TSI,SUV,Hatchback,False,https://www.sauto.cz/osobni/detail/skoda/kamiq/210729968
Škoda Kamiq 1.5 TSI,SUV,Hatchback,False,https://www.sauto.cz/osobni/detail/skoda/kamiq/210738392
Škoda Kamiq 1.5 TSI,SUV,Hatchback,False,https://www.sauto.cz/osobni/detail/skoda/kamiq/210743099
Škoda Kamiq 1.5 TSI,SUV,Hatchback,False,https://www.sauto.cz/osobni/detail/skoda/kamiq/210745034
Škoda Kamiq 1.5 TSI,SUV,Hatchback,False,https://www.sauto.cz/osobni/detail/skoda/kamiq/210752156
Škoda Kamiq 1.5 TSI,SUV,Hatchback,False,https://www.sauto.cz/osobni/detail/skoda/kamiq/210765919
Škoda Kamiq 1.5 TSI,SUV,Hatchback,False,https://www.sauto.cz/osobni/detail/skoda/kamiq/210772967
Škoda Kamiq 1.5 TSI,SUV,Hatchback,False,https://www.sauto.cz/osobni/detail/skoda/kamiq/208716968
Škoda Kamiq 1.5 TSI,SUV,Hatchback,False,https://www.sauto.cz/osobni/detail/skoda/kamiq/210783134
Škoda Kamiq 1.5 TSI,SUV,Hatchback,False,https://www.sauto.cz/osobni/detail/skoda/kamiq/210783572
Škoda Kamiq 1.5 TSI,SUV,Hatchback,False,https://www.sauto.cz/osobni/detail/skoda/kamiq/210783875
Škoda Kamiq 1.5 TSI,SUV,Hatchback,False,https://www.sauto.cz/osobni/detail/skoda/kamiq/210796742
Škoda Kamiq 1.5 TSI,SUV,Hatchback,False,https://www.sauto.cz/osobni/detail/skoda/kamiq/210809630
Škoda Kamiq 1.5 TSI,SUV,Hatchback,False,https://www.sauto.cz/osobni/detail/skoda/kamiq/210813779
Škoda Kamiq 1.5 TSI,SUV,Hatchback,False,https://www.sauto.cz/osobni/detail/skoda/kamiq/210816008
Škoda Kamiq 1.5 TSI,SUV,Hatchback,False,https://www.sauto.cz/osobni/detail/skoda/kamiq/210826058
Škoda Kamiq 1.5 TSI,SUV,Hatchback,False,https://www.sauto.cz/osobni/detail/skoda/kamiq/210834029
Škoda Kamiq 1.5 TSI,SUV,Kombi,False,https://suchen.mobile.de/auto-inserat/skoda-kamiq-1-5-tsi-dsg-ambition-fernwald-steinbach/459453800.html
Škoda Kamiq 1.5 TSI,SUV,Hatchback,False,https://suchen.mobile.de/auto-inserat/skoda-kamiq-1-5-tsi-dsg-clever-anh%C3%A4ngerkupplung-bischofswerda/442032528.html
Škoda Kamiq 1.5 TSI,SUV,Kombi,False,https://suchen.mobile.de/auto-inserat/skoda-kamiq-1-5-tsi-dsg-monte-carlo-navi-ahk-kamera-st-gangloff/457754863.html
Škoda Kamiq 1.5 TSI,SUV,MPV,False,https://suchen.mobile.de/auto-inserat/skoda-kamiq-1-5-tsi-dsg-monte-carlo-pano-ahk-tempo-wolfsburg/460090087.html
Škoda Kamiq 1.5 TSI,SUV,Hatchback,False,https://suchen.mobile.de/auto-inserat/skoda-kamiq-balance-1-5tsi-110kw-dsg-ahk-5jahre-garan-dresden/451253983.html
Škoda Kamiq 1.5 TSI,SUV,Hatchback,False,https://suchen.mobile.de/auto-inserat/skoda-kamiq-monte-carlo-1-5-tsi-150-ps-dsg-pano-dach-eberhardzell-m%C3%BChlhausen/450962302.html
Škoda Kamiq 1.5 TSI,SUV,Hatchback,False,https://suchen.mobile.de/auto-inserat/skoda-kamiq-monte-carlo-1-5-tsi-150-ps-dsg-pano-dach-eberhardzell-m%C3%BChlhausen/450963600.html
Škoda Kamiq 1.5 TSI,SUV,Hatchback,False,https://suchen.mobile.de/auto-inserat/skoda-kamiq-monte-carlo-wittenberg/460223115.html
Škoda Kamiq 1.5 TSI,SUV,Kombi,False,https://suchen.mobile.de/auto-inserat/skoda-kamiq-style-1-hand-cam-acc-saarbr%C3%BCcken/457133353.html
Škoda Kamiq 1.5 TSI,SUV,MPV,False,https://suchen.mobile.de/auto-inserat/skoda-kamiq-monte-carlo-nav-pano-vico-ahk-lan-acc-stralsund/461224517.html
Škoda Kamiq 1.5 TSI,SUV,Hatchback,False,https://suchen.mobile.de/auto-inserat/skoda-kamiq-1-5-tsi-act-monte-carlo-monte-carlo-tholey/461638906.html
Škoda Kamiq TSI,SUV,Kombi,False,https://suchen.mobile.de/auto-inserat/skoda-kamiq-balance-1-5-tsi-dsg-ahk-navi-matrix-acc-bad-kissingen/454046175.html
Škoda Karoq 1.5 TSI,SUV,Kombi,False,https://www.sauto.cz/osobni/detail/skoda/karoq/209048853
Škoda Karoq 1.5 TSI,SUV,Kombi,False,https://www.sauto.cz/osobni/detail/skoda/karoq/209060118
Škoda Karoq 1.5 TSI,SUV,Kombi,False,https://www.sauto.cz/osobni/detail/skoda/karoq/209169408
Škoda Karoq 1.5 TSI,SUV,Kombi,False,https://www.sauto.cz/osobni/detail/skoda/karoq/209169501
Škoda Karoq 1.5 TSI,SUV,Kombi,False,https://www.sauto.cz/osobni/detail/skoda/karoq/209188152
Škoda Karoq 1.5 TSI,SUV,Kombi,False,https://www.sauto.cz/osobni/detail/skoda/karoq/209202351
Škoda Karoq 1.5 TSI,SUV,Kombi,False,https://www.sauto.cz/osobni/detail/skoda/karoq/209234307
Škoda Karoq 1.5 TSI,SUV,Kombi,False,https://www.sauto.cz/osobni/detail/skoda/karoq/209254587
Škoda Karoq 1.5 TSI,SUV,Kombi,False,https://www.sauto.cz/osobni/detail/skoda/karoq/209254593
Škoda Karoq 1.5 TSI,SUV,Kombi,False,https://www.sauto.cz/osobni/detail/skoda/karoq/209358456
Škoda Karoq 1.5 TSI,SUV,Kombi,False,https://www.sauto.cz/osobni/detail/skoda/karoq/209370081
Škoda Karoq 1.5 TSI,SUV,Kombi,False,https://www.sauto.cz/osobni/detail/skoda/karoq/209398581
Škoda Karoq 1.5 TSI,SUV,Hatchback,False,https://www.sauto.cz/osobni/detail/skoda/karoq/209505384
Škoda Karoq 1.5 TSI,SUV,Hatchback,False,https://www.sauto.cz/osobni/detail/skoda/karoq/209510058
Škoda Karoq 1.5 TSI,SUV,Kombi,False,https://www.sauto.cz/osobni/detail/skoda/karoq/209747118
Škoda Karoq 1.5 TSI,SUV,Kombi,False,https://www.sauto.cz/osobni/detail/skoda/karoq/209830989
Škoda Karoq 1.5 TSI,SUV,Kombi,False,https://www.sauto.cz/osobni/detail/skoda/karoq/209838264
Škoda Karoq 1.5 TSI,SUV,Kombi,False,https://www.sauto.cz/osobni/detail/skoda/karoq/209879715
Škoda Karoq 1.5 TSI,SUV,Kombi,False,https://www.sauto.cz/osobni/detail/skoda/karoq/209879718
Škoda Karoq 1.5 TSI,SUV,Kombi,False,https://www.sauto.cz/osobni/detail/skoda/karoq/209879721
Škoda Karoq 1.5 TSI,SUV,Kombi,False,https://www.sauto.cz/osobni/detail/skoda/karoq/209902284
Škoda Karoq 1.5 TSI,SUV,Kombi,False,https://www.sauto.cz/osobni/detail/skoda/karoq/209948532
Škoda Karoq 1.5 TSI,SUV,Kombi,False,https://www.sauto.cz/osobni/detail/skoda/karoq/209996592
Škoda Karoq 1.5 TSI,SUV,Kombi,False,https://www.sauto.cz/osobni/detail/skoda/karoq/210059954
Škoda Karoq 1.5 TSI,SUV,Kombi,False,https://www.sauto.cz/osobni/detail/skoda/karoq/210062129
Škoda Karoq 1.5 TSI,SUV,Kombi,False,https://www.sauto.cz/osobni/detail/skoda/karoq/210078803
Škoda Karoq 1.5 TSI,SUV,Kombi,False,https://www.sauto.cz/osobni/detail/skoda/karoq/210223223
Škoda Karoq 1.5 TSI,SUV,Kombi,False,https://www.sauto.cz/osobni/detail/skoda/karoq/210238715
Škoda Karoq 1.5 TSI,SUV,Kombi,False,https://www.sauto.cz/osobni/detail/skoda/karoq/210240932
Škoda Karoq 1.5 TSI,SUV,Kombi,False,https://www.sauto.cz/osobni/detail/skoda/karoq/210249560
Škoda Karoq 1.5 TSI,SUV,Kombi,False,https://www.sauto.cz/osobni/detail/skoda/karoq/210309020
Škoda Karoq 1.5 TSI,SUV,Kombi,False,https://www.sauto.cz/osobni/detail/skoda/karoq/210317288
Škoda Karoq 1.5 TSI,SUV,Kombi,False,https://www.sauto.cz/osobni/detail/skoda/karoq/210341774
Škoda Karoq 1.5 TSI,SUV,Kombi,False,https://www.sauto.cz/osobni/detail/skoda/karoq/210342017
Škoda Karoq 1.5 TSI,SUV,Kombi,False,https://www.sauto.cz/osobni/detail/skoda/karoq/210352211
Škoda Karoq 1.5 TSI,SUV,Kombi,False,https://www.sauto.cz/osobni/detail/skoda/karoq/210370433
Škoda Karoq 1.5 TSI,SUV,Kombi,False,https://www.sauto.cz/osobni/detail/skoda/karoq/210371810
Škoda Karoq 1.5 TSI,SUV,Kombi,False,https://www.sauto.cz/osobni/detail/skoda/karoq/210376814
Škoda Karoq 1.5 TSI,SUV,Kombi,False,https://www.sauto.cz/osobni/detail/skoda/karoq/210397616
Škoda Karoq 1.5 TSI,SUV,Kombi,False,https://www.sauto.cz/osobni/detail/skoda/karoq/210405962
Škoda Karoq 1.5 TSI,SUV,Kombi,False,https://www.sauto.cz/osobni/detail/skoda/karoq/210413567
Škoda Karoq 1.5 TSI,SUV,Kombi,False,https://www.sauto.cz/osobni/detail/skoda/karoq/210414056
Škoda Karoq 1.5 TSI,SUV,Kombi,False,https://www.sauto.cz/osobni/detail/skoda/karoq/210419987
Škoda Karoq 1.5 TSI,SUV,Kombi,False,https://www.sauto.cz/osobni/detail/skoda/karoq/210445755
Škoda Karoq 1.5 TSI,SUV,Kombi,False,https://www.sauto.cz/osobni/detail/skoda/karoq/210448424
Škoda Karoq 1.5 TSI,SUV,Kombi,False,https://www.sauto.cz/osobni/detail/skoda/karoq/210452948
Škoda Karoq 1.5 TSI,SUV,Kombi,False,https://www.sauto.cz/osobni/detail/skoda/karoq/210460862
Škoda Karoq 1.5 TSI,SUV,Kombi,False,https://www.sauto.cz/osobni/detail/skoda/karoq/210464705
Škoda Karoq 1.5 TSI,SUV,Kombi,False,https://www.sauto.cz/osobni/detail/skoda/karoq/210464714
Škoda Karoq 1.5 TSI,SUV,Kombi,False,https://www.sauto.cz/osobni/detail/skoda/karoq/210472262
Škoda Karoq 1.5 TSI,SUV,Kombi,False,https://www.sauto.cz/osobni/detail/skoda/karoq/210508175
Škoda Karoq 1.5 TSI,SUV,Kombi,False,https://www.sauto.cz/osobni/detail/skoda/karoq/210515894
Škoda Karoq 1.5 TSI,SUV,Kombi,False,https://www.sauto.cz/osobni/detail/skoda/karoq/210533039
Škoda Karoq 1.5 TSI,SUV,Kombi,False,https://www.sauto.cz/osobni/detail/skoda/karoq/210542498
Škoda Karoq 1.5 TSI,SUV,Kombi,False,https://www.sauto.cz/osobni/detail/skoda/karoq/210542552
Škoda Karoq 1.5 TSI,SUV,Kombi,False,https://www.sauto.cz/osobni/detail/skoda/karoq/210557210
Škoda Karoq 1.5 TSI,SUV,Kombi,False,https://www.sauto.cz/osobni/detail/skoda/karoq/210591752
Škoda Karoq 1.5 TSI,SUV,Kombi,False,https://www.sauto.cz/osobni/detail/skoda/karoq/210596258
Škoda Karoq 1.5 TSI,SUV,Kombi,False,https://www.sauto.cz/osobni/detail/skoda/karoq/210613205
Škoda Karoq 1.5 TSI,SUV,Kombi,False,https://www.sauto.cz/osobni/detail/skoda/karoq/210619055
Škoda Karoq 1.5 TSI,SUV,Kombi,False,https://www.sauto.cz/osobni/detail/skoda/karoq/210620147
Škoda Karoq 1.5 TSI,SUV,Kombi,False,https://www.sauto.cz/osobni/detail/skoda/karoq/210627728
Škoda Karoq 1.5 TSI,SUV,Kombi,False,https://www.sauto.cz/osobni/detail/skoda/karoq/210634892
Škoda Karoq 1.5 TSI,SUV,Kombi,False,https://www.sauto.cz/osobni/detail/skoda/karoq/210669155
Škoda Karoq 1.5 TSI,SUV,Kombi,False,https://www.sauto.cz/osobni/detail/skoda/karoq/210674879
Škoda Karoq 1.5 TSI,SUV,Kombi,False,https://www.sauto.cz/osobni/detail/skoda/karoq/210681041
Škoda Karoq 1.5 TSI,SUV,Kombi,False,https://www.sauto.cz/osobni/detail/skoda/karoq/210690122
Škoda Karoq 1.5 TSI,SUV,Kombi,False,https://www.sauto.cz/osobni/detail/skoda/karoq/210693979
Škoda Karoq 1.5 TSI,SUV,Kombi,False,https://www.sauto.cz/osobni/detail/skoda/karoq/210696440
Škoda Karoq 1.5 TSI,SUV,Hatchback,False,https://www.sauto.cz/osobni/detail/skoda/karoq/210697175
Škoda Karoq 1.5 TSI,SUV,Kombi,False,https://www.sauto.cz/osobni/detail/skoda/karoq/210703472
Škoda Karoq 1.5 TSI,SUV,Kombi,False,https://www.sauto.cz/osobni/detail/skoda/karoq/210705854
Škoda Karoq 1.5 TSI,SUV,Kombi,False,https://www.sauto.cz/osobni/detail/skoda/karoq/210709964
Škoda Karoq 1.5 TSI,SUV,Kombi,False,https://www.sauto.cz/osobni/detail/skoda/karoq/210712505
Škoda Karoq 1.5 TSI,SUV,Kombi,False,https://www.sauto.cz/osobni/detail/skoda/karoq/210010548
Škoda Karoq 1.5 TSI,SUV,Kombi,False,https://www.sauto.cz/osobni/detail/skoda/karoq/208211102
Škoda Karoq 1.5 TSI,SUV,Kombi,False,https://www.sauto.cz/osobni/detail/skoda/karoq/209616342
Škoda Karoq 1.5 TSI,SUV,Kombi,False,https://www.sauto.cz/osobni/detail/skoda/karoq/209656494
Škoda Karoq 1.5 TSI,SUV,Kombi,False,https://www.sauto.cz/osobni/detail/skoda/karoq/210362252
Škoda Karoq 1.5 TSI,SUV,Kombi,False,https://www.sauto.cz/osobni/detail/skoda/karoq/210416741
Škoda Karoq 1.5 TSI,SUV,Kombi,False,https://www.sauto.cz/osobni/detail/skoda/karoq/210613010
Škoda Karoq 1.5 TSI,SUV,Kombi,False,https://www.sauto.cz/osobni/detail/skoda/karoq/210664253
Škoda Karoq 1.5 TSI,SUV,Kombi,False,https://www.sauto.cz/osobni/detail/skoda/karoq/210741596
Škoda Karoq 1.5 TSI,SUV,Kombi,False,https://www.sauto.cz/osobni/detail/skoda/karoq/210751505
Škoda Karoq 1.5 TSI,SUV,Hatchback,False,https://www.sauto.cz/osobni/detail/skoda/karoq/210761291
Škoda Karoq 1.5 TSI,SUV,Kombi,False,https://www.sauto.cz/osobni/detail/skoda/karoq/210369131
Škoda Karoq 1.5 TSI,SUV,Kombi,False,https://www.sauto.cz/osobni/detail/skoda/karoq/210781481
Škoda Karoq 1.5 TSI,SUV,MPV,False,https://www.sauto.cz/osobni/detail/skoda/karoq/210781961
Škoda Karoq 1.5 TSI,SUV,Kombi,False,https://www.sauto.cz/osobni/detail/skoda/karoq/210791594
Škoda Karoq 1.5 TSI,SUV,Kombi,False,https://www.sauto.cz/osobni/detail/skoda/karoq/210804755
Škoda Karoq 1.5 TSI,SUV,Kombi,False,https://www.sauto.cz/osobni/detail/skoda/karoq/210804818
Škoda Karoq 1.5 TSI,SUV,Kombi,False,https://www.sauto.cz/osobni/detail/skoda/karoq/210805067
Škoda Karoq 1.5 TSI,SUV,Kombi,False,https://www.sauto.cz/osobni/detail/skoda/karoq/210807755
Škoda Karoq 1.5 TSI,SUV,Kombi,False,https://www.sauto.cz/osobni/detail/skoda/karoq/210225884
Škoda Karoq 1.5 TSI,SUV,Kombi,False,https://www.sauto.cz/osobni/detail/skoda/karoq/210826064
Škoda Karoq 1.5 TSI,SUV,Kombi,False,https://suchen.mobile.de/auto-inserat/skoda-karoq-1-5-tsi-act-style-vilz/432652091.html
Škoda Karoq 1.5 TSI,SUV,Kombi,False,https://suchen.mobile.de/auto-inserat/skoda-karoq-1-5l-tsi-act-dsg-sportline-sportline-hamburg/459079546.html
Škoda Karoq 1.5 TSI,SUV,Kupé,False,https://suchen.mobile.de/auto-inserat/skoda-karoq-ambition-1-5l-tsi-dsg-navi-led-shz-temp-f%C3%BCrth/456843626.html
Škoda Karoq 1.5 TSI,SUV,Kombi,False,https://suchen.mobile.de/auto-inserat/skoda-karoq-1-5-tsi-dsg-style-navi-led-pdc-lm-tempo-k-georgsmarienh%C3%BCtte/457703517.html
Škoda Karoq 2.0 TDI,SUV,Kombi,False,https://www.sauto.cz/osobni/detail/skoda/karoq/209188668
Škoda Karoq 2.0 TDI,SUV,Kombi,False,https://www.sauto.cz/osobni/detail/skoda/karoq/210355586
Škoda Karoq 2.0 TDI,SUV,Kombi,False,https://www.sauto.cz/osobni/detail/skoda/karoq/210398954
Škoda Karoq 2.0 TDI,SUV,Kombi,False,https://www.sauto.cz/osobni/detail/skoda/karoq/210414218
Škoda Karoq 2.0 TDI,SUV,Kombi,False,https://www.sauto.cz/osobni/detail/skoda/karoq/210573701
Škoda Karoq 2.0 TDI,SUV,Kombi,False,https://www.sauto.cz/osobni/detail/skoda/karoq/210578525
Škoda Karoq 2.0 TDI,SUV,Kombi,False,https://www.sauto.cz/osobni/detail/skoda/karoq/210636404
Škoda Karoq 2.0 TDI,SUV,Kombi,False,https://www.sauto.cz/osobni/detail/skoda/karoq/210656537
Škoda Karoq 2.0 TDI,SUV,Kombi,False,https://www.sauto.cz/osobni/detail/skoda/karoq/209356542
Škoda Karoq 2.0 TDI,SUV,Kombi,False,https://www.sauto.cz/osobni/detail/skoda/karoq/210180662
Škoda Karoq 2.0 TDI,SUV,MPV,False,https://www.sauto.cz/osobni/detail/skoda/karoq/210215798
Škoda Karoq 2.0 TDI,SUV,Kombi,False,https://www.sauto.cz/osobni/detail/skoda/karoq/210251738
Škoda Karoq 2.0 TDI,SUV,Kombi,False,https://www.sauto.cz/osobni/detail/skoda/karoq/210460805
Škoda Karoq 2.0 TDI,SUV,MPV,False,https://www.sauto.cz/osobni/detail/skoda/karoq/210736679
Škoda Karoq 2.0 TDI,SUV,Kombi,False,https://www.sauto.cz/osobni/detail/skoda/karoq/210776519
Škoda Karoq 2.0 TDI,SUV,Kombi,False,https://www.sauto.cz/osobni/detail/skoda/karoq/210717248
Škoda Karoq 2.0 TDI,SUV,Kombi,False,https://www.sauto.cz/osobni/detail/skoda/karoq/210836303
Škoda Karoq 2.0 TDI,SUV,MPV,False,https://suchen.mobile.de/auto-inserat/skoda-karoq-2-0-tdi-4x4-matrix-led-digi-ahk-acc-key-holzgerlingen-bei-stuttgart/459663473.html
Škoda Karoq 2.0 TDI,SUV,MPV,False,https://suchen.mobile.de/auto-inserat/skoda-karoq-2-0-tdi-dsg-sportline-4x4-standh-360-ahk-nersingen/460652441.html
Škoda Karoq 2.0 TDI,SUV,MPV,False,https://suchen.mobile.de/auto-inserat/skoda-karoq-2-0-tdi-4x4-matrix-led-digi-ahk-acc-key-holzgerlingen-bei-stuttgart/461163809.html
Škoda Kodiaq 1.5 TSI,SUV,Kombi,False,https://www.sauto.cz/osobni/detail/skoda/kodiaq/210620636
Škoda Kodiaq 1.5 TSI,SUV,Kombi,False,https://www.sauto.cz/osobni/detail/skoda/kodiaq/210549977
Škoda Kodiaq 1.5 TSI,SUV,Kombi,False,https://www.sauto.cz/osobni/detail/skoda/kodiaq/210733940
Škoda Kodiaq 1.5 TSI,SUV,Kupé,False,https://suchen.mobile.de/auto-inserat/skoda-kodiaq-tour-1-5-tsi-dsg-matrix-led-acc-r%C3%BCckfahr-bielefeld/461245751.html
Škoda Kodiaq 1.5 TSI,SUV,Kombi,False,https://suchen.mobile.de/auto-inserat/skoda-kodiaq-tour-1-5tsi-dsg-aalen-essingen/461254941.html
Škoda Kodiaq 2.0 TDI,SUV,Kombi,False,https://www.sauto.cz/osobni/detail/skoda/kodiaq/209499063
Škoda Kodiaq 2.0 TDI,SUV,Kombi,False,https://www.sauto.cz/osobni/detail/skoda/kodiaq/210206174
Škoda Kodiaq 2.0 TDI,SUV,Kombi,False,https://www.sauto.cz/osobni/detail/skoda/kodiaq/210264152
Škoda Kodiaq 2.0 TDI,SUV,Kombi,False,https://www.sauto.cz/osobni/detail/skoda/kodiaq/210330488
Škoda Kodiaq 2.0 TDI,SUV,Kombi,False,https://www.sauto.cz/osobni/detail/skoda/kodiaq/210484172
Škoda Kodiaq 2.0 TDI,SUV,Kombi,False,https://www.sauto.cz/osobni/detail/skoda/kodiaq/210598514
Škoda Kodiaq 2.0 TDI,SUV,Kombi,False,https://www.sauto.cz/osobni/detail/skoda/kodiaq/210663089
Škoda Kodiaq 2.0 TDI,SUV,Kombi,False,https://www.sauto.cz/osobni/detail/skoda/kodiaq/210681050
Škoda Kodiaq 2.0 TDI,SUV,Kombi,False,https://www.sauto.cz/osobni/detail/skoda/kodiaq/210717053
Škoda Kodiaq 2.0 TDI,SUV,Kombi,False,https://www.sauto.cz/osobni/detail/skoda/kodiaq/210717284
Škoda Kodiaq 2.0 TDI,SUV,Kombi,False,https://www.sauto.cz/osobni/detail/skoda/kodiaq/207049167
Škoda Kodiaq 2.0 TDI,SUV,Kombi,False,https://www.sauto.cz/osobni/detail/skoda/kodiaq/208216250
Škoda Kodiaq 2.0 TDI,SUV,Kombi,False,https://www.sauto.cz/osobni/detail/skoda/kodiaq/210079757
Škoda Kodiaq 2.0 TDI,SUV,Kombi,False,https://www.sauto.cz/osobni/detail/skoda/kodiaq/210344714
Škoda Kodiaq 2.0 TDI,SUV,Kombi,False,https://www.sauto.cz/osobni/detail/skoda/kodiaq/210413492
Škoda Kodiaq 2.0 TDI,SUV,Kombi,False,https://www.sauto.cz/osobni/detail/skoda/kodiaq/210448262
Škoda Kodiaq 2.0 TDI,SUV,Kombi,False,https://www.sauto.cz/osobni/detail/skoda/kodiaq/210620141
Škoda Kodiaq 2.0 TDI,SUV,Kombi,False,https://www.sauto.cz/osobni/detail/skoda/kodiaq/210001545
Škoda Kodiaq 2.0 TDI,SUV,Kombi,False,https://www.sauto.cz/osobni/detail/skoda/kodiaq/210755816
Škoda Kodiaq 2.0 TDI,SUV,Kombi,False,https://www.sauto.cz/osobni/detail/skoda/kodiaq/210771560
Škoda Kodiaq 2.0 TDI,SUV,Kombi,False,https://www.sauto.cz/osobni/detail/skoda/kodiaq/210787994
Škoda Kodiaq 2.0 TDI,SUV,Kombi,False,https://www.sauto.cz/osobni/detail/skoda/kodiaq/210793388
Škoda Kodiaq 2.0 TDI,SUV,Kombi,False,https://www.sauto.cz/osobni/detail/skoda/kodiaq/210511331
Škoda Kodiaq 2.0 TDI,SUV,Kombi,False,https://www.sauto.cz/osobni/detail/skoda/kodiaq/210740351
Škoda Kodiaq 2.0 TDI,SUV,Kombi,False,https://www.sauto.cz/osobni/detail/skoda/kodiaq/210820076
Škoda Kodiaq 2.0 TDI,SUV,MPV,False,https://suchen.mobile.de/auto-inserat/skoda-kodiaq-2-0-tdi-dsg-4x4-ahk-7-sitzer-360-matrix-nersingen/457291769.html
Škoda Kodiaq 2.0 TDI,SUV,Kombi,False,https://suchen.mobile.de/auto-inserat/skoda-kodiaq-2-0-tdi-dsg-style-t-leder-navi-ahk-kamera-helmstedt/459373296.html
Škoda Kodiaq 2.0 TDI,SUV,MPV,False,https://suchen.mobile.de/auto-inserat/skoda-kodiaq-2-0tdi-dsg-style-ahk-leder-acc-navi-wolfsburg/458692163.html
Škoda Kodiaq 2.0 TDI,SUV,Kupé,False,https://suchen.mobile.de/auto-inserat/skoda-kodiaq-tour-2-0l-tdi-4x4-navi-matrix-shz-klima-f%C3%BCrth/460635135.html
Škoda Kodiaq 2.0 TDI,SUV,Kombi,False,https://suchen.mobile.de/auto-inserat/skoda-kodiaq-2-0-tdi-4x4-style-matrix-kamera-acc-ahk-berlin/460895823.html
Škoda Kodiaq 2.0 TDI,SUV,Kombi,False,https://suchen.mobile.de/auto-inserat/skoda-kodiaq-2-0-tdi-4x4-style-matrix-kamera-acc-ahk-sch%C3%B6nefeld/461087485.html
Škoda Kodiaq 2.0 TDI,SUV,Kombi,False,https://suchen.mobile.de/auto-inserat/skoda-kodiaq-style-4x4-dsg-ahk-pano-dach-led-neunkirchen/461449559.html
Škoda Octavia Combi 2.0 TDI,Kombi,Sedan,False,https://www.sauto.cz/osobni/detail/skoda/octavia/210236093
Škoda Octavia Combi 2.0 TDI,Kombi,Sedan,False,https://www.sauto.cz/osobni/detail/skoda/octavia/210362186
Škoda Octavia Combi 2.0 TDI,Kombi,SUV,False,https://suchen.mobile.de/auto-inserat/skoda-octavia-combi-2-0-tdi-110-kw-150-ps-dsg-4x4-ahk-g%C3%B6rlitz/459648614.html
Škoda Octavia Combi 2.0 TSI,Kombi,SUV,False,https://suchen.mobile.de/auto-inserat/skoda-octavia-combi-rs-first-edition-2-0-tsi-dsg-stepenitztal-ot-mallentin/434868563.html
Škoda Octavia Combi Selection 1.5 TSI,Kombi,Sedan,False,https://www.sauto.cz/osobni/detail/skoda/octavia/208828149
Škoda Octavia Combi Selection 1.5 TSI,Kombi,Sedan,False,https://www.sauto.cz/osobni/detail/skoda/octavia/209116914
Škoda Octavia Combi Selection 1.5 TSI,Kombi,Sedan,False,https://www.sauto.cz/osobni/detail/skoda/octavia/209132418
Škoda Octavia Combi Selection 1.5 TSI,Kombi,Sedan,False,https://www.sauto.cz/osobni/detail/skoda/octavia/209134542
Škoda Octavia Combi Selection 1.5 TSI,Kombi,Sedan,False,https://www.sauto.cz/osobni/detail/skoda/octavia/209171073
Škoda Octavia Combi Selection 1.5 TSI,Kombi,Sedan,False,https://www.sauto.cz/osobni/detail/skoda/octavia/209239404
Škoda Octavia Combi Selection 1.5 TSI,Kombi,Sedan,False,https://www.sauto.cz/osobni/detail/skoda/octavia/209252562
Škoda Octavia Combi Selection 1.5 TSI,Kombi,Sedan,False,https://www.sauto.cz/osobni/detail/skoda/octavia/209564606
Škoda Octavia Combi Selection 1.5 TSI,Kombi,Sedan,False,https://www.sauto.cz/osobni/detail/skoda/octavia/209684121
Škoda Octavia Combi Selection 1.5 TSI,Kombi,Sedan,False,https://www.sauto.cz/osobni/detail/skoda/octavia/209712942
Škoda Octavia Combi Selection 1.5 TSI,Kombi,Sedan,False,https://www.sauto.cz/osobni/detail/skoda/octavia/209781762
Škoda Octavia Combi Selection 1.5 TSI,Kombi,Sedan,False,https://www.sauto.cz/osobni/detail/skoda/octavia/209822199
Škoda Octavia Combi Selection 1.5 TSI,Kombi,Sedan,False,https://www.sauto.cz/osobni/detail/skoda/octavia/209877309
Škoda Octavia Combi Selection 1.5 TSI,Kombi,Sedan,False,https://www.sauto.cz/osobni/detail/skoda/octavia/209884161
Škoda Octavia Combi Selection 1.5 TSI,Kombi,Sedan,False,https://www.sauto.cz/osobni/detail/skoda/octavia/209957658
Škoda Octavia Combi Selection 1.5 TSI,Kombi,Sedan,False,https://www.sauto.cz/osobni/detail/skoda/octavia/210040206
Škoda Octavia Combi Selection 1.5 TSI,Kombi,Sedan,False,https://www.sauto.cz/osobni/detail/skoda/octavia/210082199
Škoda Octavia Combi Selection 1.5 TSI,Kombi,Sedan,False,https://www.sauto.cz/osobni/detail/skoda/octavia/210103778
Škoda Octavia Combi Selection 1.5 TSI,Kombi,Sedan,False,https://www.sauto.cz/osobni/detail/skoda/octavia/210213605
Škoda Octavia Combi Selection 1.5 TSI,Kombi,Sedan,False,https://www.sauto.cz/osobni/detail/skoda/octavia/210290411
Škoda Octavia Combi Selection 1.5 TSI,Kombi,Sedan,False,https://www.sauto.cz/osobni/detail/skoda/octavia/210348899
Škoda Octavia Combi Selection 1.5 TSI,Kombi,Sedan,False,https://www.sauto.cz/osobni/detail/skoda/octavia/210441119
Škoda Octavia Combi Selection 1.5 TSI,Kombi,Sedan,False,https://www.sauto.cz/osobni/detail/skoda/octavia/210457508
Škoda Octavia Combi Selection 1.5 TSI,Kombi,Sedan,False,https://www.sauto.cz/osobni/detail/skoda/octavia/210542843
Škoda Octavia Combi Selection 1.5 TSI,Kombi,Sedan,False,https://www.sauto.cz/osobni/detail/skoda/octavia/210549959
Škoda Octavia Combi Selection 1.5 TSI,Kombi,Sedan,False,https://www.sauto.cz/osobni/detail/skoda/octavia/210698495
Škoda Octavia Combi Style 1.5 TSI,Kombi,Sedan,False,https://www.sauto.cz/osobni/detail/skoda/octavia/207445455
Škoda Octavia Combi Style 1.5 TSI,Kombi,Sedan,False,https://www.sauto.cz/osobni/detail/skoda/octavia/207531207
Škoda Octavia Combi Style 1.5 TSI,Kombi,Sedan,False,https://www.sauto.cz/osobni/detail/skoda/octavia/207571387
Škoda Octavia Combi Style 1.5 TSI,Kombi,Sedan,False,https://www.sauto.cz/osobni/detail/skoda/octavia/207930094
Škoda Octavia Combi Style 1.5 TSI,Kombi,Sedan,False,https://www.sauto.cz/osobni/detail/skoda/octavia/208251536
Škoda Octavia Combi Style 1.5 TSI,Kombi,Sedan,False,https://www.sauto.cz/osobni/detail/skoda/octavia/208282283
Škoda Octavia Combi Style 1.5 TSI,Kombi,Sedan,False,https://www.sauto.cz/osobni/detail/skoda/octavia/208412396
Škoda Octavia Combi Style 1.5 TSI,Kombi,Sedan,False,https://www.sauto.cz/osobni/detail/skoda/octavia/208605701
Škoda Octavia Combi Style 1.5 TSI,Kombi,Sedan,False,https://www.sauto.cz/osobni/detail/skoda/octavia/208814796
Škoda Octavia Combi Style 1.5 TSI,Kombi,Sedan,False,https://www.sauto.cz/osobni/detail/skoda/octavia/209019444
Škoda Octavia Combi Style 1.5 TSI,Kombi,Sedan,False,https://www.sauto.cz/osobni/detail/skoda/octavia/209175057
Škoda Octavia Combi Style 1.5 TSI,Kombi,Sedan,False,https://www.sauto.cz/osobni/detail/skoda/octavia/209532381
Škoda Octavia Combi Style 1.5 TSI,Kombi,Sedan,False,https://www.sauto.cz/osobni/detail/skoda/octavia/210490550
Škoda Octavia Combi Style 1.5 TSI,Kombi,Sedan,False,https://www.sauto.cz/osobni/detail/skoda/octavia/210551057
Škoda Octavia Combi Style 1.5 TSI,Kombi,Sedan,False,https://www.sauto.cz/osobni/detail/skoda/octavia/210615998
Škoda Octavia Combi Style 1.5 TSI,Kombi,Sedan,False,https://www.sauto.cz/osobni/detail/skoda/octavia/210716126
Škoda Octavia Combi Style 1.5 TSI,Kombi,Sedan,False,https://www.sauto.cz/osobni/detail/skoda/octavia/210285521
Škoda Octavia Combi Style 1.5 TSI,Kombi,Sedan,False,https://www.sauto.cz/osobni/detail/skoda/octavia/210624344
Škoda Octavia Combi Style 1.5 TSI,Kombi,Sedan,False,https://www.sauto.cz/osobni/detail/skoda/octavia/210702911
Škoda Octavia Combi Style 1.5 TSI,Kombi,Sedan,False,https://www.sauto.cz/osobni/detail/skoda/octavia/210725096
Škoda Octavia Combi Style 1.5 TSI,Kombi,Sedan,False,https://www.sauto.cz/osobni/detail/skoda/octavia/210775379
Škoda Octavia Combi iV,Kombi,Sedan,False,https://suchen.mobile.de/auto-inserat/skoda-iv-sedan-sport-1-4-etsi-150kw-praha-10-vrsovice/448253814.html
Škoda Octavia Liftback 1.5 TSI,Liftback,Sedan,False,https://www.sauto.cz/osobni/detail/skoda/octavia/208017023
Škoda Octavia Liftback 1.5 TSI,Liftback,Sedan,False,https://www.sauto.cz/osobni/detail/skoda/octavia/208322075
Škoda Octavia Liftback 1.5 TSI,Liftback,Sedan,False,https://www.sauto.cz/osobni/detail/skoda/octavia/208507526
Škoda Octavia Liftback 1.5 TSI,Liftback,Sedan,False,https://www.sauto.cz/osobni/detail/skoda/octavia/208789458
Škoda Octavia Liftback 1.5 TSI,Liftback,Sedan,False,https://www.sauto.cz/osobni/detail/skoda/octavia/208828146
Škoda Octavia Liftback 1.5 TSI,Liftback,Sedan,False,https://www.sauto.cz/osobni/detail/skoda/octavia/208949115
Škoda Octavia Liftback 1.5 TSI,Liftback,Sedan,False,https://www.sauto.cz/osobni/detail/skoda/octavia/209254656
Škoda Octavia Liftback 1.5 TSI,Liftback,Sedan,False,https://www.sauto.cz/osobni/detail/skoda/octavia/209286849
Škoda Octavia Liftback 1.5 TSI,Liftback,Sedan,False,https://www.sauto.cz/osobni/detail/skoda/octavia/209374788
Škoda Octavia Liftback 1.5 TSI,Liftback,Sedan,False,https://www.sauto.cz/osobni/detail/skoda/octavia/209422416
Škoda Octavia Liftback 1.5 TSI,Liftback,Sedan,False,https://www.sauto.cz/osobni/detail/skoda/octavia/209443281
Škoda Octavia Liftback 1.5 TSI,Liftback,Sedan,False,https://www.sauto.cz/osobni/detail/skoda/octavia/209477232
Škoda Octavia Liftback 1.5 TSI,Liftback,Sedan,False,https://www.sauto.cz/osobni/detail/skoda/octavia/209486934
Škoda Octavia Liftback 1.5 TSI,Liftback,Sedan,False,https://www.sauto.cz/osobni/detail/skoda/octavia/209660559
Škoda Octavia Liftback 1.5 TSI,Liftback,Sedan,False,https://www.sauto.cz/osobni/detail/skoda/octavia/209735109
Škoda Octavia Liftback 1.5 TSI,Liftback,Sedan,False,https://www.sauto.cz/osobni/detail/skoda/octavia/209744742
Škoda Octavia Liftback 1.5 TSI,Liftback,Sedan,False,https://www.sauto.cz/osobni/detail/skoda/octavia/209788077
Škoda Octavia Liftback 1.5 TSI,Liftback,Sedan,False,https://www.sauto.cz/osobni/detail/skoda/octavia/209844108
Škoda Octavia Liftback 1.5 TSI,Liftback,Sedan,False,https://www.sauto.cz/osobni/detail/skoda/octavia/209892012
Škoda Octavia Liftback 1.5 TSI,Liftback,Sedan,False,https://www.sauto.cz/osobni/detail/skoda/octavia/209902311
Škoda Octavia Liftback 1.5 TSI,Liftback,Sedan,False,https://www.sauto.cz/osobni/detail/skoda/octavia/209902323
Škoda Octavia Liftback 1.5 TSI,Liftback,Sedan,False,https://www.sauto.cz/osobni/detail/skoda/octavia/209929824
Škoda Octavia Liftback 1.5 TSI,Liftback,Sedan,False,https://www.sauto.cz/osobni/detail/skoda/octavia/209991495
Škoda Octavia Liftback 1.5 TSI,Liftback,Sedan,False,https://www.sauto.cz/osobni/detail/skoda/octavia/209996454
Škoda Octavia Liftback 1.5 TSI,Liftback,Sedan,False,https://www.sauto.cz/osobni/detail/skoda/octavia/210027855
Škoda Octavia Liftback 1.5 TSI,Liftback,Sedan,False,https://www.sauto.cz/osobni/detail/skoda/octavia/210040290
Škoda Octavia Liftback 1.5 TSI,Liftback,Sedan,False,https://www.sauto.cz/osobni/detail/skoda/octavia/210052826
Škoda Octavia Liftback 1.5 TSI,Liftback,Sedan,False,https://www.sauto.cz/osobni/detail/skoda/octavia/210052838
Škoda Octavia Liftback 1.5 TSI,Liftback,Sedan,False,https://www.sauto.cz/osobni/detail/skoda/octavia/210052841
Škoda Octavia Liftback 1.5 TSI,Liftback,Sedan,False,https://www.sauto.cz/osobni/detail/skoda/octavia/210052883
Škoda Octavia Liftback 1.5 TSI,Liftback,Sedan,False,https://www.sauto.cz/osobni/detail/skoda/octavia/210060929
Škoda Octavia Liftback 1.5 TSI,Liftback,Sedan,False,https://www.sauto.cz/osobni/detail/skoda/octavia/210061970
Škoda Octavia Liftback 1.5 TSI,Liftback,Sedan,False,https://www.sauto.cz/osobni/detail/skoda/octavia/210073967
Škoda Octavia Liftback 1.5 TSI,Liftback,Sedan,False,https://www.sauto.cz/osobni/detail/skoda/octavia/210073970
Škoda Octavia Liftback 1.5 TSI,Liftback,Sedan,False,https://www.sauto.cz/osobni/detail/skoda/octavia/210073976
Škoda Octavia Liftback 1.5 TSI,Liftback,Sedan,False,https://www.sauto.cz/osobni/detail/skoda/octavia/210081617
Škoda Octavia Liftback 1.5 TSI,Liftback,Sedan,False,https://www.sauto.cz/osobni/detail/skoda/octavia/210120197
Škoda Octavia Liftback 1.5 TSI,Liftback,Sedan,False,https://www.sauto.cz/osobni/detail/skoda/octavia/210125207
Škoda Octavia Liftback 1.5 TSI,Liftback,Sedan,False,https://www.sauto.cz/osobni/detail/skoda/octavia/210134759
Škoda Octavia Liftback 1.5 TSI,Liftback,Sedan,False,https://www.sauto.cz/osobni/detail/skoda/octavia/210140276
Škoda Octavia Liftback 1.5 TSI,Liftback,Sedan,False,https://www.sauto.cz/osobni/detail/skoda/octavia/210145367
Škoda Octavia Liftback 1.5 TSI,Liftback,Sedan,False,https://www.sauto.cz/osobni/detail/skoda/octavia/210145370
Škoda Octavia Liftback 1.5 TSI,Liftback,Sedan,False,https://www.sauto.cz/osobni/detail/skoda/octavia/210145379
Škoda Octavia Liftback 1.5 TSI,Liftback,Sedan,False,https://www.sauto.cz/osobni/detail/skoda/octavia/210147485
Škoda Octavia Liftback 1.5 TSI,Liftback,Sedan,False,https://www.sauto.cz/osobni/detail/skoda/octavia/210157913
Škoda Octavia Liftback 1.5 TSI,Liftback,Sedan,False,https://www.sauto.cz/osobni/detail/skoda/octavia/210180671
Škoda Octavia Liftback 1.5 TSI,Liftback,Sedan,False,https://www.sauto.cz/osobni/detail/skoda/octavia/210188495
Škoda Octavia Liftback 1.5 TSI,Liftback,Sedan,False,https://www.sauto.cz/osobni/detail/skoda/octavia/210201476
Škoda Octavia Liftback 1.5 TSI,Liftback,Sedan,False,https://www.sauto.cz/osobni/detail/skoda/octavia/210226694
Škoda Octavia Liftback 1.5 TSI,Liftback,Sedan,False,https://www.sauto.cz/osobni/detail/skoda/octavia/210248849
Škoda Octavia Liftback 1.5 TSI,Liftback,Sedan,False,https://www.sauto.cz/osobni/detail/skoda/octavia/210258971
Škoda Octavia Liftback 1.5 TSI,Liftback,Sedan,False,https://www.sauto.cz/osobni/detail/skoda/octavia/210298148
Škoda Octavia Liftback 1.5 TSI,Liftback,Sedan,False,https://www.sauto.cz/osobni/detail/skoda/octavia/210316262
Škoda Octavia Liftback 1.5 TSI,Liftback,Sedan,False,https://www.sauto.cz/osobni/detail/skoda/octavia/210345275
Škoda Octavia Liftback 1.5 TSI,Liftback,Sedan,False,https://www.sauto.cz/osobni/detail/skoda/octavia/210367086
Škoda Octavia Liftback 1.5 TSI,Liftback,Sedan,False,https://www.sauto.cz/osobni/detail/skoda/octavia/210368060
Škoda Octavia Liftback 1.5 TSI,Liftback,Sedan,False,https://www.sauto.cz/osobni/detail/skoda/octavia/210376463
Škoda Octavia Liftback 1.5 TSI,Liftback,Sedan,False,https://www.sauto.cz/osobni/detail/skoda/octavia/210376871
Škoda Octavia Liftback 1.5 TSI,Liftback,Sedan,False,https://www.sauto.cz/osobni/detail/skoda/octavia/210395135
Škoda Octavia Liftback 1.5 TSI,Liftback,Sedan,False,https://www.sauto.cz/osobni/detail/skoda/octavia/210399614
Škoda Octavia Liftback 1.5 TSI,Liftback,Sedan,False,https://www.sauto.cz/osobni/detail/skoda/octavia/210405938
Škoda Octavia Liftback 1.5 TSI,Liftback,Sedan,False,https://www.sauto.cz/osobni/detail/skoda/octavia/210406736
Škoda Octavia Liftback 1.5 TSI,Liftback,Sedan,False,https://www.sauto.cz/osobni/detail/skoda/octavia/210410348
Škoda Octavia Liftback 1.5 TSI,Liftback,Sedan,False,https://www.sauto.cz/osobni/detail/skoda/octavia/210428774
Škoda Octavia Liftback 1.5 TSI,Liftback,Sedan,False,https://www.sauto.cz/osobni/detail/skoda/octavia/210438587
Škoda Octavia Liftback 1.5 TSI,Liftback,Sedan,False,https://www.sauto.cz/osobni/detail/skoda/octavia/210490541
Škoda Octavia Liftback 1.5 TSI,Liftback,Sedan,False,https://www.sauto.cz/osobni/detail/skoda/octavia/210490592
Škoda Octavia Liftback 1.5 TSI,Liftback,Sedan,False,https://www.sauto.cz/osobni/detail/skoda/octavia/210494846
Škoda Octavia Liftback 1.5 TSI,Liftback,Sedan,False,https://www.sauto.cz/osobni/detail/skoda/octavia/210502712
Škoda Octavia Liftback 1.5 TSI,Liftback,Sedan,False,https://www.sauto.cz/osobni/detail/skoda/octavia/210515720
Škoda Octavia Liftback 1.5 TSI,Liftback,Sedan,False,https://www.sauto.cz/osobni/detail/skoda/octavia/210538157
Škoda Octavia Liftback 1.5 TSI,Liftback,Sedan,False,https://www.sauto.cz/osobni/detail/skoda/octavia/210618494
Škoda Octavia Liftback 1.5 TSI,Liftback,Sedan,False,https://www.sauto.cz/osobni/detail/skoda/octavia/210619385
Škoda Octavia Liftback 1.5 TSI,Liftback,Sedan,False,https://www.sauto.cz/osobni/detail/skoda/octavia/210625097
Škoda Octavia Liftback 1.5 TSI,Liftback,Sedan,False,https://www.sauto.cz/osobni/detail/skoda/octavia/210654482
Škoda Octavia Liftback 1.5 TSI,Liftback,Sedan,False,https://www.sauto.cz/osobni/detail/skoda/octavia/210658871
Škoda Octavia Liftback 1.5 TSI,Liftback,Sedan,False,https://www.sauto.cz/osobni/detail/skoda/octavia/210681671
Škoda Octavia Liftback 1.5 TSI,Liftback,Sedan,False,https://www.sauto.cz/osobni/detail/skoda/octavia/210704141
Škoda Octavia Liftback 1.5 TSI,Liftback,Sedan,False,https://www.sauto.cz/osobni/detail/skoda/octavia/210705875
Škoda Octavia Liftback 1.5 TSI,Liftback,Sedan,False,https://www.sauto.cz/osobni/detail/skoda/octavia/209568960
Škoda Octavia Liftback 1.5 TSI,Liftback,Sedan,False,https://www.sauto.cz/osobni/detail/skoda/octavia/210040215
Škoda Octavia Liftback 1.5 TSI,Liftback,Sedan,False,https://www.sauto.cz/osobni/detail/skoda/octavia/210373133
Škoda Octavia Liftback 1.5 TSI,Liftback,Sedan,False,https://www.sauto.cz/osobni/detail/skoda/octavia/210752063
Škoda Octavia Liftback 1.5 TSI,Liftback,Sedan,False,https://www.sauto.cz/osobni/detail/skoda/octavia/210770195
Škoda Octavia Liftback 1.5 TSI,Liftback,Sedan,False,https://www.sauto.cz/osobni/detail/skoda/octavia/207939223
Škoda Octavia Liftback 1.5 TSI,Liftback,Sedan,False,https://www.sauto.cz/osobni/detail/skoda/octavia/210791597
Škoda Octavia Liftback 1.5 TSI,Liftback,Sedan,False,https://www.sauto.cz/osobni/detail/skoda/octavia/210820889
Škoda Octavia Liftback 2.0 TDI,Liftback,Sedan,False,https://www.sauto.cz/osobni/detail/skoda/octavia/208745465
Škoda Octavia Liftback 2.0 TDI,Liftback,Sedan,False,https://www.sauto.cz/osobni/detail/skoda/octavia/210076964
Škoda Octavia Liftback 2.0 TDI,Liftback,Sedan,False,https://www.sauto.cz/osobni/detail/skoda/octavia/210342590
Škoda Octavia Liftback 2.0 TDI,Liftback,Sedan,False,https://www.sauto.cz/osobni/detail/skoda/octavia/210346643
Škoda Octavia Liftback 2.0 TDI,Liftback,Sedan,False,https://www.sauto.cz/osobni/detail/skoda/octavia/210668747
Škoda Octavia Liftback 2.0 TDI,Liftback,Sedan,False,https://www.sauto.cz/osobni/detail/skoda/octavia/210678050
Škoda Octavia Liftback 2.0 TDI,Liftback,Sedan,False,https://www.sauto.cz/osobni/detail/skoda/octavia/210686324
Škoda Octavia Liftback 2.0 TDI,Liftback,Sedan,False,https://suchen.mobile.de/auto-inserat/skoda-octavia-tdi-dsg-sitzblf-matrix-leder-acc-darmstadt/459671993.html
Škoda Octavia Liftback 2.0 TSI,Liftback,Sedan,False,https://www.sauto.cz/osobni/detail/skoda/octavia/210707672
Škoda Scala 1.5 TSI,Kombi,SUV,False,https://www.sauto.cz/osobni/detail/skoda/scala/210692054
Škoda Scala 1.5 TSI,Kombi,Sedan,False,https://suchen.mobile.de/auto-inserat/skoda-scala-1-5-tsi-dsg-monte-carlo-17-alu-ahk-voll-l-gudensberg-dissen/456943440.html
Škoda Scala 1.5 TSI,Kombi,Sedan,False,https://suchen.mobile.de/auto-inserat/skoda-scala-1-5-tsi-monte-carlo-dsg-led-panorama-ahk-dresden/459088365.html
Škoda Superb 2.0 TSI,Kombi,Sedan,False,https://www.sauto.cz/osobni/detail/skoda/superb/210579299
Škoda Superb 2.0 TSI,Kombi,Sedan,False,https://www.sauto.cz/osobni/detail/skoda/superb/210590264
Škoda Superb 2.0 TSI,Kombi,Sedan,False,https://www.sauto.cz/osobni/detail/skoda/superb/210707663
Škoda Superb 2.0 TSI,Kombi,Sedan,False,https://www.sauto.cz/osobni/detail/skoda/superb/210495128
Škoda Superb 2.0 TSI,Kombi,Sedan,False,https://www.sauto.cz/osobni/detail/skoda/superb/210785816
Škoda Superb 2.0 TSI,Kombi,Sedan,False,https://www.sauto.cz/osobni/detail/skoda/superb/210813032
Škoda Superb Combi Style 2.0 TDI,Kombi,Sedan,False,https://www.sauto.cz/osobni/detail/skoda/superb/207766138
Škoda Superb Combi Style 2.0 TDI,Kombi,Sedan,False,https://www.sauto.cz/osobni/detail/skoda/superb/209896182
Škoda Superb Combi Style 2.0 TDI,Kombi,Sedan,False,https://www.sauto.cz/osobni/detail/skoda/superb/210211361
Škoda Superb Combi Style 2.0 TDI,Kombi,Sedan,False,https://www.sauto.cz/osobni/detail/skoda/superb/210292835
Škoda Superb Combi Style 2.0 TDI,Kombi,Sedan,False,https://www.sauto.cz/osobni/detail/skoda/superb/210362048
Škoda Superb Combi Style 2.0 TDI,Kombi,Sedan,False,https://www.sauto.cz/osobni/detail/skoda/superb/210476630
Škoda Superb Combi Style 2.0 TDI,Kombi,Sedan,False,https://www.sauto.cz/osobni/detail/skoda/superb/210530789
Škoda Superb Combi Style 2.0 TDI,Kombi,Sedan,False,https://www.sauto.cz/osobni/detail/skoda/superb/210550874
Škoda Superb Combi Style 2.0 TDI,Kombi,Sedan,False,https://www.sauto.cz/osobni/detail/skoda/superb/210642551
Škoda Superb Combi Style 2.0 TDI,Kombi,Sedan,False,https://www.sauto.cz/osobni/detail/skoda/superb/210719534
Škoda Superb Combi Style 2.0 TDI,Kombi,Sedan,False,https://www.sauto.cz/osobni/detail/skoda/superb/209892279
Škoda Superb Combi Style 2.0 TDI,Kombi,Sedan,False,https://www.sauto.cz/osobni/detail/skoda/superb/209961294
Škoda Superb Combi Style 2.0 TDI,Kombi,Sedan,False,https://www.sauto.cz/osobni/detail/skoda/superb/210055412
Škoda Superb Combi Style 2.0 TDI,Kombi,Sedan,False,https://www.sauto.cz/osobni/detail/skoda/superb/210064751
Škoda Superb Combi Style 2.0 TDI,Kombi,Sedan,False,https://www.sauto.cz/osobni/detail/skoda/superb/210197045
Škoda Superb Combi Style 2.0 TDI,Kombi,Sedan,False,https://www.sauto.cz/osobni/detail/skoda/superb/210294008
Škoda Superb Combi Style 2.0 TDI,Kombi,Sedan,False,https://www.sauto.cz/osobni/detail/skoda/superb/210333830
Škoda Superb Combi Style 2.0 TDI,Kombi,Sedan,False,https://www.sauto.cz/osobni/detail/skoda/superb/210368885
Škoda Superb Combi Style 2.0 TDI,Kombi,Sedan,False,https://www.sauto.cz/osobni/detail/skoda/superb/210612545
Škoda Superb Combi Style 2.0 TDI,Kombi,Sedan,False,https://www.sauto.cz/osobni/detail/skoda/superb/210667652
Škoda Superb Combi Style 2.0 TDI,Kombi,Sedan,False,https://www.sauto.cz/osobni/detail/skoda/superb/210713075
Škoda Superb Combi Style 2.0 TDI,Kombi,Sedan,False,https://www.sauto.cz/osobni/detail/skoda/superb/210730166
Škoda Superb Combi Style 2.0 TDI,Kombi,Sedan,False,https://www.sauto.cz/osobni/detail/skoda/superb/210739001
Škoda Superb Combi Style 2.0 TDI,Kombi,Sedan,False,https://www.sauto.cz/osobni/detail/skoda/superb/210761807
Škoda Superb Combi Style 2.0 TDI,Kombi,Sedan,False,https://www.sauto.cz/osobni/detail/skoda/superb/210776708
Škoda Superb Combi Style 2.0 TDI,Kombi,Sedan,False,https://www.sauto.cz/osobni/detail/skoda/superb/210793775
Škoda Superb Combi Style 2.0 TDI,Kombi,Sedan,False,https://www.sauto.cz/osobni/detail/skoda/superb/210800978
Škoda Superb Combi Style 2.0 TDI,Kombi,Sedan,False,https://www.sauto.cz/osobni/detail/skoda/superb/210818339
Škoda Superb Combi Style 2.0 TDI,Kombi,Sedan,False,https://www.sauto.cz/osobni/detail/skoda/superb/210826016
Škoda Superb Combi Style 2.0 TDI,Kombi,Sedan,False,https://www.sauto.cz/osobni/detail/skoda/superb/210729215
Škoda Superb Combi Style 2.0 TDI,Kombi,Sedan,False,https://suchen.mobile.de/auto-inserat/skoda-superb-2-0-tdi-dsg-l-k-memory-canton-krefeld/459651413.html
Škoda Superb Combi Style 2.0 TDI,Kombi,SUV,False,https://suchen.mobile.de/auto-inserat/skoda-superb-combi-style-led-kamera-ochtrup/449316763.html
Škoda Superb Combi iV,Kombi,Sedan,False,https://www.sauto.cz/osobni/detail/skoda/superb/210228884
