Model auta,Cena (Kč),Nájezd (km),Rok výroby,Palivo,Objem motoru,Typ motoru,Hybrid typ,Výkon (kW),Převodovka,Dvouspojková převodovka,Filtr pevných částic,Kola,Náhon 4x4,Karoserie,Výbava,Záruka,Extra,Stav,Zdroj,Spárováno,Odkaz na auto
Audi Q3 35 TFSI (Standardní SUV),629900,92815.0,2021,Nafta,2.0,TDI,,110.0,Automatická,,,,Ano,SUV,Quattro,,"35 SPORTBACK, LED",Odstraněno,Sauto.cz,,https://www.sauto.cz/osobni/detail/audi/q3/209991663
BMW 2 2.0,640090,39400.0,2022,Nafta,2.0,,PHEV,110.0,Automatická,,,,Ne,Kombi,Active,,218d Tourer,Odstraněno,Sauto.cz,,https://www.sauto.cz/osobni/detail/bmw/rada-2/209442720
BMW 3,698000,95231.0,2022,,,,,,,,,,Ne,,,,320d REZERVACE,Odstraněno,Sauto.cz,,https://www.sauto.cz/osobni/detail/bmw/rada-3/209566683
Citroën C3 Aircross,582390,10.0,2026,,,,HEV,,,,,,Ne,,,,Max Hybrid 145k Automat,Odstraněno,Sauto.cz,,https://www.sauto.cz/osobni/detail/citroen/c3-aircross/210032385
Citroën C5 X 1.2 PureTech,550000,37213.0,2023,,1.6,PureTech,,,,,,,Ne,,,Ano,Záruka,Odstraněno,Sauto.cz,,https://www.sauto.cz/osobni/detail/citroen/c5-x/210333179
Cupra Formentor 1.5 TSI,528000,77186.0,2023,Benzín,1.5,,,110.0,Automatická,,,,Ne,SUV,,,,Odstraněno,Sauto.cz,,https://www.sauto.cz/osobni/detail/cupra/formentor/210426845
Cupra Formentor 1.5 TSI,584900,49696.0,2024,Benzín,1.5,TSI,,110.0,Automatická,Ano,,,Ne,SUV,,Ano,Tov.Záruka Nehavar,Odstraněno,Sauto.cz,,https://www.sauto.cz/osobni/detail/cupra/formentor/210465884
Dacia Bigster,718800,10.0,2025,,,,HEV,,,,,,Ne,,,,journey hybrid 155,Odstraněno,Sauto.cz,,https://www.sauto.cz/osobni/detail/dacia/bigster/209968851
Dacia Duster ECO-G 100 LPG (Gen 3),556300,10.0,2025,Benzín,1.2,,MHEV,103.0,Manuální,,,,Ne,SUV,,,journey mild hybrid 140,Odstraněno,Sauto.cz,,https://www.sauto.cz/osobni/detail/dacia/duster/209396160
Dacia Duster ECO-G 100 LPG (Gen 3),557300,10.0,2025,,,,HEV,,,,,,Ne,,,,expression hybrid 155,Odstraněno,Sauto.cz,,https://www.sauto.cz/osobni/detail/dacia/duster/210071384
Dacia Duster ECO-G 100 LPG (Gen 3),440000,84249.0,2022,,1.3,TCe,,,,,,,Ano,,,,"Extreme, ČR",Odstraněno,Sauto.cz,,https://www.sauto.cz/osobni/detail/dacia/duster/210291650
Dacia Duster ECO-G 100 LPG (Gen 3),644300,10.0,2025,,,,HEV,,,,,,Ne,,,,journey hybrid 155,Odstraněno,Sauto.cz,,https://www.sauto.cz/osobni/detail/dacia/duster/210333392
Hyundai i30 Hatchback 1.0 T-GDI,459900,48094.0,2024,Benzín,1.5,T-GDI,,117.0,Manuální,,,,Ne,Hatchback,N-Line,,I MT NAVI,Odstraněno,Sauto.cz,,https://www.sauto.cz/osobni/detail/hyundai/i30/210105065
Hyundai i30 Hatchback 1.0 T-GDI,415321,60400.0,2023,,,,,,,,,,Ne,,,,,Odstraněno,Sauto.cz,,https://www.sauto.cz/osobni/detail/hyundai/ostatni/210172391
Hyundai Santa Fe 1.6 T-GDI Hybrid (Gen 5),739900,69616.0,2022,,,,,,,,,,Ne,,Premium,,,Odstraněno,Sauto.cz,,https://www.sauto.cz/osobni/detail/hyundai/santa-fe/210383522
Hyundai Staria 2.2 CRDi,750000,75684.0,2023,,2.2,CRDi,,,,,,,Ne,,,,"Klima, ČR, 1Maj",Odstraněno,Sauto.cz,,https://www.sauto.cz/osobni/detail/hyundai/staria/210368621
Hyundai Tucson 1.6 T-GDI MHEV,629990,19536.0,2023,Benzín,1.6,T-GDI,,110.0,Automatická,,,,Ne,SUV,N-Line,,,Odstraněno,Sauto.cz,,https://www.sauto.cz/osobni/detail/hyundai/tucson/209277210
Hyundai Tucson 1.6 T-GDI MHEV,449990,90210.0,2022,Benzín,1.6,TGDI,,110.0,Manuální,,,,Ne,SUV,,,Smart,Odstraněno,Sauto.cz,,https://www.sauto.cz/osobni/detail/hyundai/tucson/209950896
Hyundai Tucson 1.6 T-GDI MHEV,744891,5.0,2026,,1.6,T-GDI,,,,Ano,,,Ne,,,,GO CZECH PLUS,Odstraněno,Sauto.cz,,https://www.sauto.cz/osobni/detail/hyundai/tucson/210310433
Hyundai Tucson 1.6 T-GDI MHEV,499000,72648.0,2021,,1.6,T-GDI,,,,,,,Ne,,N-Line,,,Odstraněno,Sauto.cz,,https://www.sauto.cz/osobni/detail/hyundai/tucson/210419204
Hyundai Tucson 1.6 T-GDI MHEV,697890,9.0,2026,Benzín,1.6,TGDI,,110.0,Manuální,,,,Ne,SUV,,,MT GO CZECH,Odstraněno,Sauto.cz,,https://www.sauto.cz/osobni/detail/hyundai/tucson/210438746
Kia Ceed SW 1.5 T-GDI (Kombi),455000,38445.0,2023,Benzín,1.5,T-GDI,,118.0,Manuální,,,,Ne,Kombi,TOP,,"LED,navi",Odstraněno,Sauto.cz,,https://www.sauto.cz/osobni/detail/kia/cee-d/210090356
Kia Ceed Hatchback 1.5 T-GDI,365000,61201.0,2023,,1.5,T-GDI,,,,,,,Ne,,SPIN,,118 AT,Odstraněno,Sauto.cz,,https://www.sauto.cz/osobni/detail/kia/cee-d/210300461
Kia Ceed Hatchback 1.5 T-GDI,419980,18696.0,2022,,1.5,T-GDI,,,,,,,Ne,,SPIN,,"Tažné,Z.ALU S",Odstraněno,Sauto.cz,,https://www.sauto.cz/osobni/detail/kia/cee-d/210308249
Kia Ceed SW 1.5 T-GDI (Kombi),338000,90390.0,2022,,1.5,T-GDI,,,,,,,Ne,SW,,,*ČR,Odstraněno,Sauto.cz,,https://www.sauto.cz/osobni/detail/kia/cee-d/210398042
Kia K4 2.0 MPI (Sedan pro USA),634980,5.0,2026,,1.6,T-GDI,,,,Ano,,,Ne,,SPIN,,,Odstraněno,Sauto.cz,,https://www.sauto.cz/osobni/detail/kia/k4/210398696
Kia Sportage 1.6 T-GDI MHEV,519900,32628.0,2022,,1.6,T-GDI,,,,,,,Ne,,,,,Odstraněno,Sauto.cz,,https://www.sauto.cz/osobni/detail/kia/sportage/210063974
Kia XCeed 1.6 GDI PHEV,429900,76840.0,2022,Nafta,1.6,CRDi,PHEV,100.0,Automatická,Ano,,,Ne,Hatchback,Exclusive,,,Odstraněno,Sauto.cz,,https://www.sauto.cz/osobni/detail/kia/xcee-d/210139475
Opel Astra Hatchback 1.2 Turbo,666666,,2026,,1.2,,,,,,,,Ne,,,,ST Edit. Mild-h AT6,Odstraněno,Sauto.cz,,https://www.sauto.cz/osobni/detail/opel/astra/210331850
Opel Mokka 1.2 Turbo,439990,1.0,2026,,1.2,Turbo,,,,,,,Ne,,,,Edition HIT 136k MT6,Odstraněno,Sauto.cz,,https://www.sauto.cz/osobni/detail/opel/mokka/210370244
Renault Captur 1.0 TCe,429000,32200.0,2023,,1.3,TCe,,,,,,,Ne,,,,TECHNO 140k,Odstraněno,Sauto.cz,,https://www.sauto.cz/osobni/detail/renault/captur/210337355
Renault Symbioz e-TEC,688275,10.0,2026,,,e-TEC,HEV,,,,,,Ne,,,,techno full hybrid h 160,Odstraněno,Sauto.cz,,https://www.sauto.cz/osobni/detail/renault/symbioz/210309203
Renault Symbioz e-TEC,708795,10.0,2026,,,e-TEC,HEV,,,,,,Ne,,,,techno full hybrid h 160,Odstraněno,Sauto.cz,,https://www.sauto.cz/osobni/detail/renault/symbioz/210312632
Seat Arona 1.0 TSI,465900,35871.0,2022,,1.5,TSI,,,,Ano,,,Ne,,FR,,150k,Odstraněno,Sauto.cz,,https://www.sauto.cz/osobni/detail/seat/arona/210407648
Škoda Fabia Hatchback (Gen 4) 1.0 TSI,550000,9756.0,2025,,1.5,,,,,,,,Ne,,,,SELEC TS 110 A7F,Odstraněno,Sauto.cz,,https://www.sauto.cz/osobni/detail/skoda/fabia/210270008
Škoda Fabia Hatchback (Gen 4) 1.0 TSI,539000,12762.0,2025,Benzín,1.5,TSI,,110.0,Automatická,Ano,,,Ne,Hatchback,Monte Carlo,,,Odstraněno,Sauto.cz,,https://www.sauto.cz/osobni/detail/skoda/fabia/210472259
Škoda Kamiq 1.0 TSI,429000,40969.0,2022,,1.5,TSI,,,,,,,Ne,,Ambition,,PLUS A7,Odstraněno,Sauto.cz,,https://www.sauto.cz/osobni/detail/skoda/kamiq/209697099
Škoda Kamiq 1.0 TSI,597000,15200.0,2025,,1.5,TSI,,,,,,,Ne,,Monte Carlo,,,Odstraněno,Sauto.cz,,https://www.sauto.cz/osobni/detail/skoda/kamiq/210344477
Škoda Kamiq 1.0 TSI,545000,23053.0,2023,Benzín,1.5,TSI,,110.0,Automatická,Ano,,,Ne,SUV,Ambition,,Pl,Odstraněno,Sauto.cz,,https://www.sauto.cz/osobni/detail/skoda/kamiq/210364229
Škoda Kamiq 1.0 TSI,449000,46956.0,2023,,1.5,TSI,,,,,,,Ne,,Style,,,Odstraněno,Sauto.cz,,https://www.sauto.cz/osobni/detail/skoda/kamiq/210424214
Škoda Karoq 1.5 TSI,588890,55702.0,2023,Benzín,1.5,TSI,,110.0,Automatická,Ano,,,Ne,SUV,Style,,Plus,Odstraněno,Sauto.cz,,https://www.sauto.cz/osobni/detail/skoda/karoq/209362389
Škoda Karoq 1.5 TSI,649000,16494.0,2023,,1.5,TSI,,,,Ano,,,Ne,,,,CZ,Odstraněno,Sauto.cz,,https://www.sauto.cz/osobni/detail/skoda/karoq/209931363
Škoda Karoq 1.5 TSI,660000,17221.0,2025,,1.5,TSI,PHEV,,,,,,Ne,,,,"Drive, Drive, FullLed",Odstraněno,Sauto.cz,,https://www.sauto.cz/osobni/detail/skoda/karoq/209950182
Škoda Karoq 1.5 TSI,719900,12061.0,2025,,1.5,,,,,,,,Ne,,,,SELECT. TS 110 A7F,Odstraněno,Sauto.cz,,https://www.sauto.cz/osobni/detail/skoda/karoq/210339854
Škoda Karoq 1.5 TSI,720000,5562.0,2026,,,,,,,,,,Ne,,,,"130 let, předplacený servis",Odstraněno,Sauto.cz,,https://www.sauto.cz/osobni/detail/skoda/karoq/210416930
Škoda Karoq 1.5 TSI,747900,4.0,2026,,1.5,TSI,,,,,,,Ne,,,,130 let 7-stup. automa,Odstraněno,Sauto.cz,,https://www.sauto.cz/osobni/detail/skoda/karoq/210425693
"Škoda Kodiaq iV (Gen 2, PHEV)",599000,88173.0,2022,,2.0,TDI,,,,Ano,,,Ano,,Ambition,,,Odstraněno,Sauto.cz,,https://www.sauto.cz/osobni/detail/skoda/kodiaq/210263375
Škoda Octavia Liftback 1.5 TSI,589900,24328.0,2024,,1.5,TSI,,,,,,,Ne,,Top Selection,,D,Odstraněno,Sauto.cz,,https://www.sauto.cz/osobni/detail/skoda/octavia/209187384
Škoda Octavia Liftback 1.5 TSI,619000,21646.0,2024,Benzín,1.5,TSI,,110.0,Manuální,,,,Ne,Liftback,Selection,,,Odstraněno,Sauto.cz,,https://www.sauto.cz/osobni/detail/skoda/octavia/209353422
Škoda Octavia Liftback 1.5 TSI,580000,27412.0,2024,,1.5,TSI,,,,,,,Ne,,Top Selection,,,Odstraněno,Sauto.cz,,https://www.sauto.cz/osobni/detail/skoda/octavia/209417799
Škoda Octavia Combi iV (PHEV),499000,60387.0,2022,,2.0,TDI,,,,Ano,,,Ne,,Style,,,Odstraněno,Sauto.cz,,https://www.sauto.cz/osobni/detail/skoda/octavia/209957241
Škoda Octavia Liftback 1.5 TSI,628999,77362.0,2022,,2.0,TSI,,,,Ano,,,Ne,,,,RS,Odstraněno,Sauto.cz,,https://www.sauto.cz/osobni/detail/skoda/octavia/210208004
Škoda Octavia Liftback 1.5 TSI,606000,22818.0,2025,,1.5,TSI,,,,,,,Ne,,Selection,,,Odstraněno,Sauto.cz,,https://www.sauto.cz/osobni/detail/skoda/octavia/210221480
Škoda Octavia Combi iV (PHEV),569000,47585.0,2022,,2.0,TDI,,,,Ano,,,Ne,Combi,Style,,,Odstraněno,Sauto.cz,,https://www.sauto.cz/osobni/detail/skoda/octavia/210261221
Škoda Octavia Combi iV (PHEV),497900,74472.0,2021,,2.0,TDI,,,,,,,Ne,,Style,,PLUS,Odstraněno,Sauto.cz,,https://www.sauto.cz/osobni/detail/skoda/octavia/210348887
Škoda Scala 1.0 TSI,549900,15869.0,2024,,1.5,TSI,,,,,,,Ne,,Monte Carlo,,,Odstraněno,Sauto.cz,,https://www.sauto.cz/osobni/detail/skoda/scala/209964255
Škoda Scala 1.0 TSI,504900,15334.0,2025,,1.5,TSI,,,,,,,Ne,,TOP,,Selecti,Odstraněno,Sauto.cz,,https://www.sauto.cz/osobni/detail/skoda/scala/210105551
Škoda Scala 1.0 TSI,365000,62186.0,2022,,1.5,TSI,,,,,,,Ne,,Style,,,Odstraněno,Sauto.cz,,https://www.sauto.cz/osobni/detail/skoda/scala/210378764
Škoda Superb 3 Combi Style 2.0 TDI,739000,41400.0,2024,Nafta,2.0,TDI,,147.0,Automatická,Ano,,,Ano,Kombi,Style,,1.MAJ.ČR,Odstraněno,Sauto.cz,,https://www.sauto.cz/osobni/detail/skoda/superb/209284257
Škoda Superb Combi 1.5 TSI (Gen 4),679000,62384.0,2022,,2.0,TSI,,,,Ano,,,Ne,Combi,Style,,,Odstraněno,Sauto.cz,,https://www.sauto.cz/osobni/detail/skoda/superb/210165974
KGM Torres 1.5 GDI-T 2WD (Benzín),550000,42023.0,2024,,1.5,T-GDI,,,,,,,Ne,,,,"AT,LED,kamera",Odstraněno,Sauto.cz,,https://www.sauto.cz/osobni/detail/ssangyong/torres/210417584
VW Arteon Shooting Brake 2.0 TDI,520000,69363.0,2021,,2.0,TDI,,,,,,,Ne,,Elegance,,Serv.kniha,Odstraněno,Sauto.cz,,https://www.sauto.cz/osobni/detail/volkswagen/arteon-shooting-brake/210392792
VW Golf Variant 1.5 eTSI (Gen 8),439000,85806.0,2021,Nafta,2.0,TDI,,110.0,Automatická,Ano,,,Ne,Kombi,Life,,,Odstraněno,Sauto.cz,,https://www.sauto.cz/osobni/detail/volkswagen/golf-variant/208184921
VW Golf Variant 1.5 eTSI (Gen 8),439000,82186.0,2021,,,eTSI,,,,Ano,,,Ne,,Life,,,Odstraněno,Sauto.cz,,https://www.sauto.cz/osobni/detail/volkswagen/golf/209917335
VW Golf Hatchback 1.5 TSI (Gen 8),728757,12577.0,2024,,,,,,,,,,Ne,,,,,Odstraněno,Sauto.cz,,https://www.sauto.cz/osobni/detail/volkswagen/golf/210173060
VW Golf Variant 1.5 eTSI (Gen 8),469900,84172.0,2022,,1.5,eTSI,,,,Ano,,,Ne,,Life,,ČR 1.m,Odstraněno,Sauto.cz,,https://www.sauto.cz/osobni/detail/volkswagen/golf/210353621
VW T-Roc 1.5 TSI,499000,78236.0,2021,,1.5,TSI,,,,Ano,,,Ne,,,,Sport,Odstraněno,Sauto.cz,,https://www.sauto.cz/osobni/detail/volkswagen/t-roc/210403412
VW Taigo 1.0 TSI,645000,3.0,2025,Benzín,1.5,TSI,,110.0,Automatická,Ano,,,Ne,SUV,,,Friends,Odstraněno,Sauto.cz,,https://www.sauto.cz/osobni/detail/volkswagen/taigo/209526090
VW Tiguan Allspace 2.0 TDI (5místná verze),748000,54743.0,2022,Nafta,2.0,TDI,,110.0,Automatická,Ano,,,Ano,SUV,Elegance,,,Odstraněno,Sauto.cz,,https://www.sauto.cz/osobni/detail/volkswagen/tiguan-allspace/210463835
VW Tiguan Life 1.5 TSI (Gen 2),579900,84249.0,2022,Benzín,1.5,TSI,,110.0,Automatická,Ano,,,Ne,SUV,Life,,1.,Odstraněno,Sauto.cz,,https://www.sauto.cz/osobni/detail/volkswagen/tiguan/209178075
VW Tiguan Allspace 2.0 TDI (5místná verze),619000,49495.0,2022,,2.0,TSI,,,,Ano,,,Ano,,Elegance,,,Odstraněno,Sauto.cz,,https://www.sauto.cz/osobni/detail/volkswagen/tiguan/209514699
VW Tiguan Life 1.5 TSI (Gen 2),649999,48801.0,2022,Benzín,1.5,TSI,,110.0,Automatická,Ano,,,Ne,Kombi,Elegance,,EVO,Odstraněno,Sauto.cz,,https://www.sauto.cz/osobni/detail/volkswagen/tiguan/210242321
VW Tiguan 1.5 eTSI (Gen 3),658900,35382.0,2023,,,,,,,,,,Ne,Allspace,,,Tiguan,Odstraněno,Sauto.cz,,https://www.sauto.cz/osobni/detail/volkswagen/tiguan/210344360
VW Touran 1.5 TSI (5místná verze),575000,99980.0,2021,,1.5,TSI,,,,,,,Ne,,,,tažné,Odstraněno,Sauto.cz,,https://www.sauto.cz/osobni/detail/volkswagen/touran/210089777
"Alfa Romeo Stelvio 2.0 GME (SUV, Benzín)",690000,45000.0,2022,,,,,,,,,,Ne,,,,Veloce Facelift,Odstraněno,Sauto.cz,,https://www.sauto.cz/osobni/detail/alfa-romeo/stelvio/210301358
BMW 2,499000,65710.0,2022,,,,PHEV,,,,,,Ne,,Active,,"218i Tourer, Automat",Odstraněno,Sauto.cz,,https://www.sauto.cz/osobni/detail/bmw/rada-2/209872158
BMW 2,600000,19072.0,2023,,,,PHEV,,,,,,Ne,,Active,,"218i Tourer, M Sport",Odstraněno,Sauto.cz,,https://www.sauto.cz/osobni/detail/bmw/rada-2/210012756
Citroën C4 1.2 PureTech (Fastback),365000,51531.0,2021,,1.2,,,,,,,,Ne,,,,"PT,Shine,AT,kůže",Odstraněno,Sauto.cz,,https://www.sauto.cz/osobni/detail/citroen/c4/210364583
Cupra Formentor 1.5 TSI,569900,45795.0,2024,,1.5,TSI,,,,Ano,,,Ne,,,,,Odstraněno,Sauto.cz,,https://www.sauto.cz/osobni/detail/cupra/formentor/210426608
Cupra Leon Hatchback 1.5 TSI,649900,5.0,2026,,1.5,TSI,,,,,,,Ne,,,,,Odstraněno,Sauto.cz,,https://www.sauto.cz/osobni/detail/cupra/leon/210341981
Dacia Bigster 1.2,524900,1.0,2026,LPG + benzín,1.2,,,103.0,,,,,Ne,SUV,,,BIGSTER LPG KAMERA SKLADEM,Odstraněno,Sauto.cz,,https://www.sauto.cz/osobni/detail/dacia/bigster/210004986
Dacia Duster ECO-G 100 LPG (Gen 3),377000,19190.0,2022,,1.3,TCe,,,,,,,Ne,,,,"1.maj,ČR,AT",Odstraněno,Sauto.cz,,https://www.sauto.cz/osobni/detail/dacia/duster/210128951
DS 7 Crossback 2.0 BlueHDi (Nafta),579000,68539.0,2022,,,PureTech,,,,,,,Ne,,,,Performance Line,Odstraněno,Sauto.cz,,https://www.sauto.cz/osobni/detail/ds/7-crossback/209525784
Hyundai i30 Hatchback 1.0 T-GDI,435000,31135.0,2024,Benzín,1.5,T-GDI,MHEV,117.0,Automatická,,,,Ne,Liftback,,,Family,Odstraněno,Sauto.cz,,https://www.sauto.cz/osobni/detail/hyundai/i30/210465590
Hyundai Kona 1.0 T-GDI (Benzín),580000,17890.0,2025,,1.6,T-GDI,,,,,,,Ne,,N-Line,,"Automat, ČR",Odstraněno,Sauto.cz,,https://www.sauto.cz/osobni/detail/hyundai/kona/210279809
Hyundai Tucson 1.6 T-GDI MHEV,629900,21955.0,2024,Benzín,1.6,T-GDI,,117.0,Manuální,,,,Ne,SUV,Style,,MT safety pac,Odstraněno,Sauto.cz,,https://www.sauto.cz/osobni/detail/hyundai/tucson/209377752
Hyundai Tucson 1.6 T-GDI MHEV,579900,16818.0,2024,Benzín,1.6,T-GDI,,117.0,Manuální,,,,Ne,SUV,,,MT 2WD SMART,Odstraněno,Sauto.cz,,https://www.sauto.cz/osobni/detail/hyundai/tucson/209874699
Hyundai Tucson 1.6 T-GDI MHEV,722890,10.0,2026,,1.6,TGDI,,,,Ano,,,Ne,,,,GO CZECH,Odstraněno,Sauto.cz,,https://www.sauto.cz/osobni/detail/hyundai/tucson/210016506
Hyundai Tucson 1.6 T-GDI MHEV,699990,,2026,,1.6,T-GDI,,,,,,,Ne,,,,GO Czech!,Odstraněno,Sauto.cz,,https://www.sauto.cz/osobni/detail/hyundai/tucson/210133832
Hyundai Tucson 1.6 T-GDI MHEV,450000,20453.0,2021,,1.6,T-GDI,,,,,,,Ne,,,,"ČR,1.maj",Odstraněno,Sauto.cz,,https://www.sauto.cz/osobni/detail/hyundai/tucson/210134690
Hyundai Tucson 1.6 T-GDI MHEV,519990,30688.0,2022,,1.6,T-GDI,,,,Ano,,,Ne,,,,MH Smart,Odstraněno,Sauto.cz,,https://www.sauto.cz/osobni/detail/hyundai/tucson/210395783
Hyundai Tucson 1.6 T-GDI MHEV,662890,1.0,2026,,1.6,T-GDI,,,,,,,Ne,,,,Go Czech!,Odstraněno,Sauto.cz,,https://www.sauto.cz/osobni/detail/hyundai/tucson/210397454
Hyundai Tucson 1.6 T-GDI MHEV,662890,1.0,2026,,1.6,T-GDI,,,,,,,Ne,,,,Go Czech,Odstraněno,Sauto.cz,,https://www.sauto.cz/osobni/detail/hyundai/tucson/210414263
Hyundai Tucson 1.6 T-GDI MHEV,679990,94783.0,2023,Benzín,1.6,GDI,,132.0,Automatická,,,,Ne,SUV,,,,Odstraněno,Sauto.cz,,https://www.sauto.cz/osobni/detail/hyundai/tucson/210450665
Kia Ceed SW 1.5 T-GDI (Kombi),390000,35500.0,2022,,1.5,T-GDI,,,,,,,Ne,SW,SPIN,Ano,zaruka,Odstraněno,Sauto.cz,,https://www.sauto.cz/osobni/detail/kia/cee-d/210393047
Kia Ceed SW 1.5 T-GDI (Kombi),370000,78847.0,2022,Benzín,1.5,T-GDI,,117.0,Manuální,,,,Ne,Kombi,,,"1.maj,ČR,AC",Odstraněno,Sauto.cz,,https://www.sauto.cz/osobni/detail/kia/cee-d/210444497
Kia K4 2.0 MPI (Sedan pro USA),639980,7.0,2026,,1.6,T-GDI,PHEV,,,,,,Ne,,Exclusive,,110 K,Odstraněno,Sauto.cz,,https://www.sauto.cz/osobni/detail/kia/k4/210230822
Kia K4 2.0 MPI (Sedan pro USA),674980,5.0,2026,Benzín,1.6,T-GDI,PHEV,110.0,Automatická,Ano,,,Ne,Kombi,,,EXCLUSIV,Odstraněno,Sauto.cz,,https://www.sauto.cz/osobni/detail/kia/k4/210396989
Kia ProCeed 1.5 T-GDI (Shooting Brake),470000,59260.0,2021,,1.6,T-GDI,,,,,,,Ne,,,,"GT , Automat",Odstraněno,Sauto.cz,,https://www.sauto.cz/osobni/detail/kia/proceed/209422224
Kia Sportage 1.6 T-GDI MHEV,378000,63810.0,2021,Benzín,1.6,T-GDI,,130.0,Manuální,,,,Ano,SUV,,,Serv.kniha,Odstraněno,Sauto.cz,,https://www.sauto.cz/osobni/detail/kia/sportage/210457079
Kia XCeed 1.5 T-GDI (Crossover),609980,5.0,2026,Benzín,1.6,T-GDI,,110.0,Automatická,Ano,,,Ne,CUV,,,STEEL ED,Odstraněno,Sauto.cz,,https://www.sauto.cz/osobni/detail/kia/xcee-d/210413291
MG HS 1.5 T-GDI (Zážehový motor),714990,1.0,2025,,1.5,,PHEV,,,,,,Ne,,Exclusive,,T AT,Odstraněno,Sauto.cz,,https://www.sauto.cz/osobni/detail/mg/hs/208724126
MG HS 1.5 T-GDI (Zážehový motor),466000,37618.0,2024,Benzín,1.5,,,119.0,Automatická,,,,Ne,SUV,,,"TGI, Automat, Serv.kniha",Odstraněno,Sauto.cz,,https://www.sauto.cz/osobni/detail/mg/hs/210477311
Opel Astra Hatchback 1.2 Turbo,319990,71000.0,2021,,,,,,,,,,Ne,,,,Pravidelný servis,Odstraněno,Sauto.cz,,https://www.sauto.cz/osobni/detail/opel/astra/210392084
Opel Mokka 1.2 Turbo,449900,,2026,,1.2,Turbo,,,,,,,Ne,,,,Edition MT6,Odstraněno,Sauto.cz,,https://www.sauto.cz/osobni/detail/opel/mokka/209717427
Seat Ateca 1.5 TSI,432000,76882.0,2021,Nafta,2.0,TDI,,110.0,Automatická,,,,Ne,SUV,Style,,Automat,Odstraněno,Sauto.cz,,https://www.sauto.cz/osobni/detail/seat/ateca/210457982
Škoda Kamiq 1.0 TSI,625000,16367.0,2025,,1.5,TSI,,,,,,,Ne,,Monte Carlo,,7°,Odstraněno,Sauto.cz,,https://www.sauto.cz/osobni/detail/skoda/kamiq/210342938
"Škoda Kodiaq 1.5 TSI (Gen 2, 5 m.)",629000,91791.0,2022,,1.5,TSI,,,,,,,Ne,,,,Tour LED - REZERVACE,Odstraněno,Sauto.cz,,https://www.sauto.cz/osobni/detail/skoda/kodiaq/210422807
Škoda Octavia Liftback 1.5 TSI,679980,14126.0,2024,,1.5,TSI,,,,,,,Ne,,Top Selection,,,Odstraněno,Sauto.cz,,https://www.sauto.cz/osobni/detail/skoda/octavia/209397816
Škoda Octavia Liftback 1.5 TSI,588800,21000.0,2025,,1.5,TSI,,,,,,,Ne,,Selection,,,Odstraněno,Sauto.cz,,https://www.sauto.cz/osobni/detail/skoda/octavia/210207044
Škoda Octavia Liftback 1.5 TSI,690000,61800.0,2022,,2.0,TSI,,,,,,,Ano,,Scout,,(),Odstraněno,Sauto.cz,,https://www.sauto.cz/osobni/detail/skoda/octavia/210273794
Škoda Octavia Liftback 1.5 TSI,627000,11802.0,2025,,1.5,TSI,,,,,,,Ne,,Top Selection,,,Odstraněno,Sauto.cz,,https://www.sauto.cz/osobni/detail/skoda/octavia/210298517
Škoda Scala 1.0 TSI,410000,89000.0,2021,Benzín,1.5,TSI,,110.0,Manuální,,,,Ne,Hatchback,Monte Carlo,,-,Odstraněno,Sauto.cz,,https://www.sauto.cz/osobni/detail/skoda/scala/210437216
KGM Korando 1.5 GDI-T 2WD,340000,79875.0,2022,,1.5,T-GDI,,,,,,,Ano,,,,"4x.maj,ČR",Odstraněno,Sauto.cz,,https://www.sauto.cz/osobni/detail/ssangyong/korando/210372626
Toyota Corolla Hatchback 1.8 Hybrid,738611,12.0,2026,,1.8,,,,,,,,Ne,,Comfort,,MY26 L Tech,Odstraněno,Sauto.cz,,https://www.sauto.cz/osobni/detail/toyota/corolla/210314765
VW Passat B8 Variant Elegance 2.0 TDI,439000,91766.0,2021,Nafta,2.0,TDI,,110.0,Manuální,,,,Ne,Kombi,,,Business Variant,Odstraněno,Sauto.cz,,https://www.sauto.cz/osobni/detail/volkswagen/passat/210179549
VW Tiguan Life 1.5 TSI (Gen 2),700000,44260.0,2022,Benzín,1.5,TSI,,110.0,Automatická,,,,Ne,SUV,Life,,Automat,Odstraněno,Sauto.cz,,https://www.sauto.cz/osobni/detail/volkswagen/tiguan-allspace/210460475
Citroën C3 Aircross 1.2,584000,1.0,2026,Benzín,1.2,,HEV,107.0,Automatická,,,,Ne,SUV,,,MAX Hybrid 145k Automat,Odstraněno,Sauto.cz,Ano,https://www.sauto.cz/osobni/detail/citroen/c3-aircross/210269657
Cupra Ateca 1.5 TSI (Pohon předních kol),549000,87742.0,2023,Benzín,1.5,TSI,,110.0,Automatická,,,,Ne,SUV,FR,,,Odstraněno,Sauto.cz,Ano,https://www.sauto.cz/osobni/detail/cupra/ateca/210313592
Cupra Formentor 1.5 TSI,579000,22287.0,2024,Benzín,1.5,TSI,,110.0,Automatická,Ano,,,Ne,SUV,,,,Odstraněno,Sauto.cz,Ano,https://www.sauto.cz/osobni/detail/cupra/formentor/208572104
Cupra Formentor 1.4 e-Hybrid (PHEV),739000,26552.0,2024,Benzín,1.4,TSI,PHEV,110.0,Automatická,,,,Ne,SUV,,,E-HYBRID,Odstraněno,Sauto.cz,Ano,https://www.sauto.cz/osobni/detail/cupra/formentor/210323990
Cupra Formentor 1.5 TSI,570000,61240.0,2022,Benzín,1.5,TSI,,110.0,Automatická,,,,Ne,SUV,,,"Automat, ČR,1.maj",Odstraněno,Sauto.cz,Ano,https://www.sauto.cz/osobni/detail/cupra/formentor/210396176
Dacia Bigster 1.2 TCe,570000,19500.0,2025,Benzín,1.2,TCe,MHEV,103.0,Manuální,,,,Ne,SUV,,,mild hybrid 140,Odstraněno,Sauto.cz,Ano,https://www.sauto.cz/osobni/detail/dacia/bigster/210465134
Ford Focus Kombi 1.0 EcoBoost,467900,14000.0,2023,Benzín,1.0,,,114.0,Automatická,,,,Ne,Kombi,,,ST PANO. Akční CENA!,Odstraněno,Sauto.cz,Ano,https://www.sauto.cz/osobni/detail/ford/focus/209329221
Ford Kuga 1.5 EcoBoost (Benzín),469000,7000.0,2021,Benzín,1.5,,,110.0,Manuální,,,,Ne,SUV,,,"Nové v ČR, 1.maj",Odstraněno,Sauto.cz,Ano,https://www.sauto.cz/osobni/detail/ford/kuga/209049633
Hyundai i30 Kombi 1.5 T-GDI MHEV,560000,14999.0,2025,Benzín,1.5,T-GDI,MHEV,103.0,Automatická,,,,Ne,Kombi,N-Line,,48V,Odstraněno,Sauto.cz,Ano,https://www.sauto.cz/osobni/detail/hyundai/i30/209792826
Hyundai i30 Kombi 1.5 T-GDI MHEV,619000,30.0,2025,Benzín,1.5,T-GDI,,103.0,Automatická,,,,Ne,Kombi,N Line,,Safety,Odstraněno,Sauto.cz,Ano,https://www.sauto.cz/osobni/detail/hyundai/i30/210052175
Hyundai i30 Kombi 1.5 T-GDI MHEV,559310,4655.0,2025,Benzín,1.5,T-GDI,,103.0,Automatická,Ano,,,Ne,Kombi,Style,,WG,Odstraněno,Sauto.cz,Ano,https://www.sauto.cz/osobni/detail/hyundai/i30/210332795
Hyundai i30 Hatchback 1.0 T-GDI,410000,29610.0,2024,Benzín,1.5,T-GDI,MHEV,103.0,Manuální,,,,Ne,Liftback,,,"48V, Serv.kniha",Odstraněno,Sauto.cz,Ano,https://www.sauto.cz/osobni/detail/hyundai/i30/210457709
Hyundai Tucson 1.6 T-GDI MHEV,470000,66925.0,2021,Benzín,1.6,T-GDI,,110.0,Manuální,,,,Ne,SUV,,,"Smart, ČR,1.maj",Odstraněno,Sauto.cz,Ano,https://www.sauto.cz/osobni/detail/hyundai/tucson/210221246
Hyundai Tucson 1.6 T-GDI MHEV,470000,48977.0,2021,Benzín,1.6,T-GDI,,110.0,Manuální,,,,Ne,SUV,,,Serv.kniha,Odstraněno,Sauto.cz,Ano,https://www.sauto.cz/osobni/detail/hyundai/tucson/210234521
Hyundai Tucson 1.6 T-GDI MHEV,449900,42043.0,2021,Benzín,1.6,T-GDI,,110.0,Manuální,,,,Ne,SUV,,,MT SMART,Odstraněno,Sauto.cz,Ano,https://www.sauto.cz/osobni/detail/hyundai/tucson/210464990
Hyundai Tucson 1.6 T-GDI MHEV,569900,21483.0,2023,Benzín,1.6,T-GDI,,110.0,Automatická,,,,Ne,SUV,,,SMART,Odstraněno,Sauto.cz,Ano,https://www.sauto.cz/osobni/detail/hyundai/tucson/210473855
Hyundai Tucson 1.6 T-GDI MHEV,450000,72826.0,2022,Benzín,1.6,T-GDI,,110.0,Manuální,,,,Ne,SUV,,Ano,"Záruka, ČR,1.maj",Odstraněno,Sauto.cz,Ano,https://www.sauto.cz/osobni/detail/hyundai/tucson/210477326
Hyundai Tucson 1.6 T-GDI MHEV,519000,23502.0,2024,Benzín,1.6,T-GDI,,110.0,Manuální,,,,Ne,SUV,,,"FREEDOM , ČR, 1",Odstraněno,Sauto.cz,Ano,https://www.sauto.cz/osobni/detail/hyundai/tucson/210491030
Jaecoo 7 1.6 TGDI AWD (Benzín),679000,1.0,2026,Benzín,1.5,,,255.0,Automatická,Ano,,,Ne,SUV,Luxury,,TGI 147k,Odstraněno,Sauto.cz,Ano,https://www.sauto.cz/osobni/detail/jaecoo/7/209285826
Kia Ceed SW 1.5 T-GDI (Kombi),519900,10500.0,2024,Benzín,1.5,,,103.0,Automatická,Ano,,,Ne,Kombi,SPIN,,SW *BLACK FRIDAY*,Odstraněno,Sauto.cz,Ano,https://www.sauto.cz/osobni/detail/kia/cee-d/207266160
Kia Ceed SW 1.5 T-GDI (Kombi),639900,13000.0,2025,Benzín,1.5,,,103.0,Automatická,Ano,,,Ne,Kombi,TOP,,SW Tech+Bus *AKCE*,Odstraněno,Sauto.cz,Ano,https://www.sauto.cz/osobni/detail/kia/cee-d/208322003
Kia Ceed SW 1.5 T-GDI (Kombi),574900,5500.0,2025,Benzín,1.5,T-GDI,,103.0,Automatická,Ano,,,Ne,Kombi,SPIN,,"SW ""ref.""",Odstraněno,Sauto.cz,Ano,https://www.sauto.cz/osobni/detail/kia/cee-d/208323017
Kia Ceed SW 1.5 T-GDI (Kombi),539900,13500.0,2025,Benzín,1.5,,,103.0,Manuální,,,,Ne,Kombi,TOP,,SW *BLACK FRIDAY* +Business,Odstraněno,Sauto.cz,Ano,https://www.sauto.cz/osobni/detail/kia/cee-d/208371074
Kia Ceed SW 1.5 T-GDI (Kombi),519900,11000.0,2025,Benzín,1.5,,,103.0,Automatická,Ano,,,Ne,Kombi,SPIN,,SW *BLACK FRIDAY*,Odstraněno,Sauto.cz,Ano,https://www.sauto.cz/osobni/detail/kia/cee-d/208372403
Kia Ceed SW 1.5 T-GDI (Kombi),634900,2000.0,2025,Benzín,1.5,,,103.0,Automatická,Ano,,,Ne,Kombi,TOP,,"SW +Business""ref.vůz""",Odstraněno,Sauto.cz,Ano,https://www.sauto.cz/osobni/detail/kia/cee-d/208580351
Kia Ceed SW 1.5 T-GDI (Kombi),574900,10500.0,2025,Benzín,1.5,T-GDI,,103.0,Automatická,Ano,,,Ne,Kombi,SPIN,,"SW ""ref.vůz""",Odstraněno,Sauto.cz,Ano,https://www.sauto.cz/osobni/detail/kia/cee-d/209188404
Kia Ceed SW 1.5 T-GDI (Kombi),615900,4500.0,2025,Benzín,1.5,T-GDI,,103.0,Automatická,Ano,,,Ne,Kombi,TOP,,"SW ""ref.vůz""",Odstraněno,Sauto.cz,Ano,https://www.sauto.cz/osobni/detail/kia/cee-d/209262786
Kia Ceed SW 1.5 T-GDI (Kombi),599900,10000.0,2025,Benzín,1.5,,,103.0,Automatická,Ano,,,Ne,Kombi,TOP,,SW +Business *AKCE*,Odstraněno,Sauto.cz,Ano,https://www.sauto.cz/osobni/detail/kia/cee-d/209275395
Kia Ceed SW 1.5 T-GDI (Kombi),634900,1500.0,2025,Benzín,1.5,T-GDI,,103.0,Automatická,,,,Ne,Kombi,TOP,,"SW +Business""ref""",Odstraněno,Sauto.cz,Ano,https://www.sauto.cz/osobni/detail/kia/cee-d/209468427
Kia Ceed SW 1.5 T-GDI (Kombi),588900,3000.0,2025,Benzín,1.5,T-GDI,,103.0,Manuální,,,,Ne,Kombi,TOP,,"SW +Business""ref.""",Odstraněno,Sauto.cz,Ano,https://www.sauto.cz/osobni/detail/kia/cee-d/209513580
Kia Ceed SW 1.5 T-GDI (Kombi),634900,1500.0,2025,Benzín,1.5,T-GDI,,103.0,Automatická,Ano,,,Ne,Kombi,TOP,,"SW +Bus ""ref""",Odstraněno,Sauto.cz,Ano,https://www.sauto.cz/osobni/detail/kia/cee-d/209517234
Kia Ceed SW 1.5 T-GDI (Kombi),574900,7000.0,2025,Benzín,1.5,T-GDI,,103.0,Automatická,Ano,,,Ne,Kombi,SPIN,,"SW ""ref""",Odstraněno,Sauto.cz,Ano,https://www.sauto.cz/osobni/detail/kia/cee-d/209529441
Kia Ceed SW 1.5 T-GDI (Kombi),609900,1000.0,2025,Benzín,1.5,,,103.0,Automatická,Ano,,,Ne,Kombi,TOP,,"SW +Business""ref.vůz""",Odstraněno,Sauto.cz,Ano,https://www.sauto.cz/osobni/detail/kia/cee-d/209572716
Kia Ceed SW 1.5 T-GDI (Kombi),609899,11000.0,2025,Benzín,1.5,,,103.0,Automatická,Ano,,,Ne,Kombi,TOP,,"SW +Business""ref.vůz""",Odstraněno,Sauto.cz,Ano,https://www.sauto.cz/osobni/detail/kia/cee-d/209572722
Kia Ceed SW 1.5 T-GDI (Kombi),615900,3500.0,2025,Benzín,1.5,T-GDI,,103.0,Automatická,Ano,,,Ne,Kombi,TOP,,"SW ""ref.vůz""",Odstraněno,Sauto.cz,Ano,https://www.sauto.cz/osobni/detail/kia/cee-d/209573799
Kia Ceed SW 1.5 T-GDI (Kombi),634899,2000.0,2025,Benzín,1.5,T-GDI,,103.0,Automatická,,,,Ne,Kombi,TOP,,"SW +Business""ref""",Odstraněno,Sauto.cz,Ano,https://www.sauto.cz/osobni/detail/kia/cee-d/209947482
Kia Ceed SW 1.5 T-GDI (Kombi),634900,1500.0,2025,Benzín,1.5,T-GDI,,103.0,Automatická,,,,Ne,Kombi,TOP,,"SW +Business""ref""",Odstraněno,Sauto.cz,Ano,https://www.sauto.cz/osobni/detail/kia/cee-d/209960997
Kia Ceed SW 1.5 T-GDI (Kombi),550000,10938.0,2025,Benzín,1.5,T-GDI,,103.0,Automatická,,,,Ne,Kombi,TOP,,Navigace,Odstraněno,Sauto.cz,Ano,https://www.sauto.cz/osobni/detail/kia/cee-d/210050172
Kia Ceed SW 1.5 T-GDI (Kombi),479980,5000.0,2025,Benzín,1.5,T-GDI,,103.0,Manuální,,,,Ne,Kombi,SPIN,,SW,Odstraněno,Sauto.cz,Ano,https://www.sauto.cz/osobni/detail/kia/cee-d/210404132
Kia K4 2.0 MPI (Sedan pro USA),669000,,2026,Benzín,1.6,T-GDI,,110.0,Automatická,Ano,Ano,,Ne,Kombi,TOP,,SW,Odstraněno,Sauto.cz,Ano,https://www.sauto.cz/osobni/detail/kia/k4/210038295
Kia K4 2.0 MPI (Sedan pro USA),669000,,2026,Benzín,1.6,T-GDI,,110.0,Automatická,Ano,Ano,,Ne,Kombi,TOP,,SW,Odstraněno,Sauto.cz,Ano,https://www.sauto.cz/osobni/detail/kia/k4/210079931
Kia K4 2.0 MPI (Sedan pro USA),609000,,2026,Benzín,1.6,T-GDI,PHEV,110.0,Automatická,Ano,Ano,,Ne,Kombi,,,SW EXCLUSIV,Odstraněno,Sauto.cz,Ano,https://www.sauto.cz/osobni/detail/kia/k4/210381560
Kia ProCeed 1.5 T-GDI (Shooting Brake),484999,93870.0,2022,Benzín,1.6,T-GDI,,150.0,Automatická,,,,Ne,Hatchback,,,GT AT,Odstraněno,Sauto.cz,Ano,https://www.sauto.cz/osobni/detail/kia/proceed/210407789
Kia Sportage 1.6 T-GDI MHEV,470000,94940.0,2022,Benzín,1.6,T-GDI,,110.0,Manuální,,,,Ne,SUV,,,"ČR,1.maj",Odstraněno,Sauto.cz,Ano,https://www.sauto.cz/osobni/detail/kia/sportage/210313049
Mazda 6 Wagon 2.5 Skyactiv-G (Kombi),699900,56465.0,2022,Benzín,2.5,,PHEV,143.0,Automatická,,,,Ne,Kombi,,,"SKYACTIV G194 HOMURA, BOSE",Odstraněno,Sauto.cz,Ano,https://www.sauto.cz/osobni/detail/mazda/6/210152744
Mercedes-Benz CLA Coupé 180,641500,93970.0,2021,Benzín,2.0,,,165.0,Automatická,,,,Ano,Kombi,,,250 Shooting Brake AMG,Odstraněno,Sauto.cz,Ano,https://www.sauto.cz/osobni/detail/mercedes-benz/cla/209978211
Mercedes-Benz GLA 1.3,719000,32900.0,2023,Benzín,1.3,,,100.0,Automatická,,,,Ne,SUV,,,"180, Automat, ČR,1.maj",Odstraněno,Sauto.cz,Ano,https://www.sauto.cz/osobni/detail/mercedes-benz/gla/210428105
MG ZS 1.5 VTi-tech (Benzín),559990,5000.0,2025,Benzín,1.5,,HEV,145.0,Automatická,,,,Ne,SUV,,,EMOTION HYBRID+ 195PS,Odstraněno,Sauto.cz,Ano,https://www.sauto.cz/osobni/detail/mg/zs/209892267
Mitsubishi ASX 1.6 MIVEC (Stará generace),498900,45260.0,2024,Benzín,1.6,,HEV,105.0,Automatická,,,,Ne,SUV,,,Hybrid 143k.AT Intense+ ČR,Odstraněno,Sauto.cz,Ano,https://www.sauto.cz/osobni/detail/mitsubishi/asx/210302249
Mitsubishi ASX 1.6 MIVEC (Stará generace),398900,37100.0,2021,Benzín,2.0,MIVEC,PHEV,110.0,Manuální,,,,Ne,SUV,,,37tkm.1.maj.ČR,Odstraněno,Sauto.cz,Ano,https://www.sauto.cz/osobni/detail/mitsubishi/asx/210372956
Nissan Qashqai 1.3 DIG-T MHEV,480000,22450.0,2022,Benzín,1.3,,MHEV,103.0,Manuální,,,,Ne,SUV,Acenta,,"DIG-T , ČR",Odstraněno,Sauto.cz,Ano,https://www.sauto.cz/osobni/detail/nissan/qashqai/210321041
Nissan Qashqai 1.3 DIG-T MHEV,470000,74929.0,2022,Benzín,1.3,,MHEV,116.0,Manuální,,,,Ne,SUV,N-Connecta,,DIG-T,Odstraněno,Sauto.cz,Ano,https://www.sauto.cz/osobni/detail/nissan/qashqai/210334295
Renault Arkana 1.3 TCe MHEV (SUV-Kupé),420000,88300.0,2022,Benzín,1.3,TCe,,103.0,Automatická,,,,Ne,Hatchback,,,Renault Arkana 140 intense,Odstraněno,Sauto.cz,Ano,https://www.sauto.cz/osobni/detail/renault/arkana/210329639
Renault Austral 1.3,739000,31500.0,2023,Benzín,1.3,,,116.0,Automatická,,,,Ne,SUV,,Ano,"Iconic Esprit, Záruka 2028",Odstraněno,Sauto.cz,Ano,https://www.sauto.cz/osobni/detail/renault/austral/210337667
Renault Captur 1.0 TCe,354000,82000.0,2022,Benzín,1.3,TCe,HEV,103.0,Manuální,,,,Ne,SUV,,,II. 140 Mild-Hybrid,Odstraněno,Sauto.cz,Ano,https://www.sauto.cz/osobni/detail/renault/captur/210432512
Seat Ateca 1.5 TSI,729900,8000.0,2025,Benzín,1.5,TSI,,110.0,Automatická,Ano,,,Ne,SUV,,,,Odstraněno,Sauto.cz,Ano,https://www.sauto.cz/osobni/detail/seat/ateca/209279130
Seat Ateca 1.5 TSI,524999,65597.0,2021,Benzín,1.5,TSI,,110.0,Manuální,,,,Ne,SUV,,,Experience,Odstraněno,Sauto.cz,Ano,https://www.sauto.cz/osobni/detail/seat/ateca/210397034
Seat Leon Sportstourer 1.5 TSI (Kombi),478000,96623.0,2023,Nafta,2.0,TDI,,110.0,Manuální,,,,Ne,Kombi,FR,,-Plus 1.Maj DPH,Odstraněno,Sauto.cz,Ano,https://www.sauto.cz/osobni/detail/seat/leon/210354935
Seat Leon Hatchback 1.5 TSI,398000,79000.0,2021,Benzín,1.4,TSI,PHEV,150.0,Automatická,,,,Ne,Hatchback,FR,,E-HYBRID LINE LED,Odstraněno,Sauto.cz,Ano,https://www.sauto.cz/osobni/detail/seat/leon/210423602
Škoda Fabia Hatchback (Gen 4) 1.0 TSI,565000,16896.0,2025,Benzín,1.5,,,110.0,Automatická,,,,Ne,Hatchback,,,MC TS 110 A7F,Odstraněno,Sauto.cz,Ano,https://www.sauto.cz/osobni/detail/skoda/fabia/209700912
Škoda Fabia Hatchback (Gen 4) 1.0 TSI,565000,12543.0,2025,Benzín,1.5,,,110.0,Automatická,,,,Ne,Hatchback,,,MC TS 110 A7F,Odstraněno,Sauto.cz,Ano,https://www.sauto.cz/osobni/detail/skoda/fabia/209726982
Škoda Fabia Hatchback (Gen 4) 1.0 TSI,556000,18745.0,2025,Benzín,1.5,,,110.0,Automatická,,,,Ne,Hatchback,,,MC TS 110 A7F,Odstraněno,Sauto.cz,Ano,https://www.sauto.cz/osobni/detail/skoda/fabia/209991504
Škoda Fabia Hatchback (Gen 4) 1.0 TSI,558100,9182.0,2024,Benzín,1.5,TSI,,110.0,Automatická,,,,Ne,Hatchback,Monte Carlo,,7°DS,Odstraněno,Sauto.cz,Ano,https://www.sauto.cz/osobni/detail/skoda/fabia/210239138
Škoda Kamiq 1.0 TSI,550550,39199.0,2023,Benzín,1.5,TSI,,110.0,Manuální,,,,Ne,Hatchback,Monte Carlo,,,Odstraněno,Sauto.cz,Ano,https://www.sauto.cz/osobni/detail/skoda/kamiq/210110213
Škoda Kamiq 1.0 TSI,549900,60295.0,2023,Benzín,1.5,TSI,,110.0,Automatická,Ano,,,Ne,SUV,Monte Carlo,,,Odstraněno,Sauto.cz,Ano,https://www.sauto.cz/osobni/detail/skoda/kamiq/210182789
Škoda Kamiq 1.0 TSI,559000,18846.0,2025,Benzín,1.5,TSI,,110.0,Manuální,,,,Ne,SUV,Top Selection,,,Odstraněno,Sauto.cz,Ano,https://www.sauto.cz/osobni/detail/skoda/kamiq/210219011
Škoda Kamiq 1.0 TSI,569000,23230.0,2024,Benzín,1.5,,,110.0,Automatická,,,,Ne,Hatchback,Monte Carlo,,TS 110 A7F,Odstraněno,Sauto.cz,Ano,https://www.sauto.cz/osobni/detail/skoda/kamiq/210442274
Škoda Karoq 1.5 TSI,749000,10700.0,2024,Benzín,1.5,TSI,,110.0,Manuální,,,,Ne,Kombi,Sportline,,"NEZ.TOPENÍ, P",Odstraněno,Sauto.cz,Ano,https://www.sauto.cz/osobni/detail/skoda/karoq/207147033
Škoda Karoq 1.5 TSI,713000,10608.0,2025,Benzín,1.5,,,110.0,Automatická,,,,Ne,Kombi,,,SEL TS 110 A7F,Odstraněno,Sauto.cz,Ano,https://www.sauto.cz/osobni/detail/skoda/karoq/209879760
Škoda Karoq 1.5 TSI,677900,34762.0,2023,Benzín,1.5,TSI,PHEV,110.0,Automatická,,,,Ne,SUV,Style,,,Odstraněno,Sauto.cz,Ano,https://www.sauto.cz/osobni/detail/skoda/karoq/210030972
Škoda Karoq 1.5 TSI,745000,,2026,Benzín,1.5,TSI,,110.0,Automatická,Ano,,,Ne,SUV,,,Classic,Odstraněno,Sauto.cz,Ano,https://www.sauto.cz/osobni/detail/skoda/karoq/210039042
Škoda Karoq 1.5 TSI,698000,15354.0,2025,Benzín,1.5,,,110.0,Automatická,,,,Ne,SUV,,,SEL TS 110 A7F,Odstraněno,Sauto.cz,Ano,https://www.sauto.cz/osobni/detail/skoda/karoq/210073961
Škoda Karoq 1.5 TSI,712000,15538.0,2025,Benzín,1.5,,,110.0,Automatická,,,,Ne,SUV,,,SEL TS 110 A7F,Odstraněno,Sauto.cz,Ano,https://www.sauto.cz/osobni/detail/skoda/karoq/210076712
Škoda Karoq 1.5 TSI,649999,37601.0,2023,Benzín,1.5,TSI,,110.0,Automatická,Ano,,,Ne,SUV,Sportline,,,Odstraněno,Sauto.cz,Ano,https://www.sauto.cz/osobni/detail/skoda/karoq/210104297
Škoda Karoq 1.5 TSI,700000,45400.0,2023,Benzín,1.5,TSI,,110.0,Automatická,,,,Ne,SUV,Sportline,Ano,Záruka,Odstraněno,Sauto.cz,Ano,https://www.sauto.cz/osobni/detail/skoda/karoq/210135146
Škoda Karoq 1.5 TSI,710000,62971.0,2022,Nafta,2.0,TDI,,110.0,Automatická,Ano,,,Ano,SUV,Sportline,,Excl,Odstraněno,Sauto.cz,Ano,https://www.sauto.cz/osobni/detail/skoda/karoq/210349397
Škoda Karoq 1.5 TSI,729000,12725.0,2025,Benzín,1.5,TSI,,110.0,Manuální,,,,Ne,SUV,Sportline,,.,Odstraněno,Sauto.cz,Ano,https://www.sauto.cz/osobni/detail/skoda/karoq/210374195
Škoda Karoq 1.5 TSI,640000,79668.0,2024,Benzín,1.5,TSI,,110.0,Automatická,,,,Ne,SUV,Style,,7AP Exclu,Odstraněno,Sauto.cz,Ano,https://www.sauto.cz/osobni/detail/skoda/karoq/210385733
Škoda Karoq 1.5 TSI,729900,19844.0,2024,Benzín,1.5,TSI,,110.0,Automatická,,,,Ne,Kombi,,,Sport Line A7F,Odstraněno,Sauto.cz,Ano,https://www.sauto.cz/osobni/detail/skoda/karoq/210450737
Škoda Karoq 1.5 TSI,687500,21488.0,2025,Benzín,1.5,,,110.0,Automatická,,,,Ne,SUV,,,dat. 1. reg. 04.06.2025,Odstraněno,Sauto.cz,Ano,https://www.sauto.cz/osobni/detail/skoda/karoq/210452930
Škoda Karoq 1.5 TSI,649000,35405.0,2024,Benzín,1.5,TSI,,110.0,Automatická,Ano,,,Ne,SUV,Ambition,,7 Automat,Odstraněno,Sauto.cz,Ano,https://www.sauto.cz/osobni/detail/skoda/karoq/210463934
Škoda Karoq 1.5 TSI,579000,74500.0,2023,Benzín,1.5,TSI,,110.0,Automatická,,,,Ne,SUV,Style,,Plus DS,Odstraněno,Sauto.cz,Ano,https://www.sauto.cz/osobni/detail/skoda/karoq/210466712
"Škoda Kodiaq iV (Gen 2, PHEV)",630000,61000.0,2021,Nafta,2.0,TDI,,110.0,Automatická,Ano,,,Ne,SUV,Style,,Plus,Odstraněno,Sauto.cz,Ano,https://www.sauto.cz/osobni/detail/skoda/kodiaq/210357077
"Škoda Kodiaq iV (Gen 2, PHEV)",619000,93263.0,2021,Nafta,2.0,TDI,,110.0,Automatická,Ano,,,Ne,SUV,Style,,110,Odstraněno,Sauto.cz,Ano,https://www.sauto.cz/osobni/detail/skoda/kodiaq/210390317
Škoda Octavia Liftback 1.5 TSI,629900,19980.0,2024,Nafta,2.0,TDI,,110.0,Automatická,,,,Ne,Liftback,Style,,OCTAVIA D,Odstraněno,Sauto.cz,Ano,https://www.sauto.cz/osobni/detail/skoda/octavia/208854450
Škoda Octavia Liftback 1.5 TSI,478900,61870.0,2022,Benzín,1.5,TSI,,110.0,Automatická,,,,Ne,Liftback,Style,,,Odstraněno,Sauto.cz,Ano,https://www.sauto.cz/osobni/detail/skoda/octavia/208917750
Škoda Octavia Combi 1.5 TSI,684900,21430.0,2024,Benzín,1.5,TSI,,110.0,Automatická,Ano,,,Ne,Kombi,Sportline,,,Odstraněno,Sauto.cz,Ano,https://www.sauto.cz/osobni/detail/skoda/octavia/209165367
Škoda Octavia Combi 1.5 TSI,479990,95521.0,2021,Benzín,1.5,TSI,,110.0,Automatická,,,,Ne,Kombi,Style,,,Odstraněno,Sauto.cz,Ano,https://www.sauto.cz/osobni/detail/skoda/octavia/209631621
Škoda Octavia Liftback 1.5 TSI,597900,25736.0,2024,Benzín,1.5,eTSI,,110.0,Automatická,,,,Ne,Liftback,Top Selection,,,Odstraněno,Sauto.cz,Ano,https://www.sauto.cz/osobni/detail/skoda/octavia/209665539
Škoda Octavia Liftback 1.5 TSI,500000,79097.0,2021,Nafta,2.0,TDI,,110.0,Automatická,,,,Ne,Liftback,Style,,Automat,Odstraněno,Sauto.cz,Ano,https://www.sauto.cz/osobni/detail/skoda/octavia/209812182
Škoda Octavia Combi iV (PHEV),579000,49532.0,2024,Nafta,2.0,TDI,,110.0,Automatická,,,,Ne,Kombi,,,Combi Fresh,Odstraněno,Sauto.cz,Ano,https://www.sauto.cz/osobni/detail/skoda/octavia/209932461
Škoda Octavia Combi iV (PHEV),459000,94163.0,2023,Nafta,2.0,TDI,,110.0,Automatická,Ano,,,Ano,Kombi,Ambition,,,Odstraněno,Sauto.cz,Ano,https://www.sauto.cz/osobni/detail/skoda/octavia/210221417
Škoda Octavia 4 Lim. Style 1.5 TSI,638900,20051.0,2025,Benzín,1.5,TSI,,110.0,Manuální,,,,Ne,Sedan/limuzína,Top Selection,,FL,Odstraněno,Sauto.cz,Ano,https://www.sauto.cz/osobni/detail/skoda/octavia/210267713
Škoda Octavia Combi iV (PHEV),699000,21450.0,2025,Nafta,2.0,TDI,,110.0,Automatická,Ano,,,Ne,Kombi,,,Combi Selecti,Odstraněno,Sauto.cz,Ano,https://www.sauto.cz/osobni/detail/skoda/octavia/210270743
Škoda Octavia Combi 1.5 TSI,469000,94795.0,2022,Benzín,1.5,TSI,,110.0,Automatická,Ano,,,Ne,Kombi,Style,,110,Odstraněno,Sauto.cz,Ano,https://www.sauto.cz/osobni/detail/skoda/octavia/210390179
Škoda Octavia Combi iV (PHEV),479000,96041.0,2022,Nafta,2.0,TDI,,110.0,Automatická,Ano,,,Ne,Kombi,,,"Combi,,ČR,1.MAJ",Odstraněno,Sauto.cz,Ano,https://www.sauto.cz/osobni/detail/skoda/octavia/210415427
Škoda Octavia Combi 1.5 TSI,439000,98000.0,2022,Benzín,1.5,TSI,,110.0,Manuální,,,,Ne,Kombi,,,1.MAJ ČR NEBOUR. ZÁRUKA,Odstraněno,Sauto.cz,Ano,https://www.sauto.cz/osobni/detail/skoda/octavia/210431816
Škoda Scala 1.0 TSI,489000,22760.0,2024,Benzín,1.5,TSI,,110.0,Manuální,,,,Ne,Hatchback,Top Selection,,,Odstraněno,Sauto.cz,Ano,https://www.sauto.cz/osobni/detail/skoda/scala/209877234
Škoda Scala 1.0 TSI,349000,80866.0,2021,Benzín,1.5,TSI,,110.0,Manuální,,,,Ne,Hatchback,Ambition,,,Odstraněno,Sauto.cz,Ano,https://www.sauto.cz/osobni/detail/skoda/scala/209970003
Škoda Scala 1.0 TSI,530000,29401.0,2025,Benzín,1.5,TSI,PHEV,110.0,Automatická,,,,Ne,Hatchback,,,"Drive, Drive, FullLed",Odstraněno,Sauto.cz,Ano,https://www.sauto.cz/osobni/detail/skoda/scala/209997051
Škoda Scala 1.0 TSI,329000,94240.0,2022,Benzín,1.5,TSI,,110.0,Manuální,,,,Ne,Hatchback,Ambition,,110 AT,Odstraněno,Sauto.cz,Ano,https://www.sauto.cz/osobni/detail/skoda/scala/210374435
Škoda Scala 1.0 TSI,570000,30553.0,2025,Benzín,1.5,TSI,,110.0,Automatická,,,,Ne,Hatchback,Monte Carlo,Ano,Záruka,Odstraněno,Sauto.cz,Ano,https://www.sauto.cz/osobni/detail/skoda/scala/210412427
Škoda Superb 3 Combi Style 2.0 TDI,749000,33910.0,2024,Nafta,2.0,TDI,,110.0,Automatická,,,,Ne,Kombi,Style,,Combi Plus 110 k,Odstraněno,Sauto.cz,Ano,https://www.sauto.cz/osobni/detail/skoda/superb/208706057
Škoda Superb Liftback 1.5 TSI (Gen 4),594990,73990.0,2023,Benzín,2.0,TSI,,140.0,Automatická,,,,Ne,Sedan/limuzína,Ambition,,,Odstraněno,Sauto.cz,Ano,https://www.sauto.cz/osobni/detail/skoda/superb/209466108
Škoda Superb 3 Combi Style 2.0 TDI,569000,87799.0,2021,Nafta,2.0,TDI,,147.0,Automatická,Ano,,,Ano,Kombi,Style,,147,Odstraněno,Sauto.cz,Ano,https://www.sauto.cz/osobni/detail/skoda/superb/210390368
Škoda Superb 3 Combi Style 2.0 TDI,729000,34433.0,2023,Nafta,2.0,TDI,,110.0,Automatická,,,,Ne,Sedan/limuzína,Style,,"Plus, ČR",Odstraněno,Sauto.cz,Ano,https://www.sauto.cz/osobni/detail/skoda/superb/210400907
KGM Korando 1.5 GDI-T 2WD,445000,55000.0,2022,Benzín,1.5,TGDI,,120.0,Automatická,,,,Ne,Kombi,,,- 1. majitel,Odstraněno,Sauto.cz,Ano,https://www.sauto.cz/osobni/detail/ssangyong/korando/209509977
SsangYong Musso 2.2,614999,38684.0,2022,Nafta,2.2,,,133.0,Manuální,,,,Ano,Pick-up,,,Diesel Sapphire 4WD,Odstraněno,Sauto.cz,Ano,https://www.sauto.cz/osobni/detail/ssangyong/musso/210001707
KGM Tivoli 1.5 GDI-T (Kompaktní),459900,11000.0,2025,Benzín,1.5,,,120.0,Automatická,,,,Ano,Kombi,,,TDGI - předváděcí vozidlo,Odstraněno,Sauto.cz,Ano,https://www.sauto.cz/osobni/detail/ssangyong/tivoli/210375389
KGM Tivoli 1.5 GDI-T (Kompaktní),369000,18100.0,2023,Benzín,1.5,,,120.0,Manuální,,,,Ne,Kombi,,,"Nebourané, kompletní historie",Odstraněno,Sauto.cz,Ano,https://www.sauto.cz/osobni/detail/ssangyong/tivoli/210479975
Toyota Corolla TS Kombi 2.0 Hybrid,549000,68800.0,2021,Benzín,2.0,,,135.0,Automatická,,,,Ne,Kombi,,,GR Sport Dynamic,Odstraněno,Sauto.cz,Ano,https://www.sauto.cz/osobni/detail/toyota/corolla/210488420
Toyota Proace 2.0,698000,78414.0,2022,Nafta,2.0,,,130.0,Automatická,,,,Ne,VAN,,,D-4D 2XPNEU 1M,Odstraněno,Sauto.cz,Ano,https://www.sauto.cz/osobni/detail/toyota/proace/210463568
VW Arteon Liftback 2.0 TSI,528999,90366.0,2021,Nafta,2.0,TDI,,110.0,Manuální,,,,Ne,Liftback,R-Line,,,Odstraněno,Sauto.cz,Ano,https://www.sauto.cz/osobni/detail/volkswagen/arteon/209876709
VW Passat B8 Variant Elegance 2.0 TDI,629900,39778.0,2024,Nafta,2.0,TDI,,110.0,Automatická,Ano,,,Ne,Kombi,,,Variant Business,Odstraněno,Sauto.cz,Ano,https://www.sauto.cz/osobni/detail/volkswagen/passat/210292064
VW T-Roc 1.5 TSI,699900,17126.0,2025,Benzín,1.5,TSI,,110.0,Automatická,Ano,,,Ne,SUV,R-Line,,,Odstraněno,Sauto.cz,Ano,https://www.sauto.cz/osobni/detail/volkswagen/t-roc/210413819
VW Taigo 1.0 TSI,514000,12663.0,2022,Benzín,1.5,TSI,,110.0,Automatická,Ano,,,Ne,SUV,Style,,MATRIX LED,Odstraněno,Sauto.cz,Ano,https://www.sauto.cz/osobni/detail/volkswagen/taigo/210470645
VW Tiguan Life 1.5 TSI (Gen 2),579900,67713.0,2021,Benzín,1.5,TSI,,110.0,Automatická,Ano,,,Ne,SUV,Life,,EVO,Odstraněno,Sauto.cz,Ano,https://www.sauto.cz/osobni/detail/volkswagen/tiguan/210269744
VW Tiguan Life 1.5 TSI (Gen 2),529000,84823.0,2022,Benzín,1.5,TSI,,110.0,Manuální,,,,Ne,SUV,Life,,,Odstraněno,Sauto.cz,Ano,https://www.sauto.cz/osobni/detail/volkswagen/tiguan/210431210
Volvo XC40 B3 MHEV,694999,60800.0,2023,Benzín,2.0,,,120.0,Automatická,Ano,,,Ne,SUV,,,B3 PLUS DARK,Odstraněno,Sauto.cz,Ano,https://www.sauto.cz/osobni/detail/volvo/xc40/209305371
Volvo XC60 2.0,749000,74649.0,2022,Nafta,2.0,,,145.0,Automatická,,,,Ne,SUV,,,B4 DARK PLUS AUT,Odstraněno,Sauto.cz,Ano,https://www.sauto.cz/osobni/detail/volvo/xc60/210454457
Škoda Superb 3 Combi Style 2.0 TDI,409001,13103.0,2021,Nafta,2.0,TDI,,110.0,Manuální,,,,Ne,Sedan/limuzína,Ambition,,110,Odstraněno,Sauto.cz,Ano,https://www.sauto.cz/osobni/detail/skoda/superb/210475178
Audi A4 Avant 35 TFSI (Kombi),649000,95528.0,2022,Nafta,2.0,,,150.0,Automatická,,,,Ano,Kombi,,,---ZÁLOHOVÁNO---,Odstraněno,Sauto.cz,Ano,https://www.sauto.cz/osobni/detail/audi/a4-avant/210434417
BAIC X3 1.5T 6MT,429900,4.0,2025,,1.5,,,,,,,,Ne,,,,4x2,Odstraněno,Sauto.cz,Ano,https://www.sauto.cz/osobni/detail/baic/x3/209805585
BAIC X3 1.5T 6MT,429900,4.0,2025,,1.5,,,,,,,,Ne,,,,4x2,Odstraněno,Sauto.cz,Ano,https://www.sauto.cz/osobni/detail/baic/x3/209805588
BAIC X3 1.5T 6MT,429900,4.0,2025,,1.5,,,,,,,,Ne,,,,4x2,Odstraněno,Sauto.cz,Ano,https://www.sauto.cz/osobni/detail/baic/x3/209805591
BAIC X3 1.5T 6MT,429900,4.0,2025,,1.5,,,,,,,,Ne,,,,4x2,Odstraněno,Sauto.cz,Ano,https://www.sauto.cz/osobni/detail/baic/x3/209805594
BAIC X3 1.5T 6MT,429900,4.0,2025,,1.5,,,,,,,,Ne,,,,4x2,Odstraněno,Sauto.cz,Ano,https://www.sauto.cz/osobni/detail/baic/x3/209805597
BAIC X3 1.5T 6MT,429900,4.0,2025,,1.5,,,,,,,,Ne,,,,4x2,Odstraněno,Sauto.cz,Ano,https://www.sauto.cz/osobni/detail/baic/x3/209805600
BAIC X3 1.5T 6MT,429900,4.0,2025,,1.5,,,,,,,,Ne,,,,4x2,Odstraněno,Sauto.cz,Ano,https://www.sauto.cz/osobni/detail/baic/x3/209897325
BAIC X3 1.5T 6MT,429900,4.0,2025,,1.5,,,,,,,,Ne,,,,4x2,Odstraněno,Sauto.cz,Ano,https://www.sauto.cz/osobni/detail/baic/x3/209897337
BAIC X3 1.5T 6MT,429900,4.0,2025,,1.5,,,,,,,,Ne,,,,4x2,Odstraněno,Sauto.cz,Ano,https://www.sauto.cz/osobni/detail/baic/x3/209897355
BAIC X3 1.5T 6MT,429900,4.0,2025,,1.5,,,,,,,,Ne,,,,4x2,Odstraněno,Sauto.cz,Ano,https://www.sauto.cz/osobni/detail/baic/x3/209897370
BAIC X3 1.5T 6MT,429900,4.0,2025,,1.5,,,,,,,,Ne,,,,4x2,Odstraněno,Sauto.cz,Ano,https://www.sauto.cz/osobni/detail/baic/x3/209897379
BAIC X3 1.5T 6MT,429900,4.0,2025,,1.5,,,,,,,,Ne,,,,4x2,Odstraněno,Sauto.cz,Ano,https://www.sauto.cz/osobni/detail/baic/x3/209897388
BAIC X3 1.5T 6MT,429900,4.0,2025,,1.5,,,,,,,,Ne,,,,4x2,Odstraněno,Sauto.cz,Ano,https://www.sauto.cz/osobni/detail/baic/x3/209897400
BAIC X3 1.5T 6MT,429900,8.0,2025,,1.5,,,,,,,,Ne,,,,4x2,Odstraněno,Sauto.cz,Ano,https://www.sauto.cz/osobni/detail/baic/x3/210092951
BAIC X3 1.5T 6MT,429900,8.0,2025,,1.5,,,,,,,,Ne,,,,4x2,Odstraněno,Sauto.cz,Ano,https://www.sauto.cz/osobni/detail/baic/x3/210092963
BAIC X3 1.5T 6MT,429900,8.0,2025,,1.5,,,,,,,,Ne,,,,4x2,Odstraněno,Sauto.cz,Ano,https://www.sauto.cz/osobni/detail/baic/x3/210092966
BAIC X3 1.5T 6MT,429900,8.0,2025,,1.5,,,,,,,,Ne,,,,4x2,Odstraněno,Sauto.cz,Ano,https://www.sauto.cz/osobni/detail/baic/x3/210092972
BAIC X5 1.5T CVT,699900,4.0,2025,,1.5,,,,,Ano,,,Ne,,,,4x2 T+,Odstraněno,Sauto.cz,Ano,https://www.sauto.cz/osobni/detail/baic/x5/209805603
BAIC X5 1.5T CVT,699900,4.0,2025,,1.5,,,,,Ano,,,Ne,,,,4x2 T+,Odstraněno,Sauto.cz,Ano,https://www.sauto.cz/osobni/detail/baic/x5/209805606
BAIC X5 1.5T CVT,699900,4.0,2025,,1.5,,,,,Ano,,,Ne,,,,4x2 T+,Odstraněno,Sauto.cz,Ano,https://www.sauto.cz/osobni/detail/baic/x5/209805609
BAIC X5 1.5T CVT,699900,4.0,2025,,1.5,,,,,Ano,,,Ne,,,,4x2 T+,Odstraněno,Sauto.cz,Ano,https://www.sauto.cz/osobni/detail/baic/x5/209897427
BAIC X5 1.5T CVT,699900,4.0,2025,,1.5,,,,,Ano,,,Ne,,,,4x2 T+,Odstraněno,Sauto.cz,Ano,https://www.sauto.cz/osobni/detail/baic/x5/209897433
BAIC X5 1.5T CVT,699900,8.0,2025,,1.5,,,,,Ano,,,Ne,,,,4x2 T+,Odstraněno,Sauto.cz,Ano,https://www.sauto.cz/osobni/detail/baic/x5/210092978
BAIC X5 1.5T CVT,699900,8.0,2025,,1.5,,,,,Ano,,,Ne,,,,4x2 T+,Odstraněno,Sauto.cz,Ano,https://www.sauto.cz/osobni/detail/baic/x5/210092981
BAIC X5 1.5T CVT,699900,8.0,2025,,1.5,,,,,Ano,,,Ne,,,,4x2 T+,Odstraněno,Sauto.cz,Ano,https://www.sauto.cz/osobni/detail/baic/x5/210092984
BMW 2 1.5,688000,46609.0,2024,,,,,,,,,,Ne,,,,218d REZERVACE,Odstraněno,Sauto.cz,Ano,https://www.sauto.cz/osobni/detail/bmw/rada-2/210397628
BMW 2 1.5,549900,77264.0,2021,,,,PHEV,,,,,,Ne,,Active,,218D TOURER M-PAKET TA,Odstraněno,Sauto.cz,Ano,https://www.sauto.cz/osobni/detail/bmw/rada-2/210442757
"BMW X1 xDrive30e (PHEV, U11)",600000,84448.0,2021,,,,PHEV,,,,,,Ano,,,,"xDrive20d, xLine",Odstraněno,Sauto.cz,Ano,https://www.sauto.cz/osobni/detail/bmw/x1/210350171
"BMW X1 sDrive18i (Benzín, U11)",749000,15000.0,2024,Benzín,1.5,,,100.0,Automatická,,,,Ne,SUV,,,18i LED KAMERA CZ,Odstraněno,Sauto.cz,Ano,https://www.sauto.cz/osobni/detail/bmw/x1/210455414
Citroën Grand C4 SpaceTourer 2.0 BlueHDi,550000,23900.0,2022,Nafta,2.0,BlueHDi,,120.0,Automatická,,,,Ne,MPV,,,Shine EAT8,Odstraněno,Sauto.cz,Ano,https://www.sauto.cz/osobni/detail/citroen/grand-c4-spacetourer/210447077
Cupra Formentor 1.5 TSI,549900,67035.0,2023,,1.5,TSI,,,,Ano,,,Ne,,,,,Odstraněno,Sauto.cz,Ano,https://www.sauto.cz/osobni/detail/cupra/formentor/210316028
Cupra Formentor 1.5 TSI,500000,96957.0,2021,,1.5,TSI,,,,,,,Ne,,,,serv.hist.,Odstraněno,Sauto.cz,Ano,https://www.sauto.cz/osobni/detail/cupra/formentor/210430208
Ford Focus Kombi 1.0 EcoBoost,499900,36290.0,2024,Benzín,1.0,EcoBoost,,114.0,Automatická,,,,Ne,Kombi,Titanium,,A T,Odstraněno,Sauto.cz,Ano,https://www.sauto.cz/osobni/detail/ford/focus/210467024
Ford Focus Kombi 1.0 EcoBoost,489900,39130.0,2024,Benzín,1.0,EcoBoost,,114.0,Automatická,,,,Ne,Kombi,Titanium,,"A T , LED",Odstraněno,Sauto.cz,Ano,https://www.sauto.cz/osobni/detail/ford/focus/210474881
Ford Kuga 1.5 EcoBoost (Benzín),489000,31820.0,2022,,1.5,EcoBoost,,,,,,,Ne,,ST-Line,,,Odstraněno,Sauto.cz,Ano,https://www.sauto.cz/osobni/detail/ford/kuga/210030228
Hyundai i30 Kombi 1.5 T-GDI MHEV,585890,9.0,2026,,1.6,T-GDI,,,,Ano,,,Ne,,,,WG GO Czech!,Odstraněno,Sauto.cz,Ano,https://www.sauto.cz/osobni/detail/hyundai/i30/209775501
Hyundai i30 Kombi 1.5 T-GDI MHEV,631890,9.0,2026,,1.6,T-GDI,,,,Ano,,,Ne,,Style,,WG SAFETY,Odstraněno,Sauto.cz,Ano,https://www.sauto.cz/osobni/detail/hyundai/i30/209810895
Hyundai i30 Kombi 1.5 T-GDI MHEV,596890,9.0,2026,,1.6,T-GDI,,,,Ano,,,Ne,,,,WG GO Czech!,Odstraněno,Sauto.cz,Ano,https://www.sauto.cz/osobni/detail/hyundai/i30/209885805
Hyundai i30 Kombi 1.5 T-GDI MHEV,596890,9.0,2026,,1.6,T-GDI,,,,Ano,,,Ne,,,,WG GO Czech!,Odstraněno,Sauto.cz,Ano,https://www.sauto.cz/osobni/detail/hyundai/i30/209885811
Hyundai i30 Kombi 1.5 T-GDI MHEV,566890,9.0,2026,,1.6,T-GDI,,,,Ano,,,Ne,,,,WG GO Czech!,Odstraněno,Sauto.cz,Ano,https://www.sauto.cz/osobni/detail/hyundai/i30/209885814
Hyundai i30 Kombi 1.5 T-GDI MHEV,596890,9.0,2026,,1.6,T-GDI,,,,Ano,,,Ne,,,,WG GO Czech!,Odstraněno,Sauto.cz,Ano,https://www.sauto.cz/osobni/detail/hyundai/i30/209936163
Hyundai i30 Kombi 1.5 T-GDI MHEV,631890,9.0,2026,,1.6,T-GDI,,,,Ano,,,Ne,,Style,,WG SAFETY,Odstraněno,Sauto.cz,Ano,https://www.sauto.cz/osobni/detail/hyundai/i30/209936166
Hyundai i30 Kombi 1.5 T-GDI MHEV,631890,9.0,2026,,1.6,T-GDI,,,,Ano,,,Ne,,Style,,WG SAFETY,Odstraněno,Sauto.cz,Ano,https://www.sauto.cz/osobni/detail/hyundai/i30/209938113
Hyundai i30 Kombi 1.5 T-GDI MHEV,555890,9.0,2026,,1.6,T-GDI,,,,Ano,,,Ne,,,,WG GO Czech!,Odstraněno,Sauto.cz,Ano,https://www.sauto.cz/osobni/detail/hyundai/i30/209961054
Hyundai i30 Kombi 1.5 T-GDI MHEV,600890,9.0,2026,,1.6,T-GDI,,,,Ano,,,Ne,,Style,,WG,Odstraněno,Sauto.cz,Ano,https://www.sauto.cz/osobni/detail/hyundai/i30/209977113
Hyundai i30 Kombi 1.5 T-GDI MHEV,620890,9.0,2026,,1.6,T-GDI,,,,Ano,,,Ne,,Style,,WG SAFETY,Odstraněno,Sauto.cz,Ano,https://www.sauto.cz/osobni/detail/hyundai/i30/209977119
Hyundai i30 Kombi 1.5 T-GDI MHEV,566890,9.0,2026,,1.6,T-GDI,,,,Ano,,,Ne,,,,WG GO Czech!,Odstraněno,Sauto.cz,Ano,https://www.sauto.cz/osobni/detail/hyundai/i30/210082967
Hyundai i30 Hatchback 1.0 T-GDI,549990,30841.0,2024,,,,,,,,,,Ne,,N-Line,,,Odstraněno,Sauto.cz,Ano,https://www.sauto.cz/osobni/detail/hyundai/i30/210130112
Hyundai i30 Kombi 1.5 T-GDI MHEV,499000,23797.0,2025,,1.5,T-GDI,,,,Ano,,,Ne,SW,,,( 140k),Odstraněno,Sauto.cz,Ano,https://www.sauto.cz/osobni/detail/hyundai/i30/210187961
Hyundai i30 Kombi 1.5 T-GDI MHEV,529000,15251.0,2025,,1.5,TGDI,,,,,,,Ne,,N-Line,,WG NAVIGACE M,Odstraněno,Sauto.cz,Ano,https://www.sauto.cz/osobni/detail/hyundai/i30/210228977
Hyundai i30 Kombi 1.5 T-GDI MHEV,555890,9.0,2026,,1.6,T-GDI,,,,Ano,,,Ne,,,,WG GO Czech!,Odstraněno,Sauto.cz,Ano,https://www.sauto.cz/osobni/detail/hyundai/i30/210336251
Hyundai i30 Kombi 1.5 T-GDI MHEV,555890,9.0,2026,,1.6,T-GDI,,,,Ano,,,Ne,,,,WG GO Czech!,Odstraněno,Sauto.cz,Ano,https://www.sauto.cz/osobni/detail/hyundai/i30/210336257
Hyundai i30 Kombi 1.5 T-GDI MHEV,555890,9.0,2026,Benzín,1.6,T-GDI,,110.0,Automatická,Ano,,,Ne,Kombi,,,WG GO Czech!,Odstraněno,Sauto.cz,Ano,https://www.sauto.cz/osobni/detail/hyundai/i30/210457880
Hyundai Kona 1.0 T-GDI (Benzín),419000,56639.0,2022,,1.6,T-GDI,,,,Ano,,,Ne,,N-Line,,,Odstraněno,Sauto.cz,Ano,https://www.sauto.cz/osobni/detail/hyundai/kona/210299579
Hyundai Santa Fe 1.6 T-GDI Hybrid (Gen 5),699000,84192.0,2022,Nafta,2.2,CRDi,,142.0,Automatická,,,,Ano,Kombi,Style,,,Odstraněno,Sauto.cz,Ano,https://www.sauto.cz/osobni/detail/hyundai/santa-fe/210449864
Hyundai Tucson 1.6 T-GDI MHEV,630000,19115.0,2023,,1.6,T-GDI,MHEV,,,,,,Ne,,,,"48V , Platinum",Odstraněno,Sauto.cz,Ano,https://www.sauto.cz/osobni/detail/hyundai/tucson/210283523
Hyundai Tucson 1.6 T-GDI MHEV,519900,62971.0,2021,,1.6,T-GDI,,,,,,,Ne,,,,SMART NAV.,Odstraněno,Sauto.cz,Ano,https://www.sauto.cz/osobni/detail/hyundai/tucson/210340802
Hyundai Tucson 1.6 T-GDI MHEV,408000,79701.0,2022,,1.6,CRDi,MHEV,,,,,,Ne,,,,48V Smart,Odstraněno,Sauto.cz,Ano,https://www.sauto.cz/osobni/detail/hyundai/tucson/210354578
Hyundai Tucson 1.6 T-GDI MHEV,700000,40404.0,2024,,1.6,T-GDI,MHEV,,,,,,Ne,,N-Line,,48V,Odstraněno,Sauto.cz,Ano,https://www.sauto.cz/osobni/detail/hyundai/tucson/210384506
Hyundai Tucson 1.6 T-GDI MHEV,559000,13600.0,2021,Benzín,1.6,,,110.0,Manuální,,,,Ne,SUV,N Line,,"ČR, V ZÁRUCE",Odstraněno,Sauto.cz,Ano,https://www.sauto.cz/osobni/detail/hyundai/tucson/210477029
Kia Ceed SW 1.5 T-GDI (Kombi),399000,49367.0,2023,,1.5,T-GDI,,,,,,,Ne,SW,,,"ČR, Tov. Z",Odstraněno,Sauto.cz,Ano,https://www.sauto.cz/osobni/detail/kia/cee-d/210204317
Kia Ceed Hatchback 1.5 T-GDI,439900,27982.0,2023,,1.5,T-GDI,,,,,,,Ne,,SPIN,,,Odstraněno,Sauto.cz,Ano,https://www.sauto.cz/osobni/detail/kia/cee-d/210234560
Kia Ceed Hatchback 1.5 T-GDI,379000,77611.0,2023,,1.5,T-GDI,,,,,,,Ne,,TOP,,,Odstraněno,Sauto.cz,Ano,https://www.sauto.cz/osobni/detail/kia/cee-d/210327575
Kia ProCeed 1.5 T-GDI (Shooting Brake),600000,30325.0,2023,,1.6,T-GDI,,,,,,,Ne,,,Ano,"GT , Záruka, Automat",Odstraněno,Sauto.cz,Ano,https://www.sauto.cz/osobni/detail/kia/proceed/210414077
Kia Sportage 1.6 T-GDI MHEV,619900,53900.0,2024,,1.6,T-GDI,,,,Ano,,,Ne,,TOP,Ano,záruka,Odstraněno,Sauto.cz,Ano,https://www.sauto.cz/osobni/detail/kia/sportage/210394793
Kia Sportage 1.6 T-GDI PHEV,720000,8799.0,2025,Benzín,1.6,T-GDI,PHEV,110.0,Automatická,,,,Ne,SUV,Exclusive,,Exclusiv,Odstraněno,Sauto.cz,Ano,https://www.sauto.cz/osobni/detail/kia/sportage/210471992
Mercedes-Benz GLB 200 (5místná verze),724790,86121.0,2024,,,,,,,,,,Ano,,,,200d,Odstraněno,Sauto.cz,Ano,https://www.sauto.cz/osobni/detail/mercedes-benz/glb/210166184
Opel Frontera Hybrid (Kompaktní),539900,3355.0,2025,Benzín,1.2,Turbo,,107.0,Automatická,,,,Ne,SUV,,,"GS 145ps,zimní paket",Odstraněno,Sauto.cz,Ano,https://www.sauto.cz/osobni/detail/opel/frontera/209758071
Opel Mokka 1.2 Turbo,488990,,2026,Benzín,1.2,Turbo,,100.0,Manuální,,,,Ne,SUV,,,HIT () MT6,Odstraněno,Sauto.cz,Ano,https://www.sauto.cz/osobni/detail/opel/mokka/210141524
Renault Arkana 1.3 TCe MHEV (SUV-Kupé),433000,49000.0,2021,,1.3,TCe,,,,,,,Ne,,,,"Intens 1,maj nové ČR",Odstraněno,Sauto.cz,Ano,https://www.sauto.cz/osobni/detail/renault/arkana/210359876
Seat Leon Hatchback 1.5 TSI,524900,29561.0,2023,,2.0,TDI,,,,,,,Ne,,Xcellence,,"ST, ...",Odstraněno,Sauto.cz,Ano,https://www.sauto.cz/osobni/detail/seat/leon/210252626
Škoda Fabia Hatchback (Gen 4) 1.0 TSI,569000,15718.0,2025,,1.5,,,,,,,,Ne,,,,MC TS 110 A7F,Odstraněno,Sauto.cz,Ano,https://www.sauto.cz/osobni/detail/skoda/fabia/209588943
Škoda Kamiq 1.0 TSI,398900,43450.0,2021,Benzín,1.5,TSI,,110.0,Automatická,,,,Ne,SUV,Ambition,,,Odstraněno,Sauto.cz,Ano,https://www.sauto.cz/osobni/detail/skoda/kamiq/208412417
Škoda Kamiq 1.0 TSI,368000,87000.0,2021,,1.5,TSI,,,,,,,Ne,,Style,,LED TAŽNÉ ČR,Odstraněno,Sauto.cz,Ano,https://www.sauto.cz/osobni/detail/skoda/kamiq/210429401
Škoda Karoq 1.5 TSI,679000,2957.0,2024,,1.5,TSI,,,,Ano,,,Ne,,Style,,,Odstraněno,Sauto.cz,Ano,https://www.sauto.cz/osobni/detail/skoda/karoq/210341765
Škoda Karoq 1.5 TSI,629990,32115.0,2023,,1.5,TSI,,,,,,,Ne,,Style,,,Odstraněno,Sauto.cz,Ano,https://www.sauto.cz/osobni/detail/skoda/karoq/210357650
Škoda Karoq 1.5 TSI,609000,39310.0,2026,,1.5,TSI,,,,,,,Ne,,Sportline,,,Odstraněno,Sauto.cz,Ano,https://www.sauto.cz/osobni/detail/skoda/karoq/210441116
Škoda Karoq 1.5 TSI,689000,49915.0,2023,Nafta,2.0,TDI,,110.0,Automatická,Ano,,,Ano,SUV,Sportline,,,Odstraněno,Sauto.cz,Ano,https://www.sauto.cz/osobni/detail/skoda/karoq/210480008
"Škoda Kodiaq iV (Gen 2, PHEV)",674900,83109.0,2022,,2.0,TDI,,,,,,,Ne,,Style,,7DS,Odstraněno,Sauto.cz,Ano,https://www.sauto.cz/osobni/detail/skoda/kodiaq/210269795
"Škoda Kodiaq 1.5 TSI (Gen 2, 5 m.)",742000,99799.0,2021,Nafta,2.0,,,110.0,Automatická,,,,Ano,SUV,,,---ZÁLOHOVÁNO---,Odstraněno,Sauto.cz,Ano,https://www.sauto.cz/osobni/detail/skoda/kodiaq/210476477
Škoda Octavia Combi iV (PHEV),679900,18215.0,2024,Nafta,2.0,TDI,,110.0,Automatická,Ano,,,Ne,Kombi,Top Selection,,,Odstraněno,Sauto.cz,Ano,https://www.sauto.cz/osobni/detail/skoda/octavia/207929956
Škoda Octavia Liftback 1.5 TSI,579900,24155.0,2024,Benzín,1.5,TSI,,110.0,Manuální,,,,Ne,Liftback,Selection,,,Odstraněno,Sauto.cz,Ano,https://www.sauto.cz/osobni/detail/skoda/octavia/209241567
Škoda Octavia Combi iV (PHEV),749000,16660.0,2024,Nafta,2.0,TDI,,110.0,Automatická,Ano,,,Ne,Kombi,Top Selection,,7st.,Odstraněno,Sauto.cz,Ano,https://www.sauto.cz/osobni/detail/skoda/octavia/209794977
Škoda Octavia Combi iV (PHEV),619000,25805.0,2025,,2.0,TDI,,,,Ano,,,Ne,,Selection,,,Odstraněno,Sauto.cz,Ano,https://www.sauto.cz/osobni/detail/skoda/octavia/209826144
Škoda Octavia 4 Lim. Style 1.5 TSI,457000,75000.0,2022,Benzín,1.5,,,110.0,Manuální,,,,Ne,Sedan/limuzína,,,---ZÁLOHOVÁNO---,Odstraněno,Sauto.cz,Ano,https://www.sauto.cz/osobni/detail/skoda/octavia/209882790
Škoda Octavia Combi 1.5 TSI,607900,35820.0,2024,Benzín,1.5,TSI,,110.0,Automatická,,,,Ne,Kombi,Style,,Combi,Odstraněno,Sauto.cz,Ano,https://www.sauto.cz/osobni/detail/skoda/octavia/209950782
Škoda Octavia Combi 1.5 TSI,596000,71258.0,2022,Benzín,2.0,TSI,MHEV,110.0,Automatická,Ano,,,Ne,Kombi,Sportline,,e-TEC,Odstraněno,Sauto.cz,Ano,https://www.sauto.cz/osobni/detail/skoda/octavia/209972760
Škoda Octavia Combi iV (PHEV),749000,10000.0,2025,,2.0,TDI,,,,,,,Ne,,Top Selection,,,Odstraněno,Sauto.cz,Ano,https://www.sauto.cz/osobni/detail/skoda/octavia/210008424
Škoda Octavia Liftback 1.5 TSI,589000,26659.0,2024,,1.5,TSI,,,,,,,Ne,,Style,,Plus 6°MP,Odstraněno,Sauto.cz,Ano,https://www.sauto.cz/osobni/detail/skoda/octavia/210341696
Škoda Octavia Liftback 1.5 TSI,599900,19572.0,2025,,1.5,TSI,,,,,,,Ne,,Top Selection,,,Odstraněno,Sauto.cz,Ano,https://www.sauto.cz/osobni/detail/skoda/octavia/210443711
Škoda Octavia Combi 1.5 TSI,689900,2857.0,2025,Benzín,1.5,TSI,,110.0,Manuální,,,,Ne,Kombi,Top Selection,,COMBI,Odstraněno,Sauto.cz,Ano,https://www.sauto.cz/osobni/detail/skoda/octavia/210469871
Škoda Octavia Combi iV (PHEV),399000,96600.0,2022,Nafta,2.0,TDI,,110.0,Automatická,Ano,,,Ne,Kombi,,,1.majitel,Odstraněno,Sauto.cz,Ano,https://www.sauto.cz/osobni/detail/skoda/octavia/210476099
Škoda Scala 1.0 TSI,709224,5991.0,2025,,1.5,TSI,,,,,,,Ne,,,,"A7,MC",Odstraněno,Sauto.cz,Ano,https://www.sauto.cz/osobni/detail/skoda/scala/209602830
Škoda Scala 1.0 TSI,569900,13421.0,2025,Benzín,1.5,TSI,,110.0,Automatická,Ano,,,Ne,Hatchback,Monte Carlo,,,Odstraněno,Sauto.cz,Ano,https://www.sauto.cz/osobni/detail/skoda/scala/210490631
Škoda Superb 3 Combi Style 2.0 TDI,729990,50285.0,2024,,2.0,TDI,,,,,,,Ne,,Style,,,Odstraněno,Sauto.cz,Ano,https://www.sauto.cz/osobni/detail/skoda/superb/208046138
Škoda Superb 3 Combi Style 2.0 TDI,599000,75000.0,2023,Nafta,2.0,TDI,,110.0,Automatická,,,,Ne,Kombi,Sportline,,AUT,Odstraněno,Sauto.cz,Ano,https://www.sauto.cz/osobni/detail/skoda/superb/210324983
Škoda Superb 3 Combi Style 2.0 TDI,629000,45196.0,2022,Nafta,2.0,TDI,,110.0,Automatická,Ano,,,Ne,Sedan/limuzína,Style,,- Tažn,Odstraněno,Sauto.cz,Ano,https://www.sauto.cz/osobni/detail/skoda/superb/210405659
Škoda Superb 3 Combi Style 2.0 TDI,549000,97905.0,2022,,2.0,TDI,,,,Ano,,,Ne,Combi,Ambition,,,Odstraněno,Sauto.cz,Ano,https://www.sauto.cz/osobni/detail/skoda/superb/210415865
VW Arteon Shooting Brake 2.0 TDI,599900,78465.0,2021,Nafta,2.0,TDI,,110.0,Automatická,Ano,,,Ne,Kombi,R-Line,,"SB, LED, ACC",Odstraněno,Sauto.cz,Ano,https://www.sauto.cz/osobni/detail/volkswagen/arteon-shooting-brake/210446137
VW Golf Variant 1.5 eTSI (Gen 8),568900,27679.0,2023,Benzín,1.5,eTSI,MHEV,110.0,Automatická,Ano,,,Ne,Kombi,Style,,Vari,Odstraněno,Sauto.cz,Ano,https://www.sauto.cz/osobni/detail/volkswagen/golf-variant/208552838
VW Passat B8 Variant Elegance 2.0 TDI,550000,78300.0,2022,,2.0,TDI,,,,Ano,,,Ne,,,,Business,Odstraněno,Sauto.cz,Ano,https://www.sauto.cz/osobni/detail/volkswagen/passat/210337175
VW Tiguan Allspace 2.0 TDI (5místná verze),648000,64834.0,2022,Nafta,2.0,TDI,,110.0,Automatická,Ano,,,Ne,SUV,Life,,"ACC, WINTER",Odstraněno,Sauto.cz,Ano,https://www.sauto.cz/osobni/detail/volkswagen/tiguan-allspace/210453224
VW Tiguan Allspace 2.0 TDI (5místná verze),595000,70070.0,2022,,2.0,TSI,,,,Ano,,,Ne,,Elegance,,4MOT,Odstraněno,Sauto.cz,Ano,https://www.sauto.cz/osobni/detail/volkswagen/tiguan/209566161
VW Tiguan Life 1.5 TSI (Gen 2),639900,48463.0,2022,,1.5,TSI,,,,Ano,,,Ne,,Life,,,Odstraněno,Sauto.cz,Ano,https://www.sauto.cz/osobni/detail/volkswagen/tiguan/209682498
Renault Captur 1.0 TCe,440000,37093.0,2023,Benzín,1.3,TCe,,103.0,Manuální,,,,Ne,SUV,,,"Serv.kniha, Kůže",Odstraněno,Sauto.cz,Ano,https://www.sauto.cz/osobni/detail/renault/captur/210283412
Audi A6 2.0 TDI,749000,89000.0,2021,Nafta,2.0,TDI,,150.0,Automatická,,,,Ne,Kombi,,,40 NezTop ACC Taž,Odstraněno,Sauto.cz,Ano,https://www.sauto.cz/osobni/detail/audi/a6/209374350
Audi Q3 35 TFSI (Standardní SUV),598000,88268.0,2023,Benzín,1.5,TFSI,,110.0,Manuální,,,,Ne,SUV,,,35,Odstraněno,Sauto.cz,Ano,https://www.sauto.cz/osobni/detail/audi/q3/210125780
BAIC X35 1.5,399900,,2025,Benzín,1.5,,,100.0,Manuální,,,,Ne,SUV,,,ALL IN T 4×2 6MT MY25,Odstraněno,Sauto.cz,Ano,https://www.sauto.cz/osobni/detail/baic/x35/210463178
BMW 5 2.0,698000,85788.0,2022,Benzín,2.0,,,135.0,Automatická,,,,Ne,Kombi,,,520i SERV.KNÍŽKA KAMERA 1M ČR,Odstraněno,Sauto.cz,Ano,https://www.sauto.cz/osobni/detail/bmw/rada-5/210090158
"BMW X1 xDrive30e (PHEV, U11)",560000,58749.0,2021,Benzín,2.0,,PHEV,131.0,Automatická,,,,Ano,SUV,,,"xDrive20i, M Sport, NOVÁ CENA",Odstraněno,Sauto.cz,Ano,https://www.sauto.cz/osobni/detail/bmw/x1/209195721
Cupra Formentor 1.5 TSI,682000,61572.0,2022,Benzín,2.0,,,228.0,Automatická,,,,Ano,SUV,,,---ZÁLOHOVÁNO---,Odstraněno,Sauto.cz,Ano,https://www.sauto.cz/osobni/detail/cupra/formentor/210427277
Dacia Bigster 1.2,610800,10.0,2026,Benzín,1.2,,,103.0,Manuální,,,,Ne,SUV,,,140 CELEBRATION SKLADEM,Odstraněno,Sauto.cz,Ano,https://www.sauto.cz/osobni/detail/dacia/bigster/209949930
Dacia Duster ECO-G 100 LPG (Gen 3),599000,9582.0,2025,Benzín,1.2,TCe,,103.0,Manuální,,,,Ne,Hatchback,,,Journey,Odstraněno,Sauto.cz,Ano,https://www.sauto.cz/osobni/detail/dacia/duster/210453938
Ford Kuga 1.5 EcoBoost (Benzín),689900,1000.0,2026,Benzín,1.5,,,110.0,Manuální,,,,Ne,SUV,ST-Line,,"EB, ČR, REZERVACE",Odstraněno,Sauto.cz,Ano,https://www.sauto.cz/osobni/detail/ford/kuga/210139361
Honda Civic Type R 2.0 VTEC (Sportovní),485000,5150.0,2023,Benzín,2.0,,,118.0,Automatická,,,,Ne,Sedan/limuzína,,,Sport,Odstraněno,Sauto.cz,Ano,https://www.sauto.cz/osobni/detail/honda/civic/209975481
Hyundai i30 Kombi 1.5 T-GDI MHEV,480000,33154.0,2023,Benzín,1.5,T-GDI,MHEV,117.0,Automatická,,,,Ne,Kombi,,,Automat,Odstraněno,Sauto.cz,Ano,https://www.sauto.cz/osobni/detail/hyundai/i30/210107972
Hyundai i30 Kombi 1.5 T-GDI MHEV,412177,60400.0,2023,Benzín,1.5,,,118.0,Manuální,,,,Ne,Kombi,,,i30 CW,Odstraněno,Sauto.cz,Ano,https://www.sauto.cz/osobni/detail/hyundai/i30/210172391
Hyundai i30 Kombi 1.5 T-GDI MHEV,319900,72761.0,2021,Benzín,1.5,T-GDI,MHEV,117.0,Manuální,,,,Ne,Kombi,,,"ČR,1.maj",Odstraněno,Sauto.cz,Ano,https://www.sauto.cz/osobni/detail/hyundai/i30/210488051
Hyundai Tucson 1.6 T-GDI MHEV,489000,99000.0,2023,Benzín,1.6,TGDI,,110.0,Manuální,,,,Ne,SUV,,,"Smart,LPG,tažné",Odstraněno,Sauto.cz,Ano,https://www.sauto.cz/osobni/detail/hyundai/tucson/209920458
Hyundai Tucson 1.6 T-GDI MHEV,749990,,2026,Benzín,1.6,T-GDI,,110.0,Manuální,,,,Ne,SUV,,,GO Czech! N,Odstraněno,Sauto.cz,Ano,https://www.sauto.cz/osobni/detail/hyundai/tucson/210007830
Hyundai Tucson 1.6 T-GDI MHEV,609900,35864.0,2023,Benzín,1.6,T-GDI,,110.0,Automatická,Ano,,,Ne,SUV,N-Line,,,Odstraněno,Sauto.cz,Ano,https://www.sauto.cz/osobni/detail/hyundai/tucson/210093788
Hyundai Tucson 1.6 T-GDI MHEV,649990,12112.0,2024,Benzín,1.6,T-GDI,,110.0,Manuální,,,,Ne,SUV,,,Freedom Plus,Odstraněno,Sauto.cz,Ano,https://www.sauto.cz/osobni/detail/hyundai/tucson/210208637
Hyundai Tucson 1.6 T-GDI MHEV,544900,15294.0,2024,Benzín,1.6,T-GDI,,110.0,Manuální,,,,Ne,SUV,,,,Odstraněno,Sauto.cz,Ano,https://www.sauto.cz/osobni/detail/hyundai/tucson/210377639
Hyundai Tucson 1.6 T-GDI MHEV,419000,87400.0,2021,Benzín,1.6,T-GDI,,110.0,Manuální,,,,Ne,SUV,Comfort,,,Odstraněno,Sauto.cz,Ano,https://www.sauto.cz/osobni/detail/hyundai/tucson/210497951
Jeep Compass 1.3 PHEV 4xe (Plug-In),417900,53383.0,2021,Benzín,1.3,Turbo,,110.0,Automatická,,,,Ne,SUV,,,Night Eagle,Odstraněno,Sauto.cz,Ano,https://www.sauto.cz/osobni/detail/jeep/compass/209575797
Kia Ceed SW 1.5 T-GDI (Kombi),589980,24500.0,2025,Benzín,1.5,T-GDI,,103.0,Automatická,Ano,,,Ne,Kombi,GT Line,,,Odstraněno,Sauto.cz,Ano,https://www.sauto.cz/osobni/detail/kia/cee-d/209330985
Kia Ceed SW 1.5 T-GDI (Kombi),529000,14614.0,2025,Benzín,1.5,T-GDI,,103.0,Automatická,,Ano,,Ne,Kombi,TOP,,(2025),Odstraněno,Sauto.cz,Ano,https://www.sauto.cz/osobni/detail/kia/cee-d/209346048
Kia Ceed SW 1.5 T-GDI (Kombi),378900,85372.0,2023,Benzín,1.5,T-GDI,,118.0,Manuální,,,,Ne,Kombi,TOP,,"1.maj,ČR",Odstraněno,Sauto.cz,Ano,https://www.sauto.cz/osobni/detail/kia/cee-d/210168035
Kia Ceed SW 1.5 T-GDI (Kombi),469000,28273.0,2023,Benzín,1.5,T-GDI,,117.0,Manuální,,,,Ne,Kombi,TOP,,SW,Odstraněno,Sauto.cz,Ano,https://www.sauto.cz/osobni/detail/kia/cee-d/210263678
Kia Ceed SW 1.5 T-GDI (Kombi),389900,41076.0,2023,Benzín,1.5,T-GDI,,118.0,Manuální,,,,Ne,Kombi,SPIN,,,Odstraněno,Sauto.cz,Ano,https://www.sauto.cz/osobni/detail/kia/cee-d/210458558
Kia Ceed Hatchback 1.5 T-GDI,467000,14358.0,2025,Benzín,1.5,T-GDI,,103.0,Manuální,,,,Ne,Hatchback,,,"Gold, Serv.kniha",Odstraněno,Sauto.cz,Ano,https://www.sauto.cz/osobni/detail/kia/cee-d/210473366
Kia K4 2.0 MPI (Sedan pro USA),587822,2300.0,2025,Benzín,1.6,TGDI,PHEV,110.0,Automatická,Ano,,,Ne,Hatchback,Exclusive,,aut.,Odstraněno,Sauto.cz,Ano,https://www.sauto.cz/osobni/detail/kia/k4/209807631
Kia K4 2.0 MPI (Sedan pro USA),598980,5.0,2026,Benzín,1.6,T-GDI,,110.0,Automatická,Ano,,,Ne,Hatchback,SPIN,,,Odstraněno,Sauto.cz,Ano,https://www.sauto.cz/osobni/detail/kia/k4/210002925
Kia K4 2.0 MPI (Sedan pro USA),628980,5.0,2026,Benzín,1.6,T-GDI,PHEV,110.0,,Ano,,,Ne,Hatchback,Exclusive,,,Odstraněno,Sauto.cz,Ano,https://www.sauto.cz/osobni/detail/kia/k4/210253562
Kia K4 2.0 MPI (Sedan pro USA),674980,5.0,2026,Benzín,1.6,T-GDI,PHEV,110.0,Automatická,Ano,,,Ne,Kombi,Exclusive,,,Odstraněno,Sauto.cz,Ano,https://www.sauto.cz/osobni/detail/kia/k4/210482285
Kia ProCeed 1.5 T-GDI (Shooting Brake),490000,35079.0,2021,Benzín,1.6,T-GDI,,150.0,Automatická,,,,Ne,Hatchback,,,"GT , Automat, ČR",Odstraněno,Sauto.cz,Ano,https://www.sauto.cz/osobni/detail/kia/proceed/210326870
Kia XCeed 1.5 T-GDI (Crossover),533000,5000.0,2025,Benzín,1.5,T-GDI,,103.0,Manuální,,,,Ne,Hatchback,TOP,,MT,Odstraněno,Sauto.cz,Ano,https://www.sauto.cz/osobni/detail/kia/xcee-d/209705157
Mazda 3 Hatchback 2.0 e-Skyactiv G,685300,5.0,2026,Benzín,2.5,,,103.0,Automatická,,,,Ne,Hatchback,,,"140PS, AT, Cen-line, AKCE!",Odstraněno,Sauto.cz,Ano,https://www.sauto.cz/osobni/detail/mazda/3/210160154
Mazda CX-5 2.0 Skyactiv-G (Oprava CX-5),729900,28000.0,2025,Benzín,2.5,,,143.0,Automatická,,,,Ne,SUV,,,i automat 360view,Odstraněno,Sauto.cz,Ano,https://www.sauto.cz/osobni/detail/mazda/cx-5/210475295
Mini Cooper 3D Hatchback (Benzín),649000,48312.0,2023,Benzín,2.0,,,131.0,Automatická,,,,Ne,Hatchback,,,AUT,Odstraněno,Sauto.cz,Ano,https://www.sauto.cz/osobni/detail/mini/cooper-s/210304241
Mini Cooper 3D Hatchback (Benzín),528999,58448.0,2023,Benzín,2.0,,,131.0,,,,,Ano,Hatchback,,,ALL4,Odstraněno,Sauto.cz,Ano,https://www.sauto.cz/osobni/detail/mini/cooper-s/210326696
Nissan Qashqai 1.3 DIG-T MHEV,624990,10.0,2026,Benzín,1.3,,,116.0,Manuální,,,,Ne,SUV,Acenta,,DIG-T manual,Odstraněno,Sauto.cz,Ano,https://www.sauto.cz/osobni/detail/nissan/qashqai/210158072
Opel Insignia Grand Sport 2.0 CDTI,330000,93386.0,2022,Nafta,2.0,CDTi,,128.0,Manuální,,,,Ne,Liftback,,,Serv.kniha,Odstraněno,Sauto.cz,Ano,https://www.sauto.cz/osobni/detail/opel/insignia/210334865
Opel Zafira 2.0,729000,88700.0,2021,Nafta,2.0,,PHEV,130.0,Automatická,,,,Ne,MPV,,,OPEL ZAFIRA LIVE,Odstraněno,Sauto.cz,Ano,https://www.sauto.cz/osobni/detail/opel/zafira/210418094
Renault Arkana 1.3 TCe MHEV (SUV-Kupé),505000,28676.0,2022,Benzín,1.3,TCe,,103.0,Automatická,,,,Ne,SUV,,,INTENS 140 EDC,Odstraněno,Sauto.cz,Ano,https://www.sauto.cz/osobni/detail/renault/arkana/209978916
Renault Captur 1.0 TCe,450000,33732.0,2022,Benzín,1.3,TCe,,103.0,Automatická,,,,Ne,SUV,,,"Automat, ČR,1.maj",Odstraněno,Sauto.cz,Ano,https://www.sauto.cz/osobni/detail/renault/captur/210194726
Renault Captur 1.0 TCe,380000,73560.0,2024,Benzín,1.3,TCe,MHEV,103.0,Manuální,,,,Ne,SUV,,,"ČR,1.maj, Kůže",Odstraněno,Sauto.cz,Ano,https://www.sauto.cz/osobni/detail/renault/captur/210319013
Seat Ateca 1.5 TSI,580000,10480.0,2024,Benzín,1.5,TSI,,110.0,Manuální,,,,Ne,SUV,Style,Ano,"Záruka, ČR",Odstraněno,Sauto.cz,Ano,https://www.sauto.cz/osobni/detail/seat/ateca/209527986
Škoda Fabia Hatchback (Gen 4) 1.0 TSI,465000,10975.0,2023,Benzín,1.5,TSI,,110.0,Automatická,Ano,,,Ne,Hatchback,Style,,,Odstraněno,Sauto.cz,Ano,https://www.sauto.cz/osobni/detail/skoda/fabia/209767761
Škoda Fabia Hatchback (Gen 4) 1.0 TSI,539900,10780.0,2025,Benzín,1.5,TSI,,110.0,Automatická,Ano,,,Ne,Hatchback,,,Monte Car,Odstraněno,Sauto.cz,Ano,https://www.sauto.cz/osobni/detail/skoda/fabia/210342146
Škoda Fabia Hatchback (Gen 4) 1.0 TSI,555000,23590.0,2025,Benzín,1.5,TSI,,110.0,Automatická,Ano,,,Ne,Hatchback,Monte Carlo,,,Odstraněno,Sauto.cz,Ano,https://www.sauto.cz/osobni/detail/skoda/fabia/210424499
Škoda Kamiq 1.0 TSI,480000,20644.0,2024,Benzín,1.5,TSI,,110.0,Manuální,,,,Ne,Hatchback,TOP,,"- , Selectio",Odstraněno,Sauto.cz,Ano,https://www.sauto.cz/osobni/detail/skoda/kamiq/209234439
Škoda Kamiq 1.0 TSI,525000,24610.0,2023,Benzín,1.5,,,110.0,Manuální,,,,Ne,Hatchback,,,KAMIQ MC TS 110 M6F,Odstraněno,Sauto.cz,Ano,https://www.sauto.cz/osobni/detail/skoda/kamiq/209695290
Škoda Kamiq 1.0 TSI,449000,28000.0,2022,Benzín,1.5,TSI,,110.0,Automatická,Ano,,,Ne,Hatchback,Monte Carlo,,,Odstraněno,Sauto.cz,Ano,https://www.sauto.cz/osobni/detail/skoda/kamiq/210431120
Škoda Kamiq 1.0 TSI,429000,48539.0,2021,Benzín,1.5,TSI,,110.0,Manuální,,,,Ne,SUV,Ambition,,Extra,Odstraněno,Sauto.cz,Ano,https://www.sauto.cz/osobni/detail/skoda/kamiq/210484541
Škoda Karoq 1.5 TSI,568900,27227.0,2022,Benzín,1.5,TSI,,110.0,Automatická,,,,Ne,SUV,Ambition,,,Odstraněno,Sauto.cz,Ano,https://www.sauto.cz/osobni/detail/skoda/karoq/209164866
Škoda Karoq 1.5 TSI,669900,27700.0,2023,Benzín,1.5,TSI,,110.0,Automatická,Ano,,,Ne,SUV,Ambition,,,Odstraněno,Sauto.cz,Ano,https://www.sauto.cz/osobni/detail/skoda/karoq/209319816
Škoda Karoq 1.5 TSI,669000,57055.0,2022,Benzín,2.0,TSI,,140.0,Automatická,Ano,,,Ano,SUV,Sportline,,,Odstraněno,Sauto.cz,Ano,https://www.sauto.cz/osobni/detail/skoda/karoq/209608944
Škoda Karoq 1.5 TSI,659000,18350.0,2025,Benzín,1.5,TSI,,110.0,Manuální,,,,Ne,SUV,Selection,,,Odstraněno,Sauto.cz,Ano,https://www.sauto.cz/osobni/detail/skoda/karoq/209950860
Škoda Karoq 1.5 TSI,528890,42753.0,2022,Benzín,1.5,TSI,,110.0,Automatická,Ano,,,Ne,SUV,Ambition,,,Odstraněno,Sauto.cz,Ano,https://www.sauto.cz/osobni/detail/skoda/karoq/210364133
Škoda Karoq 1.5 TSI,699000,17500.0,2024,Benzín,1.5,TSI,,110.0,Automatická,,,,Ne,Kombi,Top Selection,,110 A7F,Odstraněno,Sauto.cz,Ano,https://www.sauto.cz/osobni/detail/skoda/karoq/210421661
"Škoda Kodiaq iV (Gen 2, PHEV)",646000,81786.0,2022,Nafta,2.0,TDI,,110.0,Automatická,Ano,,,Ano,SUV,Style,,- REZE,Odstraněno,Sauto.cz,Ano,https://www.sauto.cz/osobni/detail/skoda/kodiaq/209985123
"Škoda Kodiaq 1.5 TSI (Gen 2, 5 m.)",719900,38645.0,2021,Nafta,2.0,,,110.0,Automatická,,,,Ano,SUV,Style,,"Bezklíč,Tažné",Odstraněno,Sauto.cz,Ano,https://www.sauto.cz/osobni/detail/skoda/kodiaq/210487082
Škoda Octavia Liftback 1.5 TSI,484900,19233.0,2023,Benzín,1.5,TSI,,110.0,Manuální,,,,Ne,Liftback,Ambition,,Plus,Odstraněno,Sauto.cz,Ano,https://www.sauto.cz/osobni/detail/skoda/octavia/207573337
Škoda Octavia Combi iV (PHEV),649000,27763.0,2023,Nafta,2.0,TDI,,110.0,Automatická,,,,Ne,Kombi,Style,,A7F 5 100,Odstraněno,Sauto.cz,Ano,https://www.sauto.cz/osobni/detail/skoda/octavia/207912925
Škoda Octavia Liftback 1.5 TSI,577000,20983.0,2024,Benzín,1.5,TSI,,110.0,Manuální,,,,Ne,Liftback,Style,,,Odstraněno,Sauto.cz,Ano,https://www.sauto.cz/osobni/detail/skoda/octavia/208622849
Škoda Octavia Liftback 1.5 TSI,594900,26692.0,2024,Benzín,1.5,eTSI,,110.0,Automatická,,,,Ne,Liftback,Top Selection,,,Odstraněno,Sauto.cz,Ano,https://www.sauto.cz/osobni/detail/skoda/octavia/208717304
Škoda Octavia Combi iV (PHEV),715000,24000.0,2024,Nafta,2.0,TDI,,110.0,Automatická,Ano,,,Ne,Kombi,Selection,,,Odstraněno,Sauto.cz,Ano,https://www.sauto.cz/osobni/detail/skoda/octavia/208844502
Škoda Octavia Liftback 1.5 TSI,665000,27040.0,2024,Nafta,2.0,TDI,,110.0,Automatická,Ano,,,Ne,Liftback,Top Selection,,,Odstraněno,Sauto.cz,Ano,https://www.sauto.cz/osobni/detail/skoda/octavia/209001882
Škoda Octavia Liftback 1.5 TSI,575000,12700.0,2024,Benzín,1.5,TSI,,110.0,Manuální,,,,Ne,Liftback,Top Selection,,,Odstraněno,Sauto.cz,Ano,https://www.sauto.cz/osobni/detail/skoda/octavia/209122248
Škoda Octavia 4 Lim. Style 1.5 TSI,701000,,2026,Benzín,1.5,TSI,,110.0,Manuální,,,,Ne,SUV,Selection,,,Odstraněno,Sauto.cz,Ano,https://www.sauto.cz/osobni/detail/skoda/octavia/209930421
Škoda Octavia Combi 1.5 TSI,442000,54672.0,2021,Benzín,1.5,TSI,,110.0,Manuální,,,,Ne,Kombi,Style,,ČR,Odstraněno,Sauto.cz,Ano,https://www.sauto.cz/osobni/detail/skoda/octavia/209943366
Škoda Octavia Combi 1.5 TSI,729000,27190.0,2025,Benzín,1.5,TSI,PHEV,110.0,Manuální,,,,Ne,Kombi,Exclusive,,Combi S,Odstraněno,Sauto.cz,Ano,https://www.sauto.cz/osobni/detail/skoda/octavia/210105872
Škoda Octavia Liftback 1.5 TSI,599990,25452.0,2025,Benzín,1.5,TSI,,110.0,Manuální,,,,Ne,Liftback,Selection,,110 k W City,Odstraněno,Sauto.cz,Ano,https://www.sauto.cz/osobni/detail/skoda/octavia/210205796
Škoda Octavia Liftback 1.5 TSI,419000,95754.0,2023,Benzín,1.5,TSI,,110.0,Manuální,,,,Ne,Liftback,Ambition,,,Odstraněno,Sauto.cz,Ano,https://www.sauto.cz/osobni/detail/skoda/octavia/210367475
Škoda Octavia Liftback 1.5 TSI,469000,78474.0,2021,Benzín,1.5,eTSI,,110.0,Automatická,Ano,,,Ne,Liftback,Style,,Plus,Odstraněno,Sauto.cz,Ano,https://www.sauto.cz/osobni/detail/skoda/octavia/210407861
Škoda Octavia Combi 1.5 TSI,675180,18852.0,2025,Benzín,1.5,TSI,,110.0,Manuální,,,,Ne,Kombi,Top Selection,,,Odstraněno,Sauto.cz,Ano,https://www.sauto.cz/osobni/detail/skoda/octavia/210438641
Škoda Octavia Liftback 1.5 TSI,448800,68500.0,2023,Nafta,2.0,TDI,,110.0,Manuální,,,,Ne,Liftback,Ambition,,Plus,Odstraněno,Sauto.cz,Ano,https://www.sauto.cz/osobni/detail/skoda/octavia/210455861
Škoda Octavia Combi 1.5 TSI,587900,37668.0,2023,Benzín,1.5,TSI,,110.0,Automatická,,,,Ne,Kombi,Style,,Combi,Odstraněno,Sauto.cz,Ano,https://www.sauto.cz/osobni/detail/skoda/octavia/210476393
Škoda Octavia Liftback 1.5 TSI,434900,83905.0,2023,Benzín,1.5,TSI,,110.0,Manuální,,,,Ne,Liftback,Style,,,Odstraněno,Sauto.cz,Ano,https://www.sauto.cz/osobni/detail/skoda/octavia/210479456
Škoda Octavia Combi 1.5 TSI,459000,61918.0,2021,Benzín,1.5,TSI,,110.0,Automatická,Ano,,,Ne,Kombi,Style,,Plus,Odstraněno,Sauto.cz,Ano,https://www.sauto.cz/osobni/detail/skoda/octavia/210488018
Škoda Scala 1.0 TSI,499000,20773.0,2025,Benzín,1.5,TSI,,110.0,Automatická,,,,Ne,Hatchback,TOP,,SELEC 110 A7F,Odstraněno,Sauto.cz,Ano,https://www.sauto.cz/osobni/detail/skoda/scala/210402389
Škoda Superb 3 Combi Style 2.0 TDI,569000,72563.0,2021,Nafta,2.0,TDI,,110.0,Automatická,Ano,,,Ne,Liftback,Style,,,Odstraněno,Sauto.cz,Ano,https://www.sauto.cz/osobni/detail/skoda/superb/210314735
KGM Korando 1.5 GDI-T 2WD,370000,60014.0,2022,Benzín,1.5,TGDI,,120.0,Manuální,,,,Ne,SUV,Style,,"1.maj,ČR",Odstraněno,Sauto.cz,Ano,https://www.sauto.cz/osobni/detail/ssangyong/korando/209951475
KGM Korando 1.5 GDI-T 2WD,420000,39383.0,2022,Benzín,1.5,T-GDI,,120.0,Automatická,,,,Ne,SUV,,,"Automat, ČR,1.maj",Odstraněno,Sauto.cz,Ano,https://www.sauto.cz/osobni/detail/ssangyong/korando/210082649
KGM Korando 1.5 GDI-T 2WD,419990,50702.0,2022,Benzín,1.5,TGDI,,120.0,Automatická,,,,Ne,SUV,,,,Odstraněno,Sauto.cz,Ano,https://www.sauto.cz/osobni/detail/ssangyong/korando/210138524
KGM Korando 1.5 GDI-T 2WD,390000,77300.0,2021,Benzín,1.5,T-GDI,,120.0,Automatická,,,,Ne,SUV,,Ano,AT | Tažné | Záruka,Odstraněno,Sauto.cz,Ano,https://www.sauto.cz/osobni/detail/ssangyong/korando/210320351
Toyota C-HR 1.8,749900,6000.0,2025,Benzín,1.8,,PHEV,103.0,Automatická,,,,Ne,SUV,,,HEV 4x2 EXECUTIVE,Odstraněno,Sauto.cz,Ano,https://www.sauto.cz/osobni/detail/toyota/c-hr/208479362
Toyota C-HR 1.8,719000,2950.0,2025,Benzín,1.8,,HEV,106.0,Automatická,,,,Ne,SUV,Style,,Hybrid (140 k) + zim,Odstraněno,Sauto.cz,Ano,https://www.sauto.cz/osobni/detail/toyota/c-hr/210412136
Toyota Proace 2.0,700000,55496.0,2022,Nafta,2.0,,,106.0,Manuální,,,,Ne,MPV,,,"D-4D, Family, 8 míst, L2",Odstraněno,Sauto.cz,Ano,https://www.sauto.cz/osobni/detail/toyota/proace-verso/210436130
VW Arteon Shooting Brake 2.0 TDI,730000,71023.0,2023,Nafta,2.0,TDI,,110.0,Automatická,,,,Ne,Kombi,R-Line,,NOVÁ CENA,Odstraněno,Sauto.cz,Ano,https://www.sauto.cz/osobni/detail/volkswagen/arteon-shooting-brake/209984463
VW Golf Variant 1.5 eTSI (Gen 8),559000,46423.0,2024,Benzín,1.5,eTSI,MHEV,110.0,Automatická,Ano,,,Ne,Kombi,Style,,,Odstraněno,Sauto.cz,Ano,https://www.sauto.cz/osobni/detail/volkswagen/golf-variant/210342053
VW Golf Variant 1.5 eTSI (Gen 8),619900,31418.0,2023,Benzín,1.5,TSI,,110.0,Automatická,Ano,,,Ne,Kombi,R-Line,,M HEV,Odstraněno,Sauto.cz,Ano,https://www.sauto.cz/osobni/detail/volkswagen/golf/209902545
VW Golf Variant 1.5 eTSI (Gen 8),650000,25352.0,2023,Benzín,1.5,TSI,,110.0,Automatická,,,,Ne,Kombi,R-Line,,Automat,Odstraněno,Sauto.cz,Ano,https://www.sauto.cz/osobni/detail/volkswagen/golf/210416003
VW Passat B8 Variant Elegance 2.0 TDI,528999,60023.0,2021,Nafta,2.0,TDI,,110.0,Automatická,Ano,,,Ne,Kombi,Elegance,,DP,Odstraněno,Sauto.cz,Ano,https://www.sauto.cz/osobni/detail/volkswagen/passat/210040725
VW Tiguan Allspace 2.0 TDI (5místná verze),579900,100000.0,2023,Nafta,2.0,TDI,,110.0,Manuální,,,,Ne,SUV,Life,,CZ DPH,Odstraněno,Sauto.cz,Ano,https://www.sauto.cz/osobni/detail/volkswagen/tiguan-allspace/210428261
VW Touran 1.5 TSI (5místná verze),650000,61580.0,2022,Benzín,1.5,TSI,,110.0,Automatická,,,,Ne,MPV,,,"Automat, ČR",Odstraněno,Sauto.cz,Ano,https://www.sauto.cz/osobni/detail/volkswagen/touran/210337484
Volvo XC40 B3 MHEV,595000,34237.0,2022,Benzín,2.0,,,145.0,Automatická,Ano,,,Ne,SUV,,,B4 Plus Dark PDC,Odstraněno,Sauto.cz,Ano,https://www.sauto.cz/osobni/detail/volvo/xc40/209725320
Audi SQ8 4.0 TFSI,95000,16000.0,2025,Benzín,4.0,TFSI,,373.0,Automatická,,,,Ano,Hatchback,Quattro,,Audi SQ8,Odstraněno,Sauto.cz,Ne,https://www.sauto.cz/osobni/detail/audi/sq8/210512000
Kia ProCeed 1.5 T-GDI (Shooting Brake),640000,17050.0,2024,Benzín,1.6,TGDI,,150.0,Automatická,,,,Ne,Kombi,,,"GT 1. Majitel,ČR",Odstraněno,Sauto.cz,Ano,https://www.sauto.cz/osobni/detail/kia/proceed/210443237
Mazda 6 Wagon 2.5 Skyactiv-G (Kombi),699900,56470.0,2022,Benzín,2.5,,PHEV,143.0,Automatická,,,,Ne,Kombi,,,"SKYACTIV G194 HOMURA, ACC",Odstraněno,Sauto.cz,Ano,https://www.sauto.cz/osobni/detail/mazda/6/210493730
Opel Mokka 1.2 Turbo,459990,5.0,2026,Benzín,1.2,Turbo,,100.0,Manuální,,,,Ne,Hatchback,,,HIT,Odstraněno,Sauto.cz,Ano,https://www.sauto.cz/osobni/detail/opel/mokka/210502745
Škoda Karoq 1.5 TSI,710000,53699.0,2024,Nafta,2.0,TDI,,110.0,Automatická,,,,Ano,SUV,,,A7A SportLin,Odstraněno,Sauto.cz,Ano,https://www.sauto.cz/osobni/detail/skoda/karoq/210492656
Škoda Octavia Combi 1.5 TSI,639000,80620.0,2023,Benzín,2.0,TSI,,140.0,Automatická,Ano,,,Ano,Kombi,Scout,,Combi,Odstraněno,Sauto.cz,Ano,https://www.sauto.cz/osobni/detail/skoda/octavia/210507233
BMW 5 2.0,639000,69413,2022,Nafta,2.0,,,140,,,,,Ne,Sedan/limuzína,,,520d,Odstraněno,Sauto.cz,Ano,https://www.sauto.cz/osobni/detail/bmw/rada-5/210471890
Cupra Formentor 1.5 TSI,699990,9500,2025,Benzín,1.5,TSI,,110,Automatická,,,,Ne,SUV,,,TOVÁRNÍ ZÁRUKA,Ojeté,Sauto.cz,Ano,
Ford Tourneo Custom 2.0 EcoBlue,750000,74369,2023,Nafta,2.0,EcoBlue,PHEV,110,Manuální,,,,Ne,MPV,Active,,"Klima, ČR",Odstraněno,Sauto.cz,Ano,https://www.sauto.cz/osobni/detail/ford/tourneo-custom/210394901
Hyundai Tucson 1.6 T-GDI MHEV,530000,58570,2023,Benzín,1.6,T-GDI,MHEV,110,Automatická,,,,Ne,SUV,,,"48V , Výhřevy",Odstraněno,Sauto.cz,Ano,https://www.sauto.cz/osobni/detail/hyundai/tucson/209556786
Hyundai Tucson 1.6 T-GDI MHEV,740000,14709,2025,Benzín,1.6,T-GDI,,118,Automatická,,,,Ne,SUV,N-Line,,N- Line,Odstraněno,Sauto.cz,Ano,https://www.sauto.cz/osobni/detail/hyundai/tucson/209903745
Hyundai Tucson 1.6 T-GDI PHEV,620000,28355,2024,Benzín,1.6,T-GDI,PHEV,110,Automatická,,,,Ne,SUV,,,"48V MHEV, Executive",Odstraněno,Sauto.cz,Ano,https://www.sauto.cz/osobni/detail/hyundai/tucson/210447617
Hyundai Tucson 1.6 T-GDI MHEV,480000,62910,2022,Benzín,1.6,T-GDI,,110,Manuální,,,,Ano,SUV,,,1.maj.,Odstraněno,Sauto.cz,Ano,https://www.sauto.cz/osobni/detail/hyundai/tucson/210478421
Kia Ceed Hatchback 1.5 T-GDI,303000,50292,2022,Benzín,1.5,T-GDI,,118,Manuální,,,,Ne,Hatchback,,,ČR,Odstraněno,Sauto.cz,Ano,https://www.sauto.cz/osobni/detail/kia/cee-d/209197146
Kia Sportage 1.6 T-GDI MHEV,530000,88755,2022,Benzín,1.6,T-GDI,,110,Manuální,,,,Ne,SUV,TOP,,"ČR,1.maj",Odstraněno,Sauto.cz,Ano,https://www.sauto.cz/osobni/detail/kia/sportage/210336581
MG HS 1.5 T-GDI (Zážehový motor),660000,17500,2024,Benzín,1.5,,PHEV,125,Automatická,,,,Ne,Hatchback,,,EXLUSIVE AT7,Odstraněno,Sauto.cz,Ano,https://www.sauto.cz/osobni/detail/mg/hs/210425780
MG HS 1.5 T-GDI (Zážehový motor),459900,23400,2023,Benzín,1.5,,PHEV,119,Manuální,,,,Ne,SUV,Exclusive,,TGI panora,Odstraněno,Sauto.cz,Ano,https://www.sauto.cz/osobni/detail/mg/hs/210475331
MG HS 1.5 T-GDI (Zážehový motor),589900,1500,2024,Benzín,1.5,,,125,Automatická,,,,Ne,SUV,,Ano,i EXCL. Záruka MG,Odstraněno,Sauto.cz,Ano,https://www.sauto.cz/osobni/detail/mg/hs/210475343
Omoda 5 1.6 T-GDI,667000,10,2025,Benzín,1.6,TGDI,,108,Automatická,,,,Ne,SUV,Premium,,,Odstraněno,Sauto.cz,Ano,https://www.sauto.cz/osobni/detail/omoda/5/208181741
Opel Zafira 2.0,649000,77000,2022,Nafta,2.0,,,106,Manuální,,,,Ne,Hatchback,,,L1H1 Manuál 8 Míst,Odstraněno,Sauto.cz,Ano,https://www.sauto.cz/osobni/detail/opel/zafira/209886315
Renault Symbioz 1.3,624900,,2025,Benzín,1.3,,,103,Manuální,,,,Ne,SUV,,,140 Techno,Odstraněno,Sauto.cz,Ano,https://www.sauto.cz/osobni/detail/renault/symbioz/210365300
Seat Tarraco 1.5 TSI (5místná verze),679990,75000,2022,Nafta,2.0,TDI,,147,Automatická,Ano,,,Ano,SUV,FR,,DCC 4WD,Odstraněno,Sauto.cz,Ano,https://www.sauto.cz/osobni/detail/seat/tarraco/209831220
Škoda Kamiq 1.0 TSI,599000,13860,2025,Benzín,1.5,TSI,,110,Manuální,,,,Ne,SUV,Monte Carlo,,,Odstraněno,Sauto.cz,Ano,https://www.sauto.cz/osobni/detail/skoda/kamiq/210145412
Škoda Kamiq 1.0 TSI,560000,7067,2024,Benzín,1.5,TSI,,110,Automatická,,,,Ne,SUV,Selection,Ano,Záruka,Odstraněno,Sauto.cz,Ano,https://www.sauto.cz/osobni/detail/skoda/kamiq/210371951
Škoda Kamiq 1.0 TSI,499990,10000,2024,Benzín,1.5,TSI,,110,Manuální,,,,Ne,Hatchback,,,"2024,Zar.Predplac Serv.",Odstraněno,Sauto.cz,Ano,https://www.sauto.cz/osobni/detail/skoda/kamiq/210427268
Škoda Karoq 1.5 TSI,640000,22328,2024,Benzín,1.5,TSI,,110,Automatická,,,,Ne,SUV,,,"Fresh, FRESH",Odstraněno,Sauto.cz,Ano,https://www.sauto.cz/osobni/detail/skoda/karoq/209862831
Škoda Karoq 1.5 TSI,700000,23184,2023,Benzín,1.5,TSI,,110,Automatická,,,,Ne,SUV,Sportline,Ano,Záruka,Odstraněno,Sauto.cz,Ano,https://www.sauto.cz/osobni/detail/skoda/karoq/210033258
Škoda Karoq 1.5 TSI,574890,51513,2022,Benzín,1.5,TSI,,110,Automatická,Ano,,,Ne,SUV,Style,,Plus,Odstraněno,Sauto.cz,Ano,https://www.sauto.cz/osobni/detail/skoda/karoq/210269780
Škoda Karoq 1.5 TSI,749000,38510,2023,Benzín,2.0,TSI,,140,Automatická,,,,Ano,SUV,Sportline,,7DS,Odstraněno,Sauto.cz,Ano,https://www.sauto.cz/osobni/detail/skoda/karoq/210477179
Škoda Karoq 1.5 TSI,699000,40724,2023,Benzín,1.5,TSI,,110,Automatická,Ano,,,Ne,SUV,Sportline,,,Odstraněno,Sauto.cz,Ano,https://www.sauto.cz/osobni/detail/skoda/karoq/210481466
Škoda Octavia Combi iV (PHEV),687900,14243,2024,Nafta,2.0,TDI,,110,Automatická,Ano,,,Ne,Kombi,Top Selection,,,Odstraněno,Sauto.cz,Ano,https://www.sauto.cz/osobni/detail/skoda/octavia/208222451
Škoda Octavia 4 Lim. Style 1.5 TSI,614990,61818,2023,Nafta,2.0,TDI,,110,Automatická,,,,Ne,Sedan/limuzína,Sportline,,,Odstraněno,Sauto.cz,Ano,https://www.sauto.cz/osobni/detail/skoda/octavia/208373276
Škoda Octavia Liftback 1.5 TSI,614900,24617,2024,Benzín,1.5,TSI,,110,Automatická,Ano,,,Ne,Liftback,Style,,,Odstraněno,Sauto.cz,Ano,https://www.sauto.cz/osobni/detail/skoda/octavia/209654139
Škoda Octavia Liftback 1.5 TSI,746000,8750,2024,Benzín,1.5,TSI,,110,Automatická,Ano,,,Ne,Liftback,TOP,,e- Selec,Odstraněno,Sauto.cz,Ano,https://www.sauto.cz/osobni/detail/skoda/octavia/209825688
Škoda Octavia 4 Lim. Style 1.5 TSI,729900,70000,2022,Nafta,2.0,,,147,Automatická,,,,Ano,Sedan/limuzína,,,Octavia RS ČR,Odstraněno,Sauto.cz,Ano,https://www.sauto.cz/osobni/detail/skoda/octavia/210075230
Škoda Octavia Liftback 1.5 TSI,599000,55777,2021,Nafta,2.0,TDI,,147,Automatická,Ano,,,Ne,Liftback,,,RS,Odstraněno,Sauto.cz,Ano,https://www.sauto.cz/osobni/detail/skoda/octavia/210424415
Škoda Scala 1.0 TSI,547900,12790,2025,Benzín,1.5,TSI,,110,Automatická,Ano,,,Ne,Hatchback,,,Monte 5L.Zár,Odstraněno,Sauto.cz,Ano,https://www.sauto.cz/osobni/detail/skoda/scala/210133973
Škoda Scala 1.0 TSI,399800,80979,2023,Benzín,1.5,TSI,,110,Manuální,,,,Ne,Hatchback,Style,,,Odstraněno,Sauto.cz,Ano,https://www.sauto.cz/osobni/detail/skoda/scala/210416636
Škoda Superb 3 Combi Style 2.0 TDI,598000,52330,2022,Nafta,2.0,TDI,,110,Automatická,,,,Ne,Liftback,Style,,"III - , Pl",Odstraněno,Sauto.cz,Ano,https://www.sauto.cz/osobni/detail/skoda/superb/210490802
Škoda Superb 3 Combi Style 2.0 TDI,499900,66813,2021,Nafta,2.0,TDI,,110,Automatická,,,,Ne,Kombi,,,Combi / Sty,Odstraněno,Sauto.cz,Ano,https://www.sauto.cz/osobni/detail/skoda/superb/210497885
KGM Korando 1.5 GDI-T 2WD,369000,19995,2022,Benzín,1.5,T-GDI,,120,Manuální,,,,Ne,SUV,,,,Odstraněno,Sauto.cz,Ano,https://www.sauto.cz/osobni/detail/ssangyong/korando/210116516
KGM Korando 1.5 GDI-T 2WD,410000,23342,2023,Benzín,1.5,T-GDI,,120,Manuální,,,,Ne,SUV,,,"1.maj,ČR,Klima",Odstraněno,Sauto.cz,Ano,https://www.sauto.cz/osobni/detail/ssangyong/korando/210222113
Subaru Forester 2.0i e-Boxer,475530,96000,2021,Benzín,2.0,,,110,Automatická,,,,Ano,SUV,,,,Odstraněno,Sauto.cz,Ano,https://www.sauto.cz/osobni/detail/subaru/forester/210199526
Toyota Proace 2.0,580000,65011,2022,Nafta,2.0,,,106,Manuální,,,,Ne,MPV,,,"D-4D, Kombi, L2",Odstraněno,Sauto.cz,Ano,https://www.sauto.cz/osobni/detail/toyota/proace/210189401
VW Passat Variant 1.5 eTSI (B9),499900,55118,2021,Benzín,1.5,TSI,,110,Manuální,,,,Ne,Kombi,,,NOVÉ ČR,Odstraněno,Sauto.cz,Ano,https://www.sauto.cz/osobni/detail/volkswagen/passat/210119510
VW Tiguan Life 1.5 TSI (Gen 2),669900,67306,2023,Benzín,1.5,TSI,,110,Automatická,Ano,,,Ne,SUV,Life,,,Odstraněno,Sauto.cz,Ano,https://www.sauto.cz/osobni/detail/volkswagen/tiguan-allspace/210353684
Hyundai Tucson 1.6 T-GDI MHEV,469900,39900,2022,Benzín,1.6,T-GDI,,110,Manuální,,,,Ne,SUV,,,SMART 1.MAJITEL,Odstraněno,Sauto.cz,Ano,https://www.sauto.cz/osobni/detail/hyundai/tucson/210492146
Jaecoo 7 1.5 TGDI PHEV,650000,39872,2025,Benzín,1.6,TGDI,PHEV,108,Automatická,,,,Ano,SUV,Exclusive,Ano,Záruka,Odstraněno,Sauto.cz,Ano,https://www.sauto.cz/osobni/detail/jaecoo/7/210494567
Omoda 5 1.6 T-GDI,573000,18009,2025,Benzín,1.6,,,108,Automatická,,,,Ne,SUV,Premium,Ano,"T, Záruka",Odstraněno,Sauto.cz,Ano,https://www.sauto.cz/osobni/detail/omoda/5/210512378
Renault Grand Scénic 1.3 TCe,419000,37126,2021,Benzín,1.3,TCe,,103,Automatická,,,,Ne,MPV,,,Intens,Odstraněno,Sauto.cz,Ne,https://www.sauto.cz/osobni/detail/renault/grand-scenic/210502868
Škoda Karoq 1.5 TSI,620000,23000,2022,Benzín,1.5,TSI,,110,Manuální,,,,Ne,SUV,,,"Skoda Karoq, 2022",Odstraněno,Sauto.cz,Ano,https://www.sauto.cz/osobni/detail/skoda/karoq/210487952
Škoda Superb 3 Combi Style 2.0 TDI,689000,75000,2022,Nafta,2.0,TDI,,147,Automatická,Ano,,,Ne,Kombi,Sportline,,,Odstraněno,Sauto.cz,Ano,https://www.sauto.cz/osobni/detail/skoda/superb/210493724
BAIC X5 1.5T CVT,689000,12,2025,Benzín,1.5,,,130,Automatická,,,,Ne,SUV,,,"T,ČR,AT",Odstraněno,Sauto.cz,Ano,https://www.sauto.cz/osobni/detail/baic/x5/209280381
BMW 2 2.0,600000,71195,2023,Nafta,2.0,,PHEV,110,Automatická,,,,Ne,MPV,Active,,"218d Tourer, NOVÁ CENA",Odstraněno,Sauto.cz,Ano,https://www.sauto.cz/osobni/detail/bmw/rada-2/210276797
"BMW X1 xDrive30e (PHEV, U11)",733000,47000,2022,Nafta,2.0,,PHEV,110,Automatická,,,,Ne,SUV,,,sDrive18d,Odstraněno,Sauto.cz,Ano,https://www.sauto.cz/osobni/detail/bmw/x1/196333966
"BMW X1 xDrive30e (PHEV, U11)",569000,58000,2021,Nafta,2.0,,PHEV,110,Automatická,,,,Ano,Kombi,,,"18d , 11 2021",Odstraněno,Sauto.cz,Ano,https://www.sauto.cz/osobni/detail/bmw/x1/210236666
"BMW X2 sDrive20i (Crossover, U10)",648000,28400,2023,Benzín,1.5,,PHEV,100,Automatická,,,,Ne,SUV,,,sDrive 18i,Odstraněno,Sauto.cz,Ano,https://www.sauto.cz/osobni/detail/bmw/x2/209564025
"BMW X2 sDrive20i (Crossover, U10)",694900,75000,2021,Nafta,2.0,,PHEV,140,Automatická,,,,Ano,SUV,,,"20d,MPaket,HeadUp,1.Maj",Odstraněno,Sauto.cz,Ano,https://www.sauto.cz/osobni/detail/bmw/x2/209786901
Cupra Formentor 1.5 TSI,719000,23455,2024,Benzín,1.5,eTSI,,110,Automatická,Ano,,,Ne,SUV,,,,Odstraněno,Sauto.cz,Ano,https://www.sauto.cz/osobni/detail/cupra/formentor/209458329
Cupra Formentor 1.5 TSI,697700,36323,2024,Benzín,2.0,TSI,,140,Automatická,Ano,,,Ano,SUV,,,Tov.Zár. ČR 1.,Odstraněno,Sauto.cz,Ano,https://www.sauto.cz/osobni/detail/cupra/formentor/210142796
Cupra Formentor 1.5 TSI,572900,24105,2023,Benzín,1.5,TSI,,110,Automatická,Ano,,,Ne,SUV,,,,Odstraněno,Sauto.cz,Ano,https://www.sauto.cz/osobni/detail/cupra/formentor/210299486
Cupra Formentor 1.4 e-Hybrid (PHEV),666000,32191,2024,Benzín,2.0,TSI,PHEV,140,Automatická,Ano,,,Ano,SUV,,,4Drive,Odstraněno,Sauto.cz,Ano,https://www.sauto.cz/osobni/detail/cupra/formentor/210419459
Ford Kuga 1.5 EcoBoost (Benzín),688766,,2025,Benzín,1.5,,,137,Automatická,,,,Ne,SUV,ST-Line,,VÝPRODEJ,Odstraněno,Sauto.cz,Ano,https://www.sauto.cz/osobni/detail/ford/kuga/209533254
Ford Puma 1.0 EcoBoost MHEV (Crossover),522770,,2026,Benzín,1.0,,MHEV,114,Automatická,,,,Ne,Hatchback,ST-Line,,VÝPRODEJ,Odstraněno,Sauto.cz,Ano,https://www.sauto.cz/osobni/detail/ford/puma/210122348
Ford Puma 1.0 EcoBoost MHEV (Crossover),482968,,2026,Benzín,1.0,,MHEV,114,Automatická,,,,Ne,Hatchback,ST-Line,,VÝPRODEJ,Odstraněno,Sauto.cz,Ano,https://www.sauto.cz/osobni/detail/ford/puma/210489500
Hyundai i30 Kombi 1.5 T-GDI MHEV,449900,37074,2023,Benzín,1.5,T-GDI,,117,Automatická,Ano,,,Ne,Kombi,N-Line,,,Odstraněno,Sauto.cz,Ano,https://www.sauto.cz/osobni/detail/hyundai/i30/209460312
Hyundai i30 Kombi 1.5 T-GDI MHEV,469000,42710,2023,Benzín,1.5,T-GDI,,117,Automatická,Ano,,,Ne,Kombi,N Line,,,Odstraněno,Sauto.cz,Ano,https://www.sauto.cz/osobni/detail/hyundai/i30/210423530
Hyundai i30 Kombi 1.5 T-GDI MHEV,380000,45403,2022,Benzín,1.5,T-GDI,MHEV,117,Manuální,,,,Ne,Kombi,,Ano,"Záruka, ČR",Odstraněno,Sauto.cz,Ano,https://www.sauto.cz/osobni/detail/hyundai/i30/210477251
Hyundai i30 Kombi 1.5 T-GDI MHEV,385000,76445,2023,Benzín,1.5,T-GDI,,118,Automatická,,,,Ne,Kombi,,,"1.maj,ČR,AT",Odstraněno,Sauto.cz,Ano,https://www.sauto.cz/osobni/detail/hyundai/i30/210479345
Hyundai Kona 1.0 T-GDI (Benzín),639900,7000,2025,Benzín,1.6,TGDI,,102,Automatická,Ano,,,Ne,SUV,N Line,,LP TECH,Odstraněno,Sauto.cz,Ano,https://www.sauto.cz/osobni/detail/hyundai/kona/208627907
Hyundai Kona 1.0 T-GDI (Benzín),519900,12553,2024,Benzín,1.6,T-GDI,,145,Manuální,,,,Ne,SUV,,,Smart,Odstraněno,Sauto.cz,Ano,https://www.sauto.cz/osobni/detail/hyundai/kona/209196324
Hyundai Tucson 1.6 T-GDI MHEV,449900,61104,2022,Nafta,1.6,CRDi,MHEV,100,Manuální,,,,Ne,SUV,,,Smart Navi,Odstraněno,Sauto.cz,Ano,https://www.sauto.cz/osobni/detail/hyundai/tucson/208229654
Hyundai Tucson 1.6 T-GDI MHEV,569990,24524,2022,Benzín,1.6,,,110,Manuální,,,,Ne,SUV,N-Line,,,Odstraněno,Sauto.cz,Ano,https://www.sauto.cz/osobni/detail/hyundai/tucson/209731002
Hyundai Tucson 1.6 T-GDI MHEV,580000,34881,2023,Benzín,1.6,T-GDI,,110,Manuální,,,,Ne,SUV,N-Line,Ano,"Záruka, ČR",Odstraněno,Sauto.cz,Ano,https://www.sauto.cz/osobni/detail/hyundai/tucson/210440843
Hyundai Tucson 1.6 T-GDI MHEV,600000,19016,2024,Benzín,1.6,T-GDI,,118,Manuální,,,,Ne,SUV,Style,Ano,"Záruka, ČR",Odstraněno,Sauto.cz,Ano,https://www.sauto.cz/osobni/detail/hyundai/tucson/210465269
Kia Ceed SW 1.5 T-GDI (Kombi),549000,,2025,Benzín,1.5,T-GDI,,103,Automatická,Ano,,,Ne,Kombi,SPIN,,SW (2025),Odstraněno,Sauto.cz,Ano,https://www.sauto.cz/osobni/detail/kia/cee-d/208538882
Kia Ceed SW 1.5 T-GDI (Kombi),549000,,2025,Benzín,1.5,T-GDI,,103,Automatická,Ano,Ano,,Ne,Kombi,SPIN,,(2025),Odstraněno,Sauto.cz,Ano,https://www.sauto.cz/osobni/detail/kia/cee-d/208538894
Kia Ceed SW 1.5 T-GDI (Kombi),539980,11000,2025,Benzín,1.5,T-GDI,,103,Automatická,Ano,Ano,,Ne,Kombi,TOP,,SW (202,Odstraněno,Sauto.cz,Ano,https://www.sauto.cz/osobni/detail/kia/cee-d/209933217
Kia Ceed SW 1.5 T-GDI (Kombi),606757,10070,2024,Benzín,1.5,,,103,Automatická,,,,Ne,Kombi,,,Cee’d Sporty Wagon,Odstraněno,Sauto.cz,Ano,https://www.sauto.cz/osobni/detail/kia/cee-d/210170426
Kia Ceed SW 1.5 T-GDI (Kombi),412517,76426,2022,Benzín,1.5,,,117,Automatická,,,,Ne,Kombi,,,,Odstraněno,Sauto.cz,Ano,https://www.sauto.cz/osobni/detail/kia/cee-d/210267605
Kia Ceed SW 1.5 T-GDI (Kombi),390000,35595,2023,Benzín,1.5,T-GDI,,117,Manuální,,,,Ne,Kombi,,,"ČR,1.maj",Odstraněno,Sauto.cz,Ano,https://www.sauto.cz/osobni/detail/kia/cee-d/210356558
Kia Ceed SW 1.5 T-GDI (Kombi),370000,55300,2023,Benzín,1.5,T-GDI,,118,Manuální,,,,Ne,Kombi,,Ano,"Záruka, Serv.kniha",Odstraněno,Sauto.cz,Ano,https://www.sauto.cz/osobni/detail/kia/cee-d/210487919
Kia Pro_Ceed 1.5,577000,43917,2024,Benzín,1.5,,,117,Automatická,,,,Ne,Hatchback,,,T-DGi / 7DC GT,Odstraněno,Sauto.cz,Ano,https://www.sauto.cz/osobni/detail/kia/pro_cee-d/209416251
Kia ProCeed 1.5 T-GDI (Shooting Brake),450000,72796,2021,Benzín,1.5,T-GDI,,117,Automatická,,,,Ne,Hatchback,GT-Line,,NOVÁ CENA,Odstraněno,Sauto.cz,Ano,https://www.sauto.cz/osobni/detail/kia/proceed/210160661
Kia ProCeed 1.5 T-GDI (Shooting Brake),480000,75550,2021,Benzín,1.5,T-GDI,,117,Automatická,,,,Ne,Kombi,GT-Line,Ano,Záruka,Odstraněno,Sauto.cz,Ano,https://www.sauto.cz/osobni/detail/kia/proceed/210282029
Kia ProCeed 1.5 T-GDI (Shooting Brake),589900,78100,2022,Benzín,1.6,,,150,Automatická,,,,Ne,Kombi,TOP,,-GT- STAV-GARÁŽOVANÉ,Odstraněno,Sauto.cz,Ano,https://www.sauto.cz/osobni/detail/kia/proceed/210379595
Kia ProCeed 1.5 T-GDI (Shooting Brake),560000,40692,2024,Benzín,1.5,T-GDI,,103,Automatická,,,,Ne,Hatchback,,Ano,"Záruka, Automat",Odstraněno,Sauto.cz,Ano,https://www.sauto.cz/osobni/detail/kia/proceed/210452885
Kia XCeed 1.5 T-GDI (Crossover),550000,14454,2024,Benzín,1.5,T-GDI,MHEV,103,Automatická,,,,Ne,Hatchback,,Ano,Záruka,Odstraněno,Sauto.cz,Ano,https://www.sauto.cz/osobni/detail/kia/xcee-d/210239486
Mazda 3 Hatchback 2.0 e-Skyactiv G,599000,16968,2023,Benzín,2.0,,,137,Manuální,,,,Ne,Hatchback,,,"X186 GT Plus, 1.majitel",Odstraněno,Sauto.cz,Ano,https://www.sauto.cz/osobni/detail/mazda/3/210154409
Mazda 6 Wagon 2.5 Skyactiv-G (Kombi),679900,20900,2022,Benzín,2.0,,,121,Manuální,,,,Ne,Kombi,,,i G165 Revolution,Odstraněno,Sauto.cz,Ano,https://www.sauto.cz/osobni/detail/mazda/6/207108060
Mazda CX-5 2.0 Skyactiv-G (Oprava CX-5),689999,33180,2022,Benzín,2.0,SKYACTIV-G,PHEV,121,Manuální,,,,Ano,SUV,,,165 REZERVACE !,Odstraněno,Sauto.cz,Ano,https://www.sauto.cz/osobni/detail/mazda/cx-5/210474128
MG HS 1.5 T-GDI (Zážehový motor),555000,3000,2025,Benzín,1.5,,,125,,,,,Ne,SUV,,,TGI Emotion MT DEMO,Odstraněno,Sauto.cz,Ano,https://www.sauto.cz/osobni/detail/mg/hs/210287810
Nissan Qashqai 1.3 DIG-T MHEV,699000,5,2025,Benzín,1.3,,,116,Automatická,,,,Ne,SUV,N-Connecta,,DIG-T X-Tronic,Odstraněno,Sauto.cz,Ano,https://www.sauto.cz/osobni/detail/nissan/qashqai/210419120
Omoda 5 1.6 T-GDI,499000,24034,2025,Benzín,1.6,TGDI,,108,Automatická,,,,Ne,SUV,,,OMODA 5 MY25 aut.,Odstraněno,Sauto.cz,Ano,https://www.sauto.cz/osobni/detail/omoda/5/210337049
Omoda 5 1.6 T-GDI,650000,2312,2026,Benzín,1.6,,,108,Automatická,,,,Ne,SUV,Premium,,"T, Ad. tempomat",Odstraněno,Sauto.cz,Ano,https://www.sauto.cz/osobni/detail/omoda/5/210518927
Omoda 5 1.6 T-GDI,650000,2312,2026,Benzín,1.6,,,108,Automatická,,,,Ne,SUV,Premium,,"T, Ad. tempomat",Odstraněno,Sauto.cz,Ano,https://www.sauto.cz/osobni/detail/omoda/5/210518930
Omoda 5 1.6 T-GDI,650000,2312,2026,Benzín,1.6,,,108,Automatická,,,,Ne,SUV,Premium,,"T, Ad. tempomat",Odstraněno,Sauto.cz,Ano,https://www.sauto.cz/osobni/detail/omoda/5/210519593
Omoda 5 1.6 T-GDI,650000,2312,2026,Benzín,1.6,,,108,Automatická,,,,Ne,SUV,Premium,,"T, Ad. tempomat",Odstraněno,Sauto.cz,Ano,https://www.sauto.cz/osobni/detail/omoda/5/210520292
Omoda 5 1.6 T-GDI,650000,2312,2026,Benzín,1.6,,,108,Automatická,,,,Ne,SUV,Premium,,"T, Ad. tempomat",Odstraněno,Sauto.cz,Ano,https://www.sauto.cz/osobni/detail/omoda/5/210521687
Peugeot 5008 1.2 PureTech MHEV,649877,90700,2023,Benzín,1.6,PureTech,,133,Automatická,,,,Ne,SUV,,,"AT8, ČR, 1.Maj",Odstraněno,Sauto.cz,Ano,https://www.sauto.cz/osobni/detail/peugeot/5008/210438296
Renault Arkana 1.3 TCe MHEV (SUV-Kupé),490000,39321,2022,Benzín,1.3,TCe,,103,Automatická,,,,Ne,SUV,,,"Automat, Serv.kniha",Odstraněno,Sauto.cz,Ano,https://www.sauto.cz/osobni/detail/renault/arkana/209745654
Renault Arkana 1.3 TCe MHEV (SUV-Kupé),430000,63771,2021,Benzín,1.3,TCe,,103,Automatická,,,,Ne,SUV,,,"Automat, Serv.kniha",Odstraněno,Sauto.cz,Ano,https://www.sauto.cz/osobni/detail/renault/arkana/210518960
Renault Captur 1.0 TCe,440000,12274,2023,Benzín,1.3,TCe,,103,Manuální,,,,Ne,SUV,,,"Intens, ČR,1.maj",Odstraněno,Sauto.cz,Ano,https://www.sauto.cz/osobni/detail/renault/captur/210277262
Seat Tarraco 1.5 TSI (5místná verze),649900,42734,2024,Benzín,1.5,TSI,,110,Automatická,Ano,,,Ne,SUV,Style,,,Odstraněno,Sauto.cz,Ano,https://www.sauto.cz/osobni/detail/seat/tarraco/210459017
Škoda Kamiq 1.0 TSI,529999,20881,2024,Benzín,1.5,TSI,,110,Automatická,Ano,,,Ne,SUV,,,panorama,Odstraněno,Sauto.cz,Ano,https://www.sauto.cz/osobni/detail/skoda/kamiq/210035816
Škoda Kamiq 1.0 TSI,414000,75311,2021,Benzín,1.5,TSI,,110,Automatická,Ano,,,Ne,SUV,,,"1.maj,ČR,LED",Odstraněno,Sauto.cz,Ano,https://www.sauto.cz/osobni/detail/skoda/kamiq/210334604
Škoda Kamiq 1.0 TSI,600000,43876,2024,Benzín,1.5,TSI,,110,Automatická,,,,Ne,SUV,Monte Carlo,Ano,Záruka,Odstraněno,Sauto.cz,Ano,https://www.sauto.cz/osobni/detail/skoda/kamiq/210441674
Škoda Kamiq 1.0 TSI,489900,48271,2022,Benzín,1.5,TSI,,110,Automatická,Ano,,,Ne,SUV,Style,,Plu,Odstraněno,Sauto.cz,Ano,https://www.sauto.cz/osobni/detail/skoda/kamiq/210487862
Škoda Karoq 1.5 TSI,565000,74942,2022,Benzín,1.5,,,110,Automatická,,,,Ne,Kombi,TOP,,Škoda Karoq 2021 stav,Odstraněno,Sauto.cz,Ano,https://www.sauto.cz/osobni/detail/skoda/karoq/210109004
Škoda Karoq 1.5 TSI,549000,10838,2025,Benzín,1.5,,,110,Manuální,,,,Ne,SUV,,,REZERVACE,Odstraněno,Sauto.cz,Ano,https://www.sauto.cz/osobni/detail/skoda/karoq/210314459
Škoda Karoq 1.5 TSI,549000,89313,2022,Benzín,1.5,TSI,,110,Automatická,Ano,,,Ne,SUV,Sportline,,- Webasto,Odstraněno,Sauto.cz,Ano,https://www.sauto.cz/osobni/detail/skoda/karoq/210424781
Škoda Karoq 1.5 TSI,629000,53333,2022,Nafta,2.0,TDI,,110,Automatická,Ano,,,Ano,Kombi,Style,,,Odstraněno,Sauto.cz,Ano,https://www.sauto.cz/osobni/detail/skoda/karoq/210450569
Škoda Karoq 1.5 TSI,540000,83715,2021,Benzín,1.5,TSI,,110,Manuální,,,,Ne,SUV,,,"1.maj,ČR",Odstraněno,Sauto.cz,Ano,https://www.sauto.cz/osobni/detail/skoda/karoq/210464573
Škoda Karoq 1.5 TSI,519999,56162,2021,Benzín,1.5,TSI,,110,Manuální,,,,Ne,Kombi,Sportline,,"navi,tažné...",Odstraněno,Sauto.cz,Ano,https://www.sauto.cz/osobni/detail/skoda/karoq/210483161
Škoda Octavia 4 Lim. Style 1.5 TSI,549900,11716,2023,Benzín,1.5,TSI,,110,Manuální,,,,Ne,Sedan/limuzína,Ambition,,Plus,Odstraněno,Sauto.cz,Ano,https://www.sauto.cz/osobni/detail/skoda/octavia/208148240
Škoda Octavia Liftback 1.5 TSI,572900,30848,2024,Benzín,1.5,TSI,,110,Automatická,,,,Ne,Liftback,Top Selection,,,Odstraněno,Sauto.cz,Ano,https://www.sauto.cz/osobni/detail/skoda/octavia/209262264
Škoda Octavia Liftback 1.5 TSI,679000,12147,2024,Benzín,1.5,TSI,,110,Automatická,,,,Ne,Liftback,Top Selection,,,Odstraněno,Sauto.cz,Ano,https://www.sauto.cz/osobni/detail/skoda/octavia/209539146
Škoda Octavia 4 Lim. Style 1.5 TSI,526000,74424,2021,Nafta,2.0,TDI,,110,Automatická,Ano,,,Ano,Sedan/limuzína,,,,Odstraněno,Sauto.cz,Ano,https://www.sauto.cz/osobni/detail/skoda/octavia/209788122
Škoda Octavia Liftback 1.5 TSI,493900,41815,2023,Benzín,1.5,TSI,,110,Automatická,,,,Ne,Liftback,Ambition,,M-HEV,Odstraněno,Sauto.cz,Ano,https://www.sauto.cz/osobni/detail/skoda/octavia/210013362
Škoda Octavia Liftback 1.5 TSI,520000,97652,2024,Benzín,1.5,TSI,MHEV,110,Automatická,,,,Ne,Liftback,Style,,"e-tec, Automat",Odstraněno,Sauto.cz,Ano,https://www.sauto.cz/osobni/detail/skoda/octavia/210325721
Škoda Octavia Combi 1.5 TSI,735000,41300,2023,Benzín,2.0,TSI,,180,Automatická,,,,Ne,Kombi,,,RS challenge pl,Odstraněno,Sauto.cz,Ano,https://www.sauto.cz/osobni/detail/skoda/octavia/210358379
Škoda Scala 1.0 TSI,599000,7975,2025,Benzín,1.5,TSI,,110,Automatická,Ano,,,Ne,Hatchback,Monte Carlo,,,Odstraněno,Sauto.cz,Ano,https://www.sauto.cz/osobni/detail/skoda/scala/209356095
Škoda Scala 1.0 TSI,515000,19500,2024,Benzín,1.5,TSI,,110,Manuální,,,,Ne,Hatchback,Monte Carlo,,,Odstraněno,Sauto.cz,Ano,https://www.sauto.cz/osobni/detail/skoda/scala/209972889
Škoda Scala 1.0 TSI,480000,48642,2021,Benzín,1.5,TSI,,110,Automatická,,,,Ne,Hatchback,Monte Carlo,,ČR,Odstraněno,Sauto.cz,Ano,https://www.sauto.cz/osobni/detail/skoda/scala/210195149
Škoda Scala 1.0 TSI,395000,66008,2022,Benzín,1.5,TSI,,110,Manuální,,,,Ne,Hatchback,Style,,,Odstraněno,Sauto.cz,Ano,https://www.sauto.cz/osobni/detail/skoda/scala/210435812
Škoda Scala 1.0 TSI,350000,45800,2023,Benzín,1.5,TSI,,110,Manuální,,,,Ne,Hatchback,Ambition,,() MA,Odstraněno,Sauto.cz,Ano,https://www.sauto.cz/osobni/detail/skoda/scala/210439127
Škoda Scala 1.0 TSI,549000,6303,2025,Benzín,1.5,TSI,,110,Manuální,,,,Ne,Hatchback,Monte Carlo,,,Odstraněno,Sauto.cz,Ano,https://www.sauto.cz/osobni/detail/skoda/scala/210515768
Škoda Superb Combi 1.5 TSI (Gen 4),649000,93237,2022,Benzín,2.0,TSI,,140,Automatická,Ano,,,Ne,Kombi,Style,,,Odstraněno,Sauto.cz,Ano,https://www.sauto.cz/osobni/detail/skoda/superb/210360617
SsangYong Rexton 2.2 e-XDI (5místná verze),641300,89452,2022,Nafta,2.2,,,148,Automatická,,,,Ano,SUV,,,e-XDi 4WD A T Crystal Kůže,Odstraněno,Sauto.cz,Ano,https://www.sauto.cz/osobni/detail/ssangyong/rexton/210321224
KGM Tivoli 1.5 GDI-T (Kompaktní),410000,34000,2029,Benzín,1.5,,,120,Manuální,,,,Ne,Kombi,,,SsangYong,Odstraněno,Sauto.cz,Ano,https://www.sauto.cz/osobni/detail/ssangyong/tivoli/210436838
SWM G5 PRO 1.5 Turbo,549000,19,2025,Benzín,1.5,Turbo,,102,Manuální,,,,Ne,SUV,,,G05 Pro 6st.man 7mís,Odstraněno,Sauto.cz,Ano,https://www.sauto.cz/osobni/detail/swm/g5-pro/208575647
Toyota Proace 2.0,680000,61867,2024,Nafta,2.0,,,106,Manuální,,,,Ne,MPV,,,"D-4D, L2",Odstraněno,Sauto.cz,Ano,https://www.sauto.cz/osobni/detail/toyota/proace-verso/210450251
VW Arteon Liftback 2.0 TSI,714999,72394,2022,Benzín,2.0,TSI,,206,Automatická,Ano,,,Ano,Kombi,R-Line,,DPH C,Odstraněno,Sauto.cz,Ano,https://www.sauto.cz/osobni/detail/volkswagen/arteon-shooting-brake/209186841
VW Arteon Shooting Brake 2.0 TDI,669000,79426,2022,Nafta,2.0,TDI,,147,Automatická,,,,Ano,Kombi,Elegance,,,Odstraněno,Sauto.cz,Ano,https://www.sauto.cz/osobni/detail/volkswagen/arteon/210344075
VW Passat B8 Variant Elegance 2.0 TDI,540000,95000,2022,Nafta,2.0,TDI,,110,Automatická,Ano,,,Ne,Kombi,Elegance,,7-,Odstraněno,Sauto.cz,Ano,https://www.sauto.cz/osobni/detail/volkswagen/passat-variant/210435347
VW Touran 1.5 TSI (5místná verze),749900,8219,2025,Nafta,2.0,TDI,,110,Automatická,Ano,,,Ne,MPV,,,People,Odstraněno,Sauto.cz,Ano,https://www.sauto.cz/osobni/detail/volkswagen/touran/209312688
Volvo V90 2.0,659000,98069,2021,Nafta,2.0,,,145,Automatická,,,,Ano,Kombi,,,CC B4 DPH,Odstraněno,Sauto.cz,Ano,https://www.sauto.cz/osobni/detail/volvo/v90/209304846
Omoda 5 1.6 T-GDI,499000,24034,2025,Benzín,1.6,TGDI,,108,Automatická,,,,Ne,SUV,,,OMODA 5 MY25 aut.,Odstraněno,Sauto.cz,Ano,https://www.sauto.cz/osobni/detail/omoda/5/210525812
Renault Kadjar 1.3 TCe,320000,50621,2021,Benzín,1.3,TCe,,103,Manuální,,,,Ne,SUV,,,,Odstraněno,Sauto.cz,Ano,https://www.sauto.cz/osobni/detail/renault/kadjar/210524117
Škoda Kamiq 1.0 TSI,569000,15246,2025,Benzín,1.5,TSI,,110,Automatická,,,,Ne,SUV,Top Selection,,DS,Odstraněno,Sauto.cz,Ano,https://www.sauto.cz/osobni/detail/skoda/kamiq/210493073
Škoda Kamiq 1.0 TSI,499000,28387,2023,Benzín,1.5,TSI,,110,Manuální,,,,Ne,Hatchback,Style,,,Odstraněno,Sauto.cz,Ano,https://www.sauto.cz/osobni/detail/skoda/kamiq/210510488
Škoda Octavia Combi 1.5 TSI,475000,96588,2023,Benzín,1.5,TSI,,110,Manuální,,,,Ne,Kombi,Style,,110,Odstraněno,Sauto.cz,Ano,https://www.sauto.cz/osobni/detail/skoda/octavia/210475124
Škoda Octavia Combi 1.5 TSI,399900,83181,2022,Benzín,1.5,TSI,PHEV,110,Manuální,,,,Ne,Kombi,Active,,Combi,Odstraněno,Sauto.cz,Ano,https://www.sauto.cz/osobni/detail/skoda/octavia/210508289
Škoda Octavia Combi 1.5 TSI,458000,79988,2021,Benzín,1.5,TSI,,110,Manuální,,,,Ne,Kombi,Style,,Combi,Odstraněno,Sauto.cz,Ano,https://www.sauto.cz/osobni/detail/skoda/octavia/210509615
Škoda Superb 3 Combi Style 2.0 TDI,629000,63255,2022,Nafta,2.0,TDI,,110,Automatická,,,,Ne,Kombi,Style,,AT,Odstraněno,Sauto.cz,Ano,https://www.sauto.cz/osobni/detail/skoda/superb/210475169
Škoda Superb 3 Combi Style 2.0 TDI,525000,78406,2022,Nafta,2.0,TDI,,110,Manuální,,,,Ne,Kombi,Style,,110,Odstraněno,Sauto.cz,Ano,https://www.sauto.cz/osobni/detail/skoda/superb/210475184
Toyota Corolla TS Kombi 2.0 Hybrid,599999,38045,2021,Benzín,2.0,,HEV,112,Automatická,,,,Ne,Kombi,,,"TREK HYBRID,PŮVOD ČR,1.MAJ",Odstraněno,Sauto.cz,Ano,https://www.sauto.cz/osobni/detail/toyota/corolla/210526094
VW Golf Hatchback 1.5 TSI (Gen 8),539900,80359,2023,Nafta,2.0,TDI,,110,Automatická,Ano,,,Ne,Hatchback,R-Line,,,Odstraněno,Sauto.cz,Ano,https://www.sauto.cz/osobni/detail/volkswagen/golf/210494546
BAIC X35 1.5,384900,,2026,Benzín,1.5,,,100,Manuální,,,,Ne,SUV,,,T 6MT 4x2 ALL IN,Odstraněno,Sauto.cz,Ano,https://www.sauto.cz/osobni/detail/baic/x35/210010422
BAIC X75 1.5,679900,6032,2025,Benzín,1.5,,,130,Automatická,Ano,,,Ne,SUV,,,X7 T ALL IN,Odstraněno,Sauto.cz,Ano,https://www.sauto.cz/osobni/detail/baic/x75/210281129
BAIC X75 1.5,679900,6320,2025,Benzín,1.5,,,130,Automatická,Ano,,,Ne,SUV,,,T 4x2 ALL IN,Odstraněno,Sauto.cz,Ano,https://www.sauto.cz/osobni/detail/baic/x75/210315542
Chery Tiggo 7 Pro 1.5T (Benzín),700000,2460,2026,Benzín,1.6,TGDI,,108,Automatická,,,,Ano,SUV,,,"Unique, UNIQUE",Odstraněno,Sauto.cz,Ano,https://www.sauto.cz/osobni/detail/chery/tiggo-7/210363683
Citroën C5 Aircross 1.2 MHEV,678567,25910,2025,Benzín,1.2,,HEV,100,Automatická,,,,Ne,SUV,,,Hybrid 145 MAX,Odstraněno,Sauto.cz,Ano,https://www.sauto.cz/osobni/detail/citroen/c5-aircross/210301676
Citroën C5 Aircross 1.2 MHEV,600000,95700,2021,Benzín,1.6,,HEV,165,Automatická,,,,Ne,SUV,,,PlugIn Hybrid Business,Odstraněno,Sauto.cz,Ano,https://www.sauto.cz/osobni/detail/citroen/c5-aircross/210392150
Cupra Formentor 1.5 TSI,519888,28619,2023,Benzín,1.5,TSI,,110,Manuální,,,,Ne,SUV,,,,Odstraněno,Sauto.cz,Ano,https://www.sauto.cz/osobni/detail/cupra/formentor/210293123
Cupra Formentor 1.5 TSI,585000,38730,2024,Benzín,1.5,TSI,,110,Automatická,Ano,,,Ne,SUV,,,,Odstraněno,Sauto.cz,Ano,https://www.sauto.cz/osobni/detail/cupra/formentor/210423068
Dacia Bigster 1.2,610800,10,2026,LPG + benzín,1.2,,MHEV,103,Manuální,,,,Ne,SUV,,,journey mild hybrid-G 140,Odstraněno,Sauto.cz,Ano,https://www.sauto.cz/osobni/detail/dacia/bigster/210291962
Ford Focus Hatchback 1.0 EcoBoost,440000,59311,2024,Benzín,1.0,,MHEV,114,Automatická,,,,Ne,Hatchback,,,"Automat, ČR,1.maj",Odstraněno,Sauto.cz,Ano,https://www.sauto.cz/osobni/detail/ford/focus/209471292
Ford Mondeo Kombi 2.0 Hybrid,460000,55269,2021,Nafta,2.0,EcoBlue,,140,Automatická,,,,Ano,Kombi,ST-Line,,,Odstraněno,Sauto.cz,Ano,https://www.sauto.cz/osobni/detail/ford/mondeo/210276248
Hyundai i30 Kombi 1.5 T-GDI MHEV,529900,14263,2025,Benzín,1.5,T-GDI,,103,Automatická,Ano,,,Ne,Kombi,Style,,,Odstraněno,Sauto.cz,Ano,https://www.sauto.cz/osobni/detail/hyundai/i30/209954166
Hyundai i30 Kombi 1.5 T-GDI MHEV,360000,81903,2021,Benzín,1.5,T-GDI,MHEV,117,Automatická,,,,Ne,Kombi,,,"Automat, ČR",Odstraněno,Sauto.cz,Ano,https://www.sauto.cz/osobni/detail/hyundai/i30/210316892
Hyundai Santa Fe 1.6 T-GDI Hybrid (Gen 5),635000,59411,2023,Nafta,2.2,CRDi,,148,Automatická,,,,Ne,SUV,,,AT8 Smart Technology,Odstraněno,Sauto.cz,Ano,https://www.sauto.cz/osobni/detail/hyundai/santa-fe/209910105
Hyundai Tucson 1.6 T-GDI MHEV,490000,69819,2021,Benzín,1.6,T-GDI,MHEV,110,Automatická,,,,Ne,SUV,,,"48V , Smart",Odstraněno,Sauto.cz,Ano,https://www.sauto.cz/osobni/detail/hyundai/tucson/209839152
Hyundai Tucson 1.6 T-GDI MHEV,699000,13266,2025,Benzín,1.6,T-GDI,,132,Automatická,Ano,,,Ano,SUV,,,"Go Czech,DPH",Odstraněno,Sauto.cz,Ano,https://www.sauto.cz/osobni/detail/hyundai/tucson/210145196
Hyundai Tucson 1.6 T-GDI MHEV,499000,51104,2022,Benzín,1.6,T-GDI,,110,Manuální,,,,Ano,SUV,,,"Smart , serv.kn.",Odstraněno,Sauto.cz,Ano,https://www.sauto.cz/osobni/detail/hyundai/tucson/210208739
Hyundai Tucson 1.6 T-GDI MHEV,548900,44710,2021,Benzín,1.6,,,110,Automatická,,,,Ne,SUV,,,AUTOMAT,Odstraněno,Sauto.cz,Ano,https://www.sauto.cz/osobni/detail/hyundai/tucson/210276122
Hyundai Tucson 1.6 T-GDI MHEV,699000,11720,2025,Benzín,1.6,T-GDI,,118,Automatická,,,,Ne,SUV,N-Line,,,Odstraněno,Sauto.cz,Ano,https://www.sauto.cz/osobni/detail/hyundai/tucson/210377003
Hyundai Tucson 1.6 T-GDI MHEV,414000,58650,2022,Benzín,1.6,T-GDI,,110,Manuální,,,,Ne,SUV,,,"ČR,LED",Odstraněno,Sauto.cz,Ano,https://www.sauto.cz/osobni/detail/hyundai/tucson/210379799
Hyundai Tucson 1.6 T-GDI MHEV,639990,10,2026,Benzín,1.6,TGDI,,110,Manuální,,,,Ne,SUV,,,MT GO,Odstraněno,Sauto.cz,Ano,https://www.sauto.cz/osobni/detail/hyundai/tucson/210413777
Hyundai Tucson 1.6 T-GDI MHEV,679990,9,2026,Benzín,1.6,TGDI,,110,Manuální,,,,Ne,SUV,,,MT GO CZECH,Odstraněno,Sauto.cz,Ano,https://www.sauto.cz/osobni/detail/hyundai/tucson/210438755
Hyundai Tucson 1.6 T-GDI MHEV,660000,6311,2025,Benzín,1.6,T-GDI,,118,Manuální,,,,Ne,SUV,N-Line,Ano,"Záruka, ČR",Odstraněno,Sauto.cz,Ano,https://www.sauto.cz/osobni/detail/hyundai/tucson/210520709
Hyundai Tucson 1.6 T-GDI MHEV,399900,85000,2021,Benzín,1.6,T-GDI,,110,Manuální,,,,Ne,SUV,Comfort,,ČR! +!,Odstraněno,Sauto.cz,Ano,https://www.sauto.cz/osobni/detail/hyundai/tucson/210530579
Jaecoo 7 1.5 TGDI PHEV,679000,3000,2025,Benzín,1.6,TGDI,PHEV,108,Automatická,,,,Ano,SUV,Exclusive,,,Odstraněno,Sauto.cz,Ano,https://www.sauto.cz/osobni/detail/jaecoo/7/210218618
Kia Ceed Hatchback 1.5 T-GDI,350000,93232,2022,Benzín,1.5,T-GDI,,118,Manuální,,,,Ne,Hatchback,,,"ČR,1.maj",Odstraněno,Sauto.cz,Ano,https://www.sauto.cz/osobni/detail/kia/cee-d/209209347
Kia Ceed SW 1.5 T-GDI (Kombi),394000,81362,2023,Benzín,1.5,T-GDI,,118,Manuální,,,,Ne,Kombi,TOP,,,Odstraněno,Sauto.cz,Ano,https://www.sauto.cz/osobni/detail/kia/cee-d/210188966
Kia Ceed Hatchback 1.5 T-GDI,449900,9185,2025,Benzín,1.5,T-GDI,,103,Manuální,,,,Ne,Hatchback,SPIN,,,Odstraněno,Sauto.cz,Ano,https://www.sauto.cz/osobni/detail/kia/cee-d/210315533
Kia Ceed SW 1.5 T-GDI (Kombi),349980,42100,2021,Benzín,1.5,T-GDI,,118,Manuální,,,,Ne,Kombi,SPIN,,+ ZIMNÍ SADA,Odstraněno,Sauto.cz,Ano,https://www.sauto.cz/osobni/detail/kia/cee-d/210519122
Kia K4 2.0 MPI (Sedan pro USA),628500,3,2026,Benzín,1.6,T-GDI,,110,Automatická,Ano,,,Ne,Kombi,SPIN,,SW,Odstraněno,Sauto.cz,Ano,https://www.sauto.cz/osobni/detail/kia/k4/210327716
Kia ProCeed 1.5 T-GDI (Shooting Brake),529900,55555,2022,Benzín,1.6,T-GDI,,150,Automatická,Ano,,,Ne,Hatchback,,,GT,Odstraněno,Sauto.cz,Ano,https://www.sauto.cz/osobni/detail/kia/proceed/210506264
Kia Sportage 1.6 T-GDI MHEV,470000,71576,2022,Benzín,1.6,T-GDI,,110,Manuální,,,,Ne,SUV,,,"NOVÁ CENA, Navi",Odstraněno,Sauto.cz,Ano,https://www.sauto.cz/osobni/detail/kia/sportage/210308684
Kia Sportage 1.6 T-GDI MHEV,675000,54059,2023,Benzín,1.6,T-GDI,MHEV,132,Automatická,,,,Ano,SUV,GT Line,,,Odstraněno,Sauto.cz,Ano,https://www.sauto.cz/osobni/detail/kia/sportage/210397229
Kia XCeed 1.5 T-GDI (Crossover),429000,57712,2022,Benzín,1.5,T-GDI,,118,Automatická,,,,Ne,SUV,,,AUT Black Edition,Odstraněno,Sauto.cz,Ano,https://www.sauto.cz/osobni/detail/kia/xcee-d/209925141
Kia XCeed 1.5 T-GDI (Crossover),420000,41505,2022,Benzín,1.5,T-GDI,,117,Manuální,,,,Ne,Hatchback,,,"1.maj, ČR",Odstraněno,Sauto.cz,Ano,https://www.sauto.cz/osobni/detail/kia/xcee-d/210434387
Mazda CX-30 2.0 e-Skyactiv G,500000,74489,2021,Benzín,2.0,,PHEV,137,Automatická,,,,Ne,SUV,,,"Skyactiv-X , Automat",Odstraněno,Sauto.cz,Ano,https://www.sauto.cz/osobni/detail/mazda/cx-30/210203017
Mercedes-Benz CLA Coupé 180,699990,43000,2022,Nafta,1.9,,,110,Automatická,,,,Ne,Kupé,,,200d*ZÁRUKA*PANO*REZERVACE*,Odstraněno,Sauto.cz,Ano,https://www.sauto.cz/osobni/detail/mercedes-benz/cla/210266606
MG HS 1.5 T-GDI (Zážehový motor),579000,12945,2025,Benzín,1.5,,,125,Automatická,Ano,,,Ne,SUV,,,TGI EMOTION AUT CZ,Odstraněno,Sauto.cz,Ano,https://www.sauto.cz/osobni/detail/mg/hs/210266750
MG HS 1.5 T-GDI (Zážehový motor),499000,11850,2025,Benzín,1.5,,,119,Automatická,Ano,,,Ne,SUV,,,TGI EXCITE,Odstraněno,Sauto.cz,Ano,https://www.sauto.cz/osobni/detail/mg/hs/210342281
Opel Mokka 1.2 Turbo,478990,,2025,Benzín,1.2,Turbo,,100,Manuální,,,,Ne,SUV,,,HIT () MT6,Odstraněno,Sauto.cz,Ano,https://www.sauto.cz/osobni/detail/opel/mokka/209952786
Renault Arkana 1.3 TCe MHEV (SUV-Kupé),450000,42019,2022,Benzín,1.3,TCe,,103,Automatická,,,,Ne,SUV,,Ano,"Intens, Záruka",Odstraněno,Sauto.cz,Ano,https://www.sauto.cz/osobni/detail/renault/arkana/210388292
Renault Arkana E-Tech Hybrid,524999,56305,2022,Benzín,1.6,e-TEC,MHEV,105,Automatická,,,,Ne,Hatchback,,,"Renault Arkana H, 1.maj.",Odstraněno,Sauto.cz,Ano,https://www.sauto.cz/osobni/detail/renault/arkana/210435833
Renault Trafic 2.0 dCi,714990,617,2023,Nafta,2.0,dCi,,110,Manuální,,,,Ne,VAN,,,L2 Blue,Odstraněno,Sauto.cz,Ano,https://www.sauto.cz/osobni/detail/renault/trafic/210238202
Škoda Kamiq 1.0 TSI,419990,94188,2021,Benzín,1.5,TSI,,110,Manuální,,,,Ne,SUV,Style,,,Odstraněno,Sauto.cz,Ano,https://www.sauto.cz/osobni/detail/skoda/kamiq/210375635
Škoda Karoq 1.5 TSI,500000,78758,2021,Nafta,2.0,TDI,,110,Manuální,,,,Ne,SUV,Style,,"NOVÁ CENA, ČR",Odstraněno,Sauto.cz,Ano,https://www.sauto.cz/osobni/detail/skoda/karoq/209931594
Škoda Karoq 1.5 TSI,639000,34951,2023,Benzín,1.5,TSI,,110,Automatická,Ano,,,Ne,SUV,Sportline,,,Odstraněno,Sauto.cz,Ano,https://www.sauto.cz/osobni/detail/skoda/karoq/210245351
Škoda Karoq 1.5 TSI,676000,39945,2025,Benzín,1.5,,,110,Automatická,,,,Ne,Kombi,,,SEL TS 110 A7F,Odstraněno,Sauto.cz,Ano,https://www.sauto.cz/osobni/detail/skoda/karoq/210291050
Škoda Karoq 1.5 TSI,619000,59247,2023,Benzín,1.5,TSI,,110,Automatická,Ano,,,Ne,SUV,Sportline,,,Odstraněno,Sauto.cz,Ano,https://www.sauto.cz/osobni/detail/skoda/karoq/210313274
Škoda Karoq 1.5 TSI,599900,50914,2023,Nafta,2.0,TDI,,110,Manuální,,,,Ne,SUV,Sportline,,,Odstraněno,Sauto.cz,Ano,https://www.sauto.cz/osobni/detail/skoda/karoq/210466736
"Škoda Kodiaq iV (Gen 2, PHEV)",690000,100000,2023,Nafta,2.0,TDI,,110,Automatická,Ano,,,Ano,SUV,Style,,,Odstraněno,Sauto.cz,Ano,https://www.sauto.cz/osobni/detail/skoda/kodiaq/210479147
Škoda Octavia Combi 1.5 TSI,683000,12300,2025,Benzín,1.5,TSI,,110,Automatická,,,,Ne,Kombi,Selection,,Combi,Odstraněno,Sauto.cz,Ano,https://www.sauto.cz/osobni/detail/skoda/octavia/209769126
Škoda Octavia Liftback 1.5 TSI,479000,89286,2023,Benzín,1.5,TSI,MHEV,110,Automatická,Ano,,,Ne,Liftback,Style,,E-Tec,Odstraněno,Sauto.cz,Ano,https://www.sauto.cz/osobni/detail/skoda/octavia/209998038
Škoda Octavia Combi iV (PHEV),744000,17095,2024,Nafta,2.0,TDI,PHEV,110,Automatická,,,,Ne,Kombi,TOP,,Combi IV -,Odstraněno,Sauto.cz,Ano,https://www.sauto.cz/osobni/detail/skoda/octavia/210221660
Škoda Octavia Combi 1.5 TSI,587000,20453,2023,Benzín,1.5,,,110,Manuální,,,,Ne,Kombi,,,OCTAVIA COM STY TS 110- M6F,Odstraněno,Sauto.cz,Ano,https://www.sauto.cz/osobni/detail/skoda/octavia/210249647
Škoda Octavia Liftback 1.5 TSI,470000,28495,2022,Benzín,1.5,TSI,,110,Manuální,,,,Ne,Liftback,Ambition,,Plus,Odstraněno,Sauto.cz,Ano,https://www.sauto.cz/osobni/detail/skoda/octavia/210255437
Škoda Octavia Liftback 1.5 TSI,580000,14540,2025,Benzín,1.5,TSI,,110,Manuální,,,,Ne,Liftback,Selection,Ano,"Záruka, ČR",Odstraněno,Sauto.cz,Ano,https://www.sauto.cz/osobni/detail/skoda/octavia/210291146
Škoda Octavia Combi iV (PHEV),699000,17561,2025,Nafta,2.0,TDI,,110,Automatická,Ano,,,Ne,Kombi,Top Selection,,,Odstraněno,Sauto.cz,Ano,https://www.sauto.cz/osobni/detail/skoda/octavia/210313676
Škoda Octavia Liftback 1.5 TSI,680000,29032,2025,Benzín,1.5,TSI,MHEV,110,Automatická,,,,Ne,Liftback,Top Selection,,e-tec,Odstraněno,Sauto.cz,Ano,https://www.sauto.cz/osobni/detail/skoda/octavia/210337619
Škoda Octavia Combi iV (PHEV),485000,62622,2022,Nafta,2.0,TDI,,110,Automatická,Ano,,,Ne,Kombi,Style,,combi,Odstraněno,Sauto.cz,Ano,https://www.sauto.cz/osobni/detail/skoda/octavia/210338423
Škoda Octavia Combi iV (PHEV),649999,56245,2022,Nafta,2.0,TDI,,147,Automatická,Ano,,,Ano,Kombi,Scout,,DP,Odstraněno,Sauto.cz,Ano,https://www.sauto.cz/osobni/detail/skoda/octavia/210343877
Škoda Octavia 4 Lim. Style 1.5 TSI,589000,41826,2023,Benzín,1.4,TSI,PHEV,150,Automatická,Ano,,,Ne,Sedan/limuzína,Style,,iV,Odstraněno,Sauto.cz,Ano,https://www.sauto.cz/osobni/detail/skoda/octavia/210344540
Škoda Octavia Combi 1.5 TSI,450000,59877,2021,Benzín,1.5,TSI,,110,Manuální,,,,Ne,Kombi,Style,,"ČR,LED",Odstraněno,Sauto.cz,Ano,https://www.sauto.cz/osobni/detail/skoda/octavia/210379805
Škoda Octavia Combi iV (PHEV),679000,44500,2025,Nafta,2.0,TDI,,110,Automatická,Ano,,,Ne,Kombi,Top Selection,,,Odstraněno,Sauto.cz,Ano,https://www.sauto.cz/osobni/detail/skoda/octavia/210403355
Škoda Octavia Combi iV (PHEV),739900,22731,2025,Nafta,2.0,TDI,,110,Automatická,Ano,,,Ne,Kombi,Selection,,COMBI TZ,Odstraněno,Sauto.cz,Ano,https://www.sauto.cz/osobni/detail/skoda/octavia/210405818
Škoda Octavia Combi iV (PHEV),579000,92535,2024,Nafta,2.0,TDI,,110,Automatická,Ano,,,Ne,Kombi,,,Combi ( 150k),Odstraněno,Sauto.cz,Ano,https://www.sauto.cz/osobni/detail/skoda/octavia/210426155
Škoda Octavia Combi iV (PHEV),619900,45624,2023,Nafta,2.0,TDI,,110,Automatická,,,,Ne,Kombi,Style,,Combi Plu,Odstraněno,Sauto.cz,Ano,https://www.sauto.cz/osobni/detail/skoda/octavia/210426602
Škoda Octavia 4 Lim. Style 1.5 TSI,495000,83300,2024,Benzín,1.5,TSI,,110,Manuální,,,,Ne,Sedan/limuzína,Style,,6M,Odstraněno,Sauto.cz,Ano,https://www.sauto.cz/osobni/detail/skoda/octavia/210476456
Škoda Octavia 4 Lim. Style 1.5 TSI,549000,45716,2025,Benzín,1.5,TSI,MHEV,110,Automatická,Ano,,,Ne,Sedan/limuzína,,,SELECT,Odstraněno,Sauto.cz,Ano,https://www.sauto.cz/osobni/detail/skoda/octavia/210487463
Škoda Octavia Combi 1.5 TSI,649000,23688,2025,Benzín,1.5,TSI,,110,Automatická,,,,Ne,Kombi,Top Selection,,combi 11,Odstraněno,Sauto.cz,Ano,https://www.sauto.cz/osobni/detail/skoda/octavia/210490553
Škoda Octavia Combi iV (PHEV),499000,81069,2022,Nafta,2.0,TDI,,110,Automatická,Ano,,,Ne,Kombi,Style,,Assist LED,Odstraněno,Sauto.cz,Ano,https://www.sauto.cz/osobni/detail/skoda/octavia/210491315
Škoda Scala 1.0 TSI,519000,16772,2025,Benzín,1.5,TSI,,110,Manuální,,,,Ne,Hatchback,TOP,,M6F Selecti,Odstraněno,Sauto.cz,Ano,https://www.sauto.cz/osobni/detail/skoda/scala/210256658
Škoda Scala 1.0 TSI,390000,37199,2021,Benzín,1.5,TSI,,110,Manuální,,,,Ne,Hatchback,Style,,"ČR,1.maj",Odstraněno,Sauto.cz,Ano,https://www.sauto.cz/osobni/detail/skoda/scala/210520046
Škoda Superb 3 Combi Style 2.0 TDI,460000,70000,2021,Nafta,2.0,TDI,,110,Automatická,,,,Ne,Sedan/limuzína,,,Laurin Klement,Odstraněno,Sauto.cz,Ano,https://www.sauto.cz/osobni/detail/skoda/superb/210433508
Škoda Superb 3 Combi Style 2.0 TDI,639000,46600,2021,Nafta,2.0,TDI,,147,Automatická,Ano,,,Ano,Kombi,Style,,Combi,Odstraněno,Sauto.cz,Ano,https://www.sauto.cz/osobni/detail/skoda/superb/210483668
KGM Korando 1.5 GDI-T 2WD,579600,5,2026,Benzín,1.5,,,120,Automatická,,,,Ne,SUV,Style,,+ č.obj 69057,Odstraněno,Sauto.cz,Ano,https://www.sauto.cz/osobni/detail/ssangyong/korando/210347858
KGM Korando 1.5 GDI-T 2WD,472827,77403,2022,Benzín,1.5,,,120,Automatická,,,,Ano,SUV,,,,Odstraněno,Sauto.cz,Ano,https://www.sauto.cz/osobni/detail/ssangyong/korando/210390230
KGM Korando 1.5 GDI-T 2WD,450000,10316,2022,Benzín,1.5,T-GDI,,120,Automatická,,,,Ne,SUV,,Ano,"Záruka, Automat, ČR",Odstraněno,Sauto.cz,Ano,https://www.sauto.cz/osobni/detail/ssangyong/korando/210433298
KGM Korando 1.5 GDI-T 2WD,450000,53838,2023,Benzín,1.5,T-GDI,,120,Automatická,,,,Ne,SUV,,,"Automat, Serv.kniha",Odstraněno,Sauto.cz,Ano,https://www.sauto.cz/osobni/detail/ssangyong/korando/210433301
Toyota Camry 2.5,679900,72645,2025,Benzín,2.5,,HEV,137,Automatická,,,,Ne,Sedan/limuzína,,,"Hybrid,ComfortBusines",Odstraněno,Sauto.cz,Ne,https://www.sauto.cz/osobni/detail/toyota/camry/210533816
VW Golf Variant 1.5 eTSI (Gen 8),430000,80551,2023,Benzín,1.5,eTSI,,110,Automatická,,,,Ne,Kombi,Life,,KESSY Variant,Odstraněno,Sauto.cz,Ano,https://www.sauto.cz/osobni/detail/volkswagen/golf/210124196
VW Passat B8 Variant Elegance 2.0 TDI,473000,100000,2022,Nafta,2.0,TDI,,110,Automatická,Ano,,,Ne,Kombi,,,2x sada ALU,Odstraněno,Sauto.cz,Ano,https://www.sauto.cz/osobni/detail/volkswagen/passat-variant/210498692
VW Tiguan Allspace 2.0 TDI (5místná verze),558000,71898,2022,Nafta,2.0,,,110,Manuální,,,,Ne,SUV,,,---ZÁLOHOVÁNO---,Odstraněno,Sauto.cz,Ano,https://www.sauto.cz/osobni/detail/volkswagen/tiguan/210470579
Cupra Formentor 1.5 TSI,580000,35685,2022,Benzín,1.5,TSI,,110,Automatická,,,,Ne,SUV,,Ano,"Formentor, Záruka",Odstraněno,Sauto.cz,Ano,https://www.sauto.cz/osobni/detail/cupra/formentor/209992089
Cupra Leon Sportstourer 1.5 TSI (Kombi),579000,27361,2023,Benzín,1.5,TSI,,110,Manuální,,,,Ne,Kombi,,,Sportstourer,Odstraněno,Sauto.cz,Ano,https://www.sauto.cz/osobni/detail/cupra/leon/209708691
Cupra Leon Sportstourer 1.5 TSI (Kombi),629000,21726,2024,Benzín,1.5,,,110,Automatická,,,,Ne,Kombi,,,REZERVACE,Odstraněno,Sauto.cz,Ano,https://www.sauto.cz/osobni/detail/cupra/leon/210407609
Hyundai i30 Hatchback 1.0 T-GDI,380000,39090,2022,Benzín,1.5,T-GDI,,117,Manuální,,,,Ne,Hatchback,,,SMART 7 2027 ZÁRUKA,Odstraněno,Sauto.cz,Ano,https://www.sauto.cz/osobni/detail/hyundai/i30/209397951
Hyundai i30 Kombi 1.5 T-GDI MHEV,649900,1820,2025,Benzín,1.5,T-GDI,,103,Automatická,,,,Ne,Kombi,Premium,,1820KM AT,Odstraněno,Sauto.cz,Ano,https://www.sauto.cz/osobni/detail/hyundai/i30/209859984
Hyundai i30 Kombi 1.5 T-GDI MHEV,569900,1620,2025,Benzín,1.5,T-GDI,,103,Automatická,,,,Ne,Kombi,,,FAMILY 1620KM AUTOMA,Odstraněno,Sauto.cz,Ano,https://www.sauto.cz/osobni/detail/hyundai/i30/209870427
Hyundai i30 Kombi 1.5 T-GDI MHEV,534990,,2026,Benzín,1.6,T-GDI,,110,Automatická,,,,Ne,Kombi,,,GO Czech!,Odstraněno,Sauto.cz,Ano,https://www.sauto.cz/osobni/detail/hyundai/i30/210133232
Hyundai Tucson 1.6 T-GDI MHEV,459500,85361,2021,Benzín,1.6,T-GDI,,110,Manuální,,,,Ano,SUV,,,ČR 2.maj,Ojeté,Sauto.cz,Ano,
KGM Tivoli 1.5 GDI-T (Kompaktní),409900,2,2026,Benzín,1.5,GDI,,120,Manuální,,,,Ne,SUV,Style,,-T,Odstraněno,Sauto.cz,Ano,https://www.sauto.cz/osobni/detail/kgm/tivoli/210072065
Kia Ceed SW 1.5 T-GDI (Kombi),614980,5,2025,Benzín,1.5,T-GDI,,103,Automatická,Ano,,,Ne,Kombi,TOP,,+BUS,Odstraněno,Sauto.cz,Ano,https://www.sauto.cz/osobni/detail/kia/cee-d/209303463
Kia Ceed SW 1.5 T-GDI (Kombi),549000,8350,2025,Benzín,1.5,T-GDI,,103,Automatická,,Ano,,Ne,Kombi,TOP,,(2025),Odstraněno,Sauto.cz,Ano,https://www.sauto.cz/osobni/detail/kia/cee-d/209472522
Kia Ceed SW 1.5 T-GDI (Kombi),380000,81558,2022,Benzín,1.5,T-GDI,,117,Manuální,,,,Ne,Kombi,,,"2.maj,ČR,AC",Odstraněno,Sauto.cz,Ano,https://www.sauto.cz/osobni/detail/kia/cee-d/210496412
Kia ProCeed 1.5 T-GDI (Shooting Brake),555000,57500,2021,Benzín,1.6,,,150,Automatická,,,,Ne,Hatchback,,Ano,"GT, servis Kia, záruka",Odstraněno,Sauto.cz,Ano,https://www.sauto.cz/osobni/detail/kia/proceed/209984430
Kia Sportage 1.6 T-GDI MHEV,680000,68000,2022,Benzín,1.6,,HEV,134,Automatická,,,,Ano,SUV,,,hybrid ST- Line,Odstraněno,Sauto.cz,Ano,https://www.sauto.cz/osobni/detail/kia/sportage/210458651
Kia XCeed 1.5 T-GDI (Crossover),514900,11226,2024,Benzín,1.5,T-GDI,,103,Automatická,Ano,,,Ne,SUV,TOP,,,Odstraněno,Sauto.cz,Ano,https://www.sauto.cz/osobni/detail/kia/xcee-d/209957832
Land Rover Range Rover Evoque 2.0,650000,71600,2021,Benzín,2.0,,,184,Automatická,,,,Ano,SUV,TOP,,RR VELAR R Dynamic P250,Odstraněno,Sauto.cz,Ano,https://www.sauto.cz/osobni/detail/land-rover/range-rover-velar/210192383
Mazda 6 Wagon 2.5 Skyactiv-G (Kombi),630000,93620,2021,Benzín,2.5,,,143,Automatická,,,,Ne,Kombi,,,"i,2.maj,ČR,AT,navi",Odstraněno,Sauto.cz,Ano,https://www.sauto.cz/osobni/detail/mazda/6/210091931
Mazda CX-30 2.0 e-Skyactiv G,549900,56418,2021,Benzín,2.0,,,110,Automatická,,,,Ano,Kombi,TOP,,"Automat, nezav. , BOSE",Odstraněno,Sauto.cz,Ano,https://www.sauto.cz/osobni/detail/mazda/cx-30/210380471
Mercedes-Benz CLA Coupé 180,720000,49510,2022,Nafta,1.9,,,140,Automatická,,,,Ano,Kombi,,,"220 d , NOVÁ CENA",Odstraněno,Sauto.cz,Ano,https://www.sauto.cz/osobni/detail/mercedes-benz/cla/210001665
Mercedes-Benz GLA 2.0,715000,51605,2021,Benzín,2.0,,,165,Automatická,,,,Ano,SUV,,,"250 , NOVÁ CENA",Odstraněno,Sauto.cz,Ano,https://www.sauto.cz/osobni/detail/mercedes-benz/gla/210110690
MG HS 1.5 T-GDI (Zážehový motor),739900,,2025,Benzín,1.5,,PHEV,125,Automatická,Ano,,,Ne,SUV,Exclusive,,TGI,Odstraněno,Sauto.cz,Ano,https://www.sauto.cz/osobni/detail/mg/hs/210463832
Mini Countryman Cooper (Nová gen.),499999,60359,2022,Benzín,1.5,,,100,Automatická,,,,Ne,SUV,,,CZ Tempomat DPH,Odstraněno,Sauto.cz,Ano,https://www.sauto.cz/osobni/detail/mini/countryman/209895363
Renault Arkana 1.3 TCe MHEV (SUV-Kupé),649900,,2025,Benzín,1.3,,,103,Automatická,,,,Ne,SUV,,,"140 EDC Techno, Automat",Odstraněno,Sauto.cz,Ano,https://www.sauto.cz/osobni/detail/renault/arkana/209280747
Renault Mégane Hatchback 1.3 TCe,399500,32500,2021,Benzín,1.3,,,103,Manuální,,Ano,,Ne,Kombi,,,"R.S. line, Grandtour 140",Odstraněno,Sauto.cz,Ano,https://www.sauto.cz/osobni/detail/renault/megane/210361655
Škoda Kamiq 1.0 TSI,499900,26903,2023,Benzín,1.5,TSI,,110,Manuální,,,,Ne,SUV,Style,,,Odstraněno,Sauto.cz,Ano,https://www.sauto.cz/osobni/detail/skoda/kamiq/210471767
Škoda Kamiq 1.0 TSI,544000,22059,2023,Benzín,1.5,TSI,,110,Automatická,Ano,,,Ne,Hatchback,Style,,,Odstraněno,Sauto.cz,Ano,https://www.sauto.cz/osobni/detail/skoda/kamiq/210474746
Škoda Karoq 1.5 TSI,699900,8970,2024,Benzín,1.5,TSI,,110,Automatická,,,,Ne,Kombi,Style,,A7,Odstraněno,Sauto.cz,Ano,https://www.sauto.cz/osobni/detail/skoda/karoq/207906511
Škoda Karoq 1.5 TSI,684890,38813,2024,Benzín,1.5,TSI,,110,Manuální,,,,Ne,SUV,Sportline,,,Odstraněno,Sauto.cz,Ano,https://www.sauto.cz/osobni/detail/skoda/karoq/209606580
Škoda Karoq 1.5 TSI,649000,32547,2023,Benzín,1.5,TSI,,110,Automatická,Ano,,,Ne,SUV,Ambition,,,Odstraněno,Sauto.cz,Ano,https://www.sauto.cz/osobni/detail/skoda/karoq/209733276
Škoda Karoq 1.5 TSI,740000,35244,2023,Benzín,1.5,TSI,,110,Automatická,,,,Ne,SUV,Sportline,,Škoda Karoq,Odstraněno,Sauto.cz,Ano,https://www.sauto.cz/osobni/detail/skoda/karoq/210417077
Škoda Karoq 1.5 TSI,610000,40504,2023,Benzín,1.5,TSI,,110,Automatická,,,,Ne,SUV,,,"NOVÁ CENA, Automat",Odstraněno,Sauto.cz,Ano,https://www.sauto.cz/osobni/detail/skoda/karoq/210436778
Škoda Karoq 1.5 TSI,642000,30855,2024,Benzín,1.5,TSI,,110,Automatická,Ano,,,Ne,SUV,Ambition,,,Odstraněno,Sauto.cz,Ano,https://www.sauto.cz/osobni/detail/skoda/karoq/210466742
"Škoda Kodiaq 1.5 TSI (Gen 2, 5 m.)",658000,24413,2022,Benzín,1.5,TSI,,110,Manuální,,,,Ne,SUV,,,REZERVACE,Odstraněno,Sauto.cz,Ano,https://www.sauto.cz/osobni/detail/skoda/kodiaq/209312640
"Škoda Kodiaq iV (Gen 2, PHEV)",749000,86950,2023,Nafta,2.0,TDI,,110,Automatická,,,,Ano,SUV,Style,,Plus,Odstraněno,Sauto.cz,Ano,https://www.sauto.cz/osobni/detail/skoda/kodiaq/210502748
Škoda Octavia 4 Lim. Style 1.5 TSI,549000,20496,2024,Benzín,1.5,TSI,PHEV,110,Manuální,,,,Ne,Sedan/limuzína,Style,,PLUS IV.,Odstraněno,Sauto.cz,Ano,https://www.sauto.cz/osobni/detail/skoda/octavia/207997601
Škoda Octavia 4 Lim. Style 1.5 TSI,555000,23845,2024,Benzín,1.5,TSI,,110,Manuální,,,,Ne,Sedan/limuzína,Ambition,,Plus,Odstraněno,Sauto.cz,Ano,https://www.sauto.cz/osobni/detail/skoda/octavia/208108367
Škoda Octavia Liftback 1.5 TSI,638000,21712,2024,Benzín,1.5,TSI,PHEV,110,Manuální,,,,Ne,Liftback,TOP,,"IV - , Selec",Odstraněno,Sauto.cz,Ano,https://www.sauto.cz/osobni/detail/skoda/octavia/209287119
Škoda Octavia Liftback 1.5 TSI,570000,30757,2024,Benzín,1.5,eTSI,MHEV,110,Automatická,,,,Ne,Liftback,Top Selection,,,Odstraněno,Sauto.cz,Ano,https://www.sauto.cz/osobni/detail/skoda/octavia/209442735
Škoda Octavia Combi iV (PHEV),735000,20248,2024,Nafta,2.0,TDI,PHEV,110,Automatická,,,,Ne,Liftback,TOP,,"IV - , Selec",Odstraněno,Sauto.cz,Ano,https://www.sauto.cz/osobni/detail/skoda/octavia/209505381
Škoda Octavia Liftback 1.5 TSI,738900,44387,2023,Benzín,2.0,TSI,,180,Automatická,,,,Ne,Liftback,,,RS,Odstraněno,Sauto.cz,Ano,https://www.sauto.cz/osobni/detail/skoda/octavia/210102968
Škoda Octavia Combi 1.5 TSI,627900,60621,2024,Benzín,1.5,TSI,,110,Automatická,,,,Ne,Kombi,TOP,,Combi Select,Odstraněno,Sauto.cz,Ano,https://www.sauto.cz/osobni/detail/skoda/octavia/210132485
Škoda Octavia Combi 1.5 TSI,529000,39995,2023,Benzín,1.5,TSI,,110,Automatická,,,,Ne,Kombi,Ambition,,combi Plus 11,Odstraněno,Sauto.cz,Ano,https://www.sauto.cz/osobni/detail/skoda/octavia/210149612
Škoda Octavia 4 Lim. Style 1.5 TSI,549000,56000,2024,Nafta,2.0,TDI,,110,Automatická,,,,Ne,Sedan/limuzína,Style,,Plus AUT,Odstraněno,Sauto.cz,Ano,https://www.sauto.cz/osobni/detail/skoda/octavia/210281180
Škoda Octavia Liftback 1.5 TSI,649000,15681,2025,Nafta,2.0,TDI,,110,Automatická,Ano,,,Ne,Liftback,Selection,,,Odstraněno,Sauto.cz,Ano,https://www.sauto.cz/osobni/detail/skoda/octavia/210463952
Škoda Octavia Liftback 1.5 TSI,600000,42554,2024,Nafta,2.0,TDI,,110,Automatická,,,,Ne,Liftback,Top Selection,Ano,Záruka,Odstraněno,Sauto.cz,Ano,https://www.sauto.cz/osobni/detail/skoda/octavia/210491603
Škoda Octavia Combi iV (PHEV),749000,35000,2024,Nafta,2.0,TDI,,147,Automatická,,,,Ano,Kombi,,,Combi RS AUT,Odstraněno,Sauto.cz,Ano,https://www.sauto.cz/osobni/detail/skoda/octavia/210527540
Škoda Scala 1.0 TSI,359000,29941,2023,Benzín,1.5,TSI,,110,Manuální,,,,Ne,Hatchback,,,,Odstraněno,Sauto.cz,Ano,https://www.sauto.cz/osobni/detail/skoda/scala/209295717
Škoda Scala 1.0 TSI,354000,89382,2021,Benzín,1.5,TSI,,110,Manuální,,,,Ne,Hatchback,,,"1.maj,LED,kamera",Odstraněno,Sauto.cz,Ano,https://www.sauto.cz/osobni/detail/skoda/scala/209964381
Škoda Superb 3 Combi Style 2.0 TDI,498000,96921,2021,Nafta,2.0,TDI,,110,Manuální,,,,Ne,Sedan/limuzína,Style,,,Odstraněno,Sauto.cz,Ano,https://www.sauto.cz/osobni/detail/skoda/superb/210474710
KGM Torres 1.5 GDI-T 2WD (Benzín),520000,52268,2024,Benzín,1.5,T-GDI,,120,Automatická,,,,Ne,SUV,,,"Club, Automat",Odstraněno,Sauto.cz,Ano,https://www.sauto.cz/osobni/detail/ssangyong/torres/209242797
VW Arteon Liftback 2.0 TSI,640000,34000,2022,Benzín,1.5,,,110,Manuální,,,,Ne,Hatchback,,Ano,"Servisováno ,záruka do 2027",Odstraněno,Sauto.cz,Ano,https://www.sauto.cz/osobni/detail/volkswagen/arteon/210432803
VW Golf Variant 1.5 eTSI (Gen 8),550000,47235,2023,Nafta,2.0,TDI,,110,Automatická,,,,Ne,Kombi,,,REZERVACE,Odstraněno,Sauto.cz,Ano,https://www.sauto.cz/osobni/detail/volkswagen/golf/210249332
Abarth T5 EVO EV 1.5,646468,32000,2024,Benzín,1.5,,,130,Automatická,,,,Ne,Kombi,,,,Odstraněno,Sauto.cz,Ano,https://www.sauto.cz/osobni/detail/abarth/ostatni/210365261
Alfa Romeo Junior 1.2 Turbo,723000,5,2026,Benzín,1.2,Turbo,HEV,107,Automatická,,,,Ne,Hatchback,,,Ibrida Hybrid 145k e,Odstraněno,Sauto.cz,Ano,https://www.sauto.cz/osobni/detail/alfa-romeo/junior/210179714
"Alfa Romeo Stelvio 2.2 JTDM (SUV, Diesel)",549900,80930,2021,Nafta,2.1,,,140,Automatická,,,,Ano,SUV,,,JTD Q4 Bezklíč KAM.,Odstraněno,Sauto.cz,Ano,https://www.sauto.cz/osobni/detail/alfa-romeo/stelvio/209843286
"Alfa Romeo Stelvio 2.2 JTDM (SUV, Diesel)",690000,48000,2023,Nafta,2.2,,,154,Automatická,,,,Ano,SUV,,,Super Facelift,Ojeté,Sauto.cz,Ano,
Alfa Romeo Tonale 1.5,705430,34956,2023,Benzín,1.5,,,118,Automatická,,,,Ne,SUV,,,VELOCE*Kamera*Alcantara*,Odstraněno,Sauto.cz,Ano,https://www.sauto.cz/osobni/detail/alfa-romeo/tonale/210215669
Alfa Romeo Tonale 1.5,550000,68730,2023,Benzín,1.5,,,118,Automatická,,,,Ne,SUV,,,Alfa Rome Tonale,Odstraněno,Sauto.cz,Ano,https://www.sauto.cz/osobni/detail/alfa-romeo/tonale/210520796
Audi A1 2.0 TFSI,674999,19352,2023,Benzín,2.0,TFSI,,152,Automatická,,,,Ne,Hatchback,S Line,,40 Sportback,Ojeté,Sauto.cz,Ano,
Audi A3 Hatchback 35 TFSI,729900,18147,2025,Benzín,1.5,TFSI,,110,Automatická,,,,Ne,Hatchback,,,Sportback 35 Stronic,Odstraněno,Sauto.cz,Ano,https://www.sauto.cz/osobni/detail/audi/a3/209292636
Audi A3 Hatchback 35 TFSI,559990,56101,2021,Benzín,1.5,TSI,,110,Automatická,,,,Ne,Hatchback,,,,Odstraněno,Sauto.cz,Ano,https://www.sauto.cz/osobni/detail/audi/a3/209341812
Audi A4 Avant 35 TFSI (Kombi),599900,33125,2022,Benzín,2.0,TSI,,110,Automatická,,,,Ne,Kombi,S Line,,Avant,Odstraněno,Sauto.cz,Ano,https://www.sauto.cz/osobni/detail/audi/a4-avant/208351016
Audi A4 Avant 35 TFSI (Kombi),568000,41941,2022,Benzín,2.0,,,110,Automatická,,,,Ne,Kombi,,Ano,,Ojeté,Sauto.cz,Ano,
Audi A4 Avant 35 TFSI (Kombi),639000,64000,2022,Nafta,2.0,TDI,,150,Automatická,,,,Ano,Kombi,Quattro,,40,Odstraněno,Sauto.cz,Ano,https://www.sauto.cz/osobni/detail/audi/a4-avant/210247667
Audi A4 Avant 35 TFSI (Kombi),539990,45300,2022,Nafta,2.0,TDI,,120,Automatická,Ano,,,Ne,Kombi,,,35 ČR 1.maj. DPH,Odstraněno,Sauto.cz,Ano,https://www.sauto.cz/osobni/detail/audi/a4-avant/210270098
Audi A4 Avant 35 TFSI (Kombi),679000,53817,2023,Benzín,2.0,TFSI,,110,Automatická,,,,Ne,Kombi,,,,Ojeté,Sauto.cz,Ano,
Audi A4 Avant 35 TFSI (Kombi),580000,86995,2022,Nafta,2.0,TDI,,120,Automatická,Ano,,,Ne,Kombi,,,35eTDI,Ojeté,Sauto.cz,Ano,
Audi A4 Avant 35 TFSI (Kombi),692000,61688,2023,Nafta,2.0,TDI,,150,Automatická,,,,Ano,Kombi,S-Line,,40,Ojeté,Sauto.cz,Ano,
Audi A4 Avant 35 TFSI (Kombi),688900,51950,2023,Benzín,2.0,TFSI,,150,Automatická,,,,Ne,Kombi,,,Avant ACC LED,Odstraněno,Sauto.cz,Ano,https://www.sauto.cz/osobni/detail/audi/a4/210187214
Audi A4 Avant 35 TFSI (Kombi),539990,45300,2022,Nafta,2.0,TDI,,120,Automatická,Ano,,,Ne,Kombi,,,35 ČR 1.maj. DPH,Odstraněno,Sauto.cz,Ano,https://www.sauto.cz/osobni/detail/audi/a4/210214292
Audi A5 2.0 TDI,737900,55950,2022,Nafta,2.0,TDI,,150,Automatická,,,,Ne,Liftback,S-Line,,40 55tkm. ČR,Odstraněno,Sauto.cz,Ano,https://www.sauto.cz/osobni/detail/audi/a5/210207365
Audi A6 2.0 TDI,725000,92711,2022,Nafta,2.0,TDI,,150,Automatická,,,,Ano,Kombi,Quattro,,AUDI A6 AVANT ČR,Odstraněno,Sauto.cz,Ano,https://www.sauto.cz/osobni/detail/audi/a6-avant/210235979
Audi A6 2.0 TDI,682000,97551,2021,Nafta,2.0,TDI,,150,Automatická,Ano,,,Ne,Kombi,,,"40 ALU 18""",Ojeté,Sauto.cz,Ano,
Audi A6 2.0 TDI,739000,98907,2021,Nafta,2.0,TDI,,150,Automatická,,,,Ano,Kombi,S-Line,,40 Q HD MATRIX LED,Ojeté,Sauto.cz,Ano,
Audi A6 2.0 TFSI,722000,89954,2022,Benzín,2.0,TFSI,,195,Automatická,Ano,,,Ne,Kombi,,,45 e,Ojeté,Sauto.cz,Ano,
Audi A6 2.0 TDI,699900,96700,2022,Nafta,2.0,TDI,,150,Automatická,,,,Ne,Kombi,,,40 Avant Sport,Ojeté,Sauto.cz,Ano,
Audi Q2 35 TFSI (Pohon předních kol),569900,36276,2023,Benzín,1.5,TFSI,,109,Automatická,,,,Ne,SUV,,,Advanced 35 Stronic,Odstraněno,Sauto.cz,Ano,https://www.sauto.cz/osobni/detail/audi/q2/210292322
Audi Q2 35 TFSI (Pohon předních kol),589000,25100,2022,Nafta,2.0,,,110,Automatická,,,,Ano,SUV,Quattro,,"NAVI,KAMERA",Odstraněno,Sauto.cz,Ano,https://www.sauto.cz/osobni/detail/audi/q2/210426470
Audi Q2 35 TFSI (Pohon předních kol),559999,30072,2023,Benzín,1.5,TFSI,,110,Automatická,,,,Ne,SUV,,,Advanced Aut.,Ojeté,Sauto.cz,Ano,
Audi Q3 35 TFSI (Standardní SUV),599900,92820,2021,Nafta,2.0,TDI,,110,Automatická,,,,Ano,SUV,Quattro,,"35 SB, VIRTUAL, LED",Ojeté,Sauto.cz,Ano,
Audi Q3 35 TFSI (Standardní SUV),750000,70576,2021,Nafta,2.0,TDI,,140,Automatická,,,,Ano,SUV,S-Line,,"40 , DPH, ČR",Ojeté,Sauto.cz,Ano,
Audi Q3 35 TFSI (Standardní SUV),699000,54224,2024,Benzín,1.5,TFSI,,110,Automatická,,,,Ne,SUV,S Line,,AT7 Gravity,Odstraněno,Sauto.cz,Ano,https://www.sauto.cz/osobni/detail/audi/q3/210059810
Audi Q3 35 TFSI (Standardní SUV),735000,45733,2024,Benzín,1.5,TFSI,,110,Automatická,,,,Ne,SUV,S Line,,35 S tronic LE,Odstraněno,Sauto.cz,Ano,https://www.sauto.cz/osobni/detail/audi/q3/210124181
Audi Q3 35 TFSI (Standardní SUV),699000,89480,2022,Nafta,2.0,TDI,,110,Automatická,,,,Ano,SUV,,,Q3 ADVANCED QUA,Odstraněno,Sauto.cz,Ano,https://www.sauto.cz/osobni/detail/audi/q3/210420296
Audi Q3 35 TFSI (Standardní SUV),699999,71000,2021,Nafta,2.0,TDI,,110,Automatická,,,,Ne,SUV,,,Audi Q3 Sportback 35,Ojeté,Sauto.cz,Ano,
Audi Q3 35 TFSI (Standardní SUV),668900,54230,2023,Nafta,2.0,TDI,,110,Automatická,,,,Ne,SUV,S-Line,,54tkm.ČR,Ojeté,Sauto.cz,Ano,
Audi Q3 45 TFSI e (PHEV),699900,43356,2021,Benzín,2.0,TFSI,,180,Automatická,,,,Ano,Kombi,S-Line,,"DPH,A T",Ojeté,Sauto.cz,Ano,
BAIC X3 1.5T 6MT,395000,10,2025,Benzín,1.5,,,100,Manuální,,,,Ne,SUV,Luxury,,T 6 MT 4x2,Odstraněno,Sauto.cz,Ano,https://www.sauto.cz/osobni/detail/baic/x3/209564438
BAIC X3 1.5T 6MT,429000,10,2025,Benzín,1.5,,,100,Automatická,,,,Ne,SUV,Luxury,,T CVT 4x2,Odstraněno,Sauto.cz,Ano,https://www.sauto.cz/osobni/detail/baic/x3/209571054
BAIC X3 1.5T 6MT,395000,10,2025,Benzín,1.5,,,100,Manuální,,,,Ne,SUV,Luxury,,T 6 MT 4x2,Odstraněno,Sauto.cz,Ano,https://www.sauto.cz/osobni/detail/baic/x3/209571297
BAIC X3 1.5T 6MT,420000,10,2025,Benzín,1.5,,,110,Automatická,,,,Ne,SUV,,Ano,"T, Záruka, Automat",Předváděcí,Sauto.cz,Ano,
BAIC X35 1.5,429990,,2026,Benzín,1.5,,,100,Automatická,,,,Ne,SUV,,,T AUTOMAT KAMERA,Nové,Sauto.cz,Ano,
BAIC X35 1.5,384900,4500,2025,Benzín,1.5,,,100,Manuální,,,,Ne,SUV,,,ALL IN T 4×2 6MT,Předváděcí,Sauto.cz,Ano,
BAIC X35 1.5,395000,10,2025,Benzín,1.5,,,100,,,,,Ne,SUV,Luxury,,T 6 MT 4x2,Odstraněno,Sauto.cz,Ano,https://www.sauto.cz/osobni/detail/baic/x35/209620248
BAIC X35 1.5,399990,,2026,Benzín,1.5,,,100,Manuální,,,,Ne,SUV,,,ALL IN T 6MT,Odstraněno,Sauto.cz,Ano,https://www.sauto.cz/osobni/detail/baic/x35/209740830
BAIC X35 1.5,384900,,2025,Benzín,1.5,,,100,Manuální,,,,Ne,SUV,,,T 6MT 4x2 ALL IN,Nové,Sauto.cz,Ano,
BAIC X35 1.5,384900,,2026,Benzín,1.5,,,100,Manuální,,,,Ne,SUV,,,T 6MT 4x2 ALL IN,Nové,Sauto.cz,Ano,
BAIC X35 1.5,399990,,2026,Benzín,1.5,,,100,Manuální,,,,Ne,SUV,,,ALL IN T 6MT,Odstraněno,Sauto.cz,Ano,https://www.sauto.cz/osobni/detail/baic/x35/210135128
BAIC X35 1.5,399900,,2025,Benzín,1.5,,,100,Manuální,,,,Ne,SUV,,,ALL IN T 4×2 6MT MY25,Odstraněno,Sauto.cz,Ano,https://www.sauto.cz/osobni/detail/baic/x35/210180011
BAIC X35 1.5,399900,,2026,Benzín,1.5,,,100,Manuální,,,,Ne,SUV,,,T 6MT 4x2 ALL IN,Nové,Sauto.cz,Ano,
BAIC X35 1.5,399900,,2025,Benzín,1.5,,,100,Manuální,,,,Ne,SUV,,,T 6MT,Nové,Sauto.cz,Ano,
BAIC X35 1.5,399900,8,2025,Benzín,1.5,,,100,Manuální,,,,Ne,SUV,,,4x2,Odstraněno,Sauto.cz,Ano,https://www.sauto.cz/osobni/detail/baic/x35/210261785
BAIC X35 1.5,399900,8,2025,Benzín,1.5,,,100,Manuální,,,,Ne,SUV,,,4x2,Odstraněno,Sauto.cz,Ano,https://www.sauto.cz/osobni/detail/baic/x35/210261788
BAIC X35 1.5,399900,8,2025,Benzín,1.5,,,100,Manuální,,,,Ne,SUV,,,4x2,Odstraněno,Sauto.cz,Ano,https://www.sauto.cz/osobni/detail/baic/x35/210280703
BAIC X35 1.5,399900,8,2025,Benzín,1.5,,,100,Manuální,,,,Ne,SUV,,,4x2,Odstraněno,Sauto.cz,Ano,https://www.sauto.cz/osobni/detail/baic/x35/210280709
BAIC X35 1.5,389900,1000,2025,Benzín,1.5,,,100,Manuální,,,,Ne,SUV,,,4x2,Odstraněno,Sauto.cz,Ano,https://www.sauto.cz/osobni/detail/baic/x35/210421361
BAIC X35 1.5,399900,,2026,Benzín,1.5,,,100,Manuální,,,,Ne,SUV,,,T 6MT 4x2 ALL IN,Nové,Sauto.cz,Ano,
BAIC X5 1.5T CVT,599000,,2026,Benzín,1.5,,,130,Automatická,Ano,,,Ne,SUV,Luxury,,T 4x2,Odstraněno,Sauto.cz,Ano,https://www.sauto.cz/osobni/detail/baic/x5/209564994
BAIC X5 1.5T CVT,599000,,2026,Benzín,1.5,,,130,Automatická,Ano,,,Ne,SUV,Luxury,,T 4x2,Odstraněno,Sauto.cz,Ano,https://www.sauto.cz/osobni/detail/baic/x5/209567250
BAIC Beijing X55 1.5 Turbo 7DCT,639000,10,2025,Benzín,1.5,,,138,Automatická,,,,Ne,SUV,,,T AUT PANORAMA LED,Odstraněno,Sauto.cz,Ano,https://www.sauto.cz/osobni/detail/baic/x55/209077518
BAIC Beijing X55 1.5 Turbo 7DCT,639000,10,2025,Benzín,1.5,,,138,Automatická,,,,Ne,SUV,,,T AUT PANORAMA LED,Odstraněno,Sauto.cz,Ano,https://www.sauto.cz/osobni/detail/baic/x55/209163390
BAIC Beijing X55 1.5 Turbo 7DCT,599000,,2026,Benzín,1.5,,,130,Automatická,Ano,,,Ne,SUV,Luxury,,T 4x2,Odstraněno,Sauto.cz,Ano,https://www.sauto.cz/osobni/detail/baic/x55/209565216
BAIC Beijing X55 1.5 Turbo 7DCT,599900,4500,2025,Benzín,1.5,,,130,Automatická,Ano,,,Ne,SUV,,,T 4x2 ALL IN,Odstraněno,Sauto.cz,Ano,https://www.sauto.cz/osobni/detail/baic/x55/209939874
BAIC Beijing X55 1.5 Turbo 7DCT,649900,,2025,Benzín,1.5,,,130,Automatická,Ano,,,Ne,SUV,,,T 4x2 ALL IN,Nové,Sauto.cz,Ano,
BAIC Beijing X55 1.5 Turbo 7DCT,679900,8,2025,Benzín,1.5,,,130,Automatická,Ano,,,Ne,SUV,,,4x2 T+,Odstraněno,Sauto.cz,Ano,https://www.sauto.cz/osobni/detail/baic/x55/210261794
BAIC Beijing X55 1.5 Turbo 7DCT,679900,8,2025,Benzín,1.5,,,130,Automatická,Ano,,,Ne,SUV,,,4x2 T+,Odstraněno,Sauto.cz,Ano,https://www.sauto.cz/osobni/detail/baic/x55/210261797
BAIC Beijing X55 1.5 Turbo 7DCT,679900,8,2025,Benzín,1.5,,,130,Automatická,Ano,,,Ne,SUV,,,4x2 T+,Odstraněno,Sauto.cz,Ano,https://www.sauto.cz/osobni/detail/baic/x55/210261800
BAIC Beijing X55 1.5 Turbo 7DCT,599000,1000,2025,Benzín,1.5,,,130,Automatická,,,,Ne,SUV,,,,Odstraněno,Sauto.cz,Ano,https://www.sauto.cz/osobni/detail/baic/x55/210314135
BAIC Beijing X55 1.5 Turbo 7DCT,580000,5856,2025,Benzín,1.5,,,130,Automatická,,,,Ne,SUV,,Ano,"T, ALL IN, Záruka, Automat",Odstraněno,Sauto.cz,Ano,https://www.sauto.cz/osobni/detail/baic/x55/210438509
BAIC Beijing X55 1.5 Turbo 7DCT,598800,,2026,Benzín,1.5,,,130,Automatická,,,,Ne,SUV,,,T AUTOMAT MAX.VÝBAVA,Nové,Sauto.cz,Ano,
BAIC Beijing X55 1.5 Turbo 7DCT,549900,5575,2025,Benzín,1.5,,,130,Automatická,Ano,,,Ne,SUV,,,T 4x2 ALL IN,Ojeté,Sauto.cz,Ano,
BAIC X7 1.5,659900,3520,2025,Benzín,1.5,,,130,Automatická,Ano,,,Ne,SUV,,,T 4x2 ALL IN,Předváděcí,Sauto.cz,Ano,
BAIC X7 1.5,749900,,2025,Benzín,1.5,,,130,Automatická,Ano,,,Ne,SUV,,,ALL IN T 4x2,Nové,Sauto.cz,Ano,
BAIC X7 1.5,699000,,2025,Benzín,1.5,,,130,Automatická,Ano,,,Ne,SUV,Luxury,,T 4x2,Odstraněno,Sauto.cz,Ano,https://www.sauto.cz/osobni/detail/baic/x7/209579316
BAIC X7 1.5,699000,,2026,Benzín,1.5,,,130,Automatická,Ano,,,Ne,SUV,Luxury,,T 4x2,Odstraněno,Sauto.cz,Ano,https://www.sauto.cz/osobni/detail/baic/x7/209621256
BAIC X7 1.5,749900,,2025,Benzín,1.5,,,130,Automatická,Ano,,,Ne,SUV,,,ALL IN T 4×2,Nové,Sauto.cz,Ano,
BAIC X7 1.5,749900,5,2025,Benzín,1.5,,,130,Automatická,Ano,,,Ne,SUV,,,ALL IN T 4×2,Nové,Sauto.cz,Ano,
BAIC X7 1.5,749900,,2025,Benzín,1.5,,,130,Automatická,Ano,,,Ne,SUV,,,T 4x2 ALL IN,Nové,Sauto.cz,Ano,
BAIC X7 1.5,749900,8,2025,Benzín,1.5,,,130,Automatická,Ano,,,Ne,SUV,,,4x2 T+,Odstraněno,Sauto.cz,Ano,https://www.sauto.cz/osobni/detail/baic/x7/210261806
BAIC X7 1.5,749900,8,2025,Benzín,1.5,,,130,Automatická,Ano,,,Ne,SUV,,,4x2 T+,Odstraněno,Sauto.cz,Ano,https://www.sauto.cz/osobni/detail/baic/x7/210261809
BAIC X7 1.5,749900,8,2025,Benzín,1.5,,,130,Automatická,Ano,,,Ne,SUV,,,4x2 T+,Odstraněno,Sauto.cz,Ano,https://www.sauto.cz/osobni/detail/baic/x7/210261815
BAIC X7 1.5,694900,,2024,Benzín,1.5,,,130,Automatická,Ano,,,Ne,SUV,,,ALL IN T 4×2,Odstraněno,Sauto.cz,Ano,https://www.sauto.cz/osobni/detail/baic/x7/210377729
BAIC X7 1.5,694900,,2025,Benzín,1.5,,,130,Automatická,Ano,,,Ne,SUV,,,T 4x2 ALL IN,Odstraněno,Sauto.cz,Ano,https://www.sauto.cz/osobni/detail/baic/x7/210402233
BAIC X7 1.5,749900,,2026,Benzín,1.5,,,130,Automatická,Ano,,,Ne,SUV,,,T 4x2 ALL IN MY2,Nové,Sauto.cz,Ano,
BAIC X7 1.5,749900,,2026,Benzín,1.5,,,130,Automatická,Ano,,,Ne,SUV,,,T 4x2 ALL IN MY2,Nové,Sauto.cz,Ano,
BAIC X7 1.5,749900,,2026,Benzín,1.5,,,130,Automatická,Ano,,,Ne,SUV,,,T 4x2 ALL IN MY2,Nové,Sauto.cz,Ano,
BAIC X75 1.5,739000,10,2025,Benzín,1.5,,,138,Automatická,,,,Ne,SUV,,,T AUT PANORAMA LED,Odstraněno,Sauto.cz,Ano,https://www.sauto.cz/osobni/detail/baic/x75/209069316
BAIC X75 1.5,699000,,2026,Benzín,1.5,,,130,Automatická,Ano,,,Ne,SUV,Luxury,,T 4x2,Odstraněno,Sauto.cz,Ano,https://www.sauto.cz/osobni/detail/baic/x75/209573583
BAIC X75 1.5,699000,,2026,Benzín,1.5,,,130,Automatická,Ano,,,Ne,SUV,Luxury,,T 4x2,Odstraněno,Sauto.cz,Ano,https://www.sauto.cz/osobni/detail/baic/x75/209573847
BMW 1 2.0,648999,39281,2023,Benzín,2.0,,,195,Automatická,,,,Ne,Hatchback,,,128Ti M-Paket DPH,Ojeté,Sauto.cz,Ano,
BMW 1 2.0,595000,78000,2021,Nafta,2.0,,,140,Automatická,,,,Ne,Hatchback,,,120d,Ojeté,Sauto.cz,Ano,
BMW 1 1.5,649000,24600,2023,Benzín,1.5,,,100,Automatická,,,,Ne,Hatchback,,,118i,Ojeté,Sauto.cz,Ano,
BMW 1 1.5,649000,29899,2023,Benzín,1.5,,,100,Automatická,,,,Ne,Hatchback,,,118i,Ojeté,Sauto.cz,Ano,
BMW 1 1.5,475000,60514,2022,Benzín,1.5,,,100,Automatická,,,,Ne,Hatchback,,,118i A7 Advantage LED+HiFi,Odstraněno,Sauto.cz,Ano,https://www.sauto.cz/osobni/detail/bmw/rada-1/210053462
BMW 1 2.0,619000,75550,2023,Benzín,2.0,,,131,Automatická,,,,Ne,Hatchback,,,120i M Sport Virtual Pano LED,Ojeté,Sauto.cz,Ano,
BMW 1 1.5,449000,99666,2021,Benzín,1.5,,,100,Automatická,,,,Ne,Hatchback,,,118i,Ojeté,Sauto.cz,Ano,
BMW 2 2.0,667000,27733,2024,Nafta,2.0,,,110,Automatická,,,,Ne,MPV,,,řady 2 | 218d,Ojeté,Sauto.cz,Ano,
BMW 2 1.5,699000,5500,2024,Benzín,1.5,,PHEV,100,Automatická,,,,Ne,Kombi,Active,,218i Tourer,Ojeté,Sauto.cz,Ano,
BMW 2 1.5,666000,36000,2024,Benzín,1.5,,,100,Automatická,,,,Ne,MPV,,,"LED, ACC, Kamera,2xAL sada kol",Ojeté,Sauto.cz,Ano,
BMW 2 1.5,629000,46500,2024,Benzín,1.5,,PHEV,100,Automatická,,,,Ne,MPV,,,218i ActiveTourer M-Sport,Odstraněno,Sauto.cz,Ano,https://www.sauto.cz/osobni/detail/bmw/rada-2/210165905
BMW 2 2.0,549000,86500,2022,Nafta,2.0,,,110,Automatická,,,,Ne,Kupé,,,218d Gran C. M-Sport NOVÁ CENA,Ojeté,Sauto.cz,Ano,
BMW 2 1.5,718740,45800,2023,Benzín,1.5,,,100,Automatická,,,,Ne,MPV,,,218i M Sport*Kůže*Kamera*Navi*,Odstraněno,Sauto.cz,Ano,https://www.sauto.cz/osobni/detail/bmw/rada-2/210250916
BMW 2 1.5,679900,61450,2022,Benzín,1.5,,,100,Automatická,,,,Ne,Sedan/limuzína,,,218i M-Sport AT,Odstraněno,Sauto.cz,Ano,https://www.sauto.cz/osobni/detail/bmw/rada-2/210407087
BMW 2 2.0,680000,77366,2023,Benzín,2.0,,PHEV,160,Automatická,,,,Ano,MPV,Active,,"223i T, M Sport",Ojeté,Sauto.cz,Ano,
BMW 2 1.5,619000,69272,2023,Benzín,1.5,,,100,Automatická,,,,Ne,MPV,,,218i AUT,Ojeté,Sauto.cz,Ano,
BMW 2 1.5,619000,33320,2023,Benzín,1.5,,PHEV,100,Automatická,,,,Ne,MPV,Active,,"218i Tourer, 1. Majitel",Ojeté,Sauto.cz,Ano,
BMW 3 2.0,699000,41600,2023,Benzín,2.0,,,115,Automatická,,,,Ne,Kombi,,,320i Facelift CÉBIA,Ojeté,Sauto.cz,Ano,
BMW 3 2.0,678000,86166,2022,Nafta,2.0,,PHEV,140,Automatická,,,,Ano,Kombi,,,320d M-SPORT 1M ČR,Ojeté,Sauto.cz,Ano,
BMW 3 2.0,668000,45789,2021,Nafta,2.0,,PHEV,140,Automatická,,,,Ano,Kombi,,,320d SPORT-LINE*ČR*DPH*,Ojeté,Sauto.cz,Ano,
BMW 3 2.0,679900,56417,2022,Nafta,2.0,,PHEV,140,Automatická,,,,Ano,Kombi,,,320d X-Drive AT TAŽNÉ,Odstraněno,Sauto.cz,Ano,https://www.sauto.cz/osobni/detail/bmw/rada-3/210072998
BMW 3 2.0,707850,43000,2024,Benzín,2.0,,,115,Automatická,,,,Ne,Sedan/limuzína,,,318 iA Lim. BUSINESS*Navi*,Odstraněno,Sauto.cz,Ano,https://www.sauto.cz/osobni/detail/bmw/rada-3/210339497
BMW 3 2.0,550000,35074,2021,Nafta,2.0,,,110,Manuální,,,,Ne,Hatchback,,,"318 d, Serv.kniha",Odstraněno,Sauto.cz,Ano,https://www.sauto.cz/osobni/detail/bmw/rada-3/210478376
BMW 5 2.0,749000,74950,2022,Nafta,2.0,,PHEV,140,Automatická,,,,Ano,Kombi,,,"TAŽNÉ,DPH,ČR,Adaptiv LED",Ojeté,Sauto.cz,Ano,
"BMW X1 xDrive30e (PHEV, U11)",719000,25307,2023,Benzín,1.5,,PHEV,100,Automatická,,,,Ne,SUV,,,sDrive18i,Odstraněno,Sauto.cz,Ano,https://www.sauto.cz/osobni/detail/bmw/x1/209019351
"BMW X1 xDrive30e (PHEV, U11)",714999,21154,2023,Benzín,1.5,,PHEV,100,Automatická,Ano,,,Ne,SUV,,,sDrive 18i,Ojeté,Sauto.cz,Ano,
"BMW X1 xDrive30e (PHEV, U11)",729999,39352,2023,Benzín,1.5,,PHEV,100,Automatická,,,,Ne,SUV,,,sDrive18i,Ojeté,Sauto.cz,Ano,
"BMW X1 xDrive30e (PHEV, U11)",599000,97877,2022,Nafta,2.0,,PHEV,140,Automatická,,,,Ano,SUV,,,20d AUT M Sport,Ojeté,Sauto.cz,Ano,
"BMW X1 xDrive30e (PHEV, U11)",569000,80500,2022,Benzín,1.5,,PHEV,103,Automatická,,,,Ne,SUV,,,sDrive18i,Odstraněno,Sauto.cz,Ano,https://www.sauto.cz/osobni/detail/bmw/x1/210254360
"BMW X1 xDrive30e (PHEV, U11)",480000,71441,2021,Benzín,1.5,,PHEV,100,Automatická,,,,Ne,SUV,,,"sDrive18i, NOVÁ CENA, Automat",Odstraněno,Sauto.cz,Ano,https://www.sauto.cz/osobni/detail/bmw/x1/210350486
"BMW X1 xDrive30e (PHEV, U11)",619999,79100,2021,Nafta,2.0,,PHEV,140,Automatická,,,,Ano,SUV,,,20d xLine 1.MAJ.,Ojeté,Sauto.cz,Ano,
"BMW X1 xDrive30e (PHEV, U11)",599999,47427,2021,Nafta,2.0,,PHEV,110,Automatická,,,,Ano,SUV,,,18d Aut. DPH CZ,Ojeté,Sauto.cz,Ano,
"BMW X1 sDrive18i (Benzín, U11)",609999,59602,2022,Nafta,2.0,,,110,Automatická,,,,Ne,SUV,,,18D STEPTRONIC XLINE F48,Odstraněno,Sauto.cz,Ano,https://www.sauto.cz/osobni/detail/bmw/x1/210430568
"BMW X1 xDrive30e (PHEV, U11)",676900,80589,2022,Nafta,2.0,,PHEV,170,Automatická,,,,Ano,SUV,,,xDrive25d Advantage,Ojeté,Sauto.cz,Ano,
"BMW X1 xDrive30e (PHEV, U11)",690000,57610,2023,Benzín,1.5,,PHEV,100,Automatická,,,,Ne,SUV,,,sDrive18i,Ojeté,Sauto.cz,Ano,
"BMW X2 sDrive20i (Crossover, U10)",699000,19094,2022,Nafta,2.0,,PHEV,140,Automatická,,,,Ano,SUV,,,d A T Advantage,Ojeté,Sauto.cz,Ano,
"BMW X2 sDrive20i (Crossover, U10)",564999,41589,2022,Nafta,2.0,,PHEV,110,Automatická,,,,Ne,SUV,,,sDrive 18d aut. Advantage,Ojeté,Sauto.cz,Ano,
"BMW X2 sDrive20i (Crossover, U10)",669000,34447,2022,Benzín,1.5,,PHEV,100,Automatická,,,,Ne,SUV,,,sDrive18i,Odstraněno,Sauto.cz,Ano,https://www.sauto.cz/osobni/detail/bmw/x2/209718573
"BMW X2 sDrive20i (Crossover, U10)",648000,50472,2023,Nafta,2.0,,PHEV,140,Automatická,,,,Ano,SUV,,,xDrive20d TAŽNÉ ČR PANO 1M HUD,Ojeté,Sauto.cz,Ano,
"BMW X2 sDrive20i (Crossover, U10)",638000,36231,2023,Nafta,2.0,,PHEV,140,Automatická,,,,Ano,SUV,,,xDrive20d / MSPORT*TAŽNÉ*ČR 1,Ojeté,Sauto.cz,Ano,
"BMW X2 sDrive20i (Crossover, U10)",749000,52504,2021,Benzín,2.0,,,225,Automatická,,,,Ano,SUV,,,"M35i, SAV",Odstraněno,Sauto.cz,Ano,https://www.sauto.cz/osobni/detail/bmw/x2/210400871
BMW X3 2.0,749999,87233,2021,Nafta,2.0,,PHEV,140,Automatická,,,,Ano,SUV,,,20d xLine 1.MAJITEL ČR,Ojeté,Sauto.cz,Ano,
BMW X3 2.0,719999,95266,2021,Nafta,2.0,,PHEV,140,Automatická,,,,Ano,SUV,,,xDrive20d,Ojeté,Sauto.cz,Ano,
Chery Tiggo 7 Pro 1.5T (Benzín),579000,3000,2026,Benzín,1.5,,,120,Automatická,,,,Ne,SUV,,,HEV UNIQUE,Nové,Sauto.cz,Ano,
Chery Tiggo 7 Pro 1.5T (Benzín),599000,3000,2025,Benzín,1.6,T-GDI,,108,Automatická,,,,Ne,SUV,Comfort,,,Nové,Sauto.cz,Ano,
Chery Tiggo 7 Pro 1.5T (Benzín),659000,,2026,Benzín,1.6,,,108,Automatická,,,,Ne,SUV,Luxury,,ICE - AKCE SKLAD!,Odstraněno,Sauto.cz,Ano,https://www.sauto.cz/osobni/detail/chery/tiggo-7/209970633
Chery Tiggo 7 Pro 1.5T (Benzín),620000,2349,2026,Benzín,1.6,TGDI,,108,Automatická,,,,Ne,SUV,Luxury,,,Odstraněno,Sauto.cz,Ano,https://www.sauto.cz/osobni/detail/chery/tiggo-7/210191165
Chery Tiggo 7 Pro 1.5T (Benzín),600000,2374,2026,Benzín,1.6,TGDI,,108,Automatická,,,,Ne,SUV,Luxury,,,Odstraněno,Sauto.cz,Ano,https://www.sauto.cz/osobni/detail/chery/tiggo-7/210224219
Chery Tiggo 7 Pro 1.5T (Benzín),600000,2252,2026,Benzín,1.6,TGDI,,108,Automatická,,,,Ne,SUV,Luxury,,,Odstraněno,Sauto.cz,Ano,https://www.sauto.cz/osobni/detail/chery/tiggo-7/210337424
Chery Tiggo 7 Pro 1.5T (Benzín),730000,2334,2026,Benzín,1.6,TGDI,,108,Automatická,,,,Ano,SUV,,,"Unique, UNIQUE",Odstraněno,Sauto.cz,Ano,https://www.sauto.cz/osobni/detail/chery/tiggo-7/210354725
Chery Tiggo 7 Pro 1.5T (Benzín),730000,2003,2026,Benzín,1.6,TGDI,,108,Automatická,,,,Ano,SUV,,,"Unique, UNIQUE",Odstraněno,Sauto.cz,Ano,https://www.sauto.cz/osobni/detail/chery/tiggo-7/210384041
Chery Tiggo 7 Pro 1.5T (Benzín),730000,2315,2026,Benzín,1.6,TGDI,,108,Automatická,,,,Ano,SUV,,,"Unique, UNIQUE",Odstraněno,Sauto.cz,Ano,https://www.sauto.cz/osobni/detail/chery/tiggo-7/210387317
Chery Tiggo 7 Pro 1.5T (Benzín),599000,1980,2026,Benzín,1.6,,,108,Automatická,,,,Ne,SUV,Comfort,,ICE,Odstraněno,Sauto.cz,Ano,https://www.sauto.cz/osobni/detail/chery/tiggo-7/210410807
Chery Tiggo 7 Pro 1.5T (Benzín),659000,2000,2026,Benzín,1.6,T-GDI,,108,Automatická,,,,Ne,Hatchback,Luxury,,,Odstraněno,Sauto.cz,Ano,https://www.sauto.cz/osobni/detail/chery/tiggo-7/210427211
Chery Tiggo 7 Pro 1.5T (Benzín),599000,2000,2026,Benzín,1.6,T-GDI,,108,Automatická,,,,Ne,Hatchback,Comfort,,,Odstraněno,Sauto.cz,Ano,https://www.sauto.cz/osobni/detail/chery/tiggo-7/210427235
Chery Tiggo 7 Pro 1.5T (Benzín),650000,2308,2026,Benzín,1.6,TGDI,,108,Automatická,,,,Ne,SUV,Luxury,,,Odstraněno,Sauto.cz,Ano,https://www.sauto.cz/osobni/detail/chery/tiggo-7/210431315
Chery Tiggo 7 Pro 1.5T (Benzín),650000,2121,2026,Benzín,1.6,TGDI,,108,Automatická,,,,Ne,SUV,Luxury,,,Odstraněno,Sauto.cz,Ano,https://www.sauto.cz/osobni/detail/chery/tiggo-7/210434339
Chery Tiggo 7 Pro 1.5T (Benzín),599000,5,2025,Benzín,1.6,,,108,Automatická,,,,Ne,Hatchback,,,,Předváděcí,Sauto.cz,Ano,
Chery Tiggo 7 Pro 1.5T (Benzín),599000,5,2026,Benzín,1.6,,,108,Automatická,,,,Ne,SUV,Comfort,,,Nové,Sauto.cz,Ano,
Chery Tiggo 7 Pro 1.5T (Benzín),649000,5,2026,Benzín,1.6,,,108,Automatická,,,,Ne,SUV,Luxury,,,Nové,Sauto.cz,Ano,
Chery Tiggo 7 Pro 1.5T (Benzín),599000,10,2026,Benzín,1.6,,,108,Automatická,,,,Ne,SUV,Comfort,,ICE,Nové,Sauto.cz,Ano,
Chery Tiggo 7 Pro 1.5T (Benzín),659000,2,2026,Benzín,1.6,T-GDI,,108,Automatická,,,,Ne,SUV,Luxury,,,Nové,Sauto.cz,Ano,
Chevrolet Equinox 1.5T AWD (Benzín),420000,91360,2021,Nafta,1.6,,,102,Automatická,,,,Ano,SUV,,,Diesel Automat,Ojeté,Sauto.cz,Ano,
Chevrolet TrailBlazer AWD 1.3,650000,33920,2023,Benzín,1.3,,,115,Automatická,,,,Ano,SUV,,,,Ojeté,Sauto.cz,Ano,
Citroën C3 Aircross 1.2,569900,3,2026,Benzín,1.2,,HEV,100,Automatická,,,,Ne,SUV,,,MAX Hybrid 145k Automatic,Odstraněno,Sauto.cz,Ano,https://www.sauto.cz/osobni/detail/citroen/c3-aircross/210246236
Citroën C3 Aircross 1.2,500000,15911,2025,Benzín,1.2,,HEV,100,Automatická,,,,Ne,SUV,,Ano,"Hybrid, Záruka, Automat",Odstraněno,Sauto.cz,Ano,https://www.sauto.cz/osobni/detail/citroen/c3-aircross/210389549
Citroën C4 1.2 PureTech (Fastback),579000,6000,2025,Benzín,1.2,,HEV,107,Automatická,,,,Ne,Hatchback,,,C4 MAX Hybrid 145k Automatic,Předváděcí,Sauto.cz,Ano,
Citroën C4 1.2 PureTech (Fastback),539900,3,2026,Benzín,1.2,,,100,Automatická,,,,Ne,Hatchback,,,MAX Petrol 130k Automatic,Odstraněno,Sauto.cz,Ano,https://www.sauto.cz/osobni/detail/citroen/c4/210308036
Citroën C4 1.2 PureTech (Fastback),612901,5,2026,Benzín,1.2,,HEV,100,Automatická,,,,Ne,Hatchback,,,Hybrid145kAutomaCOLLECTION,Odstraněno,Sauto.cz,Ano,https://www.sauto.cz/osobni/detail/citroen/c4/210334310
Citroën C4 1.2 PureTech (Fastback),545000,4804,2025,Benzín,1.2,,HEV,100,Automatická,,,,Ne,Hatchback,,,MAX 136 hybrid,Odstraněno,Sauto.cz,Ano,https://www.sauto.cz/osobni/detail/citroen/c4/210432695
Citroën C5 Aircross 1.2 MHEV,738900,3,2026,Benzín,1.2,,HEV,107,Automatická,,,,Ne,SUV,,,PLUS Hybrid 145k Automatic,Odstraněno,Sauto.cz,Ano,https://www.sauto.cz/osobni/detail/citroen/c5-aircross/210180221
Citroën C5 Aircross 1.2 MHEV,749900,3,2026,Benzín,1.2,,HEV,107,Automatická,,,,Ne,SUV,,,PLUS Hybrid 145k Automatic,Odstraněno,Sauto.cz,Ano,https://www.sauto.cz/osobni/detail/citroen/c5-aircross/210182732
Citroën C5 Aircross 1.2 MHEV,679900,950,2025,Benzín,1.2,,HEV,107,Automatická,,,,Ne,SUV,,,PLUS Hybrid 145k Automatic,Odstraněno,Sauto.cz,Ano,https://www.sauto.cz/osobni/detail/citroen/c5-aircross/210218300
Citroën C5 Aircross 1.2 MHEV,749900,1,2026,Benzín,1.2,,HEV,107,Automatická,,,,Ne,SUV,,,MAX Hybrid 145k+ ZIMA PLUS,Odstraněno,Sauto.cz,Ano,https://www.sauto.cz/osobni/detail/citroen/c5-aircross/210255086
Citroën C5 Aircross 1.2 MHEV,659000,5,2026,Benzín,1.2,,HEV,107,Automatická,,,,Ne,SUV,,,Hybrid 145k PLUS,Odstraněno,Sauto.cz,Ano,https://www.sauto.cz/osobni/detail/citroen/c5-aircross/210255386
Citroën C5 X 1.2 PureTech,626650,1,2026,Benzín,1.2,,,107,Automatická,,,,Ne,SUV,,,C5 Aircross YOU Hybr 145k Aut,Nové,Sauto.cz,Ano,
Citroën C5 Aircross Plug-In Hybrid,529900,67000,2021,Nafta,2.0,,,130,Automatická,,,,Ne,SUV,,,EAT8 HDi Shine,Odstraněno,Sauto.cz,Ano,https://www.sauto.cz/osobni/detail/citroen/c5-aircross/210263684
Citroën C5 Aircross 1.2 MHEV,686500,5,2026,Benzín,1.2,,HEV,100,Automatická,,,,Ne,SUV,,,Hybrid 145k Automatic PLUS,Odstraněno,Sauto.cz,Ano,https://www.sauto.cz/osobni/detail/citroen/c5-aircross/210334316
Citroën C5 Aircross Plug-In Hybrid,485000,64400,2022,Benzín,1.6,,,133,Automatická,,,,Ne,SUV,,,16V AUT DPH ČR 1.MA,Odstraněno,Sauto.cz,Ano,https://www.sauto.cz/osobni/detail/citroen/c5-aircross/210360779
Citroën C5 Aircross 1.2 MHEV,699900,1,2026,Benzín,1.2,,HEV,107,Automatická,,,,Ne,SUV,,,YOU Hybrid 145k Aut.+ZIMA,Odstraněno,Sauto.cz,Ano,https://www.sauto.cz/osobni/detail/citroen/c5-aircross/210368456
Citroën C5 Aircross 1.2 MHEV,655000,1,2026,Benzín,1.2,,HEV,107,Automatická,,,,Ne,SUV,,,YOU Hybrid 145 k,Odstraněno,Sauto.cz,Ano,https://www.sauto.cz/osobni/detail/citroen/c5-aircross/210396239
Citroën C5 Aircross 1.2 MHEV,720000,200,2026,Benzín,1.2,,HEV,107,Automatická,,,,Ne,SUV,,,Plus Hybrid 145 k,Odstraněno,Sauto.cz,Ano,https://www.sauto.cz/osobni/detail/citroen/c5-aircross/210396242
Citroën C5 Aircross 1.2 MHEV,712800,10,2026,Benzín,1.2,,HEV,107,Automatická,,,,Ne,SUV,,,Plus Hybrid 145 Automatic,Nové,Sauto.cz,Ano,
Citroën C5 X 1.2 PureTech,599000,39000,2023,Benzín,1.6,PureTech,,133,Automatická,,,,Ne,Kombi,TOP,,180 SHINE*ČR*,Ojeté,Sauto.cz,Ano,
Citroën C5 X 1.2 PureTech,624999,61327,2023,Benzín,1.6,PureTech,,133,Automatická,,,,Ne,Liftback,,,180 EAT8 Shine,Ojeté,Sauto.cz,Ano,
Citroën C5 X 1.2 PureTech,557900,31200,2022,Benzín,1.6,PureTech,,133,Automatická,,,,Ne,Liftback,,,Shine 31tkm,Odstraněno,Sauto.cz,Ano,https://www.sauto.cz/osobni/detail/citroen/c5-x/210215027
Citroën Jumpy 2.0,648000,72115,2021,Nafta,2.0,,,106,Manuální,,,,Ne,VAN,,,HDI SPACETOURER 8.MÍST ČR,Ojeté,Sauto.cz,Ano,
Citroën Grand C4 SpaceTourer 2.0 BlueHDi,550000,82115,2021,Nafta,2.0,BlueHDi,,106,Manuální,,,,Ne,MPV,,,"5 míst, M, Feel",Odstraněno,Sauto.cz,Ano,https://www.sauto.cz/osobni/detail/citroen/spacetourer/210309614
Citroën Grand C4 SpaceTourer 2.0 BlueHDi,749999,95050,2022,Nafta,2.0,BlueHDi,,130,Automatická,,,,Ne,Kombi,,,Shine CZ DP,Ojeté,Sauto.cz,Ano,
Cupra Ateca 1.5 TSI (Pohon předních kol),698000,31812,2025,Benzín,1.5,TSI,,110,Automatická,Ano,,,Ne,SUV,,,150k,Ojeté,Sauto.cz,Ano,
Cupra Ateca 1.5 TSI (Pohon předních kol),719900,22132,2025,Benzín,1.5,TSI,,110,Automatická,Ano,,,Ne,SUV,,,150k,Odstraněno,Sauto.cz,Ano,https://www.sauto.cz/osobni/detail/cupra/ateca/210076748
Cupra Ateca 2.0 TSI 4Drive (Pohon všech kol),729630,45635,2024,Benzín,2.0,TSI,PHEV,140,Automatická,Ano,,,Ano,SUV,,,4Drive |*Kamera*,Odstraněno,Sauto.cz,Ano,https://www.sauto.cz/osobni/detail/cupra/ateca/210207425
Cupra Ateca 2.0 TSI 4Drive (Pohon všech kol),744150,51391,2022,Benzín,2.0,TSI,PHEV,221,Automatická,Ano,,,Ano,SUV,,,4Drive *LED*360°*,Odstraněno,Sauto.cz,Ano,https://www.sauto.cz/osobni/detail/cupra/ateca/210207587
Cupra Ateca 2.0 TSI 4Drive (Pohon všech kol),698999,53000,2024,Benzín,2.0,TSI,,140,Automatická,,,,Ano,MPV,,,Cupra Ateca,Ojeté,Sauto.cz,Ano,
Cupra Ateca 1.5 TSI (Pohon předních kol),719900,33152,2025,Benzín,1.5,TSI,,110,Automatická,Ano,,,Ne,SUV,,,150k,Odstraněno,Sauto.cz,Ano,https://www.sauto.cz/osobni/detail/cupra/ateca/210283013
Cupra Ateca 1.5 TSI (Pohon předních kol),699999,18620,2025,Benzín,1.5,TSI,,110,Automatická,Ano,,,Ne,SUV,,,,Odstraněno,Sauto.cz,Ano,https://www.sauto.cz/osobni/detail/cupra/ateca/210288665
Cupra Ateca 1.5 TSI (Pohon předních kol),659000,28906,2024,Benzín,1.5,TSI,,110,Automatická,,,,Ne,Kombi,,,,Odstraněno,Sauto.cz,Ano,https://www.sauto.cz/osobni/detail/cupra/ateca/210300194
Cupra Ateca 1.5 TSI (Pohon předních kol),697700,17770,2025,Benzín,1.5,TSI,,110,Automatická,Ano,,,Ne,SUV,,,150k -7,Odstraněno,Sauto.cz,Ano,https://www.sauto.cz/osobni/detail/cupra/ateca/210318299
Cupra Ateca 1.5 TSI (Pohon předních kol),699000,21992,2025,Benzín,1.5,TSI,,110,Automatická,Ano,,,Ne,SUV,,,"150K ACC,P.KAMERA",Odstraněno,Sauto.cz,Ano,https://www.sauto.cz/osobni/detail/cupra/ateca/210374900
Cupra Ateca 2.0 TSI 4Drive (Pohon všech kol),730000,32234,2024,Benzín,2.0,TSI,,140,Automatická,,,,Ano,SUV,,,"Automat, ČR",Odstraněno,Sauto.cz,Ano,https://www.sauto.cz/osobni/detail/cupra/ateca/210390686
Cupra Ateca 1.5 TSI (Pohon předních kol),682800,34961,2025,Benzín,1.5,TSI,,110,Automatická,Ano,,,Ne,SUV,,,,Odstraněno,Sauto.cz,Ano,https://www.sauto.cz/osobni/detail/cupra/ateca/210406247
Cupra Formentor 1.5 TSI,629000,65000,2023,Benzín,1.5,TSI,,110,Automatická,Ano,,,Ne,CUV,,,150k,Odstraněno,Sauto.cz,Ano,https://www.sauto.cz/osobni/detail/cupra/formentor/207635338
Cupra Formentor 1.5 TSI,548000,52475,2022,Benzín,1.5,TSI,,110,Automatická,Ano,,,Ne,SUV,,,Kamera LED,Ojeté,Sauto.cz,Ano,
Cupra Formentor 1.5 TSI,659000,52879,2022,Benzín,2.0,TSI,,228,Automatická,Ano,,,Ano,SUV,,,1.Maj DPH,Ojeté,Sauto.cz,Ano,
Cupra Formentor 1.5 TSI,599000,40953,2022,Nafta,2.0,TDI,,110,Manuální,,,,Ne,SUV,Style,,*VIRTUAL*KAMERA*,Odstraněno,Sauto.cz,Ano,https://www.sauto.cz/osobni/detail/cupra/formentor/208509752
Cupra Formentor 1.5 TSI,629900,45959,2023,Benzín,2.0,TSI,,140,Automatická,Ano,,,Ano,SUV,,,190K 4WD,Ojeté,Sauto.cz,Ano,
Cupra Formentor 1.5 TSI,625000,65332,2023,Benzín,1.5,TSI,,110,Automatická,,,,Ne,SUV,Style,,*VIRTUAL*KAMERA*,Odstraněno,Sauto.cz,Ano,https://www.sauto.cz/osobni/detail/cupra/formentor/209107590
Cupra Formentor 1.5 TSI,709900,9592,2024,Benzín,1.5,TSI,,110,Automatická,Ano,,,Ne,Hatchback,,,+NAVI+EL.5.DV,Odstraněno,Sauto.cz,Ano,https://www.sauto.cz/osobni/detail/cupra/formentor/209116560
Cupra Formentor 1.5 TSI,639900,49467,2023,Benzín,1.5,TSI,,110,Automatická,Ano,,,Ne,Hatchback,,,7°+NAVI+360°,Odstraněno,Sauto.cz,Ano,https://www.sauto.cz/osobni/detail/cupra/formentor/209214639
Cupra Formentor 1.4 e-Hybrid (PHEV),649000,69800,2023,Benzín,2.0,TSI,PHEV,140,Automatická,Ano,,,Ano,Kombi,,,4Drive,Odstraněno,Sauto.cz,Ano,https://www.sauto.cz/osobni/detail/cupra/formentor/209311254
Cupra Formentor 1.5 TSI,547900,49160,2022,Benzín,1.5,TSI,,110,Manuální,,,,Ne,SUV,,,6°M+KAMERA,Odstraněno,Sauto.cz,Ano,https://www.sauto.cz/osobni/detail/cupra/formentor/209315349
Cupra Formentor 1.5 TSI,649000,31582,2022,Benzín,2.0,TSI,,140,Automatická,Ano,,,Ano,Kombi,,,,Ojeté,Sauto.cz,Ano,
Cupra Formentor 1.5 TSI,619900,54000,2021,Benzín,2.0,TSI,,140,Automatická,Ano,,,Ano,SUV,,,PANO CZ,Ojeté,Sauto.cz,Ano,
Cupra Formentor 1.4 e-Hybrid (PHEV),699999,83811,2021,Benzín,2.0,TSI,PHEV,228,Automatická,Ano,,,Ano,SUV,,,4Drive VZ,Ojeté,Sauto.cz,Ano,
Cupra Formentor 1.5 TSI,529000,48325,2022,Nafta,2.0,TDI,,110,Manuální,,,,Ne,SUV,,,,Ojeté,Sauto.cz,Ano,
Cupra Formentor 1.5 TSI,618000,43953,2023,Benzín,1.5,TSI,,110,Automatická,Ano,,,Ne,SUV,,,čr. ZÁRUKA,Ojeté,Sauto.cz,Ano,
Cupra Formentor 1.5 TSI,648000,88200,2021,Benzín,2.0,TSI,,228,Automatická,Ano,,,Ano,SUV,,,VZ 4WD,Ojeté,Sauto.cz,Ano,
Cupra Formentor 1.5 TSI,671000,26037,2024,Benzín,1.5,TSI,,110,Automatická,Ano,,,Ne,Kombi,,,,Ojeté,Sauto.cz,Ano,
Cupra Formentor 1.5 TSI,655000,20444,2024,Benzín,1.5,TSI,,110,Automatická,Ano,,,Ne,Kombi,,,,Ojeté,Sauto.cz,Ano,
Cupra Formentor 1.5 TSI,685000,46380,2023,Benzín,2.0,TSI,,140,Automatická,Ano,,,Ano,SUV,,,,Ojeté,Sauto.cz,Ano,
Cupra Formentor 1.5 TSI,649900,56990,2022,Benzín,2.0,TSI,,140,Automatická,Ano,,,Ano,SUV,,,7°+KAMERA,Odstraněno,Sauto.cz,Ano,https://www.sauto.cz/osobni/detail/cupra/formentor/209951052
Cupra Formentor 1.5 TSI,679000,15912,2024,Benzín,1.5,TSI,,110,Automatická,Ano,,,Ne,Kombi,,,,Ojeté,Sauto.cz,Ano,
Cupra Formentor 1.5 TSI,560000,53007,2023,Benzín,1.5,TSI,,110,Manuální,,,,Ne,Kombi,,,,Ojeté,Sauto.cz,Ano,
Cupra Formentor 1.5 TSI,709900,34923,2023,Benzín,1.5,TSI,,110,Automatická,Ano,,,Ne,SUV,,,150k,Odstraněno,Sauto.cz,Ano,https://www.sauto.cz/osobni/detail/cupra/formentor/210013023
Cupra Formentor 1.4 e-Hybrid (PHEV),699000,30000,2024,Benzín,2.0,TSI,PHEV,140,Automatická,Ano,,,Ano,CUV,,,"4Drive, ZÁRUKA",Odstraněno,Sauto.cz,Ano,https://www.sauto.cz/osobni/detail/cupra/formentor/210033681
Cupra Formentor 1.5 TSI,669000,34671,2024,Benzín,1.5,TSI,,110,Automatická,Ano,,,Ne,Kombi,,,,Ojeté,Sauto.cz,Ano,
Cupra Formentor 1.5 TSI,549900,43885,2022,Benzín,1.5,TSI,,110,Automatická,Ano,,,Ne,SUV,,,ČR 1.Majitel,Odstraněno,Sauto.cz,Ano,https://www.sauto.cz/osobni/detail/cupra/formentor/210086360
Cupra Formentor 1.4 e-Hybrid (PHEV),646000,89638,2024,Benzín,2.0,TSI,PHEV,140,Automatická,Ano,,,Ano,SUV,,,4Drive,Ojeté,Sauto.cz,Ano,
Cupra Formentor 1.5 TSI,680000,57730,2023,Benzín,2.0,TSI,,180,Automatická,,,,Ne,SUV,,,"VZ, NOVÁ CENA, Automat",Odstraněno,Sauto.cz,Ano,https://www.sauto.cz/osobni/detail/cupra/formentor/210169553
Cupra Formentor 1.5 TSI,580318,75823,2022,Nafta,2.0,,,110,Automatická,,,,Ano,Kombi,,,,Odstraněno,Sauto.cz,Ano,https://www.sauto.cz/osobni/detail/cupra/formentor/210184505
Cupra Formentor 1.5 TSI,689990,84730,2023,Benzín,1.5,TSI,,110,Automatická,,,,Ne,SUV,,,,Odstraněno,Sauto.cz,Ano,https://www.sauto.cz/osobni/detail/cupra/formentor/210225275
Cupra Formentor 1.4 e-Hybrid (PHEV),635000,58500,2022,Benzín,2.0,TSI,PHEV,140,Automatická,Ano,,,Ano,Hatchback,,,4DRIVE,Odstraněno,Sauto.cz,Ano,https://www.sauto.cz/osobni/detail/cupra/formentor/210239117
Cupra Formentor 1.5 TSI,649000,47743,2022,Benzín,2.0,TSI,,140,Automatická,Ano,,,Ano,SUV,,,4WD,Ojeté,Sauto.cz,Ano,
Cupra Formentor 1.5 TSI,689900,62493,2024,Benzín,2.0,TSI,,140,Automatická,Ano,,,Ano,SUV,,,Nehavar.Tov.Zá,Odstraněno,Sauto.cz,Ano,https://www.sauto.cz/osobni/detail/cupra/formentor/210263636
Cupra Formentor 1.5 TSI,549000,64287,2022,Benzín,1.5,TSI,,110,Automatická,Ano,,,Ne,SUV,,,150k,Ojeté,Sauto.cz,Ano,
Cupra Formentor 1.5 TSI,480000,66590,2022,Benzín,1.5,TSI,,110,Manuální,,,,Ne,SUV,,,"NOVÁ CENA, Serv.kniha",Odstraněno,Sauto.cz,Ano,https://www.sauto.cz/osobni/detail/cupra/formentor/210283493
Cupra Formentor 1.5 TSI,664990,44884,2022,Benzín,1.5,TSI,,110,Automatická,,,,Ne,SUV,,,,Odstraněno,Sauto.cz,Ano,https://www.sauto.cz/osobni/detail/cupra/formentor/210288215
Cupra Formentor 1.5 TSI,685000,45050,2023,Nafta,2.0,TDI,,110,Automatická,Ano,,,Ano,SUV,,,TZ ZÁRUKA,Ojeté,Sauto.cz,Ano,
Cupra Formentor 1.5 TSI,579000,62692,2023,Benzín,1.5,TSI,,110,Manuální,,,,Ne,SUV,,,"150k ACC, P.KAMERA",Odstraněno,Sauto.cz,Ano,https://www.sauto.cz/osobni/detail/cupra/formentor/210307457
Cupra Formentor 1.5 TSI,657030,73522,2023,Nafta,2.0,TDI,,110,Manuální,,,,Ne,SUV,,,*Navi*Led*DAB*,Odstraněno,Sauto.cz,Ano,https://www.sauto.cz/osobni/detail/cupra/formentor/210310256
Cupra Formentor 1.5 TSI,600000,51064,2023,Benzín,1.5,TSI,,110,Automatická,,,,Ne,SUV,,,"Automat, Serv.kniha",Odstraněno,Sauto.cz,Ano,https://www.sauto.cz/osobni/detail/cupra/formentor/210315287
Cupra Formentor 1.5 TSI,519000,82957,2022,Nafta,2.0,TDI,,110,Manuální,,,,Ne,Hatchback,,,,Odstraněno,Sauto.cz,Ano,https://www.sauto.cz/osobni/detail/cupra/formentor/210316127
Cupra Formentor 1.5 TSI,598000,32337,2023,Benzín,1.5,TSI,,110,Automatická,Ano,,,Ne,SUV,,,1 Maj ZÁRUKA,Ojeté,Sauto.cz,Ano,
Cupra Formentor 1.4 e-Hybrid (PHEV),750000,60500,2023,Benzín,2.0,TSI,PHEV,228,Automatická,,,,Ano,SUV,,,"VZ 4Drive, VZ",Odstraněno,Sauto.cz,Ano,https://www.sauto.cz/osobni/detail/cupra/formentor/210327299
Cupra Formentor 1.5 TSI,612000,47860,2024,Benzín,1.5,TSI,,110,Automatická,Ano,,,Ne,SUV,,,,Ojeté,Sauto.cz,Ano,
Cupra Formentor 1.4 e-Hybrid (PHEV),719000,25000,2023,Benzín,2.0,TSI,PHEV,140,Automatická,Ano,,,Ano,SUV,,,4Drive,Odstraněno,Sauto.cz,Ano,https://www.sauto.cz/osobni/detail/cupra/formentor/210341903
Cupra Formentor 1.5 TSI,589000,27642,2023,Benzín,1.5,TSI,,110,Automatická,Ano,,,Ne,SUV,,,Basis,Odstraněno,Sauto.cz,Ano,https://www.sauto.cz/osobni/detail/cupra/formentor/210342782
Cupra Formentor 1.5 TSI,750000,20267,2025,Benzín,1.5,TSI,,110,Automatická,,,,Ne,SUV,,Ano,"Záruka, NOVÁ CENA",Odstraněno,Sauto.cz,Ano,https://www.sauto.cz/osobni/detail/cupra/formentor/210353246
Cupra Formentor 1.5 TSI,599000,21700,2024,Benzín,1.5,TSI,,110,Automatická,Ano,,,Ne,SUV,,,,Odstraněno,Sauto.cz,Ano,https://www.sauto.cz/osobni/detail/cupra/formentor/210362270
Cupra Formentor 1.4 e-Hybrid (PHEV),680000,39840,2022,Benzín,2.0,TSI,PHEV,140,Automatická,,,,Ano,SUV,,,"4Drive, Automat",Odstraněno,Sauto.cz,Ano,https://www.sauto.cz/osobni/detail/cupra/formentor/210363473
Cupra Formentor 1.5 TSI,669000,25810,2024,Benzín,1.5,TSI,,110,Automatická,Ano,,,Ne,SUV,,,Basis,Odstraněno,Sauto.cz,Ano,https://www.sauto.cz/osobni/detail/cupra/formentor/210369509
Cupra Formentor 1.5 TSI,618000,64193,2023,Nafta,2.0,TDI,,110,Automatická,Ano,,,Ne,Kombi,,,VŮZ PŘIPRAVU,Ojeté,Sauto.cz,Ano,
Cupra Formentor 1.5 TSI,578000,37056,2024,Benzín,1.5,TSI,,110,Automatická,Ano,,,Ne,SUV,,,,Ojeté,Sauto.cz,Ano,
Cupra Formentor 1.5 TSI,531000,29314,2024,Benzín,1.5,TSI,,110,Manuální,,,,Ne,SUV,,,,Ojeté,Sauto.cz,Ano,
Cupra Formentor 1.5 TSI,514800,96057,2023,Nafta,2.0,TDI,,110,Manuální,,,,Ne,Kombi,,,2X PNEU MANUÁL,Ojeté,Sauto.cz,Ano,
Cupra Formentor 1.5 TSI,629000,47700,2023,Benzín,1.5,TSI,,110,Automatická,,,,Ne,Hatchback,,Ano,Záruka*el.kufr*asistent,Odstraněno,Sauto.cz,Ano,https://www.sauto.cz/osobni/detail/cupra/formentor/210396305
Cupra Formentor 1.5 TSI,715000,35559,2024,Benzín,2.0,TSI,,140,Automatická,Ano,,,Ano,Hatchback,,,,Ojeté,Sauto.cz,Ano,
Cupra Formentor 1.5 TSI,739900,12000,2025,Benzín,1.5,TSI,,110,Manuální,,,,Ne,SUV,,,,Odstraněno,Sauto.cz,Ano,https://www.sauto.cz/osobni/detail/cupra/formentor/210405386
Cupra Formentor 1.5 TSI,699000,37250,2023,Benzín,2.0,TSI,,180,Automatická,,,,Ne,SUV,,,VZ,Ojeté,Sauto.cz,Ano,
Cupra Formentor 1.5 TSI,560000,61333,2023,Benzín,1.5,TSI,,110,Automatická,,,,Ne,SUV,,Ano,"Záruka, Automat, ČR",Odstraněno,Sauto.cz,Ano,https://www.sauto.cz/osobni/detail/cupra/formentor/210406172
Cupra Formentor 1.4 e-Hybrid (PHEV),677000,28187,2024,Benzín,2.0,TSI,PHEV,140,Automatická,Ano,,,Ano,SUV,,,4Drive,Ojeté,Sauto.cz,Ano,
Cupra Formentor 1.5 TSI,669900,83880,2023,Benzín,1.5,TSI,,110,Automatická,Ano,,,Ne,Kombi,,,,Odstraněno,Sauto.cz,Ano,https://www.sauto.cz/osobni/detail/cupra/formentor/210419462
Cupra Formentor 1.5 TSI,699000,53278,2023,Benzín,2.0,TSI,,140,Automatická,Ano,,,Ano,SUV,,,Matrix ZÁRUKA,Ojeté,Sauto.cz,Ano,
Cupra Formentor 1.5 TSI,500000,85370,2021,Benzín,1.5,TSI,,110,Manuální,,,,Ne,SUV,,,"Formentor, Kůže, Navi",Odstraněno,Sauto.cz,Ano,https://www.sauto.cz/osobni/detail/cupra/formentor/210421010
Cupra Formentor 1.5 TSI,698000,25864,2024,Benzín,2.0,TSI,,140,Automatická,Ano,,,Ano,SUV,,,čr.1 Maj,Ojeté,Sauto.cz,Ano,
Cupra Formentor 1.5 TSI,627000,94978,2023,Nafta,2.0,TDI,,110,Automatická,Ano,,,Ano,SUV,,,"ALU 18""",Ojeté,Sauto.cz,Ano,
Cupra Formentor 1.5 TSI,580000,77479,2022,Benzín,1.5,TSI,,110,Automatická,,,,Ne,SUV,,,"Automat, Serv.kniha",Odstraněno,Sauto.cz,Ano,https://www.sauto.cz/osobni/detail/cupra/formentor/210428864
Cupra Formentor 1.5 TSI,689900,,2026,Benzín,1.5,TSI,,110,Manuální,,,,Ne,SUV,,,150k,Odstraněno,Sauto.cz,Ano,https://www.sauto.cz/osobni/detail/cupra/formentor/210429137
Cupra Formentor 1.5 TSI,509000,49980,2022,Benzín,1.5,TSI,,110,Manuální,,,,Ne,SUV,,,"M6, ČR",Odstraněno,Sauto.cz,Ano,https://www.sauto.cz/osobni/detail/cupra/formentor/210430439
Cupra Formentor 1.5 TSI,630000,24397,2024,Benzín,1.5,TSI,,110,Automatická,,,,Ne,SUV,,Ano,"Záruka, Automat, ČR",Odstraněno,Sauto.cz,Ano,https://www.sauto.cz/osobni/detail/cupra/formentor/210435425
Cupra Formentor 1.5 TSI,739900,,2026,Benzín,1.5,TSI,,110,Manuální,,,,Ne,SUV,,,,Odstraněno,Sauto.cz,Ano,https://www.sauto.cz/osobni/detail/cupra/formentor/210440021
Cupra Formentor 1.5 TSI,563000,87942,2021,Nafta,2.0,TDI,,110,Automatická,Ano,,,Ano,SUV,,,ALU,Ojeté,Sauto.cz,Ano,
Cupra Formentor 1.5 TSI,557900,57894,2023,Benzín,1.5,TSI,,110,Automatická,Ano,,,Ne,SUV,,,,Ojeté,Sauto.cz,Ano,
Cupra Formentor 1.5 TSI,678000,45786,2024,Nafta,2.0,TDI,,110,Automatická,Ano,,,Ano,SUV,,,,Ojeté,Sauto.cz,Ano,
Cupra Formentor 1.5 TSI,540000,79101,2022,Benzín,1.5,TSI,,110,Automatická,,,,Ne,SUV,,,"Automat, Kůže, Navi",Odstraněno,Sauto.cz,Ano,https://www.sauto.cz/osobni/detail/cupra/formentor/210477317
Cupra Formentor 1.5 TSI,590000,21688,2023,Benzín,1.5,TSI,,110,Automatická,,,,Ne,SUV,,Ano,"Záruka, Automat",Odstraněno,Sauto.cz,Ano,https://www.sauto.cz/osobni/detail/cupra/formentor/210477455
Cupra Formentor 1.5 TSI,618000,29973,2024,Benzín,1.5,TSI,,110,Automatická,Ano,,,Ne,SUV,,,čr. ZÁRUKA,Ojeté,Sauto.cz,Ano,
Cupra Formentor 1.5 TSI,689900,72502,2023,Benzín,2.0,TSI,,180,Automatická,Ano,,,Ne,SUV,,,VZ,Odstraněno,Sauto.cz,Ano,https://www.sauto.cz/osobni/detail/cupra/formentor/210484205
Cupra Formentor 1.5 TSI,619000,33056,2024,Benzín,1.5,TSI,,110,Automatická,,,,Ne,Kombi,,,,Odstraněno,Sauto.cz,Ano,https://www.sauto.cz/osobni/detail/cupra/formentor/210490760
Cupra Formentor 1.5 TSI,729900,40670,2024,Benzín,2.0,TSI,,140,Automatická,Ano,,,Ano,SUV,,,4WD,Odstraněno,Sauto.cz,Ano,https://www.sauto.cz/osobni/detail/cupra/formentor/210490796
Cupra Formentor 1.4 e-Hybrid (PHEV),722000,20641,2024,Benzín,2.0,TSI,PHEV,140,Automatická,Ano,,,Ano,SUV,,,4Drive,Ojeté,Sauto.cz,Ano,
Cupra Formentor 1.5 TSI,717000,61096,2022,Benzín,2.0,TSI,,228,Automatická,Ano,,,Ano,SUV,,,VZ 19'',Ojeté,Sauto.cz,Ano,
Cupra Formentor 1.5 TSI,689990,70092,2023,Benzín,1.5,,,110,Automatická,,,,Ne,SUV,,,,Ojeté,Sauto.cz,Ano,
Cupra Formentor 1.5 TSI,639900,31684,2024,Benzín,1.5,TSI,,110,Automatická,Ano,,,Ne,SUV,,,Nehavar.Tov.Zár. Č,Ojeté,Sauto.cz,Ano,
Cupra Formentor 1.5 TSI,677000,54614,2021,Benzín,2.0,TSI,,228,Automatická,Ano,,,Ano,CUV,,,VZ PRODÁNO,Ojeté,Sauto.cz,Ano,
Cupra Formentor 1.5 TSI,590000,38950,2023,Benzín,1.5,TSI,,110,Automatická,,,,Ne,SUV,,,". ,ČR,servis.kniha",Ojeté,Sauto.cz,Ano,
Cupra Formentor 1.4 e-Hybrid (PHEV),699000,32659,2024,Benzín,2.0,TSI,PHEV,140,Automatická,Ano,,,Ano,SUV,,,4Drive,Ojeté,Sauto.cz,Ano,
Cupra Formentor 1.5 TSI,649000,49549,2024,Benzín,2.0,TSI,,140,Automatická,Ano,,,Ano,SUV,,,4WD,Ojeté,Sauto.cz,Ano,
Cupra Formentor 1.5 TSI,679800,26000,2024,Benzín,1.5,TSI,,110,Automatická,Ano,,,Ne,SUV,,Ano,150k LED ACC Záruka,Ojeté,Sauto.cz,Ano,
Cupra Formentor 1.5 TSI,639900,29729,2024,Benzín,1.5,TSI,,110,Automatická,Ano,,,Ne,SUV,,,Nehavar.Tov.Zár. Č,Ojeté,Sauto.cz,Ano,
Cupra Formentor 1.5 TSI,532000,44773,2024,Benzín,1.5,TSI,,110,Automatická,Ano,,,Ne,SUV,,,,Ojeté,Sauto.cz,Ano,
Cupra Formentor 1.5 TSI,643000,28679,2024,Benzín,1.5,TSI,,110,Automatická,Ano,,,Ne,SUV,,,,Ojeté,Sauto.cz,Ano,
Cupra Formentor 1.5 TSI,714900,33430,2024,Benzín,2.0,TSI,,140,Automatická,Ano,,,Ano,SUV,,,Nehavar.Tov.Zá,Ojeté,Sauto.cz,Ano,
Cupra Leon Sportstourer 1.5 TSI (Kombi),679000,98376,2023,Benzín,2.0,TSI,PHEV,228,Automatická,,,,Ano,Kombi,,,4Drive VZ Beats,Ojeté,Sauto.cz,Ano,
Cupra Leon Sportstourer 1.5 TSI (Kombi),570000,46682,2023,Benzín,1.5,eTSI,,110,Automatická,Ano,,,Ne,Kombi,,,VZ Line ha,Odstraněno,Sauto.cz,Ano,https://www.sauto.cz/osobni/detail/cupra/leon/209283000
Cupra Leon Sportstourer 1.5 TSI (Kombi),619000,26670,2023,Benzín,1.5,TSI,,110,Automatická,Ano,,,Ne,Kombi,,,ST,Ojeté,Sauto.cz,Ano,
Cupra Leon Hatchback 1.5 TSI,719000,13200,2023,Benzín,2.0,,,221,Automatická,,,,Ne,Hatchback,,,2023 Cupra leon 300PS,Odstraněno,Sauto.cz,Ano,https://www.sauto.cz/osobni/detail/cupra/leon/209925909
Cupra Leon Sportstourer 1.5 TSI (Kombi),649000,12485,2023,Benzín,1.5,TSI,,110,Automatická,Ano,,,Ne,Kombi,,,ST,Ojeté,Sauto.cz,Ano,
Cupra Leon Sportstourer 1.5 TSI (Kombi),629000,23728,2023,Benzín,1.5,TSI,,110,Automatická,Ano,,,Ne,Kombi,,,ST,Ojeté,Sauto.cz,Ano,
Cupra Leon Sportstourer 1.5 TSI (Kombi),699000,54841,2021,Benzín,2.0,TSI,PHEV,228,Automatická,,,,Ano,Kombi,,,SP VZ 4Drive ( 31,Odstraněno,Sauto.cz,Ano,https://www.sauto.cz/osobni/detail/cupra/leon/210213071
Cupra Leon Sportstourer 1.5 TSI (Kombi),709900,5,2026,Benzín,1.5,TSI,,110,Manuální,,,,Ne,Kombi,,,,Odstraněno,Sauto.cz,Ano,https://www.sauto.cz/osobni/detail/cupra/leon/210226640
Cupra Leon Sportstourer 1.5 TSI (Kombi),719999,36056,2024,Benzín,2.0,TSI,,180,Automatická,Ano,,,Ne,Kombi,,,ST Cupra DPH,Ojeté,Sauto.cz,Ano,
Cupra Leon Sportstourer 1.5 TSI (Kombi),675000,23500,2024,Benzín,1.5,eTSI,,110,Automatická,Ano,,,Ne,Kombi,,,SP,Odstraněno,Sauto.cz,Ano,https://www.sauto.cz/osobni/detail/cupra/leon/210236669
Cupra Leon Sportstourer 1.5 TSI (Kombi),699000,24284,2024,Benzín,2.0,eTSI,,221,Automatická,Ano,,,Ne,Kombi,,,VZ Line ST,Odstraněno,Sauto.cz,Ano,https://www.sauto.cz/osobni/detail/cupra/leon/210240980
Cupra Leon Sportstourer 1.5 TSI (Kombi),679990,,2026,Benzín,1.5,TSI,,110,Manuální,,,,Ne,Kombi,,,SP,Odstraněno,Sauto.cz,Ano,https://www.sauto.cz/osobni/detail/cupra/leon/210258800
Cupra Leon Sportstourer 1.5 TSI (Kombi),679990,65584,2021,Benzín,2.0,TSI,,180,Automatická,,,,Ne,Kombi,,,,Odstraněno,Sauto.cz,Ano,https://www.sauto.cz/osobni/detail/cupra/leon/210271163
Cupra Leon Hatchback 1.5 TSI,529900,64578,2023,Benzín,1.5,eTSI,,110,Automatická,Ano,,,Ne,Hatchback,,,,Odstraněno,Sauto.cz,Ano,https://www.sauto.cz/osobni/detail/cupra/leon/210297509
Cupra Leon Sportstourer 1.5 TSI (Kombi),629000,21370,2023,Benzín,1.5,TSI,,110,Automatická,Ano,,,Ne,Kombi,,,ST,Odstraněno,Sauto.cz,Ano,https://www.sauto.cz/osobni/detail/cupra/leon/210315131
Cupra Leon Hatchback 1.5 TSI,744150,38944,2023,Benzín,2.0,TSI,,180,Automatická,,,,Ne,Sedan/limuzína,,,*Kamera*Navi*,Odstraněno,Sauto.cz,Ano,https://www.sauto.cz/osobni/detail/cupra/leon/210331343
Cupra Leon Sportstourer 1.5 TSI (Kombi),695000,62750,2022,Benzín,2.0,,,228,Automatická,,,,Ano,Kombi,,,SP,Ojeté,Sauto.cz,Ano,
Cupra Leon Sportstourer 1.5 TSI (Kombi),524000,92588,2024,Nafta,2.0,TDI,,110,Automatická,Ano,,,Ne,Kombi,,,ST 1.Maj DPH,Ojeté,Sauto.cz,Ano,
Cupra Leon Sportstourer 1.5 TSI (Kombi),749000,24396,2024,Benzín,2.0,TSI,,140,Automatická,Ano,,,Ne,Kombi,,,VZ Line ST,Ojeté,Sauto.cz,Ano,
Cupra Leon Sportstourer 1.5 TSI (Kombi),679990,,2026,Benzín,1.5,TSI,,110,Manuální,,,,Ne,Kombi,,,,Odstraněno,Sauto.cz,Ano,https://www.sauto.cz/osobni/detail/cupra/leon/210412130
Cupra Leon Sportstourer 1.5 TSI (Kombi),629000,44500,2024,Benzín,1.5,eTSI,,110,Automatická,Ano,,,Ne,Kombi,,,Sportstourer 2024,Ojeté,Sauto.cz,Ano,
Cupra Leon Sportstourer 1.5 TSI (Kombi),699990,24500,2024,Benzín,2.0,,,180,Automatická,Ano,,,Ne,Kombi,,,ST / 2024 DPH,Odstraněno,Sauto.cz,Ano,https://www.sauto.cz/osobni/detail/cupra/leon/210487754
Dacia Bigster 1.8,682800,1,2026,Benzín,1.8,,HEV,116,Automatická,,,,Ne,SUV,,,Expression Hybrid 155,Odstraněno,Sauto.cz,Ano,https://www.sauto.cz/osobni/detail/dacia/bigster/209733765
Dacia Bigster 1.2,629900,1,2026,Benzín,1.2,,,103,,,,,Ne,SUV,,,BENZÍN 140 EDICE CELEBRATION,Odstraněno,Sauto.cz,Ano,https://www.sauto.cz/osobni/detail/dacia/bigster/210090197
Dacia Bigster 1.2,599000,10,1900,Benzín,1.2,,,103,Manuální,,,,Ne,Hatchback,,,Journey,Odstraněno,Sauto.cz,Ano,https://www.sauto.cz/osobni/detail/dacia/bigster/210225179
Dacia Bigster 1.2,543800,1,2026,LPG + benzín,1.2,,,103,,,,,Ne,SUV,,,"Essential LPG - Skladem, IHNED",Odstraněno,Sauto.cz,Ano,https://www.sauto.cz/osobni/detail/dacia/bigster/210243353
Dacia Bigster 1.2,567900,5,2026,LPG + benzín,1.2,,MHEV,103,Manuální,,,,Ne,SUV,,,Expression MILD HYBRID-G 140,Odstraněno,Sauto.cz,Ano,https://www.sauto.cz/osobni/detail/dacia/bigster/210252323
Dacia Bigster 1.2,652800,6,2026,LPG + benzín,1.2,,MHEV,103,Automatická,,,,Ne,SUV,,,mild hybrid G-140 Extreme,Odstraněno,Sauto.cz,Ano,https://www.sauto.cz/osobni/detail/dacia/bigster/210297587
Dacia Bigster 1.2,652800,6,2026,LPG + benzín,1.2,,MHEV,103,Automatická,,,,Ne,SUV,,,mild hybrid G-140 Extreme,Odstraněno,Sauto.cz,Ano,https://www.sauto.cz/osobni/detail/dacia/bigster/210297590
Dacia Bigster 1.2,687800,6,2026,Benzín,1.2,,MHEV,103,Manuální,,,,Ne,SUV,,,mild hybrid 140 Journey,Odstraněno,Sauto.cz,Ano,https://www.sauto.cz/osobni/detail/dacia/bigster/210297593
Dacia Bigster 1.2,628176,10,2026,LPG + benzín,1.2,,MHEV,103,Manuální,,,,Ne,SUV,,,Journey mild hybrid-G 140,Odstraněno,Sauto.cz,Ano,https://www.sauto.cz/osobni/detail/dacia/bigster/210311783
Dacia Bigster 1.2,660288,1000,2026,Benzín,1.2,,,103,Manuální,,,,Ne,SUV,,,,Odstraněno,Sauto.cz,Ano,https://www.sauto.cz/osobni/detail/dacia/bigster/210332549
Dacia Bigster 1.2,622800,5,2026,Benzín,1.2,,MHEV,103,Manuální,,,,Ne,SUV,,,extreme mild hybrid 140,Odstraněno,Sauto.cz,Ano,https://www.sauto.cz/osobni/detail/dacia/bigster/210374363
Dacia Bigster 1.2,689000,15,2026,Benzín,1.2,,MHEV,103,Manuální,,,,Ne,SUV,,,EXTREME MILD HYBRID 140 PANORA,Odstraněno,Sauto.cz,Ano,https://www.sauto.cz/osobni/detail/dacia/bigster/210377477
Dacia Bigster 1.2,605900,10,2026,LPG + benzín,1.2,,MHEV,103,Manuální,,,,Ne,SUV,,,Extreme mild hybrid-G 140,Odstraněno,Sauto.cz,Ano,https://www.sauto.cz/osobni/detail/dacia/bigster/210377888
Dacia Bigster 1.2 TCe,666000,120,2026,Benzín,1.2,TCe,MHEV,103,Manuální,,,,Ne,SUV,,,Mild hybrid 140 EXTREME,Odstraněno,Sauto.cz,Ano,https://www.sauto.cz/osobni/detail/dacia/bigster/210414323
Dacia Bigster 1.2 TCe,602900,1,2026,Benzín,1.2,TCe,,103,,,,,Ne,SUV,,,Expression 140 - SKLADEM,Nové,Sauto.cz,Ano,
Dacia Bigster 1.2,630000,14997,2025,Benzín,1.2,,MHEV,103,Manuální,,,,Ne,SUV,,,"Extreme, Extreme",Odstraněno,Sauto.cz,Ano,https://www.sauto.cz/osobni/detail/dacia/bigster/210440147
Dacia Bigster 1.2,610300,,2026,LPG + benzín,1.2,,,103,Manuální,,,,Ne,SUV,,,Extreme Eco-G 140,Odstraněno,Sauto.cz,Ano,https://www.sauto.cz/osobni/detail/dacia/bigster/210483113
Dacia Bigster 1.2,709800,10,2026,Benzín,1.2,,HEV,113,Automatická,,,,Ano,SUV,,,expression hybrid-G 150,Odstraněno,Sauto.cz,Ano,https://www.sauto.cz/osobni/detail/dacia/bigster/210483566
Dacia Bigster 1.2,564800,,2026,LPG + benzín,1.2,,MHEV,103,Manuální,,,,Ne,SUV,,,Expression mild hybrid-G 140,Nové,Sauto.cz,Ano,
Dacia Bigster 1.2,567900,,2026,Benzín,1.2,,MHEV,103,Manuální,,,,Ne,SUV,,,expression m,Nové,Sauto.cz,Ano,
Dacia Bigster 1.2,564800,10,2026,LPG + benzín,1.2,,MHEV,103,Manuální,,,,Ne,SUV,,,expression mild hybrid-G 140,Nové,Sauto.cz,Ano,
Dacia Duster ECO-G 100 LPG (Gen 3),439990,24146,2022,Benzín,1.3,TCe,,110,Automatická,,,,Ne,SUV,,,Extreme,Ojeté,Sauto.cz,Ano,
Dacia Duster ECO-G 100 LPG (Gen 3),389900,39804,2021,Benzín,1.3,TCe,,110,Automatická,,,,Ne,SUV,,,"Prestige,AUTOMAT",Ojeté,Sauto.cz,Ano,
Dacia Duster ECO-G 100 LPG (Gen 3),370000,49509,2021,Benzín,1.3,TCe,,110,Automatická,,,,Ne,SUV,,,"Automat, Serv.kniha",Odstraněno,Sauto.cz,Ano,https://www.sauto.cz/osobni/detail/dacia/duster/209721720
Dacia Duster ECO-G 100 LPG (Gen 3),483300,15,2026,Benzín,1.2,TCe,,103,Manuální,,,,Ne,SUV,,,140 Expression,Nové,Sauto.cz,Ano,
Dacia Duster ECO-G 100 LPG (Gen 3),537300,1,2026,Benzín,1.8,,HEV,115,Automatická,,,,Ne,SUV,,,"HYBRID 155 - Červen, XXL SLEVA",Odstraněno,Sauto.cz,Ano,https://www.sauto.cz/osobni/detail/dacia/duster/210189368
Dacia Duster ECO-G 100 LPG (Gen 3),533300,10,2026,Benzín,1.2,,MHEV,103,Manuální,,,,Ne,SUV,,,Expression mild hybrid 140,Odstraněno,Sauto.cz,Ano,https://www.sauto.cz/osobni/detail/dacia/duster/210218540
Dacia Duster ECO-G 100 LPG (Gen 3),537900,10,2026,Benzín,1.2,TCe,MHEV,103,Manuální,,,,Ne,SUV,,,Journey Mild Hybrid 140,Odstraněno,Sauto.cz,Ano,https://www.sauto.cz/osobni/detail/dacia/duster/210239618
Dacia Duster ECO-G 100 LPG (Gen 3),685300,1,2026,LPG + benzín,1.2,,,110,Automatická,,,,Ano,SUV,,,LPG AUTOMAT 2026 - ihned,Odstraněno,Sauto.cz,Ano,https://www.sauto.cz/osobni/detail/dacia/duster/210240668
Dacia Duster ECO-G 100 LPG (Gen 3),570000,10,2026,Benzín,1.2,,MHEV,103,Manuální,,,,Ne,SUV,,,mild hybrid journey,Odstraněno,Sauto.cz,Ano,https://www.sauto.cz/osobni/detail/dacia/duster/210292766
Dacia Duster ECO-G 100 LPG (Gen 3),533300,10,2026,Benzín,1.2,,MHEV,103,,,,,Ne,SUV,,,Expression mild hybrid 140,Odstraněno,Sauto.cz,Ano,https://www.sauto.cz/osobni/detail/dacia/duster/210312425
Dacia Duster ECO-G 100 LPG (Gen 3),689300,5,2026,Benzín,1.8,,HEV,116,Automatická,,,,Ne,SUV,,,extreme hybrid 155,Odstraněno,Sauto.cz,Ano,https://www.sauto.cz/osobni/detail/dacia/duster/210331538
Dacia Duster ECO-G 100 LPG (Gen 3),586300,10,2026,Benzín,1.2,,MHEV,103,Manuální,,,,Ne,SUV,,,extreme mild hybrid 140,Odstraněno,Sauto.cz,Ano,https://www.sauto.cz/osobni/detail/dacia/duster/210333371
Dacia Duster ECO-G 100 LPG (Gen 3),586300,10,2026,Benzín,1.2,,MHEV,103,Manuální,,,,Ne,SUV,,,extreme mild hybrid 140,Odstraněno,Sauto.cz,Ano,https://www.sauto.cz/osobni/detail/dacia/duster/210333374
Dacia Duster ECO-G 100 LPG (Gen 3),566400,10,2026,Benzín,1.2,,MHEV,103,Manuální,,,,Ne,SUV,,,extreme mild hybrid 140,Odstraněno,Sauto.cz,Ano,https://www.sauto.cz/osobni/detail/dacia/duster/210333380
Dacia Duster ECO-G 100 LPG (Gen 3),586300,10,2025,Benzín,1.2,,MHEV,103,Manuální,,,,Ne,SUV,,,journey mild hybrid 140,Odstraněno,Sauto.cz,Ano,https://www.sauto.cz/osobni/detail/dacia/duster/210333383
Dacia Duster ECO-G 100 LPG (Gen 3),582300,10,2025,Benzín,1.2,,MHEV,103,Manuální,,,,Ne,SUV,,,journey mild hybrid 140,Odstraněno,Sauto.cz,Ano,https://www.sauto.cz/osobni/detail/dacia/duster/210333386
Dacia Duster ECO-G 100 LPG (Gen 3),574900,1,2026,Benzín,1.8,,,115,Automatická,,,,Ne,SUV,,,155 PS AUTOMAT KAMERA SKLADEM,Odstraněno,Sauto.cz,Ano,https://www.sauto.cz/osobni/detail/dacia/duster/210350636
Dacia Duster ECO-G 100 LPG (Gen 3),553300,10,2026,Benzín,1.2,,MHEV,103,Manuální,,,,Ne,SUV,,,expression mild hybrid 140,Odstraněno,Sauto.cz,Ano,https://www.sauto.cz/osobni/detail/dacia/duster/210383276
Dacia Duster ECO-G 100 LPG (Gen 3),475800,10,2026,Benzín,1.8,,,116,Manuální,,,,Ne,SUV,,,expression Eco-G 120,Odstraněno,Sauto.cz,Ano,https://www.sauto.cz/osobni/detail/dacia/duster/210383279
Dacia Duster ECO-G 100 LPG (Gen 3),460000,41744,2022,Benzín,1.3,TCe,,110,Manuální,,,,Ano,SUV,,,Serv.kniha,Odstraněno,Sauto.cz,Ano,https://www.sauto.cz/osobni/detail/dacia/duster/210397847
Dacia Duster ECO-G 100 LPG (Gen 3),544900,1,2026,Benzín,1.8,,,115,Automatická,,,,Ne,SUV,,,155 PS AUTOMAT KAMERA SKLADEM,Odstraněno,Sauto.cz,Ano,https://www.sauto.cz/osobni/detail/dacia/duster/210414449
Dacia Duster ECO-G 100 LPG (Gen 3),533300,10,2026,Benzín,1.2,TCe,,103,Manuální,,,,Ne,SUV,,,140 Expression,Nové,Sauto.cz,Ano,
Dacia Duster ECO-G 100 LPG (Gen 3),669400,10,2026,Benzín,1.2,,HEV,113,Manuální,,,,Ano,SUV,,,extreme hybrid-G 150,Odstraněno,Sauto.cz,Ano,https://www.sauto.cz/osobni/detail/dacia/duster/210421061
Dacia Duster ECO-G 100 LPG (Gen 3),685300,10,2026,LPG + benzín,1.8,,HEV,116,Automatická,,,,Ano,SUV,,,Journey hybrid-G 150,Nové,Sauto.cz,Ano,
Dacia Duster ECO-G 100 LPG (Gen 3),685300,10,2026,LPG + benzín,1.8,,HEV,116,Automatická,,,,Ano,SUV,,,Journey hybrid-G 150,Nové,Sauto.cz,Ano,
Dacia Duster ECO-G 100 LPG (Gen 3),517400,10,2026,Benzín,1.2,,MHEV,103,Manuální,,,,Ne,SUV,,,expression mild hybrid 140,Nové,Sauto.cz,Ano,
Dacia Duster ECO-G 100 LPG (Gen 3),533300,10,2026,Benzín,1.2,,MHEV,103,Manuální,,,,Ne,SUV,,,expression mild hybrid 140,Nové,Sauto.cz,Ano,
Dacia Duster ECO-G 100 LPG (Gen 3),562300,10,2026,Benzín,1.2,,MHEV,103,Manuální,,,,Ne,SUV,,,journey mild hybrid 140,Nové,Sauto.cz,Ano,
Dacia Jogger 1.6,578600,1,2025,Benzín,1.6,,HEV,103,Automatická,,,,Ne,Kombi,,,Hybrid IHNED- XXL SLEVA,Odstraněno,Sauto.cz,Ano,https://www.sauto.cz/osobni/detail/dacia/jogger/208894659
Dacia Jogger 1.6,604000,10,2026,Benzín,1.8,,HEV,116,Manuální,,,,Ne,Kombi,,,Expression hybrid 155,Nové,Sauto.cz,Ano,
Dongfeng MAGE E2 1.5,575000,2000,2026,Benzín,1.5,,,145,Automatická,,,,Ne,SUV,,,T 7DTC Silver Black,Odstraněno,Sauto.cz,Ano,https://www.sauto.cz/osobni/detail/dongfeng/mage/209753055
Dongfeng MAGE E2 1.5,616890,,2026,Benzín,1.5,,,145,Automatická,,,,Ne,SUV,,,E2,Odstraněno,Sauto.cz,Ano,https://www.sauto.cz/osobni/detail/dongfeng/mage/209762919
Dongfeng MAGE E2 1.5,579900,5000,2026,Benzín,1.5,,,145,Automatická,Ano,,,Ne,SUV,,,T E2 7,Předváděcí,Sauto.cz,Ano,
Dongfeng MAGE E2 1.5,599900,10,2026,Benzín,1.5,,,145,Automatická,,,,Ne,SUV,,,T E2 + Deep Blue,Odstraněno,Sauto.cz,Ano,https://www.sauto.cz/osobni/detail/dongfeng/mage/210243146
Dongfeng Mage 1.5 Turbo,599900,8,2026,Benzín,1.5,Turbo,,145,Automatická,Ano,,,Ne,SUV,,,7 E2,Odstraněno,Sauto.cz,Ano,https://www.sauto.cz/osobni/detail/dongfeng/mage/210308408
Dongfeng MAGE E2 1.5,569990,1,2025,Benzín,1.5,,,150,Automatická,,,,Ne,SUV,,,"E2 T, TÝDEN DONGFENG",Odstraněno,Sauto.cz,Ano,https://www.sauto.cz/osobni/detail/dongfeng/mage/210310250
Dongfeng MAGE E2 1.5,569990,1,2026,Benzín,1.5,,,150,Automatická,,,,Ne,SUV,,,"E2 T, TÝDEN DONGFENG",Odstraněno,Sauto.cz,Ano,https://www.sauto.cz/osobni/detail/dongfeng/mage/210310316
Dongfeng MAGE E2 1.5,569990,1,2026,Benzín,1.5,,,150,Automatická,,,,Ne,SUV,,,"E2 T, TÝDEN DONGFENG",Odstraněno,Sauto.cz,Ano,https://www.sauto.cz/osobni/detail/dongfeng/mage/210310394
Dongfeng MAGE E2 1.5,569990,1,2026,Benzín,1.5,,,150,Automatická,,,,Ne,SUV,,,"E2 T, TÝDEN DONGFENG",Nové,Sauto.cz,Ano,
Dongfeng MAGE E2 1.5,599000,5,2026,Benzín,1.5,,,145,Automatická,,,,Ne,SUV,,,,Odstraněno,Sauto.cz,Ano,https://www.sauto.cz/osobni/detail/dongfeng/ostatni/210126452
Dongfeng MAGE E2 1.5,599000,5,2026,Benzín,1.5,,,145,Automatická,,,,Ne,SUV,,,,Odstraněno,Sauto.cz,Ano,https://www.sauto.cz/osobni/detail/dongfeng/ostatni/210429650
Dongfeng Shine 1.5,564990,,2026,Benzín,1.5,,,140,Automatická,,,,Ne,Sedan/limuzína,,,"E3 , TÝDEN DONGFENG",Nové,Sauto.cz,Ne,
Dongfeng Forthing T5 EVO 1.5T,606257,34650,2024,Benzín,1.5,,,130,Automatická,,,,Ne,SUV,,,T5 EVO EV,Odstraněno,Sauto.cz,Ano,https://www.sauto.cz/osobni/detail/dongfeng/t5-evo-ev/210172025
Dongfeng Forthing T5 EVO 1.5T,649000,5000,2025,Benzín,1.5,,,130,Automatická,Ano,,,Ne,SUV,,,T 7 DragonEdition,Nové,Sauto.cz,Ano,
Dongfeng Forthing T5 EVO 1.5T,699900,4700,2025,Benzín,1.5,,,130,Automatická,,,,Ne,SUV,,,Dragon Edition,Odstraněno,Sauto.cz,Ano,https://www.sauto.cz/osobni/detail/dongfeng/t5-evo/208703891
Dongfeng Forthing T5 EVO 1.5T,699000,5,2025,Benzín,1.5,,,130,Automatická,,,,Ne,SUV,,,DRAGON EDITION,Odstraněno,Sauto.cz,Ano,https://www.sauto.cz/osobni/detail/dongfeng/t5-evo/209627151
Dongfeng Forthing T5 EVO 1.5T,685000,5,2025,Benzín,1.5,,,130,Automatická,,,,Ne,SUV,,,DELUXE,Odstraněno,Sauto.cz,Ano,https://www.sauto.cz/osobni/detail/dongfeng/t5-evo/209628018
Dongfeng Forthing T5 EVO 1.5T,719000,10,2026,Benzín,1.5,,,130,Automatická,,,,Ne,SUV,,,T 7DTC DRAGON E. URBAN EDGE,Odstraněno,Sauto.cz,Ano,https://www.sauto.cz/osobni/detail/dongfeng/t5-evo/209801475
Dongfeng Forthing T5 EVO 1.5T,564000,27179,2024,Benzín,1.5,Turbo,,130,Automatická,,,,Ne,SUV,,Ano,"Deluxe, Záruka",Odstraněno,Sauto.cz,Ano,https://www.sauto.cz/osobni/detail/dongfeng/t5-evo/210195764
Dongfeng Forthing T5 EVO 1.5T,719000,5,2025,Benzín,1.5,,,130,Automatická,,,,Ne,SUV,,Ano,Dragon Edition - rozšíř.záruka,Odstraněno,Sauto.cz,Ano,https://www.sauto.cz/osobni/detail/dongfeng/t5-evo/210209246
Dongfeng Forthing T5 EVO 1.5T,719000,5,2025,Benzín,1.5,,,130,Automatická,,,,Ne,SUV,,Ano,Dragon Edition - rozšíř.záruka,Odstraněno,Sauto.cz,Ano,https://www.sauto.cz/osobni/detail/dongfeng/t5-evo/210209870
Dongfeng Forthing T5 EVO 1.5T,699000,10000,2025,Benzín,1.5,,,130,Automatická,,,,Ne,SUV,,Ano,Dragon Edition - rozšíř.záruka,Odstraněno,Sauto.cz,Ano,https://www.sauto.cz/osobni/detail/dongfeng/t5-evo/210209936
Dongfeng Forthing T5 EVO 1.5T,719000,,2026,Benzín,1.5,,,130,Automatická,,,,Ne,SUV,,,Dongfeng T5 EVO Dragon Edition,Odstraněno,Sauto.cz,Ano,https://www.sauto.cz/osobni/detail/dongfeng/t5-evo/210243554
Dongfeng Forthing T5 EVO 1.5T,719000,10,2026,Benzín,1.5,,,130,Automatická,,,,Ne,SUV,,,T 7DTC DRAGON E. URBA EDGE,Odstraněno,Sauto.cz,Ano,https://www.sauto.cz/osobni/detail/dongfeng/t5-evo/210419486
Dongfeng Forthing T5 EVO 1.5T,630000,20,2025,Benzín,1.5,Turbo,,130,Automatická,,,,Ne,SUV,,Ano,"Záruka, Automat, ČR",Odstraněno,Sauto.cz,Ano,https://www.sauto.cz/osobni/detail/dongfeng/t5-evo/210477008
Dongfeng Forthing T5 EVO 1.5T,630000,185,2025,Benzín,1.5,Turbo,,130,Automatická,,,,Ne,SUV,,Ano,"Záruka, Automat, ČR",Odstraněno,Sauto.cz,Ano,https://www.sauto.cz/osobni/detail/dongfeng/t5-evo/210477011
Dongfeng U-Tour 1.5T Petrol (Magna),734900,5,2025,Benzín,1.5,,PHEV,130,Automatická,,,,Ne,MPV,FR,,,Odstraněno,Sauto.cz,Ano,https://www.sauto.cz/osobni/detail/dongfeng/u-tour/209623689
Dongfeng U-Tour 1.5T Petrol (Magna),729000,5,2025,Benzín,1.5,,PHEV,130,Automatická,,,,Ne,MPV,FR,,,Odstraněno,Sauto.cz,Ano,https://www.sauto.cz/osobni/detail/dongfeng/u-tour/209623785
Dongfeng U-Tour 1.5T Petrol (Magna),699000,6000,2025,Benzín,1.5,,PHEV,130,Automatická,,,,Ne,MPV,FR,,,Odstraněno,Sauto.cz,Ano,https://www.sauto.cz/osobni/detail/dongfeng/u-tour/209626350
Dongfeng U-Tour 1.5T Petrol (Magna),719990,1,2026,Benzín,1.5,,PHEV,130,Automatická,,,,Ne,MPV,FR,,TÝDEN DONGFENG,Odstraněno,Sauto.cz,Ano,https://www.sauto.cz/osobni/detail/dongfeng/u-tour/209959299
Dongfeng U-Tour 1.5T Petrol (Magna),749000,10,2026,Benzín,1.5,,PHEV,130,Automatická,,,,Ne,MPV,,,T ExclusiveFR,Nové,Sauto.cz,Ano,
Dongfeng U-Tour 1.5T Petrol (Magna),749000,5,2025,Benzín,1.5,,PHEV,130,Automatická,,,,Ne,MPV,FR,Ano,-rozšířená záruka,Odstraněno,Sauto.cz,Ano,https://www.sauto.cz/osobni/detail/dongfeng/u-tour/210294842
Dongfeng U-Tour 1.5T Petrol (Magna),749000,10,2026,Benzín,1.5,,PHEV,130,Automatická,,,,Ne,MPV,,,T ExclusiveFR,Nové,Sauto.cz,Ano,
Dongfeng U-Tour 1.5T Petrol (Magna),607000,14475,2024,Benzín,1.5,,,130,Automatická,,,,Ne,MPV,,,U-TOUR,Odstraněno,Sauto.cz,Ano,https://www.sauto.cz/osobni/detail/dongfeng/u-tour/210352007
Dongfeng U-Tour 1.5T Petrol (Magna),630000,20785,2025,Benzín,1.5,Turbo,,130,Automatická,,,,Ne,MPV,,Ano,"Záruka, Automat",Odstraněno,Sauto.cz,Ano,https://www.sauto.cz/osobni/detail/dongfeng/u-tour/210385754
Dongfeng U-Tour 1.5T Petrol (Magna),645000,8531,2024,Benzín,1.5,,,130,Automatická,,,,Ne,MPV,,,,Odstraněno,Sauto.cz,Ano,https://www.sauto.cz/osobni/detail/dongfeng/u-tour/210419792
Dongfeng U-Tour 1.5T Petrol (Magna),749000,10,2026,Benzín,1.5,,PHEV,130,Automatická,,,,Ne,MPV,FR,,T 7DTC URBAN,Odstraněno,Sauto.cz,Ano,https://www.sauto.cz/osobni/detail/dongfeng/u-tour/210494153
Dongfeng U-Tour 1.5T Petrol (Magna),749000,10,2026,Benzín,1.5,,PHEV,130,Automatická,,,,Ne,MPV,FR,,T 7DTC URBAN,Odstraněno,Sauto.cz,Ano,https://www.sauto.cz/osobni/detail/dongfeng/u-tour/210494168
Dongfeng U-Tour 1.5T Petrol (Magna),749000,10,2026,Benzín,1.5,,PHEV,130,Automatická,,,,Ne,MPV,FR,,T 7DTC URBAN,Odstraněno,Sauto.cz,Ano,https://www.sauto.cz/osobni/detail/dongfeng/u-tour/210494180
Dongfeng U-Tour 1.5T Petrol (Magna),749000,10,2026,Benzín,1.5,,PHEV,130,Automatická,,,,Ne,MPV,FR,,T 7DTC URBAN,Odstraněno,Sauto.cz,Ano,https://www.sauto.cz/osobni/detail/dongfeng/u-tour/210494234
Dongfeng U-Tour 1.5T Petrol (Magna),719990,1,2026,Benzín,1.5,,PHEV,130,Automatická,,,,Ne,MPV,FR,,TÝDEN DONGFENG,Nové,Sauto.cz,Ano,
Dongfeng U-Tour 1.5T Petrol (Magna),719990,1,2026,Benzín,1.5,,PHEV,130,Automatická,,,,Ne,MPV,FR,,TÝDEN DONGFENG,Nové,Sauto.cz,Ano,
Dongfeng U-Tour 1.5T Petrol (Magna),719990,1,2026,Benzín,1.5,,PHEV,130,Automatická,,,,Ne,MPV,FR,,TÝDEN DONGFENG,Nové,Sauto.cz,Ano,
DS 4 1.2 PureTech (Základní benzín),599999,35914,2023,Benzín,1.6,PureTech,,165,Automatická,,,,Ne,Hatchback,,,Aut. CZ,Ojeté,Sauto.cz,Ano,
DS 4 1.2 PureTech (Základní benzín),600000,38364,2022,Benzín,1.6,PureTech,,165,Automatická,,,,Ne,Hatchback,,,Performance Line,Odstraněno,Sauto.cz,Ano,https://www.sauto.cz/osobni/detail/ds/4/210231386
DS 4 E-Tense (Plug-In Hybrid),559900,35710,2023,Benzín,1.6,,PHEV,133,Automatická,,,,Ne,Hatchback,,,PT 180k.Rivoli PANO.35tkm,Ojeté,Sauto.cz,Ano,
DS 7 Crossback E-Tense (PHEV),648000,23120,2022,Benzín,1.6,,,133,Automatická,,,,Ne,SUV,,,AT8 Prformance ČR S.KNIHA,Odstraněno,Sauto.cz,Ano,https://www.sauto.cz/osobni/detail/ds/7-crossback/209476893
DS 7 Crossback E-Tense (PHEV),683866,62529,2023,Benzín,1.6,,,133,Automatická,,,,Ne,SUV,,,,Odstraněno,Sauto.cz,Ano,https://www.sauto.cz/osobni/detail/ds/7-crossback/210173834
DS 7 Crossback E-Tense (PHEV),665500,13380,2023,Benzín,1.6,,,133,Automatická,,,,Ne,SUV,,,Performance Line * 360°*,Odstraněno,Sauto.cz,Ano,https://www.sauto.cz/osobni/detail/ds/7-crossback/210216047
DS 7 Crossback E-Tense (PHEV),580000,67849,2022,Benzín,1.6,PureTech,,133,Automatická,,,,Ne,SUV,,,Performance Line,Odstraněno,Sauto.cz,Ano,https://www.sauto.cz/osobni/detail/ds/7-crossback/210230942
DS 7 Crossback 2.0 BlueHDi (Nafta),530000,44805,2021,Nafta,2.0,BlueHDi,PHEV,130,Automatická,,,,Ne,SUV,,,"Rivoli, Automat",Odstraněno,Sauto.cz,Ano,https://www.sauto.cz/osobni/detail/ds/7-crossback/210428849
Fiat 600 1.2 Turbo,579900,13,2026,Benzín,1.2,Turbo,HEV,106,Automatická,,,,Ne,CUV,,,La Prima Hybrid,Nové,Sauto.cz,Ano,
Fiat 600 1.2 Turbo,622900,1,2026,Benzín,1.2,Turbo,HEV,107,Automatická,,,,Ne,Hatchback,,,Icon Hybrid 145k NAV,Odstraněno,Sauto.cz,Ano,https://www.sauto.cz/osobni/detail/fiat/600/209744565
Fiat 600 1.2,497900,22350,2025,Benzín,1.2,,HEV,107,Automatická,,,,Ne,SUV,,,Hybrid 145k.LaPrima 22tkm.,Odstraněno,Sauto.cz,Ano,https://www.sauto.cz/osobni/detail/fiat/600/210207368
Fiat 600 1.2 Turbo,529000,19274,2025,Benzín,1.2,Turbo,HEV,100,Automatická,,,,Ne,SUV,,,Hybrid LaPrima,Ojeté,Sauto.cz,Ano,
Fiat 600 1.2 Turbo,529000,19197,2025,Benzín,1.2,Turbo,HEV,100,Automatická,,,,Ne,SUV,,,Hybrid LaPrima,Ojeté,Sauto.cz,Ano,
Fiat 600 1.2 Turbo,659000,1,2026,Benzín,1.2,Turbo,HEV,107,Automatická,,,,Ne,Hatchback,,,Sport Hybrid 145k eD,Odstraněno,Sauto.cz,Ano,https://www.sauto.cz/osobni/detail/fiat/600/210428792
Ford Fiesta 1.5,569000,15623,2024,Benzín,1.5,,,147,Manuální,,,,Ne,Hatchback,,,ST Performance DPH ČR-1maj,Ojeté,Sauto.cz,Ano,
Ford Fiesta 1.5,534900,72838,2022,Benzín,1.5,,,147,Manuální,,,,Ne,Hatchback,,,ST Performance 200PS MK,Odstraněno,Sauto.cz,Ano,https://www.sauto.cz/osobni/detail/ford/fiesta/210478781
Ford Focus Hatchback 1.0 EcoBoost,749000,41860,2023,Benzín,2.3,,,206,Automatická,,,,Ne,Hatchback,,,"ST 2024 Performance,AT,1MA",Odstraněno,Sauto.cz,Ano,https://www.sauto.cz/osobni/detail/ford/focus/208361153
Ford Focus Kombi 1.0 EcoBoost,599000,24000,2024,Benzín,1.0,,,114,Automatická,,,,Ne,Kombi,ST-Line,,"X, ČR, automat",Ojeté,Sauto.cz,Ano,
Ford Focus Kombi 1.0 EcoBoost,529000,49459,2021,Benzín,2.3,,,206,Automatická,,,,Ne,Kombi,,,ST*Automat**1.Maj.B&O,Odstraněno,Sauto.cz,Ano,https://www.sauto.cz/osobni/detail/ford/focus/209233455
Ford Focus Kombi 1.0 EcoBoost,676248,5,2025,Benzín,1.0,EcoBoost,HEV,114,Automatická,,,,Ne,Kombi,,,Hybrid,Nové,Sauto.cz,Ano,
Ford Focus Kombi 1.0 EcoBoost,635360,5,2025,Benzín,1.0,EcoBoost,HEV,114,Automatická,,,,Ne,Kombi,,,Hybrid 155k,Nové,Sauto.cz,Ano,
Ford Focus Hatchback 1.0 EcoBoost,380000,53816,2022,Benzín,1.0,,MHEV,114,Manuální,,,,Ne,Hatchback,ST-Line,,Serv.kniha,Odstraněno,Sauto.cz,Ano,https://www.sauto.cz/osobni/detail/ford/focus/209562288
Ford Focus Kombi 1.0 EcoBoost,530439,,2025,Benzín,1.0,,,114,Automatická,,,,Ne,Kombi,Titanium,,VÝPRODEJ,Nové,Sauto.cz,Ano,
Ford Focus Kombi 1.0 EcoBoost,579900,10747,2024,Benzín,1.0,,MHEV,114,Automatická,,,,Ne,Kombi,ST-Line,,X 155k Aut ČR Zár,Ojeté,Sauto.cz,Ano,
Ford Focus Kombi 1.0 EcoBoost,519900,17750,2025,Benzín,1.0,,,114,Automatická,,,,Ne,Kombi,,,EB AT Titan.5L.Zár.,Odstraněno,Sauto.cz,Ano,https://www.sauto.cz/osobni/detail/ford/focus/209953264
Ford Focus Kombi 1.0 EcoBoost,579900,14822,2025,Benzín,1.0,,,114,Automatická,,,,Ne,Kombi,ST-Line,Ano,X 155k Aut ČR Záruka,Ojeté,Sauto.cz,Ano,
Ford Focus Hatchback 1.0 EcoBoost,569900,11788,2025,Benzín,1.0,,,114,Automatická,,,,Ne,Hatchback,ST-Line,Ano,X 155k Aut ČR Záruka,Ojeté,Sauto.cz,Ano,
Ford Focus Kombi 1.0 EcoBoost,474999,49179,2023,Benzín,1.0,,,114,Manuální,,,,Ne,Kombi,,,EB CZ DPH 1.Maj.,Ojeté,Sauto.cz,Ano,
Ford Focus Kombi 1.0 EcoBoost,549900,20000,2024,Benzín,1.0,EcoBoost,PHEV,114,Automatická,,,,Ne,Kombi,Active,,"X AT, ČR",Ojeté,Sauto.cz,Ano,
Ford Focus Kombi 1.0 EcoBoost,449000,27891,2024,Benzín,1.0,EcoBoost,,114,Automatická,,,,Ne,Kombi,Titanium,,,Ojeté,Sauto.cz,Ano,
Ford Focus Kombi 1.0 EcoBoost,689817,66950,2022,Nafta,2.0,,,140,Manuální,,,,Ne,Kombi,,,Turnier ST B&O RECARO,Odstraněno,Sauto.cz,Ano,https://www.sauto.cz/osobni/detail/ford/focus/210272588
Ford Focus Kombi 1.0 EcoBoost,515000,22108,2024,Benzín,1.0,,,114,Automatická,,,,Ne,Kombi,ST-Line,,EB 114 X AT,Odstraněno,Sauto.cz,Ano,https://www.sauto.cz/osobni/detail/ford/focus/210293042
Ford Focus Kombi 1.0 EcoBoost,439990,77676,2022,Benzín,1.0,EcoBoost,,114,Automatická,,,,Ne,Kombi,ST-Line,,,Odstraněno,Sauto.cz,Ano,https://www.sauto.cz/osobni/detail/ford/focus/210308414
Ford Focus Kombi 1.0 EcoBoost,470000,30417,2023,Benzín,1.0,,MHEV,114,Manuální,,,,Ne,Kombi,ST-Line,,NOVÁ CENA,Odstraněno,Sauto.cz,Ano,https://www.sauto.cz/osobni/detail/ford/focus/210321785
Ford Focus Kombi 1.0 EcoBoost,459000,16300,2023,Benzín,1.0,,,114,Automatická,,,,Ne,Kombi,ST-Line,,"16 300km, Cebia",Ojeté,Sauto.cz,Ano,
Ford Focus Kombi 1.0 EcoBoost,368000,33930,2022,Benzín,1.0,EcoBoost,MHEV,114,Manuální,,,,Ne,Kombi,,,TITAN.,Odstraněno,Sauto.cz,Ano,https://www.sauto.cz/osobni/detail/ford/focus/210369065
Ford Focus Hatchback 1.0 EcoBoost,654900,,2026,Benzín,1.0,EcoBoost,HEV,114,Automatická,,,,Ne,Hatchback,ST-Line,,"X, Hybrid",Nové,Sauto.cz,Ano,
Ford Focus Kombi 1.0 EcoBoost,449990,34345,2024,Benzín,1.0,,,114,Manuální,,,,Ne,Kombi,ST-Line,,"EB M6, NAVI",Ojeté,Sauto.cz,Ano,
Ford Focus Kombi 1.0 EcoBoost,429900,27500,2022,Benzín,1.0,,PHEV,114,Manuální,,,,Ne,Kombi,Active,,i předplacený servi,Ojeté,Sauto.cz,Ano,
Ford Kuga 1.5 EcoBoost (Benzín),699000,,2024,Benzín,1.5,EcoBoost,,137,Automatická,,,,Ne,SUV,Titanium,,,Nové,Sauto.cz,Ano,
Ford Kuga 1.5 EcoBoost (Benzín),710900,14,2026,Benzín,1.5,EcoBoost,,137,Automatická,,,,Ne,SUV,Titanium,,AT,Nové,Sauto.cz,Ano,
Ford Kuga 1.5 EcoBoost (Benzín),399000,93543,2022,Benzín,1.5,EcoBoost,,110,Manuální,,,,Ne,SUV,ST-Line,,,Odstraněno,Sauto.cz,Ano,https://www.sauto.cz/osobni/detail/ford/kuga/208457972
Ford Kuga 1.5 EcoBoost (Benzín),707127,10,2026,Benzín,1.5,EcoBoost,,137,Automatická,,,,Ne,SUV,Titanium,,AT,Nové,Sauto.cz,Ano,
Ford Kuga 1.5 EcoBoost (Benzín),700686,,2025,Benzín,1.5,,,110,Manuální,,,,Ne,SUV,ST-Line,,X VÝPRODEJ,Nové,Sauto.cz,Ano,
Ford Kuga 1.5 EcoBoost (Benzín),640651,,2025,Benzín,1.5,,,137,Automatická,,,,Ne,SUV,Titanium,,VÝPRODEJ,Nové,Sauto.cz,Ano,
Ford Kuga 1.5 EcoBoost (Benzín),649900,,2025,Benzín,1.5,EcoBoost,,110,Manuální,,,,Ne,SUV,Titanium,,,Nové,Sauto.cz,Ano,
Ford Kuga 1.5 EcoBoost (Benzín),679900,,2026,Benzín,1.5,EcoBoost,,137,Automatická,,,,Ne,SUV,Titanium,,Aut.,Nové,Sauto.cz,Ano,
Ford Kuga 2.5 Duratec FHEV (Full-Hybrid),480000,94507,2022,Nafta,2.0,EcoBlue,,140,Automatická,,,,Ano,SUV,ST-Line,,,Odstraněno,Sauto.cz,Ano,https://www.sauto.cz/osobni/detail/ford/kuga/209345994
Ford Kuga 1.5 EcoBoost (Benzín),588000,90822,2022,Nafta,2.0,,,140,Automatická,,,,Ano,SUV,Titanium,,,Odstraněno,Sauto.cz,Ano,https://www.sauto.cz/osobni/detail/ford/kuga/209460498
Ford Kuga 1.5 EcoBoost (Benzín),684376,,2025,Benzín,1.5,,,110,Manuální,,,,Ne,SUV,ST-Line,,X VÝPRODEJ,Nové,Sauto.cz,Ano,
Ford Kuga 1.5 EcoBoost (Benzín),450000,96126,2023,Benzín,1.5,EcoBoost,,110,Manuální,,,,Ne,SUV,Titanium,,,Odstraněno,Sauto.cz,Ano,https://www.sauto.cz/osobni/detail/ford/kuga/209555022
Ford Kuga 1.5 EcoBoost (Benzín),480000,48750,2021,Benzín,1.5,EcoBoost,,110,Manuální,,,,Ne,SUV,,,"NOVÁ CENA, ČR",Odstraněno,Sauto.cz,Ano,https://www.sauto.cz/osobni/detail/ford/kuga/209673447
Ford Kuga 1.5 EcoBoost (Benzín),500000,43905,2022,Benzín,1.5,EcoBoost,,110,Manuální,,,,Ne,SUV,ST-Line,,,Odstraněno,Sauto.cz,Ano,https://www.sauto.cz/osobni/detail/ford/kuga/209832396
Ford Kuga 1.5 EcoBoost (Benzín),712480,,2026,Benzín,1.5,,,110,Manuální,,,,Ne,SUV,ST-Line,,X VÝPRODEJ,Nové,Sauto.cz,Ano,
Ford Kuga 1.5 EcoBoost (Benzín),712480,,2026,Benzín,1.5,,,110,Manuální,,,,Ne,SUV,ST-Line,,X VÝPRODEJ,Nové,Sauto.cz,Ano,
Ford Kuga 1.5 EcoBoost (Benzín),705432,,2026,Benzín,1.5,,,110,Manuální,,,,Ne,SUV,ST-Line,,X VÝPRODEJ,Nové,Sauto.cz,Ano,
Ford Kuga 1.5 EcoBoost (Benzín),705432,,2026,Benzín,1.5,,,110,Manuální,,,,Ne,SUV,ST-Line,,X VÝPRODEJ,Nové,Sauto.cz,Ano,
Ford Kuga 1.5 EcoBoost (Benzín),748705,,2026,Benzín,1.5,,,110,Manuální,,,,Ne,SUV,ST-Line,,X VÝPRODEJ,Nové,Sauto.cz,Ano,
Ford Kuga 1.5 EcoBoost (Benzín),649900,66500,2023,Nafta,2.0,,,140,Automatická,,,,Ano,SUV,ST-Line,,"Ford Kuga, X 2023",Ojeté,Sauto.cz,Ano,
Ford Kuga 1.5 EcoBoost (Benzín),549000,37609,2023,Benzín,1.5,EcoBoost,,110,Manuální,,,,Ne,SUV,ST-Line,,X,Ojeté,Sauto.cz,Ano,
Ford Kuga 1.5 EcoBoost (Benzín),692217,,2026,Benzín,1.5,,,110,Manuální,,,,Ne,SUV,ST-Line,,X VÝPRODEJ,Nové,Sauto.cz,Ano,
Ford Kuga 1.5 EcoBoost (Benzín),738876,15,2026,Benzín,1.5,EcoBoost,,137,Automatická,,,,Ne,SUV,Titanium,,,Nové,Sauto.cz,Ano,
Ford Kuga 1.5 EcoBoost (Benzín),500000,45150,2022,Benzín,1.5,EcoBoost,,110,Manuální,,,,Ne,SUV,ST-Line,Ano,Záruka,Odstraněno,Sauto.cz,Ano,https://www.sauto.cz/osobni/detail/ford/kuga/209971590
Ford Kuga 1.5 EcoBoost (Benzín),560000,32139,2023,Benzín,1.5,EcoBoost,,110,Manuální,,,,Ne,SUV,ST-Line,,,Odstraněno,Sauto.cz,Ano,https://www.sauto.cz/osobni/detail/ford/kuga/210151235
Ford Kuga 1.5 EcoBoost (Benzín),389000,77952,2021,Benzín,1.5,,,111,Manuální,,,,Ne,SUV,ST-Line,,"EB,LED,TZ",Odstraněno,Sauto.cz,Ano,https://www.sauto.cz/osobni/detail/ford/kuga/210168143
Ford Kuga 1.5 EcoBoost (Benzín),729900,20,2026,Benzín,1.5,EcoBoost,,137,Automatická,,,,Ne,SUV,Titanium,,,Odstraněno,Sauto.cz,Ano,https://www.sauto.cz/osobni/detail/ford/kuga/210213443
Ford Kuga 2.5 Duratec FHEV (Full-Hybrid),729999,47736,2025,Benzín,2.5,,,134,Automatická,,,,Ano,SUV,,,"HEV,CZ,1.MAJ,DPH,SERV",Odstraněno,Sauto.cz,Ano,https://www.sauto.cz/osobni/detail/ford/kuga/210251522
Ford Kuga 1.5 EcoBoost (Benzín),639000,6818,2025,Benzín,1.5,EcoBoost,,137,Automatická,,,,Ne,SUV,Titanium,,,Ojeté,Sauto.cz,Ano,
Ford Kuga 1.5 EcoBoost (Benzín),619000,35932,2025,Benzín,1.5,EcoBoost,,137,Automatická,,,,Ne,SUV,ST-Line,,,Ojeté,Sauto.cz,Ano,
Ford Kuga 1.5 EcoBoost (Benzín),499000,39000,2022,Benzín,1.5,EcoBoost,,110,Manuální,,,,Ne,SUV,ST-Line,,X,Odstraněno,Sauto.cz,Ano,https://www.sauto.cz/osobni/detail/ford/kuga/210315653
Ford Kuga 2.5 Duratec FHEV (Full-Hybrid),478000,89800,2021,Nafta,2.0,dCi,,140,Automatická,,,,Ano,Kombi,,,"T ! AT8,Winter",Ojeté,Sauto.cz,Ano,
Ford Kuga 1.5 EcoBoost (Benzín),541556,36219,2023,Benzín,1.5,,,110,Manuální,,,,Ne,SUV,,,,Odstraněno,Sauto.cz,Ano,https://www.sauto.cz/osobni/detail/ford/kuga/210330704
Ford Kuga 1.5 EcoBoost (Benzín),439900,52226,2021,Benzín,1.5,,,110,Manuální,,,,Ne,SUV,Titanium,,"EB ČR,1.MAJ,DPH",Odstraněno,Sauto.cz,Ano,https://www.sauto.cz/osobni/detail/ford/kuga/210344297
Ford Kuga 2.5 Duratec FHEV (Full-Hybrid),699980,51494,2022,Nafta,2.0,EcoBlue,,140,Automatická,,,,Ano,SUV,,,Vignale A,Odstraněno,Sauto.cz,Ano,https://www.sauto.cz/osobni/detail/ford/kuga/210352904
Ford Kuga 2.5 Duratec FHEV (Full-Hybrid),725000,26700,2024,Benzín,2.5,,,140,Automatická,,,,Ne,SUV,ST-Line,,DT HEV X AT 5d,Odstraněno,Sauto.cz,Ano,https://www.sauto.cz/osobni/detail/ford/kuga/210381614
Ford Kuga 1.5 EcoBoost (Benzín),439900,92635,2021,Benzín,1.5,,,110,Manuální,,,,Ne,SUV,,,KUGA,Odstraněno,Sauto.cz,Ano,https://www.sauto.cz/osobni/detail/ford/kuga/210399731
Ford Kuga 1.5 EcoBoost (Benzín),679000,11955,2025,Benzín,1.5,EcoBoost,,110,Manuální,,,,Ne,SUV,ST-Line,,X,Ojeté,Sauto.cz,Ano,
Ford Kuga 2.5 Duratec FHEV (Full-Hybrid),699000,43500,2024,Benzín,2.5,,,140,Automatická,,,,Ano,SUV,ST-Line,,HEV X,Ojeté,Sauto.cz,Ano,
Ford Kuga 1.5 EcoBoost (Benzín),629999,68145,2022,Nafta,2.0,,,140,Automatická,,,,Ano,SUV,ST Line,,EB X CZ,Ojeté,Sauto.cz,Ano,
Ford Kuga 1.5 EcoBoost (Benzín),535000,26000,2023,Benzín,1.5,EcoBoost,,110,Manuální,,,,Ne,SUV,,Ano,-záruka,Odstraněno,Sauto.cz,Ano,https://www.sauto.cz/osobni/detail/ford/kuga/210478448
Ford Kuga 1.5 EcoBoost (Benzín),673367,30757,2023,Benzín,1.5,,,110,Manuální,,,,Ne,SUV,ST-Line,,KUGA X LED,Odstraněno,Sauto.cz,Ano,https://www.sauto.cz/osobni/detail/ford/kuga/210483152
Ford Kuga 1.5 EcoBoost (Benzín),539000,54035,2023,Benzín,1.5,EcoBoost,,110,Manuální,,,,Ne,SUV,ST-Line,,X,Odstraněno,Sauto.cz,Ano,https://www.sauto.cz/osobni/detail/ford/kuga/210484439
Ford Kuga 1.5 EcoBoost (Benzín),529900,35300,2023,Benzín,1.5,EcoBoost,,110,Manuální,,,,Ne,SUV,ST-Line,,,Odstraněno,Sauto.cz,Ano,https://www.sauto.cz/osobni/detail/ford/kuga/210490472
Ford Kuga 1.5 EcoBoost (Benzín),529900,20029,2024,Benzín,1.5,EcoBoost,,110,Manuální,,,,Ne,SUV,ST-Line,,,Ojeté,Sauto.cz,Ano,
Ford Kuga 1.5 EcoBoost (Benzín),599900,92000,2022,Nafta,2.0,,,140,Automatická,,,,Ano,SUV,ST-Line,,X EBL,Ojeté,Sauto.cz,Ano,
Ford Kuga 2.5 Duratec FHEV (Full-Hybrid),665000,19770,2025,Benzín,2.5,,,111,Automatická,,,,Ne,SUV,ST-Line,,HEV,Ojeté,Sauto.cz,Ano,
Ford Mondeo Kombi 2.0 Hybrid,409000,89020,2021,Nafta,2.0,EcoBlue,,140,Automatická,,,,Ano,Kombi,Titanium,,,Odstraněno,Sauto.cz,Ano,https://www.sauto.cz/osobni/detail/ford/mondeo/210425885
Ford Mondeo Kombi 2.0 Hybrid,327800,94800,2021,Nafta,2.0,dCi,,110,Automatická,,,,Ne,Kombi,Titanium,,T TAŽNÉ,Ojeté,Sauto.cz,Ano,
Ford Puma 1.0 EcoBoost MHEV (Crossover),650000,13800,2023,Benzín,1.5,EcoBoost,,147,Manuální,,,,Ne,SUV,,,ST manuál,Ojeté,Sauto.cz,Ano,
Ford Puma 1.0 EcoBoost MHEV (Crossover),349999,45000,2024,Benzín,1.0,,,114,Manuální,,,,Ne,Hatchback,ST-Line,,SPLÁTKY,Odstraněno,Sauto.cz,Ano,https://www.sauto.cz/osobni/detail/ford/puma/209753355
Ford Puma 1.0 EcoBoost MHEV (Crossover),571170,,2026,Benzín,1.0,EcoBoost,MHEV,114,Automatická,,,,Ne,Hatchback,ST-Line,,,Nové,Sauto.cz,Ano,
Ford Puma 1.0 EcoBoost MHEV (Crossover),540000,3910,2025,Benzín,1.0,EcoBoost,MHEV,114,Automatická,,,,Ne,SUV,,,NOVÁ CENA,Odstraněno,Sauto.cz,Ano,https://www.sauto.cz/osobni/detail/ford/puma/210139958
Ford Puma 1.0 EcoBoost MHEV (Crossover),349900,69170,2021,Benzín,1.0,EcoBoost,HEV,114,Manuální,,,,Ne,Hatchback,,,Hybrid,Odstraněno,Sauto.cz,Ano,https://www.sauto.cz/osobni/detail/ford/puma/210423137
Ford Ranger 2.0 EcoBlue,730000,75170,2022,Nafta,2.0,EcoBlue,,157,Automatická,,,,Ano,Terénní,,,Wildtrack,Odstraněno,Sauto.cz,Ano,https://www.sauto.cz/osobni/detail/ford/ranger/209935929
Ford S-MAX 2.5 Duratec FHEV (Hybrid),689000,82442,2022,Nafta,2.0,EcoBlue,,140,Automatická,,,,Ne,MPV,ST-Line,,AUT,Ojeté,Sauto.cz,Ano,
Ford S-MAX 2.5 Duratec FHEV (Hybrid),468000,94600,2021,Nafta,2.0,dCi,,110,Manuální,,,,Ne,MPV,TOP,,T 1.majitel STAV,Ojeté,Sauto.cz,Ano,
Ford S-MAX 2.5 Duratec FHEV (Hybrid),539000,94396,2021,Nafta,2.0,,,110,Manuální,,,,Ne,MPV,,,"manuál, LED světlomety",Odstraněno,Sauto.cz,Ano,https://www.sauto.cz/osobni/detail/ford/s-max/209588637
Ford S-MAX 2.5 Duratec FHEV (Hybrid),500000,74763,2021,Nafta,2.0,EcoBlue,,110,Manuální,,,,Ne,MPV,,,"NOVÁ CENA, Navi",Odstraněno,Sauto.cz,Ano,https://www.sauto.cz/osobni/detail/ford/s-max/209983965
Ford S-MAX 2.5 Duratec FHEV (Hybrid),649980,93778,2022,Nafta,2.0,,,140,Automatická,,,,Ne,MPV,,,EcxoBlue 8A Vignale,Odstraněno,Sauto.cz,Ano,https://www.sauto.cz/osobni/detail/ford/s-max/210248102
Ford S-MAX 2.5 Duratec FHEV (Hybrid),519900,97342,2020,Nafta,2.0,dCi,,110,Automatická,,,,Ne,MPV,Titanium,,T,Odstraněno,Sauto.cz,Ano,https://www.sauto.cz/osobni/detail/ford/s-max/210379208
Ford S-MAX 2.5 Duratec FHEV (Hybrid),580800,76822,2022,Nafta,2.0,EcoBlue,,140,Automatická,,,,Ne,MPV,Titanium,,*Kamera*,Odstraněno,Sauto.cz,Ano,https://www.sauto.cz/osobni/detail/ford/s-max/210425426
Ford S-MAX 2.5 Duratec FHEV (Hybrid),469000,83102,2021,Nafta,2.0,EcoBlue,,110,Manuální,,,,Ne,MPV,,,"ČR, 1.maj",Odstraněno,Sauto.cz,Ano,https://www.sauto.cz/osobni/detail/ford/s-max/210480692
Ford Transit Custom 2.0 dCi,749000,60000,2025,Nafta,2.0,dCi,,100,Manuální,,,,Ne,VAN,,,T 6 míst L2H1,Odstraněno,Sauto.cz,Ano,https://www.sauto.cz/osobni/detail/ford/transit-custom/210175625
Genesis G70 2.2,749900,29980,2023,Nafta,2.2,,,147,Automatická,,,,Ne,Kombi,,,D RWD Sport Line,Odstraněno,Sauto.cz,Ano,https://www.sauto.cz/osobni/detail/genesis/g70/208487093
Honda Civic Hatchback 2.0 e:HEV (Gen 11),680000,38100,2023,Benzín,2.0,,HEV,134,Automatická,,,,Ne,Hatchback,,,11G e: e-CVT ADVANCE,Ojeté,Sauto.cz,Ano,
Honda Civic Hatchback 2.0 e:HEV (Gen 11),700000,5000,2025,Benzín,2.0,,PHEV,135,Automatická,,,,Ne,Hatchback,,,Honda Civic 11g advance,Odstraněno,Sauto.cz,Ano,https://www.sauto.cz/osobni/detail/honda/civic/210483875
Hyundai Genesis 2.2,749900,29980,2023,Nafta,2.2,,,147,Automatická,,,,Ne,Kombi,,,D RWD Sport Line G70,Odstraněno,Sauto.cz,Ano,https://www.sauto.cz/osobni/detail/hyundai/genesis/208396343
Hyundai i20 1.6 T-GDI,589000,44150,2022,Benzín,1.6,T-GDI,,150,Manuální,,,,Ne,Hatchback,Premium,,"N , ČR",Odstraněno,Sauto.cz,Ano,https://www.sauto.cz/osobni/detail/hyundai/i20/210294707
Hyundai i30 Hatchback 1.0 T-GDI,429900,43558,2023,Benzín,1.5,T-GDI,,117,Manuální,,,,Ne,Hatchback,,,MT Smart Navi,Ojeté,Sauto.cz,Ano,
Hyundai i30 Kombi 1.5 T-GDI MHEV,580890,10,2025,Benzín,1.5,T-GDI,,103,Manuální,,,,Ne,Kombi,N Line,,,Nové,Sauto.cz,Ano,
Hyundai i30 Kombi 1.5 T-GDI MHEV,570890,1000,2025,Benzín,1.5,T-GDI,,103,Manuální,,,,Ne,Kombi,N Line,,,Předváděcí,Sauto.cz,Ano,
Hyundai i30 Kombi 1.5 T-GDI MHEV,635990,2000,2025,Benzín,1.5,T-GDI,,103,Automatická,,,,Ne,Kombi,N Line,,,Předváděcí,Sauto.cz,Ano,
Hyundai i30 Kombi 1.5 T-GDI MHEV,558890,10,2025,Benzín,1.5,,,103,Automatická,,,,Ne,Kombi,,,FAMILY,Nové,Sauto.cz,Ano,
Hyundai i30 Kombi 1.5 T-GDI MHEV,509900,26204,2024,Benzín,1.5,,,103,Automatická,Ano,,,Ne,Kombi,N-Line,,MH SAFETY,Odstraněno,Sauto.cz,Ano,https://www.sauto.cz/osobni/detail/hyundai/i30/209186796
Hyundai i30 Kombi 1.5 T-GDI MHEV,385000,30680,2022,Benzín,1.5,TGDI,,118,Automatická,,,,Ne,Kombi,,,Family Smart AT,Ojeté,Sauto.cz,Ano,
Hyundai i30 Kombi 1.5 T-GDI MHEV,420000,87475,2022,Benzín,1.5,T-GDI,MHEV,117,Automatická,,,,Ne,Kombi,N-Line,,,Odstraněno,Sauto.cz,Ano,https://www.sauto.cz/osobni/detail/hyundai/i30/209202756
Hyundai i30 Kombi 1.5 T-GDI MHEV,530900,13666,2024,Benzín,1.5,T-GDI,MHEV,117,Automatická,Ano,,,Ne,Kombi,,,WG Family,Ojeté,Sauto.cz,Ano,
Hyundai i30 Hatchback 1.0 T-GDI,450000,49600,2022,Benzín,1.5,TGDI,,118,Automatická,,,,Ne,Liftback,N-Line,,| ČR | Automat,Ojeté,Sauto.cz,Ano,
Hyundai i30 Kombi 1.5 T-GDI MHEV,449000,38564,2024,Benzín,1.5,T-GDI,,103,Manuální,,,,Ne,Kombi,Style,,,Odstraněno,Sauto.cz,Ano,https://www.sauto.cz/osobni/detail/hyundai/i30/209574303
Hyundai i30 Kombi 1.5 T-GDI MHEV,389900,97495,2022,Benzín,1.5,T-GDI,MHEV,117,Automatická,Ano,,,Ne,Kombi,,,Smart,Odstraněno,Sauto.cz,Ano,https://www.sauto.cz/osobni/detail/hyundai/i30/209644203
Hyundai i30 Kombi 1.5 T-GDI MHEV,527000,12832,2024,Benzín,1.5,TGDI,,103,Automatická,Ano,,,Ne,Kombi,Style,,,Ojeté,Sauto.cz,Ano,
Hyundai i30 Kombi 1.5 T-GDI MHEV,540000,14135,2025,Benzín,1.5,T-GDI,MHEV,103,Automatická,,,,Ne,Kombi,N-Line,,48V,Odstraněno,Sauto.cz,Ano,https://www.sauto.cz/osobni/detail/hyundai/i30/209669064
Hyundai i30 Kombi 1.5 T-GDI MHEV,635990,3000,2025,Benzín,1.5,T-GDI,,103,Automatická,,,,Ne,Kombi,N Line,,,Nové,Sauto.cz,Ano,
Hyundai i30 Kombi 1.5 T-GDI MHEV,595000,14755,2025,Benzín,1.5,T-GDI,MHEV,103,Automatická,,,,Ne,Kombi,N-Line,,48V,Odstraněno,Sauto.cz,Ano,https://www.sauto.cz/osobni/detail/hyundai/i30/209723280
Hyundai i30 Kombi 1.5 T-GDI MHEV,719990,5,2026,Benzín,1.6,T-GDI,,110,Automatická,Ano,,,Ne,Kombi,N Line,,WG 26,Nové,Sauto.cz,Ano,
Hyundai i30 Kombi 1.5 T-GDI MHEV,719990,5,2026,Benzín,1.6,T-GDI,,110,Automatická,Ano,,,Ne,Kombi,N Line,,WG 26,Nové,Sauto.cz,Ano,
Hyundai i30 Kombi 1.5 T-GDI MHEV,379000,58639,2024,Benzín,1.5,T-GDI,,118,Automatická,,,,Ne,Kombi,,,Combi Smart,Odstraněno,Sauto.cz,Ano,https://www.sauto.cz/osobni/detail/hyundai/i30/209728095
Hyundai i30 Kombi 1.5 T-GDI MHEV,499900,27012,2024,Benzín,1.5,TGDI,,117,Automatická,,,,Ne,Kombi,,,"1MAJ,AT,NLINE,ZÁRUKA",Odstraněno,Sauto.cz,Ano,https://www.sauto.cz/osobni/detail/hyundai/i30/209734410
Hyundai i30 Kombi 1.5 T-GDI MHEV,635890,10,2026,Benzín,1.6,T-GDI,,110,Automatická,Ano,,,Ne,Kombi,,,26 WG GO CZECH!,Nové,Sauto.cz,Ano,
Hyundai i30 Kombi 1.5 T-GDI MHEV,716890,15,2026,Benzín,1.6,T-GDI,,110,Automatická,Ano,,,Ne,Kombi,N Line,,WG 26,Odstraněno,Sauto.cz,Ano,https://www.sauto.cz/osobni/detail/hyundai/i30/209821626
Hyundai i30 Kombi 1.5 T-GDI MHEV,459900,58377,2023,Benzín,1.5,T-GDI,,117,Automatická,Ano,,,Ne,Kombi,N-Line,,,Odstraněno,Sauto.cz,Ano,https://www.sauto.cz/osobni/detail/hyundai/i30/209832459
Hyundai i30 Hatchback 1.0 T-GDI,499900,15546,2024,Benzín,1.5,T-GDI,,103,Automatická,Ano,,,Ne,Hatchback,Style,,,Odstraněno,Sauto.cz,Ano,https://www.sauto.cz/osobni/detail/hyundai/i30/209846535
Hyundai i30 Hatchback 1.0 T-GDI,379900,81303,2021,Benzín,1.5,T-GDI,MHEV,117,Manuální,,,,Ne,Liftback,Style,,,Odstraněno,Sauto.cz,Ano,https://www.sauto.cz/osobni/detail/hyundai/i30/209918391
Hyundai i30 Kombi 1.5 T-GDI MHEV,489900,21013,2024,Benzín,1.5,T-GDI,,103,Manuální,,,,Ne,Kombi,Style,,Safety,Odstraněno,Sauto.cz,Ano,https://www.sauto.cz/osobni/detail/hyundai/i30/209953779
Hyundai i30 Kombi 1.5 T-GDI MHEV,400000,85043,2023,Benzín,1.5,T-GDI,,118,Manuální,,,,Ne,Kombi,N Line,,,Odstraněno,Sauto.cz,Ano,https://www.sauto.cz/osobni/detail/hyundai/i30/209963418
Hyundai i30 Hatchback 1.0 T-GDI,360000,29363,2021,Benzín,1.5,T-GDI,MHEV,117,Manuální,,,,Ne,Hatchback,,,Serv.kniha,Odstraněno,Sauto.cz,Ano,https://www.sauto.cz/osobni/detail/hyundai/i30/209969748
Hyundai i30 Kombi 1.5 T-GDI MHEV,399000,49936,2022,Benzín,1.5,T-GDI,,118,Automatická,,,,Ne,Kombi,,,SMART AUT TAŽNÉ CZ 1M,Ojeté,Sauto.cz,Ano,
Hyundai i30 Kombi 1.5 T-GDI MHEV,550000,13135,2025,Benzín,1.5,T-GDI,MHEV,103,Automatická,,,,Ne,Kombi,N-Line,,48V,Odstraněno,Sauto.cz,Ano,https://www.sauto.cz/osobni/detail/hyundai/i30/209995662
Hyundai i30 Kombi 1.5 T-GDI MHEV,459900,29948,2024,Benzín,1.5,T-GDI,,103,Automatická,Ano,,,Ne,Kombi,Comfort,,16,Odstraněno,Sauto.cz,Ano,https://www.sauto.cz/osobni/detail/hyundai/i30/210004794
Hyundai i30 Kombi 1.5 T-GDI MHEV,560000,14428,2025,Benzín,1.5,T-GDI,MHEV,103,Automatická,,,,Ne,Kombi,N-Line,,48V,Odstraněno,Sauto.cz,Ano,https://www.sauto.cz/osobni/detail/hyundai/i30/210051416
Hyundai i30 Hatchback 1.0 T-GDI,359999,47490,2022,Benzín,1.5,T-GDI,,117,Manuální,,,,Ne,Liftback,,,FASTBACK ZÁRUKA,Odstraněno,Sauto.cz,Ano,https://www.sauto.cz/osobni/detail/hyundai/i30/210063431
Hyundai i30 Kombi 1.5 T-GDI MHEV,380000,73236,2021,Benzín,1.5,T-GDI,MHEV,117,Automatická,,,,Ne,Kombi,,Ano,"Smart, Záruka",Odstraněno,Sauto.cz,Ano,https://www.sauto.cz/osobni/detail/hyundai/i30/210111074
Hyundai i30 Hatchback 1.0 T-GDI,469900,22670,2024,Benzín,1.5,T-GDI,,117,Manuální,,,,Ne,Hatchback,Style,,,Odstraněno,Sauto.cz,Ano,https://www.sauto.cz/osobni/detail/hyundai/i30/210115967
Hyundai i30 Kombi 1.5 T-GDI MHEV,549990,5,2026,Benzín,1.6,T-GDI,,110,Automatická,Ano,,,Ne,Kombi,,,GO CZECH,Odstraněno,Sauto.cz,Ano,https://www.sauto.cz/osobni/detail/hyundai/i30/210124481
Hyundai i30 Kombi 1.5 T-GDI MHEV,380000,45167,2021,Benzín,1.5,T-GDI,MHEV,117,Manuální,,,,Ne,Kombi,,,"ČR,1.maj",Odstraněno,Sauto.cz,Ano,https://www.sauto.cz/osobni/detail/hyundai/i30/210134321
Hyundai i30 Kombi 1.5 T-GDI MHEV,379000,70643,2022,Benzín,1.5,T-GDI,,117,Manuální,,,,Ne,Kombi,N Line,,Mild Hyb komb,Odstraněno,Sauto.cz,Ano,https://www.sauto.cz/osobni/detail/hyundai/i30/210137450
Hyundai i30 Kombi 1.5 T-GDI MHEV,380000,77814,2022,Benzín,1.5,T-GDI,MHEV,117,Manuální,,,,Ne,Kombi,N-Line,,,Odstraněno,Sauto.cz,Ano,https://www.sauto.cz/osobni/detail/hyundai/i30/210139862
Hyundai i30 Kombi 1.5 T-GDI MHEV,580000,1489,2025,Benzín,1.5,T-GDI,MHEV,103,Automatická,,,,Ne,Kombi,N-Line,,48V,Odstraněno,Sauto.cz,Ano,https://www.sauto.cz/osobni/detail/hyundai/i30/210142631
Hyundai i30 Hatchback 1.0 T-GDI,629000,41055,2023,Benzín,2.0,T-GDI,,206,Manuální,,,,Ne,Hatchback,,,N Performance,Ojeté,Sauto.cz,Ano,
Hyundai i30 Kombi 1.5 T-GDI MHEV,393012,92760,2022,Benzín,1.5,,,118,Manuální,,,,Ne,Kombi,,,i30 CW,Odstraněno,Sauto.cz,Ano,https://www.sauto.cz/osobni/detail/hyundai/i30/210171308
Hyundai i30 Kombi 1.5 T-GDI MHEV,549900,650,2026,Benzín,1.6,T-GDI,,110,Automatická,Ano,,,Ne,Kombi,,,Go Czech,Odstraněno,Sauto.cz,Ano,https://www.sauto.cz/osobni/detail/hyundai/i30/210179900
Hyundai i30 Kombi 1.5 T-GDI MHEV,484999,21677,2025,Benzín,1.5,T-GDI,,103,Automatická,,,,Ne,Kombi,,,,Odstraněno,Sauto.cz,Ano,https://www.sauto.cz/osobni/detail/hyundai/i30/210187850
Hyundai i30 Kombi 1.5 T-GDI MHEV,484900,22075,2025,Benzín,1.5,T-GDI,,103,Automatická,Ano,,,Ne,Kombi,,,Smart,Odstraněno,Sauto.cz,Ano,https://www.sauto.cz/osobni/detail/hyundai/i30/210189752
Hyundai i30 Kombi 1.5 T-GDI MHEV,494900,18446,2025,Benzín,1.5,T-GDI,,103,Automatická,Ano,,,Ne,Kombi,,,Smart,Odstraněno,Sauto.cz,Ano,https://www.sauto.cz/osobni/detail/hyundai/i30/210189779
Hyundai i30 Kombi 1.5 T-GDI MHEV,609990,15,2026,Benzín,1.6,T-GDI,,110,Automatická,Ano,,,Ne,Kombi,,,26 WG GO CZECH!,Nové,Sauto.cz,Ano,
Hyundai i30 Kombi 1.5 T-GDI MHEV,528900,3200,2026,Benzín,1.6,Turbo,,110,Automatická,Ano,,,Ne,Kombi,,,WG GO Czech!,Předváděcí,Sauto.cz,Ano,
Hyundai i30 Kombi 1.5 T-GDI MHEV,566890,5,2026,Benzín,1.5,T-GDI,,110,Automatická,Ano,,,Ne,Kombi,,,26 WG GO CZECH,Odstraněno,Sauto.cz,Ano,https://www.sauto.cz/osobni/detail/hyundai/i30/210192956
Hyundai i30 Kombi 1.5 T-GDI MHEV,649900,2000,2026,Benzín,1.6,T-GDI,,110,Automatická,Ano,,,Ne,Kombi,Style,,WG SAFETY,Odstraněno,Sauto.cz,Ano,https://www.sauto.cz/osobni/detail/hyundai/i30/210204122
Hyundai i30 Hatchback 1.0 T-GDI,445000,46236,2021,Benzín,1.5,T-GDI,,117,Automatická,,,,Ne,Liftback,N-Line,,"2.maj,ČR",Ojeté,Sauto.cz,Ano,
Hyundai i30 Kombi 1.5 T-GDI MHEV,549990,10,2026,Benzín,1.6,T-GDI,,110,Automatická,Ano,,,Ne,Kombi,,,WG GO CZECH,Odstraněno,Sauto.cz,Ano,https://www.sauto.cz/osobni/detail/hyundai/i30/210217928
Hyundai i30 Hatchback 1.0 T-GDI,420000,34513,2022,Benzín,1.5,T-GDI,MHEV,118,Automatická,,,,Ne,Liftback,,Ano,"SMART, Záruka",Odstraněno,Sauto.cz,Ano,https://www.sauto.cz/osobni/detail/hyundai/i30/210219158
Hyundai i30 Hatchback 1.0 T-GDI,415000,5213,2023,Benzín,1.5,TGDI,,117,Manuální,,,,Ne,Hatchback,Comfort,,MT,Ojeté,Sauto.cz,Ano,
Hyundai i30 Kombi 1.5 T-GDI MHEV,549000,9096,2024,Benzín,1.5,T-GDI,,103,Automatická,Ano,,,Ne,Kombi,N Line,,140HP,Ojeté,Sauto.cz,Ano,
Hyundai i30 Kombi 1.5 T-GDI MHEV,649900,12400,2026,Benzín,1.6,T-GDI,,110,Automatická,Ano,,,Ne,Kombi,N Line,,,Odstraněno,Sauto.cz,Ano,https://www.sauto.cz/osobni/detail/hyundai/i30/210239474
Hyundai i30 Kombi 1.5 T-GDI MHEV,379900,61930,2022,Benzín,1.5,,,117,Manuální,,,,Ne,Kabriolet,,,SMART,Odstraněno,Sauto.cz,Ano,https://www.sauto.cz/osobni/detail/hyundai/i30/210245804
Hyundai i30 Kombi 1.5 T-GDI MHEV,370000,76824,2021,Benzín,1.5,T-GDI,MHEV,117,Manuální,,,,Ne,Kombi,,,"ČR,1.maj",Odstraněno,Sauto.cz,Ano,https://www.sauto.cz/osobni/detail/hyundai/i30/210246698
Hyundai i30 Hatchback 1.0 T-GDI,399990,81738,2021,Benzín,1.5,T-GDI,,117,Manuální,,,,Ne,Hatchback,N-Line,,,Odstraněno,Sauto.cz,Ano,https://www.sauto.cz/osobni/detail/hyundai/i30/210250901
Hyundai i30 Kombi 1.5 T-GDI MHEV,539990,8,2026,Benzín,1.6,T-GDI,,110,Automatická,Ano,,,Ne,Kombi,,,Go Czech,Nové,Sauto.cz,Ano,
Hyundai i30 Kombi 1.5 T-GDI MHEV,499900,30846,2025,Benzín,1.5,T-GDI,,103,Automatická,,,,Ne,Kombi,Style,,,Odstraněno,Sauto.cz,Ano,https://www.sauto.cz/osobni/detail/hyundai/i30/210257261
Hyundai i30 Kombi 1.5 T-GDI MHEV,539000,12800,2025,Benzín,1.5,T-GDI,,103,Automatická,,,,Ne,Kombi,Style,,,Odstraněno,Sauto.cz,Ano,https://www.sauto.cz/osobni/detail/hyundai/i30/210260384
Hyundai i30 Kombi 1.5 T-GDI MHEV,499000,28400,2024,Benzín,1.5,T-GDI,,117,Manuální,,,,Ne,Kombi,,,WG NLINE MH,Odstraněno,Sauto.cz,Ano,https://www.sauto.cz/osobni/detail/hyundai/i30/210261614
Hyundai i30 Hatchback 1.0 T-GDI,338000,84464,2023,Benzín,1.5,T-GDI,,118,Automatická,Ano,,,Ne,Hatchback,,,"48V ,Automat Sma",Odstraněno,Sauto.cz,Ano,https://www.sauto.cz/osobni/detail/hyundai/i30/210263462
Hyundai i30 Kombi 1.5 T-GDI MHEV,499990,19237,2023,Benzín,1.5,T-GDI,,117,Automatická,,,,Ne,Kombi,,,Smart,Odstraněno,Sauto.cz,Ano,https://www.sauto.cz/osobni/detail/hyundai/i30/210264182
Hyundai i30 Kombi 1.5 T-GDI MHEV,559000,9146,2025,Benzín,1.5,T-GDI,,103,Automatická,Ano,,,Ne,Kombi,,,i30 WG MH NLINE,Odstraněno,Sauto.cz,Ano,https://www.sauto.cz/osobni/detail/hyundai/i30/210265637
Hyundai i30 Kombi 1.5 T-GDI MHEV,389000,93884,2024,Benzín,1.5,T-GDI,,118,Manuální,,,,Ne,Kombi,,,Smart,Odstraněno,Sauto.cz,Ano,https://www.sauto.cz/osobni/detail/hyundai/i30/210266273
Hyundai i30 Kombi 1.5 T-GDI MHEV,641890,9,2026,Benzín,1.6,T-GDI,,110,Automatická,Ano,,,Ne,Kombi,N Line,,,Odstraněno,Sauto.cz,Ano,https://www.sauto.cz/osobni/detail/hyundai/i30/210268118
Hyundai i30 Kombi 1.5 T-GDI MHEV,335064,95188,2023,Benzín,1.5,,,118,Manuální,,,,Ne,Kombi,,,,Odstraněno,Sauto.cz,Ano,https://www.sauto.cz/osobni/detail/hyundai/i30/210268130
Hyundai i30 Kombi 1.5 T-GDI MHEV,386990,82055,2022,Benzín,1.5,,,118,Manuální,,,,Ne,Kombi,TOP,,M6 Family Smart,Ojeté,Sauto.cz,Ano,
Hyundai i30 Kombi 1.5 T-GDI MHEV,450000,53017,2022,Benzín,1.5,T-GDI,MHEV,117,Automatická,,,,Ne,Kombi,N-Line,Ano,Záruka,Odstraněno,Sauto.cz,Ano,https://www.sauto.cz/osobni/detail/hyundai/i30/210276299
Hyundai i30 Hatchback 1.0 T-GDI,415000,72000,2021,Nafta,1.6,CRDi,MHEV,100,Automatická,,,,Ne,Hatchback,N Line,,,Odstraněno,Sauto.cz,Ano,https://www.sauto.cz/osobni/detail/hyundai/i30/210280364
Hyundai i30 Kombi 1.5 T-GDI MHEV,469990,22331,2022,Benzín,1.5,T-GDI,,117,Automatická,,,,Ne,Kombi,Style,,,Odstraněno,Sauto.cz,Ano,https://www.sauto.cz/osobni/detail/hyundai/i30/210280589
Hyundai i30 Kombi 1.5 T-GDI MHEV,579900,3515,2025,Benzín,1.5,T-GDI,,103,Automatická,Ano,,,Ne,Kombi,N-Line,,,Odstraněno,Sauto.cz,Ano,https://www.sauto.cz/osobni/detail/hyundai/i30/210284189
Hyundai i30 Kombi 1.5 T-GDI MHEV,479999,26165,2025,Benzín,1.5,T-GDI,,103,Automatická,Ano,,,Ne,Kombi,,,Smart,Odstraněno,Sauto.cz,Ano,https://www.sauto.cz/osobni/detail/hyundai/i30/210288692
Hyundai i30 Kombi 1.5 T-GDI MHEV,484900,21317,2025,Benzín,1.5,T-GDI,MHEV,103,Automatická,,,,Ne,Kombi,,,Smart,Odstraněno,Sauto.cz,Ano,https://www.sauto.cz/osobni/detail/hyundai/i30/210297503
Hyundai i30 Kombi 1.5 T-GDI MHEV,476900,28990,2025,Benzín,1.5,T-GDI,MHEV,103,Automatická,,,,Ne,Kombi,,,Smart,Odstraněno,Sauto.cz,Ano,https://www.sauto.cz/osobni/detail/hyundai/i30/210297506
Hyundai i30 Kombi 1.5 T-GDI MHEV,479999,24646,2025,Benzín,1.5,T-GDI,MHEV,103,Automatická,,,,Ne,Kombi,,,Smart,Odstraněno,Sauto.cz,Ano,https://www.sauto.cz/osobni/detail/hyundai/i30/210297533
Hyundai i30 Hatchback 1.0 T-GDI,629900,68310,2022,Benzín,2.0,T-GDI,,206,Manuální,,,,Ne,Liftback,,,N Performance,Odstraněno,Sauto.cz,Ano,https://www.sauto.cz/osobni/detail/hyundai/i30/210301391
Hyundai i30 Hatchback 1.0 T-GDI,589990,5,2026,Benzín,1.5,T-GDI,,103,Manuální,,,,Ne,Liftback,N Line,,6MT Fastback,Odstraněno,Sauto.cz,Ano,https://www.sauto.cz/osobni/detail/hyundai/i30/210306302
Hyundai i30 Kombi 1.5 T-GDI MHEV,599000,5000,2026,Benzín,1.6,TGDI,,110,Automatická,Ano,,,Ne,Kombi,N Line,,!,Odstraněno,Sauto.cz,Ano,https://www.sauto.cz/osobni/detail/hyundai/i30/210306998
Hyundai i30 Kombi 1.5 T-GDI MHEV,494900,17540,2025,Benzín,1.5,T-GDI,,103,Automatická,Ano,,,Ne,Kombi,,,Smart,Odstraněno,Sauto.cz,Ano,https://www.sauto.cz/osobni/detail/hyundai/i30/210307601
Hyundai i30 Kombi 1.5 T-GDI MHEV,479900,50989,2023,Benzín,1.5,T-GDI,,117,Automatická,Ano,,,Ne,Kombi,N-Line,,,Odstraněno,Sauto.cz,Ano,https://www.sauto.cz/osobni/detail/hyundai/i30/210308051
Hyundai i30 Hatchback 1.0 T-GDI,420000,26560,2023,Benzín,1.5,T-GDI,MHEV,118,Manuální,,,,Ne,Liftback,,Ano,"Záruka, ČR",Odstraněno,Sauto.cz,Ano,https://www.sauto.cz/osobni/detail/hyundai/i30/210310562
Hyundai i30 Kombi 1.5 T-GDI MHEV,419000,49506,2023,Benzín,1.5,T-GDI,,118,Manuální,,,,Ne,Kombi,,,Smart,Ojeté,Sauto.cz,Ano,
Hyundai i30 Hatchback 1.0 T-GDI,489990,11264,2024,Benzín,1.5,T-GDI,,117,Manuální,,,,Ne,Hatchback,,,MH Smart Plus,Odstraněno,Sauto.cz,Ano,https://www.sauto.cz/osobni/detail/hyundai/i30/210328436
Hyundai i30 Hatchback 1.0 T-GDI,559000,8184,2025,Benzín,1.5,T-GDI,,103,Automatická,Ano,,,Ne,Hatchback,N-Line,,serv.kn.,Předváděcí,Sauto.cz,Ano,
Hyundai i30 Hatchback 1.0 T-GDI,629999,74900,2022,Benzín,2.0,TGDI,,206,Manuální,,,,Ne,Hatchback,,,N Performance,Ojeté,Sauto.cz,Ano,
Hyundai i30 Kombi 1.5 T-GDI MHEV,420000,44945,2021,Benzín,1.5,T-GDI,MHEV,117,Manuální,,,,Ne,Kombi,,Ano,Záruka,Odstraněno,Sauto.cz,Ano,https://www.sauto.cz/osobni/detail/hyundai/i30/210350366
Hyundai i30 Kombi 1.5 T-GDI MHEV,531890,5,2026,Benzín,1.5,T-GDI,,110,Manuální,,,,Ne,Kombi,,,26 WG MT GO CZECH,Odstraněno,Sauto.cz,Ano,https://www.sauto.cz/osobni/detail/hyundai/i30/210351818
Hyundai i30 Kombi 1.5 T-GDI MHEV,408000,60319,2023,Benzín,1.5,T-GDI,,118,Automatická,Ano,,,Ne,Kombi,N-Line,,Automat,Odstraněno,Sauto.cz,Ano,https://www.sauto.cz/osobni/detail/hyundai/i30/210354581
Hyundai i30 Hatchback 1.0 T-GDI,430000,58390,2022,Benzín,1.5,T-GDI,MHEV,117,Manuální,,,,Ne,Liftback,,Ano,"Záruka, ČR",Odstraněno,Sauto.cz,Ano,https://www.sauto.cz/osobni/detail/hyundai/i30/210354620
Hyundai i30 Kombi 1.5 T-GDI MHEV,379000,70449,2023,Benzín,1.5,T-GDI,,118,Manuální,,,,Ne,Kombi,,,Smart,Ojeté,Sauto.cz,Ano,
Hyundai i30 Kombi 1.5 T-GDI MHEV,499900,79754,2025,Benzín,1.5,T-GDI,,103,Automatická,Ano,,,Ne,Kombi,N-Line,,,Odstraněno,Sauto.cz,Ano,https://www.sauto.cz/osobni/detail/hyundai/i30/210361223
Hyundai i30 Kombi 1.5 T-GDI MHEV,399000,61989,2023,Benzín,1.5,T-GDI,,118,Manuální,,,,Ne,Kombi,,,Smart,Ojeté,Sauto.cz,Ano,
Hyundai i30 Kombi 1.5 T-GDI MHEV,409900,68386,2022,Benzín,1.5,T-GDI,,117,Automatická,,,,Ne,Kombi,,,SMART,Odstraněno,Sauto.cz,Ano,https://www.sauto.cz/osobni/detail/hyundai/i30/210363035
Hyundai i30 Hatchback 1.0 T-GDI,459900,29166,2024,Benzín,1.5,T-GDI,MHEV,117,Manuální,,,,Ne,Liftback,,,Mild Hybrid,Odstraněno,Sauto.cz,Ano,https://www.sauto.cz/osobni/detail/hyundai/i30/210366908
Hyundai i30 Kombi 1.5 T-GDI MHEV,498900,22906,2024,Benzín,1.5,TGDI,,117,Automatická,Ano,,,Ne,Kombi,N-Line,,,Odstraněno,Sauto.cz,Ano,https://www.sauto.cz/osobni/detail/hyundai/i30/210367230
Hyundai i30 Kombi 1.5 T-GDI MHEV,409000,49666,2023,Benzín,1.5,T-GDI,,118,Manuální,,,,Ne,Kombi,,,Smart,Ojeté,Sauto.cz,Ano,
Hyundai i30 Kombi 1.5 T-GDI MHEV,355000,50183,2022,Benzín,1.5,T-GDI,,118,Manuální,,,,Ne,Kombi,,,Combi Smart,Odstraněno,Sauto.cz,Ano,https://www.sauto.cz/osobni/detail/hyundai/i30/210375212
Hyundai i30 Kombi 1.5 T-GDI MHEV,616890,15,2026,Benzín,1.6,T-GDI,,110,Automatická,Ano,,,Ne,Kombi,,,26 WG GO CZECH!,Nové,Sauto.cz,Ano,
Hyundai i30 Kombi 1.5 T-GDI MHEV,616890,15,2026,Benzín,1.7,T-GDI,,110,Automatická,Ano,,,Ne,Kombi,,,26 WG GO CZECH!,Nové,Sauto.cz,Ano,
Hyundai i30 Kombi 1.5 T-GDI MHEV,410000,54920,2021,Benzín,1.5,T-GDI,MHEV,117,Manuální,,,,Ne,Kombi,Style,Ano,Záruka,Odstraněno,Sauto.cz,Ano,https://www.sauto.cz/osobni/detail/hyundai/i30/210377360
Hyundai i30 Hatchback 1.0 T-GDI,699990,52848,2021,Benzín,2.0,T-GDI,,206,Automatická,,,,Ne,Liftback,,,N Performance,Odstraněno,Sauto.cz,Ano,https://www.sauto.cz/osobni/detail/hyundai/i30/210385055
Hyundai i30 Hatchback 1.0 T-GDI,693019,40697,2023,Benzín,2.0,,,206,Automatická,,,,Ne,Liftback,,,,Odstraněno,Sauto.cz,Ano,https://www.sauto.cz/osobni/detail/hyundai/i30/210389195
Hyundai i30 Kombi 1.5 T-GDI MHEV,420000,99188,2023,Benzín,1.5,T-GDI,,118,Manuální,,,,Ne,Kombi,N-Line,Ano,Záruka,Odstraněno,Sauto.cz,Ano,https://www.sauto.cz/osobni/detail/hyundai/i30/210389711
Hyundai i30 Kombi 1.5 T-GDI MHEV,389000,57000,2021,Benzín,1.5,T-GDI,,117,Automatická,Ano,,,Ne,Kombi,,,SMART NAVI LED,Odstraněno,Sauto.cz,Ano,https://www.sauto.cz/osobni/detail/hyundai/i30/210393893
Hyundai i30 Kombi 1.5 T-GDI MHEV,420000,50327,2022,Benzín,1.5,T-GDI,MHEV,117,Manuální,,,,Ne,Kombi,,,Serv.kniha,Odstraněno,Sauto.cz,Ano,https://www.sauto.cz/osobni/detail/hyundai/i30/210398405
Hyundai i30 Hatchback 1.0 T-GDI,739900,62169,2023,Benzín,2.0,T-GDI,,206,Automatická,,,,Ne,Hatchback,,,N Performace,Odstraněno,Sauto.cz,Ano,https://www.sauto.cz/osobni/detail/hyundai/i30/210399140
Hyundai i30 Kombi 1.5 T-GDI MHEV,399990,68512,2021,Benzín,1.5,T-GDI,,117,Manuální,,,,Ne,Kombi,Style,,,Ojeté,Sauto.cz,Ano,
Hyundai i30 Kombi 1.5 T-GDI MHEV,489900,3390,2025,Benzín,1.5,TGDI,,103,Manuální,,,,Ne,Kombi,,,SMART CLIMA 3390km,Odstraněno,Sauto.cz,Ano,https://www.sauto.cz/osobni/detail/hyundai/i30/210405095
Hyundai i30 Kombi 1.5 T-GDI MHEV,485900,25653,2025,Benzín,1.5,T-GDI,,103,Automatická,Ano,,,Ne,Kombi,,,Smart,Odstraněno,Sauto.cz,Ano,https://www.sauto.cz/osobni/detail/hyundai/i30/210406157
Hyundai i30 Kombi 1.5 T-GDI MHEV,400000,46755,2021,Benzín,1.5,T-GDI,,118,Manuální,,,,Ne,Kombi,,,"ČR,Smart,kamera",Ojeté,Sauto.cz,Ano,
Hyundai i30 Kombi 1.5 T-GDI MHEV,555890,5,2026,Benzín,1.5,T-GDI,,110,Automatická,Ano,,,Ne,Kombi,,,26 WG GO CZECH,Odstraněno,Sauto.cz,Ano,https://www.sauto.cz/osobni/detail/hyundai/i30/210408059
Hyundai i30 Kombi 1.5 T-GDI MHEV,319900,94100,2021,Benzín,1.5,T-GDI,,117,Manuální,,,,Ne,Kombi,,,,Odstraněno,Sauto.cz,Ano,https://www.sauto.cz/osobni/detail/hyundai/i30/210410531
Hyundai i30 Kombi 1.5 T-GDI MHEV,611890,5,2026,Benzín,1.6,T-GDI,,110,Automatická,Ano,,,Ne,Kombi,Style,,150k,Odstraněno,Sauto.cz,Ano,https://www.sauto.cz/osobni/detail/hyundai/i30/210411569
Hyundai i30 Hatchback 1.0 T-GDI,499900,17883,2025,Benzín,1.5,T-GDI,,103,Manuální,,,,Ne,Hatchback,N-Line,,,Odstraněno,Sauto.cz,Ano,https://www.sauto.cz/osobni/detail/hyundai/i30/210412262
Hyundai i30 Kombi 1.5 T-GDI MHEV,555890,10,2026,Benzín,1.6,T-GDI,,110,Automatická,Ano,,,Ne,Kombi,,,WG GO CZECH,Odstraněno,Sauto.cz,Ano,https://www.sauto.cz/osobni/detail/hyundai/i30/210413159
Hyundai i30 Kombi 1.5 T-GDI MHEV,549990,10,2026,Benzín,1.6,T-GDI,,110,Automatická,Ano,,,Ne,Kombi,,,WG GO CZECH,Odstraněno,Sauto.cz,Ano,https://www.sauto.cz/osobni/detail/hyundai/i30/210413495
Hyundai i30 Kombi 1.5 T-GDI MHEV,566890,10,2026,Benzín,1.6,T-GDI,,110,Automatická,Ano,,,Ne,Kombi,,,WG GO CZECH,Odstraněno,Sauto.cz,Ano,https://www.sauto.cz/osobni/detail/hyundai/i30/210413501
Hyundai i30 Kombi 1.5 T-GDI MHEV,566890,10,2026,Benzín,1.6,T-GDI,,110,Automatická,Ano,,,Ne,Kombi,,,WG GO CZECH,Odstraněno,Sauto.cz,Ano,https://www.sauto.cz/osobni/detail/hyundai/i30/210413507
Hyundai i30 Kombi 1.5 T-GDI MHEV,488999,66917,2024,Benzín,1.5,T-GDI,,117,Manuální,,,,Ne,Kombi,N Line,,SmartKey CZ,Ojeté,Sauto.cz,Ano,
Hyundai i30 Kombi 1.5 T-GDI MHEV,495000,19813,2025,Benzín,1.5,T-GDI,,103,Automatická,Ano,,,Ne,Kombi,,,Smart,Odstraněno,Sauto.cz,Ano,https://www.sauto.cz/osobni/detail/hyundai/i30/210419345
Hyundai i30 Kombi 1.5 T-GDI MHEV,489000,22484,2025,Benzín,1.5,T-GDI,,103,Automatická,Ano,,,Ne,Kombi,,,Smart,Odstraněno,Sauto.cz,Ano,https://www.sauto.cz/osobni/detail/hyundai/i30/210419369
Hyundai i30 Kombi 1.5 T-GDI MHEV,439000,70051,2023,Benzín,1.5,T-GDI,,118,Manuální,,,,Ne,Kombi,,,Smart,Ojeté,Sauto.cz,Ano,
Hyundai i30 Kombi 1.5 T-GDI MHEV,350000,76671,2022,Benzín,1.5,T-GDI,MHEV,117,Manuální,,,,Ne,Kombi,,,"ČR,1.maj",Odstraněno,Sauto.cz,Ano,https://www.sauto.cz/osobni/detail/hyundai/i30/210422537
Hyundai i30 Kombi 1.5 T-GDI MHEV,385000,38220,2021,Benzín,1.5,T-GDI,,117,Manuální,,,,Ne,Kombi,,,"1.maj,ČR",Ojeté,Sauto.cz,Ano,
Hyundai i30 Kombi 1.5 T-GDI MHEV,534990,,2026,Benzín,1.6,T-GDI,,110,Automatická,,,,Ne,Kombi,,,GO Czech!,Odstraněno,Sauto.cz,Ano,https://www.sauto.cz/osobni/detail/hyundai/i30/210426344
Hyundai i30 Kombi 1.5 T-GDI MHEV,569000,6800,2025,Benzín,1.5,T-GDI,MHEV,103,Automatická,Ano,,,Ne,Kombi,N Line,,DPH,Odstraněno,Sauto.cz,Ano,https://www.sauto.cz/osobni/detail/hyundai/i30/210429620
Hyundai i30 Kombi 1.5 T-GDI MHEV,566890,10,2026,Benzín,1.6,T-GDI,,110,Automatická,Ano,,,Ne,Kombi,,,WG GO CZECH,Odstraněno,Sauto.cz,Ano,https://www.sauto.cz/osobni/detail/hyundai/i30/210438752
Hyundai i30 Kombi 1.5 T-GDI MHEV,499999,40512,2024,Benzín,1.5,T-GDI,,117,Manuální,,,,Ne,Kombi,N Line,,SmartKey CZ,Ojeté,Sauto.cz,Ano,
Hyundai i30 Kombi 1.5 T-GDI MHEV,478000,41557,2024,Benzín,1.5,,,103,Automatická,Ano,,,Ne,Kombi,,,T WG FL Family,Odstraněno,Sauto.cz,Ano,https://www.sauto.cz/osobni/detail/hyundai/i30/210440372
Hyundai i30 Kombi 1.5 T-GDI MHEV,599990,2200,2026,Benzín,1.6,T-GDI,,110,Automatická,Ano,,,Ne,Kombi,N Line,,,Odstraněno,Sauto.cz,Ano,https://www.sauto.cz/osobni/detail/hyundai/i30/210440525
Hyundai i30 Kombi 1.5 T-GDI MHEV,626890,,2026,Benzín,1.6,T-GDI,,110,Automatická,,,,Ne,Kombi,,,GO Czech N,Odstraněno,Sauto.cz,Ano,https://www.sauto.cz/osobni/detail/hyundai/i30/210460055
Hyundai i30 Hatchback 1.0 T-GDI,388237,84769,2021,Benzín,1.5,,,118,Automatická,,,,Ne,Hatchback,,,,Odstraněno,Sauto.cz,Ano,https://www.sauto.cz/osobni/detail/hyundai/i30/210476198
Hyundai i30 Hatchback 1.0 T-GDI,390000,16840,2021,Nafta,1.6,CRDi,,100,Manuální,,,,Ne,Hatchback,,,I30 fastback,Odstraněno,Sauto.cz,Ano,https://www.sauto.cz/osobni/detail/hyundai/i30/210480197
Hyundai i30 Kombi 1.5 T-GDI MHEV,639900,1700,2026,Benzín,1.6,T-GDI,,110,Automatická,Ano,,,Ne,Kombi,Style,,,Odstraněno,Sauto.cz,Ano,https://www.sauto.cz/osobni/detail/hyundai/i30/210480986
Hyundai i30 Kombi 1.5 T-GDI MHEV,489999,19128,2025,Benzín,1.5,T-GDI,MHEV,103,Automatická,,,,Ne,Kombi,,,Smart,Odstraněno,Sauto.cz,Ano,https://www.sauto.cz/osobni/detail/hyundai/i30/210484682
Hyundai i30 Kombi 1.5 T-GDI MHEV,429000,62925,2023,Benzín,1.5,T-GDI,,118,Manuální,,,,Ne,Kombi,,,Smart,Ojeté,Sauto.cz,Ano,
Hyundai i30 Kombi 1.5 T-GDI MHEV,484900,24114,2025,Benzín,1.5,T-GDI,,103,Automatická,Ano,,,Ne,Kombi,,,Smart,Ojeté,Sauto.cz,Ano,
Hyundai i30 Kombi 1.5 T-GDI MHEV,388000,77970,2023,Benzín,1.5,T-GDI,,118,Manuální,,,,Ne,Kombi,,,SMART SW *ČR,Ojeté,Sauto.cz,Ano,
Hyundai i30 Kombi 1.5 T-GDI MHEV,476900,28902,2025,Benzín,1.5,T-GDI,,103,Automatická,Ano,,,Ne,Kombi,,,Smart,Ojeté,Sauto.cz,Ano,
Hyundai i30 Hatchback 1.0 T-GDI,419900,56225,2021,Benzín,1.5,T-GDI,,117,Manuální,,,,Ne,Hatchback,N-Line,,"ČR,1.MAJITEL",Ojeté,Sauto.cz,Ano,
Hyundai i30 Kombi 1.5 T-GDI MHEV,540000,14548,2025,Benzín,1.5,T-GDI,MHEV,103,Manuální,,,,Ne,Kombi,N-Line,,48V,Předváděcí,Sauto.cz,Ano,
Hyundai i30 Kombi 1.5 T-GDI MHEV,365000,98355,2024,Benzín,1.5,T-GDI,,118,Manuální,,,,Ne,Kombi,,,Combi Smart,Ojeté,Sauto.cz,Ano,
Hyundai i30 Kombi 1.5 T-GDI MHEV,360000,33456,2021,Benzín,1.5,T-GDI,MHEV,117,Manuální,,,,Ne,Kombi,,Ano,"Záruka, ČR",Ojeté,Sauto.cz,Ano,
Hyundai i30 Kombi 1.5 T-GDI MHEV,479990,17892,2025,Benzín,1.5,GDI,,103,Automatická,,,,Ne,Kombi,,,Smart,Ojeté,Sauto.cz,Ano,
Hyundai Kona 1.0 T-GDI (Benzín),620890,6000,2025,Benzín,1.6,TGDI,,103,Automatická,,,,Ne,SUV,,,Smart Technology,Předváděcí,Sauto.cz,Ano,
Hyundai Kona 1.0 T-GDI (Benzín),589000,2140,2025,Benzín,1.6,TGDI,,102,Manuální,,,,Ne,Kombi,,,SMART,Předváděcí,Sauto.cz,Ano,
Hyundai Kona 1.0 T-GDI (Benzín),749990,15,2026,Benzín,1.6,TGDI,,132,Automatická,Ano,,,Ne,SUV,,,27 SMART TECH,Nové,Sauto.cz,Ano,
Hyundai Kona 1.0 T-GDI (Benzín),539900,50846,2024,Benzín,1.6,T-GDI,,146,Manuální,,,,Ne,SUV,N-Line,,,Odstraněno,Sauto.cz,Ano,https://www.sauto.cz/osobni/detail/hyundai/kona/210134213
Hyundai Kona 1.0 T-GDI (Benzín),567909,33187,2024,Benzín,1.6,,,145,Automatická,,,,Ne,SUV,,,,Odstraněno,Sauto.cz,Ano,https://www.sauto.cz/osobni/detail/hyundai/kona/210170678
Hyundai Kona 1.0 T-GDI (Benzín),683990,28,2026,Benzín,1.6,TGDI,,132,Automatická,,,,Ne,SUV,Style,,4X2 AT,Odstraněno,Sauto.cz,Ano,https://www.sauto.cz/osobni/detail/hyundai/kona/210185576
Hyundai Kona 1.0 T-GDI (Benzín),597890,5,2026,Benzín,1.6,T-GDI,,110,Manuální,,,,Ne,SUV,,,2WD MT SMART TECH,Odstraněno,Sauto.cz,Ano,https://www.sauto.cz/osobni/detail/hyundai/kona/210187091
Hyundai Kona 1.0 T-GDI (Benzín),640890,,2026,Benzín,1.6,T-GDI,,110,Manuální,,,,Ne,SUV,,,Smart,Odstraněno,Sauto.cz,Ano,https://www.sauto.cz/osobni/detail/hyundai/kona/210209510
Hyundai Kona 1.0 T-GDI (Benzín),710890,,2026,Benzín,1.6,T-GDI,,110,Automatická,,,,Ne,SUV,N Line,,,Odstraněno,Sauto.cz,Ano,https://www.sauto.cz/osobni/detail/hyundai/kona/210209567
Hyundai Kona 1.0 T-GDI (Benzín),662990,,2026,Benzín,1.6,T-GDI,,110,Automatická,,,,Ne,SUV,,,Smart,Odstraněno,Sauto.cz,Ano,https://www.sauto.cz/osobni/detail/hyundai/kona/210212075
Hyundai Kona 1.0 T-GDI (Benzín),710890,,2026,Benzín,1.6,T-GDI,,110,Automatická,,,,Ne,SUV,N Line,,,Odstraněno,Sauto.cz,Ano,https://www.sauto.cz/osobni/detail/hyundai/kona/210212330
Hyundai Kona 1.0 T-GDI (Benzín),680890,,2026,Benzín,1.6,T-GDI,,110,Automatická,,,,Ne,SUV,,,Smart,Odstraněno,Sauto.cz,Ano,https://www.sauto.cz/osobni/detail/hyundai/kona/210212591
Hyundai Kona 1.0 T-GDI (Benzín),739990,1000,2026,Benzín,1.6,GDI,,102,Automatická,,,,Ne,SUV,,,HEV SMART TECHNOLOGY,Odstraněno,Sauto.cz,Ano,https://www.sauto.cz/osobni/detail/hyundai/kona/210217661
Hyundai Kona 1.0 T-GDI (Benzín),699900,650,2026,Benzín,1.6,T-GDI,,132,Automatická,Ano,,,Ne,SUV,Style,,,Odstraněno,Sauto.cz,Ano,https://www.sauto.cz/osobni/detail/hyundai/kona/210246053
Hyundai Kona 1.0 T-GDI (Benzín),579000,8400,2025,Benzín,1.6,T-GDI,,102,Automatická,Ano,,,Ne,SUV,,,SMART,Odstraněno,Sauto.cz,Ano,https://www.sauto.cz/osobni/detail/hyundai/kona/210260021
Hyundai Kona 1.0 T-GDI (Benzín),539900,54165,2023,Benzín,1.6,T-GDI,,145,Automatická,Ano,,,Ne,SUV,N-Line,,,Odstraněno,Sauto.cz,Ano,https://www.sauto.cz/osobni/detail/hyundai/kona/210261650
Hyundai Kona 1.0 T-GDI (Benzín),639990,5000,2025,Benzín,1.6,T-GDI,,145,Manuální,,,,Ne,SUV,N Line,,197k Technol,Odstraněno,Sauto.cz,Ano,https://www.sauto.cz/osobni/detail/hyundai/kona/210312287
Hyundai Kona 1.0 T-GDI (Benzín),579990,13231,2025,Benzín,1.6,T-GDI,,110,Automatická,,,,Ne,SUV,,,Smart,Odstraněno,Sauto.cz,Ano,https://www.sauto.cz/osobni/detail/hyundai/kona/210325124
Hyundai Kona 1.0 T-GDI (Benzín),589900,45327,2024,Benzín,1.6,T-GDI,,145,Automatická,Ano,,,Ano,SUV,N-Line,,,Odstraněno,Sauto.cz,Ano,https://www.sauto.cz/osobni/detail/hyundai/kona/210360662
Hyundai Kona 1.0 T-GDI (Benzín),549900,25506,2024,Benzín,1.6,T-GDI,,145,Manuální,,,,Ne,SUV,Style,,,Odstraněno,Sauto.cz,Ano,https://www.sauto.cz/osobni/detail/hyundai/kona/210360782
Hyundai Kona 1.0 T-GDI (Benzín),579900,24426,2025,Benzín,1.6,T-GDI,,101,Automatická,Ano,,,Ne,SUV,Style,,,Odstraněno,Sauto.cz,Ano,https://www.sauto.cz/osobni/detail/hyundai/kona/210365834
Hyundai Kona 1.0 T-GDI (Benzín),730889,,2026,Benzín,1.6,T-GDI,,110,Automatická,,,,Ne,SUV,N Line,,Tech,Odstraněno,Sauto.cz,Ano,https://www.sauto.cz/osobni/detail/hyundai/kona/210374621
Hyundai Kona 1.0 T-GDI (Benzín),680889,,2026,Benzín,1.6,T-GDI,,110,Automatická,,,,Ne,SUV,,,Smart,Odstraněno,Sauto.cz,Ano,https://www.sauto.cz/osobni/detail/hyundai/kona/210375059
Hyundai Kona 1.0 T-GDI (Benzín),617890,9,2026,Benzín,1.6,T-GDI,,110,Manuální,,,,Ne,SUV,,,2WD MT SMART,Odstraněno,Sauto.cz,Ano,https://www.sauto.cz/osobni/detail/hyundai/kona/210375188
Hyundai Kona 1.0 T-GDI (Benzín),680889,,2026,Benzín,1.6,T-GDI,,110,Automatická,,,,Ne,SUV,,,Smart,Odstraněno,Sauto.cz,Ano,https://www.sauto.cz/osobni/detail/hyundai/kona/210380309
Hyundai Kona 1.0 T-GDI (Benzín),700889,,2026,Benzín,1.6,T-GDI,,110,Manuální,,,,Ne,SUV,Style,,,Odstraněno,Sauto.cz,Ano,https://www.sauto.cz/osobni/detail/hyundai/kona/210380552
Hyundai Kona 1.0 T-GDI (Benzín),687890,5,2025,Benzín,1.6,TGDI,,102,Manuální,,,,Ne,SUV,Style,,MT LP TT,Odstraněno,Sauto.cz,Ano,https://www.sauto.cz/osobni/detail/hyundai/kona/210380996
Hyundai Kona 1.0 T-GDI (Benzín),569900,31678,2024,Benzín,1.6,T-GDI,,145,Automatická,,,,Ne,SUV,N-Line,,,Odstraněno,Sauto.cz,Ano,https://www.sauto.cz/osobni/detail/hyundai/kona/210394898
Hyundai Kona 1.0 T-GDI (Benzín),695890,10,2026,Benzín,1.6,T-GDI,,110,Manuální,,,,Ne,SUV,,,27 MT SMART TECH,Nové,Sauto.cz,Ano,
Hyundai Kona 1.0 T-GDI (Benzín),695890,,2026,Benzín,1.6,TGDI,,110,Automatická,Ano,,,Ne,SUV,,,NLINE,Odstraněno,Sauto.cz,Ano,https://www.sauto.cz/osobni/detail/hyundai/kona/210482579
Hyundai Kona 1.0 T-GDI (Benzín),695890,,2026,Benzín,1.6,TGDI,,110,Automatická,Ano,,,Ne,SUV,,,NLINE,Odstraněno,Sauto.cz,Ano,https://www.sauto.cz/osobni/detail/hyundai/kona/210482855
Hyundai Kona 1.0 T-GDI (Benzín),685890,,2026,Benzín,1.6,TGDI,,110,Automatická,Ano,,,Ne,SUV,,,SMART TECH,Odstraněno,Sauto.cz,Ano,https://www.sauto.cz/osobni/detail/hyundai/kona/210482987
Hyundai Kona 1.0 T-GDI (Benzín),639900,1500,2026,Benzín,1.6,TGDI,,110,Automatická,Ano,,,Ne,SUV,,,2WD SMART TECH.,Předváděcí,Sauto.cz,Ano,
Hyundai Kona 1.0 T-GDI (Benzín),719000,28333,2023,Benzín,2.0,,,206,Automatická,Ano,,,Ne,SUV,,,Hyundai Kona N Performance,Ojeté,Sauto.cz,Ano,
Hyundai Santa Fe 1.6 T-GDI Hybrid (Gen 5),699990,90100,2023,Nafta,2.2,,,142,Automatická,Ano,,,Ano,SUV,Luxury,,22 5s D Pan,Ojeté,Sauto.cz,Ano,
Hyundai Santa Fe 1.6 T-GDI Hybrid (Gen 5),709000,67722,2023,Nafta,2.2,CRDi,,142,Automatická,Ano,,,Ano,SUV,,,4WD Smart,Odstraněno,Sauto.cz,Ano,https://www.sauto.cz/osobni/detail/hyundai/santa-fe/210141347
Hyundai Santa Fe 1.6 T-GDI Hybrid (Gen 5),730000,49556,2023,Nafta,2.2,CRDi,,142,Automatická,,,,Ne,SUV,,,Smart DPH CZ,Ojeté,Sauto.cz,Ano,
Hyundai Santa Fe 1.6 T-GDI Hybrid (Gen 5),669900,69286,2023,Nafta,2.2,CRDi,,142,Automatická,Ano,,,Ne,SUV,Comfort,,,Odstraněno,Sauto.cz,Ano,https://www.sauto.cz/osobni/detail/hyundai/santa-fe/210220763
Hyundai Santa Fe 1.6 T-GDI Hybrid (Gen 5),619900,56683,2021,Nafta,2.2,CRDi,,148,Automatická,,,,Ne,SUV,Comfort,,,Odstraněno,Sauto.cz,Ano,https://www.sauto.cz/osobni/detail/hyundai/santa-fe/210245228
Hyundai Santa Fe 1.6 T-GDI Hybrid (Gen 5),729999,79124,2022,Nafta,2.2,CRDi,,142,Automatická,Ano,,,Ano,SUV,Style,,C,Odstraněno,Sauto.cz,Ano,https://www.sauto.cz/osobni/detail/hyundai/santa-fe/210323030
Hyundai Santa Fe 1.6 T-GDI Hybrid (Gen 5),670000,88392,2021,Nafta,2.2,CRDi,,148,Automatická,,,,Ano,SUV,,Ano,Záruka,Odstraněno,Sauto.cz,Ano,https://www.sauto.cz/osobni/detail/hyundai/santa-fe/210361889
Hyundai Santa Fe 1.6 T-GDI Hybrid (Gen 5),670000,68254,2023,Nafta,2.2,CRDi,,142,Automatická,,,,Ne,SUV,,,NAVI KAMERA 1. MAJ ČR,Odstraněno,Sauto.cz,Ano,https://www.sauto.cz/osobni/detail/hyundai/santa-fe/210371198
Hyundai Santa Fe 1.6 T-GDI Hybrid (Gen 5),730000,54076,2023,Nafta,2.2,CRDi,,142,Automatická,Ano,,,Ano,SUV,Style,,4WD ACC,Odstraněno,Sauto.cz,Ano,https://www.sauto.cz/osobni/detail/hyundai/santa-fe/210381635
Hyundai Santa Fe 1.6 T-GDI Hybrid (Gen 5),629900,59893,2023,Nafta,2.2,CRDi,,147,Automatická,Ano,,,Ne,Kombi,,,DPH,Ojeté,Sauto.cz,Ano,
Hyundai Staria 2.2,679990,33402,2022,Nafta,2.2,,,130,Manuální,,,,Ne,VAN,Comfort,,CR,Ojeté,Sauto.cz,Ano,
Hyundai Staria 2.2 CRDi,679900,62768,2024,Nafta,2.2,CRDi,,130,Manuální,,,,Ne,MPV,Comfort,,MT 4x2,Odstraněno,Sauto.cz,Ano,https://www.sauto.cz/osobni/detail/hyundai/staria/210292610
Hyundai Tucson 1.6 T-GDI MHEV,614900,6900,2025,Benzín,1.6,TGDI,,118,Manuální,,,,Ne,SUV,,,SMART 4x2,Předváděcí,Sauto.cz,Ano,
Hyundai Tucson 1.6 T-GDI MHEV,679900,5900,2025,Benzín,1.6,TGDI,,118,Automatická,Ano,,,Ne,SUV,Style,,4x2 FL25,Předváděcí,Sauto.cz,Ano,
Hyundai Tucson 1.6 T-GDI MHEV,659990,63,2024,Benzín,1.6,T-GDI,,118,Manuální,,,,Ne,SUV,,,Smart,Ojeté,Sauto.cz,Ano,
Hyundai Tucson 1.6 T-GDI MHEV,529990,93659,2021,Nafta,1.6,,,100,Automatická,,,,Ano,SUV,Style,,,Ojeté,Sauto.cz,Ano,
Hyundai Tucson 1.6 T-GDI MHEV,549900,40739,2022,Nafta,1.6,CRDi,MHEV,100,Manuální,,,,Ne,SUV,,,Smart 4x2,Ojeté,Sauto.cz,Ano,
Hyundai Tucson 1.6 T-GDI MHEV,639000,4752,2023,Benzín,1.6,T-GDI,,110,Manuální,,,,Ne,SUV,,,"SMART , 6MP -",Ojeté,Sauto.cz,Ano,
Hyundai Tucson 1.6 T-GDI MHEV,489000,57485,2021,Benzín,1.6,T-GDI,MHEV,110,Automatická,,,,Ne,SUV,,,"ČR, SERV.KN.",Odstraněno,Sauto.cz,Ano,https://www.sauto.cz/osobni/detail/hyundai/tucson/208474628
Hyundai Tucson 1.6 T-GDI MHEV,569900,43520,2023,Benzín,1.6,T-GDI,MHEV,132,Manuální,,,,Ne,SUV,N-Line,,,Odstraněno,Sauto.cz,Ano,https://www.sauto.cz/osobni/detail/hyundai/tucson/208589954
Hyundai Tucson 1.6 T-GDI MHEV,700000,6827,2023,Benzín,1.6,T-GDI,MHEV,132,Automatická,,,,Ano,SUV,,,48V,Odstraněno,Sauto.cz,Ano,https://www.sauto.cz/osobni/detail/hyundai/tucson/208702004
Hyundai Tucson 1.6 T-GDI MHEV,579990,34852,2022,Benzín,1.6,T-GDI,,110,Manuální,,,,Ne,SUV,N-Line,,,Ojeté,Sauto.cz,Ano,
Hyundai Tucson 1.6 T-GDI MHEV,730890,10,2025,Benzín,1.6,TGDI,,118,Manuální,,,,Ne,SUV,N Line,,MT,Nové,Sauto.cz,Ano,
Hyundai Tucson 1.6 T-GDI MHEV,599900,39254,2024,Benzín,1.6,T-GDI,,118,Automatická,Ano,,,Ne,SUV,Style,,,Odstraněno,Sauto.cz,Ano,https://www.sauto.cz/osobni/detail/hyundai/tucson/208960203
Hyundai Tucson 1.6 T-GDI MHEV,649000,24972,2024,Benzín,1.6,T-GDI,,110,Automatická,,,,Ne,SUV,,,"FREEDOM , 7AP",Ojeté,Sauto.cz,Ano,
Hyundai Tucson 1.6 T-GDI MHEV,674990,10,2026,Benzín,1.6,TGDI,,110,Manuální,,,,Ne,SUV,,,26 MT GO Czech!,Nové,Sauto.cz,Ano,
Hyundai Tucson 1.6 T-GDI MHEV,744890,16,2026,Benzín,1.6,T-GDI,,110,Manuální,,,,Ne,SUV,,,GO CZECH! FL,Nové,Sauto.cz,Ano,
Hyundai Tucson 1.6 T-GDI MHEV,589900,61082,2023,Benzín,1.6,T-GDI,,132,Automatická,,,,Ano,SUV,Style,,"A T,DPH",Ojeté,Sauto.cz,Ano,
Hyundai Tucson 1.6 T-GDI MHEV,639990,24448,2023,Benzín,1.6,T-GDI,,110,Automatická,,,,Ne,SUV,N-Line,,,Ojeté,Sauto.cz,Ano,
Hyundai Tucson 1.6 T-GDI MHEV,614990,42506,2023,Benzín,1.6,T-GDI,,110,Automatická,,,,Ne,SUV,,,Freedom,Ojeté,Sauto.cz,Ano,
Hyundai Tucson 1.6 T-GDI MHEV,580000,37399,2024,Benzín,1.6,T-GDI,MHEV,132,Automatická,,,,Ano,SUV,,,"48V , NOVÁ CENA",Odstraněno,Sauto.cz,Ano,https://www.sauto.cz/osobni/detail/hyundai/tucson/209328114
Hyundai Tucson 1.6 T-GDI MHEV,639900,30653,2024,Benzín,1.6,T-GDI,,110,Automatická,Ano,,,Ne,SUV,N-Line,,,Odstraněno,Sauto.cz,Ano,https://www.sauto.cz/osobni/detail/hyundai/tucson/209332965
Hyundai Tucson 1.6 T-GDI MHEV,619990,45880,2023,Benzín,1.6,T-GDI,,110,Automatická,,,,Ne,SUV,N-Line,,,Ojeté,Sauto.cz,Ano,
Hyundai Tucson 1.6 T-GDI MHEV,480000,75700,2021,Benzín,1.6,T-GDI,,110,Automatická,,,,Ne,SUV,,,"48V,1.maj,ČR",Ojeté,Sauto.cz,Ano,
Hyundai Tucson 1.6 T-GDI MHEV,659990,18363,2024,Benzín,1.6,,,118,Automatická,,,,Ne,SUV,,,Smart G4FU,Ojeté,Sauto.cz,Ano,
Hyundai Tucson 1.6 T-GDI MHEV,515000,54725,2023,Benzín,1.6,T-GDI,,110,Manuální,,,,Ne,SUV,N-Line,,NOVÁ CENA,Odstraněno,Sauto.cz,Ano,https://www.sauto.cz/osobni/detail/hyundai/tucson/209404989
Hyundai Tucson 1.6 T-GDI MHEV,449900,49110,2022,Nafta,1.6,CRDi,MHEV,100,Manuální,,,,Ne,SUV,,,Smart,Odstraněno,Sauto.cz,Ano,https://www.sauto.cz/osobni/detail/hyundai/tucson/209406366
Hyundai Tucson 1.6 T-GDI MHEV,519990,63516,2021,Nafta,1.6,CRDi,,100,Automatická,,,,Ano,SUV,,,Smart,Ojeté,Sauto.cz,Ano,
Hyundai Tucson 1.6 T-GDI MHEV,549900,84202,2021,Benzín,1.6,T-GDI,,132,Automatická,Ano,,,Ano,SUV,,,STL PRM,Odstraněno,Sauto.cz,Ano,https://www.sauto.cz/osobni/detail/hyundai/tucson/209460612
Hyundai Tucson 1.6 T-GDI MHEV,599990,28405,2024,Benzín,1.6,TGDI,,118,Automatická,,,,Ne,SUV,,,Smart,Ojeté,Sauto.cz,Ano,
Hyundai Tucson 1.6 T-GDI MHEV,689990,14408,2023,Benzín,1.6,T-GDI,,132,Automatická,,,,Ano,SUV,N-Line,,,Ojeté,Sauto.cz,Ano,
Hyundai Tucson 1.6 T-GDI MHEV,589900,35145,2023,Nafta,1.6,CRDi,MHEV,100,Automatická,Ano,,,Ne,SUV,,,Smart,Odstraněno,Sauto.cz,Ano,https://www.sauto.cz/osobni/detail/hyundai/tucson/209561742
Hyundai Tucson 1.6 T-GDI MHEV,559900,39286,2023,Benzín,1.6,T-GDI,,110,Automatická,,,,Ne,SUV,N-Line,,MT,Odstraněno,Sauto.cz,Ano,https://www.sauto.cz/osobni/detail/hyundai/tucson/209562456
Hyundai Tucson 1.6 T-GDI MHEV,679900,24614,2025,Benzín,1.6,T-GDI,,118,Automatická,Ano,,,Ne,SUV,N Line,,,Odstraněno,Sauto.cz,Ano,https://www.sauto.cz/osobni/detail/hyundai/tucson/209564385
Hyundai Tucson 1.6 T-GDI MHEV,470000,56535,2022,Benzín,1.6,T-GDI,,110,Manuální,,,,Ne,SUV,,,"2.maj,ČR,Smart",Ojeté,Sauto.cz,Ano,
Hyundai Tucson 1.6 T-GDI MHEV,579990,44037,2021,Benzín,1.6,,,132,Automatická,,,,Ano,SUV,,,SMART NAV HEV,Ojeté,Sauto.cz,Ano,
Hyundai Tucson 1.6 T-GDI MHEV,619990,43443,2023,Benzín,1.6,T-GDI,,110,Automatická,,,,Ne,SUV,N Line,,,Ojeté,Sauto.cz,Ano,
Hyundai Tucson 1.6 T-GDI MHEV,480000,81080,2023,Benzín,1.6,T-GDI,MHEV,132,Manuální,,,,Ne,SUV,,Ano,"48V , Záruka",Odstraněno,Sauto.cz,Ano,https://www.sauto.cz/osobni/detail/hyundai/tucson/209711958
Hyundai Tucson 1.6 T-GDI MHEV,740890,10,2025,Benzín,1.6,TGDI,,110,Automatická,Ano,,,Ne,SUV,,,2WD GO,Nové,Sauto.cz,Ano,
Hyundai Tucson 1.6 T-GDI MHEV,699900,18179,2024,Benzín,1.6,T-GDI,,118,Automatická,Ano,,,Ne,SUV,N-Line,,,Odstraněno,Sauto.cz,Ano,https://www.sauto.cz/osobni/detail/hyundai/tucson/209770533
Hyundai Tucson 1.6 T-GDI MHEV,589990,20127,2024,Benzín,1.6,T-GDI,,117,Manuální,,,,Ne,SUV,,,,Ojeté,Sauto.cz,Ano,
Hyundai Tucson 1.6 T-GDI MHEV,530000,59608,2022,Benzín,1.6,T-GDI,,110,Manuální,,,,Ne,SUV,N-Line,Ano,Záruka,Odstraněno,Sauto.cz,Ano,https://www.sauto.cz/osobni/detail/hyundai/tucson/209792175
Hyundai Tucson 1.6 T-GDI MHEV,599000,14567,2023,Benzín,1.6,T-GDI,,110,Automatická,Ano,,,Ne,SUV,,,Nline MH,Ojeté,Sauto.cz,Ano,
Hyundai Tucson 1.6 T-GDI MHEV,585000,54707,2023,Benzín,1.6,T-GDI,,110,Automatická,Ano,,,Ne,SUV,N-Line,,serv.kn.,Ojeté,Sauto.cz,Ano,
Hyundai Tucson 1.6 T-GDI MHEV,549900,50222,2023,Benzín,1.6,T-GDI,,110,Automatická,Ano,,,Ne,SUV,,,2WD SMART,Odstraněno,Sauto.cz,Ano,https://www.sauto.cz/osobni/detail/hyundai/tucson/209900634
Hyundai Tucson 1.6 T-GDI MHEV,469990,61922,2021,Benzín,1.6,T-GDI,,110,Manuální,,,,Ano,SUV,,,Smart,Ojeté,Sauto.cz,Ano,
Hyundai Tucson 1.6 T-GDI MHEV,475000,89380,2022,Benzín,1.6,,,110,Automatická,,,,Ne,SUV,,,-1.MAJITEL-AUTOMAT-V ZÁRUCE,Odstraněno,Sauto.cz,Ano,https://www.sauto.cz/osobni/detail/hyundai/tucson/209914320
Hyundai Tucson 1.6 T-GDI MHEV,539000,63451,2022,Nafta,1.6,CRDi,,100,Manuální,,,,Ne,SUV,,,"NLine, serv.kn.,1.maj.",Ojeté,Sauto.cz,Ano,
Hyundai Tucson 1.6 T-GDI MHEV,539990,36511,2022,Benzín,1.6,,,110,Automatická,,,,Ne,SUV,,,Smart,Ojeté,Sauto.cz,Ano,
Hyundai Tucson 1.6 T-GDI MHEV,569999,34648,2022,Benzín,1.6,T-GDI,,110,Manuální,,,,Ne,SUV,N Line,,,Ojeté,Sauto.cz,Ano,
Hyundai Tucson 1.6 T-GDI MHEV,654990,9,2026,Benzín,1.6,T-GDI,,110,Manuální,,,,Ne,SUV,,,MT Smart,Nové,Sauto.cz,Ano,
Hyundai Tucson 1.6 T-GDI MHEV,559900,51385,2023,Benzín,1.6,T-GDI,,110,Automatická,Ano,,,Ne,SUV,,,Smart Navi,Odstraněno,Sauto.cz,Ano,https://www.sauto.cz/osobni/detail/hyundai/tucson/209969493
Hyundai Tucson 1.6 T-GDI MHEV,550000,65741,2021,Nafta,1.6,CRDi,MHEV,100,Automatická,,,,Ano,SUV,,,"48V , NOVÁ CENA",Odstraněno,Sauto.cz,Ano,https://www.sauto.cz/osobni/detail/hyundai/tucson/209970153
Hyundai Tucson 1.6 T-GDI MHEV,685000,5,2026,Benzín,1.6,T-GDI,,110,Manuální,,,,Ne,SUV,,,GO-EXTRA! NOVÉ!,Ojeté,Sauto.cz,Ano,
Hyundai Tucson 1.6 T-GDI MHEV,679990,10,2026,Benzín,1.6,T-GDI,,110,Manuální,,,,Ne,SUV,,,GO CZECH!,Nové,Sauto.cz,Ano,
Hyundai Tucson 1.6 T-GDI MHEV,524999,40374,2023,Benzín,1.6,T-GDI,,110,Manuální,,,,Ne,SUV,,,Smart DPH 1.M,Ojeté,Sauto.cz,Ano,
Hyundai Tucson 1.6 T-GDI MHEV,737890,15,2026,Benzín,1.6,TGDI,,118,Manuální,,,,Ne,SUV,,,2WD MT NLINE,Předváděcí,Sauto.cz,Ano,
Hyundai Tucson 1.6 T-GDI MHEV,737890,15,2026,Benzín,1.6,TGDI,,118,Manuální,,,,Ne,SUV,,,2WD MT NLINE,Nové,Sauto.cz,Ano,
Hyundai Tucson 1.6 T-GDI MHEV,479900,50321,2021,Nafta,1.6,CRDi,,100,Automatická,Ano,,,Ne,SUV,,,Adventure,Odstraněno,Sauto.cz,Ano,https://www.sauto.cz/osobni/detail/hyundai/tucson/210001677
Hyundai Tucson 1.6 T-GDI MHEV,500000,62497,2022,Benzín,1.6,T-GDI,,110,Manuální,,,,Ano,SUV,,,"Smart, NOVÁ CENA",Odstraněno,Sauto.cz,Ano,https://www.sauto.cz/osobni/detail/hyundai/tucson/210003966
Hyundai Tucson 1.6 T-GDI MHEV,450000,82040,2021,Benzín,1.6,T-GDI,,110,Manuální,,,,Ne,SUV,,,NOVÁ CENA,Odstraněno,Sauto.cz,Ano,https://www.sauto.cz/osobni/detail/hyundai/tucson/210038574
Hyundai Tucson 1.6 T-GDI MHEV,740000,13841,2025,Benzín,1.6,T-GDI,,110,Automatická,,,,Ne,SUV,N-Line,,,Odstraněno,Sauto.cz,Ano,https://www.sauto.cz/osobni/detail/hyundai/tucson/210040422
Hyundai Tucson 1.6 T-GDI MHEV,742890,5,2026,Benzín,1.6,TGDI,,110,Automatická,Ano,,,Ne,SUV,,,TU 26 2WD GO PLUS,Odstraněno,Sauto.cz,Ano,https://www.sauto.cz/osobni/detail/hyundai/tucson/210054293
Hyundai Tucson 1.6 T-GDI MHEV,722890,5,2026,Benzín,1.6,TGDI,,110,Automatická,Ano,,,Ne,SUV,,,TU 26 2WD GO,Odstraněno,Sauto.cz,Ano,https://www.sauto.cz/osobni/detail/hyundai/tucson/210054410
Hyundai Tucson 1.6 T-GDI MHEV,590000,12337,2025,Benzín,1.6,T-GDI,,110,Manuální,,,,Ne,SUV,Comfort,,,Odstraněno,Sauto.cz,Ano,https://www.sauto.cz/osobni/detail/hyundai/tucson/210063485
Hyundai Tucson 1.6 T-GDI MHEV,399000,47000,2021,Benzín,1.6,,,110,Manuální,,,,Ne,SUV,,,,Ojeté,Sauto.cz,Ano,
Hyundai Tucson 1.6 T-GDI MHEV,530000,31376,2022,Benzín,1.6,T-GDI,,110,Automatická,,,,Ne,SUV,,,"NOVÁ CENA, Automat",Odstraněno,Sauto.cz,Ano,https://www.sauto.cz/osobni/detail/hyundai/tucson/210075011
Hyundai Tucson 1.6 T-GDI MHEV,740000,10907,2025,Benzín,1.6,T-GDI,,110,Automatická,,,,Ne,SUV,N-Line,,N- Line,Odstraněno,Sauto.cz,Ano,https://www.sauto.cz/osobni/detail/hyundai/tucson/210075881
Hyundai Tucson 1.6 T-GDI MHEV,569990,29999,2025,Benzín,1.6,TGDI,,117,Manuální,,,,Ne,SUV,Comfort,,MT 2WD,Ojeté,Sauto.cz,Ano,
Hyundai Tucson 1.6 T-GDI MHEV,470000,35864,2021,Benzín,1.6,T-GDI,,110,Manuální,,,,Ne,SUV,,Ano,"Smart, Záruka",Odstraněno,Sauto.cz,Ano,https://www.sauto.cz/osobni/detail/hyundai/tucson/210082382
Hyundai Tucson 1.6 T-GDI MHEV,629900,18959,2025,Benzín,1.6,T-GDI,,118,Manuální,,,,Ne,SUV,Style,,,Odstraněno,Sauto.cz,Ano,https://www.sauto.cz/osobni/detail/hyundai/tucson/210093920
Hyundai Tucson 1.6 T-GDI MHEV,400000,88961,2021,Nafta,1.6,CRDi,,100,Automatická,,,,Ne,SUV,N-Line,,Automat,Odstraněno,Sauto.cz,Ano,https://www.sauto.cz/osobni/detail/hyundai/tucson/210104045
Hyundai Tucson 1.6 T-GDI MHEV,730000,14763,2025,Benzín,1.6,T-GDI,,118,Automatická,,,,Ne,SUV,N-Line,,,Odstraněno,Sauto.cz,Ano,https://www.sauto.cz/osobni/detail/hyundai/tucson/210126197
Hyundai Tucson 1.6 T-GDI MHEV,599900,40642,2023,Benzín,1.6,T-GDI,,110,Automatická,Ano,,,Ne,SUV,N-Line,,,Odstraněno,Sauto.cz,Ano,https://www.sauto.cz/osobni/detail/hyundai/tucson/210131231
Hyundai Tucson 1.6 T-GDI MHEV,579900,28422,2023,Benzín,1.6,T-GDI,,110,Automatická,Ano,,,Ne,SUV,,,Smart Navi,Odstraněno,Sauto.cz,Ano,https://www.sauto.cz/osobni/detail/hyundai/tucson/210136142
Hyundai Tucson 1.6 T-GDI MHEV,669000,9000,2025,Benzín,1.6,T-GDI,,118,Manuální,,,,Ne,SUV,,,20 YEARS EDICE,Předváděcí,Sauto.cz,Ano,
Hyundai Tucson 1.6 T-GDI MHEV,459900,81057,2021,Benzín,1.6,T-GDI,,110,Manuální,,,,Ano,SUV,,,SMART NAVI,Odstraněno,Sauto.cz,Ano,https://www.sauto.cz/osobni/detail/hyundai/tucson/210148877
Hyundai Tucson 1.6 T-GDI MHEV,570000,79380,2022,Benzín,1.6,T-GDI,,132,Manuální,,,,Ne,SUV,N-Line,,NOVÁ CENA,Odstraněno,Sauto.cz,Ano,https://www.sauto.cz/osobni/detail/hyundai/tucson/210152555
Hyundai Tucson 1.6 T-GDI MHEV,742890,5,2025,Benzín,1.6,T-GDI,,110,Automatická,Ano,,,Ne,SUV,,,26 GO CZECH PLU,Odstraněno,Sauto.cz,Ano,https://www.sauto.cz/osobni/detail/hyundai/tucson/210165449
Hyundai Tucson 1.6 T-GDI MHEV,672310,5,2026,Benzín,1.6,T-GDI,,110,Manuální,,,,Ne,SUV,,,GO Czech!,Odstraněno,Sauto.cz,Ano,https://www.sauto.cz/osobni/detail/hyundai/tucson/210167282
Hyundai Tucson 1.6 T-GDI MHEV,549900,41000,2022,Benzín,1.6,T-GDI,,110,Manuální,,,,Ne,SUV,N-Line,,,Odstraněno,Sauto.cz,Ano,https://www.sauto.cz/osobni/detail/hyundai/tucson/210185774
Hyundai Tucson 1.6 T-GDI MHEV,569990,25447,2023,Benzín,1.6,T-GDI,,110,Automatická,,,,Ne,SUV,,,Smart,Odstraněno,Sauto.cz,Ano,https://www.sauto.cz/osobni/detail/hyundai/tucson/210189257
Hyundai Tucson 1.6 T-GDI MHEV,550000,48625,2022,Benzín,1.6,T-GDI,,110,Manuální,,,,Ne,SUV,N-Line,Ano,Záruka,Odstraněno,Sauto.cz,Ano,https://www.sauto.cz/osobni/detail/hyundai/tucson/210191672
Hyundai Tucson 1.6 T-GDI MHEV,699900,3200,2026,Benzín,1.6,,,110,Manuální,,,,Ne,SUV,N-Line,,6MT 4x2 GO Czech !,Předváděcí,Sauto.cz,Ano,
Hyundai Tucson 1.6 T-GDI MHEV,520000,84620,2022,Benzín,1.6,T-GDI,,110,Automatická,,,,Ne,SUV,,Ano,"Záruka, Automat",Odstraněno,Sauto.cz,Ano,https://www.sauto.cz/osobni/detail/hyundai/tucson/210194135
Hyundai Tucson 1.6 T-GDI MHEV,386000,65490,2021,Benzín,1.6,T-GDI,,110,Manuální,,,,Ne,SUV,,,"1.maj,ČR,LED",Odstraněno,Sauto.cz,Ano,https://www.sauto.cz/osobni/detail/hyundai/tucson/210195128
Hyundai Tucson 1.6 T-GDI MHEV,728999,23839,2024,Benzín,1.6,T-GDI,,117,Automatická,,,,Ano,SUV,Style,,DPH,Ojeté,Sauto.cz,Ano,
Hyundai Tucson 1.6 T-GDI MHEV,707890,5,2026,Benzín,1.6,T-GDI,,110,Manuální,,,,Ne,SUV,,,26 MT GO CZECH PLUS,Odstraněno,Sauto.cz,Ano,https://www.sauto.cz/osobni/detail/hyundai/tucson/210212003
Hyundai Tucson 1.6 T-GDI MHEV,419900,80817,2021,Benzín,1.6,T-GDI,,110,Manuální,,,,Ne,SUV,,,Start,Odstraněno,Sauto.cz,Ano,https://www.sauto.cz/osobni/detail/hyundai/tucson/210212864
Hyundai Tucson 1.6 T-GDI MHEV,739000,6386,2025,Benzín,1.6,TGDI,,118,Automatická,Ano,,,Ne,SUV,,,25 2WD 20 YEARS,Odstraněno,Sauto.cz,Ano,https://www.sauto.cz/osobni/detail/hyundai/tucson/210214046
Hyundai Tucson 1.6 T-GDI MHEV,500000,38246,2021,Benzín,1.6,T-GDI,,110,Manuální,,,,Ne,SUV,,Ano,"Smart, Záruka",Odstraněno,Sauto.cz,Ano,https://www.sauto.cz/osobni/detail/hyundai/tucson/210219209
Hyundai Tucson 1.6 T-GDI MHEV,519000,66263,2022,Benzín,1.6,CRDi,MHEV,100,Automatická,,,,Ne,SUV,,,"LED, ACC",Odstraněno,Sauto.cz,Ano,https://www.sauto.cz/osobni/detail/hyundai/tucson/210220256
Hyundai Tucson 1.6 T-GDI MHEV,510000,82699,2022,Benzín,1.6,T-GDI,,110,Manuální,,,,Ne,SUV,N-Line,Ano,Záruka,Odstraněno,Sauto.cz,Ano,https://www.sauto.cz/osobni/detail/hyundai/tucson/210220457
Hyundai Tucson 1.6 T-GDI MHEV,499990,12633,2023,Benzín,1.6,T-GDI,,110,Manuální,,,,Ne,SUV,Comfort,,,Odstraněno,Sauto.cz,Ano,https://www.sauto.cz/osobni/detail/hyundai/tucson/210223142
Hyundai Tucson 1.6 T-GDI MHEV,649990,41094,2023,Benzín,1.6,T-GDI,,110,Automatická,,,,Ne,SUV,,,,Ojeté,Sauto.cz,Ano,
Hyundai Tucson 1.6 T-GDI MHEV,509880,35514,2023,Benzín,1.6,,,110,Manuální,,,,Ne,SUV,,,,Odstraněno,Sauto.cz,Ano,https://www.sauto.cz/osobni/detail/hyundai/tucson/210226604
Hyundai Tucson 1.6 T-GDI MHEV,549900,17000,2021,Benzín,1.6,GDI,,110,Manuální,,,,Ne,SUV,N-Line,,(1.MAJITEL),Odstraněno,Sauto.cz,Ano,https://www.sauto.cz/osobni/detail/hyundai/tucson/210227729
Hyundai Tucson 1.6 T-GDI MHEV,699900,13765,2025,Benzín,1.6,T-GDI,,132,Manuální,,,,Ne,SUV,Style,,NLINE,Odstraněno,Sauto.cz,Ano,https://www.sauto.cz/osobni/detail/hyundai/tucson/210230231
Hyundai Tucson 1.6 T-GDI MHEV,554900,47443,2023,Benzín,1.6,T-GDI,,110,Manuální,,,,Ne,SUV,N-Line,,,Odstraněno,Sauto.cz,Ano,https://www.sauto.cz/osobni/detail/hyundai/tucson/210241037
Hyundai Tucson 1.6 T-GDI MHEV,742890,5,2026,Benzín,1.6,T-GDI,,110,Automatická,Ano,,,Ne,SUV,,,26 GO CZECH PLU,Odstraněno,Sauto.cz,Ano,https://www.sauto.cz/osobni/detail/hyundai/tucson/210241358
Hyundai Tucson 1.6 T-GDI MHEV,529900,43294,2021,Benzín,1.6,T-GDI,,110,Automatická,,,,Ne,SUV,,,SMART NAV.,Odstraněno,Sauto.cz,Ano,https://www.sauto.cz/osobni/detail/hyundai/tucson/210246593
Hyundai Tucson 1.6 T-GDI MHEV,500000,42422,2021,Benzín,1.6,T-GDI,,110,Manuální,,,,Ne,SUV,,,"Smart, ČR,1.maj",Odstraněno,Sauto.cz,Ano,https://www.sauto.cz/osobni/detail/hyundai/tucson/210247733
Hyundai Tucson 1.6 T-GDI MHEV,459990,80824,2022,Benzín,1.6,T-GDI,,110,Manuální,,,,Ano,SUV,,,Smart,Odstraněno,Sauto.cz,Ano,https://www.sauto.cz/osobni/detail/hyundai/tucson/210252584
Hyundai Tucson 1.6 T-GDI MHEV,530000,73158,2022,Benzín,1.6,T-GDI,MHEV,110,Automatická,,,,Ne,SUV,,,"48V , Smart",Odstraněno,Sauto.cz,Ano,https://www.sauto.cz/osobni/detail/hyundai/tucson/210258038
Hyundai Tucson 1.6 T-GDI MHEV,682890,,2026,Benzín,1.6,T-GDI,,110,Manuální,,,,Ne,SUV,,,GO Czech!,Odstraněno,Sauto.cz,Ano,https://www.sauto.cz/osobni/detail/hyundai/tucson/210258155
Hyundai Tucson 1.6 T-GDI MHEV,528890,50409,2023,Benzín,1.6,T-GDI,MHEV,110,Automatická,Ano,,,Ne,SUV,,,Smart Navi 7,Odstraněno,Sauto.cz,Ano,https://www.sauto.cz/osobni/detail/hyundai/tucson/210261581
Hyundai Tucson 1.6 T-GDI MHEV,598999,48642,2024,Benzín,1.6,T-GDI,,110,Manuální,,,,Ne,SUV,N-Line,,CZ DPH,Ojeté,Sauto.cz,Ano,
Hyundai Tucson 1.6 T-GDI MHEV,539000,53100,2023,Benzín,1.6,T-GDI,,110,Manuální,,,,Ano,SUV,,,SMART,Odstraněno,Sauto.cz,Ano,https://www.sauto.cz/osobni/detail/hyundai/tucson/210262562
Hyundai Tucson 1.6 T-GDI MHEV,528999,58502,2021,Nafta,1.6,CRDi,,100,Automatická,,,,Ano,SUV,Style,,Aut. CZ,Ojeté,Sauto.cz,Ano,
Hyundai Tucson 1.6 T-GDI MHEV,500000,62348,2021,Benzín,1.6,T-GDI,MHEV,110,Automatická,,,,Ne,SUV,,,"48V , Automat",Odstraněno,Sauto.cz,Ano,https://www.sauto.cz/osobni/detail/hyundai/tucson/210277022
Hyundai Tucson 1.6 T-GDI MHEV,550000,44316,2021,Benzín,1.6,T-GDI,MHEV,110,Automatická,,,,Ne,SUV,,Ano,"48V , Záruka",Odstraněno,Sauto.cz,Ano,https://www.sauto.cz/osobni/detail/hyundai/tucson/210277337
Hyundai Tucson 1.6 T-GDI MHEV,530000,56933,2022,Benzín,1.6,T-GDI,MHEV,110,Manuální,,,,Ne,SUV,N-Line,,48V,Odstraněno,Sauto.cz,Ano,https://www.sauto.cz/osobni/detail/hyundai/tucson/210277391
Hyundai Tucson 1.6 T-GDI MHEV,530000,47649,2022,Benzín,1.6,T-GDI,MHEV,110,Automatická,,,,Ne,SUV,,Ano,"48V , Záruka",Odstraněno,Sauto.cz,Ano,https://www.sauto.cz/osobni/detail/hyundai/tucson/210279761
Hyundai Tucson 1.6 T-GDI MHEV,750000,14779,2025,Benzín,1.6,T-GDI,,118,Automatická,,,,Ne,SUV,N-Line,,,Odstraněno,Sauto.cz,Ano,https://www.sauto.cz/osobni/detail/hyundai/tucson/210282920
Hyundai Tucson 1.6 T-GDI MHEV,419000,62950,2021,Benzín,1.6,T-GDI,,110,Manuální,,,,Ne,SUV,,,1.MAJ 62 950KM!,Ojeté,Sauto.cz,Ano,
Hyundai Tucson 1.6 T-GDI MHEV,729900,10685,2025,Benzín,1.6,T-GDI,,118,Automatická,Ano,,,Ne,SUV,N-Line,,,Odstraněno,Sauto.cz,Ano,https://www.sauto.cz/osobni/detail/hyundai/tucson/210290885
Hyundai Tucson 1.6 T-GDI MHEV,689000,55800,2024,Benzín,1.6,,,117,Automatická,,,,Ano,SUV,,,TUCSON,Odstraněno,Sauto.cz,Ano,https://www.sauto.cz/osobni/detail/hyundai/tucson/210290897
Hyundai Tucson 1.6 T-GDI MHEV,479900,71779,2022,Benzín,1.6,T-GDI,,110,Manuální,,,,Ne,SUV,,,"ČR,1.MAJITEL, SMART",Odstraněno,Sauto.cz,Ano,https://www.sauto.cz/osobni/detail/hyundai/tucson/210292073
Hyundai Tucson 1.6 T-GDI MHEV,479900,38340,2023,Benzín,1.6,T-GDI,,110,Manuální,,,,Ne,SUV,Comfort,,,Odstraněno,Sauto.cz,Ano,https://www.sauto.cz/osobni/detail/hyundai/tucson/210293033
Hyundai Tucson 1.6 T-GDI MHEV,739000,5000,2026,Benzín,1.6,TGDI,,110,Manuální,,,,Ne,SUV,N Line,,GO,Odstraněno,Sauto.cz,Ano,https://www.sauto.cz/osobni/detail/hyundai/tucson/210298157
Hyundai Tucson 1.6 T-GDI MHEV,735000,8,2025,Benzín,1.6,T-GDI,,117,Manuální,,,,Ne,SUV,,,MT 20 YEARS,Nové,Sauto.cz,Ano,
Hyundai Tucson 1.6 T-GDI MHEV,490000,45860,2021,Benzín,1.6,TGDI,,110,Manuální,,,,Ano,SUV,,,"4x.maj,ČR,AT",Ojeté,Sauto.cz,Ano,
Hyundai Tucson 1.6 T-GDI MHEV,500000,54087,2022,Benzín,1.6,T-GDI,MHEV,110,Automatická,,,,Ne,SUV,,,"48V , Automat",Odstraněno,Sauto.cz,Ano,https://www.sauto.cz/osobni/detail/hyundai/tucson/210299447
Hyundai Tucson 1.6 T-GDI MHEV,490000,56894,2022,Benzín,1.6,T-GDI,MHEV,110,Automatická,,,,Ne,SUV,,,"48V , Smart",Odstraněno,Sauto.cz,Ano,https://www.sauto.cz/osobni/detail/hyundai/tucson/210300233
Hyundai Tucson 1.6 T-GDI MHEV,506000,33589,2022,Benzín,1.6,T-GDI,,110,Automatická,Ano,,,Ne,SUV,,,48V 150k,Odstraněno,Sauto.cz,Ano,https://www.sauto.cz/osobni/detail/hyundai/tucson/210310031
Hyundai Tucson 1.6 T-GDI MHEV,737900,5,2026,Benzín,1.6,T-GDI,,110,Automatická,Ano,,,Ne,SUV,,,GO CZECH PLUS,Odstraněno,Sauto.cz,Ano,https://www.sauto.cz/osobni/detail/hyundai/tucson/210310430
Hyundai Tucson 1.6 T-GDI MHEV,470000,73858,2021,Benzín,1.6,T-GDI,,110,Manuální,,,,Ne,SUV,,,"Smart, ČR,1.maj",Odstraněno,Sauto.cz,Ano,https://www.sauto.cz/osobni/detail/hyundai/tucson/210311945
Hyundai Tucson 1.6 T-GDI MHEV,469000,28200,2023,Benzín,1.6,T-GDI,,110,Manuální,,,,Ne,SUV,,,,Odstraněno,Sauto.cz,Ano,https://www.sauto.cz/osobni/detail/hyundai/tucson/210312896
Hyundai Tucson 1.6 T-GDI MHEV,524999,55606,2021,Benzín,1.6,T-GDI,,110,Manuální,,,,Ne,SUV,N-Line,,,Odstraněno,Sauto.cz,Ano,https://www.sauto.cz/osobni/detail/hyundai/tucson/210314165
Hyundai Tucson 1.6 T-GDI MHEV,520000,79184,2021,Benzín,1.6,T-GDI,,110,Manuální,,,,Ne,SUV,N-Line,,"ČR,1.maj",Odstraněno,Sauto.cz,Ano,https://www.sauto.cz/osobni/detail/hyundai/tucson/210315281
Hyundai Tucson 1.6 T-GDI MHEV,480000,33582,2021,Benzín,1.6,T-GDI,,110,Manuální,,,,Ne,SUV,,,"ČR,1.maj",Odstraněno,Sauto.cz,Ano,https://www.sauto.cz/osobni/detail/hyundai/tucson/210318500
Hyundai Tucson 1.6 T-GDI MHEV,640000,31601,2024,Benzín,1.6,T-GDI,MHEV,118,Automatická,,,,Ne,SUV,,Ano,"48V , Záruka",Odstraněno,Sauto.cz,Ano,https://www.sauto.cz/osobni/detail/hyundai/tucson/210318527
Hyundai Tucson 1.6 T-GDI MHEV,470000,73706,2021,Benzín,1.6,T-GDI,,110,Manuální,,,,Ne,SUV,,Ano,"Záruka, ČR,1.maj",Odstraněno,Sauto.cz,Ano,https://www.sauto.cz/osobni/detail/hyundai/tucson/210318851
Hyundai Tucson 1.6 T-GDI MHEV,750000,13717,2025,Benzín,1.6,T-GDI,,118,Automatická,,,,Ne,SUV,N-Line,,N- Line,Odstraněno,Sauto.cz,Ano,https://www.sauto.cz/osobni/detail/hyundai/tucson/210322592
Hyundai Tucson 1.6 T-GDI MHEV,687890,5,2025,Benzín,1.6,TGDI,,110,Manuální,,,,Ne,SUV,,,26 MT GO,Odstraněno,Sauto.cz,Ano,https://www.sauto.cz/osobni/detail/hyundai/tucson/210325346
Hyundai Tucson 1.6 T-GDI MHEV,569990,50169,2021,Benzín,1.6,T-GDI,,110,Automatická,,,,Ne,SUV,N-Line,,,Odstraněno,Sauto.cz,Ano,https://www.sauto.cz/osobni/detail/hyundai/tucson/210325526
Hyundai Tucson 1.6 T-GDI MHEV,619990,54902,2022,Benzín,1.6,,,132,Automatická,,,,Ano,SUV,N-Line,,,Odstraněno,Sauto.cz,Ano,https://www.sauto.cz/osobni/detail/hyundai/tucson/210326219
Hyundai Tucson 1.6 T-GDI MHEV,750000,17034,2025,Benzín,1.6,T-GDI,,118,Automatická,,,,Ne,SUV,N-Line,,,Odstraněno,Sauto.cz,Ano,https://www.sauto.cz/osobni/detail/hyundai/tucson/210329564
Hyundai Tucson 1.6 T-GDI MHEV,500000,72788,2022,Benzín,1.6,T-GDI,,110,Automatická,,,,Ne,SUV,,,"ČR,AT,STK3 28",Ojeté,Sauto.cz,Ano,
Hyundai Tucson 1.6 T-GDI MHEV,699900,12461,2025,Benzín,1.6,T-GDI,,118,Automatická,Ano,,,Ne,SUV,N-Line,,,Odstraněno,Sauto.cz,Ano,https://www.sauto.cz/osobni/detail/hyundai/tucson/210335102
Hyundai Tucson 1.6 T-GDI MHEV,529000,34300,2021,Benzín,1.6,T-GDI,,110,Manuální,,,,Ne,SUV,N-Line,,"1. , ČR",Odstraněno,Sauto.cz,Ano,https://www.sauto.cz/osobni/detail/hyundai/tucson/210339989
Hyundai Tucson 1.6 T-GDI MHEV,697890,9,2026,Benzín,1.6,TGDI,,110,Manuální,,,,Ne,SUV,,,MT GO CZECH,Odstraněno,Sauto.cz,Ano,https://www.sauto.cz/osobni/detail/hyundai/tucson/210340109
Hyundai Tucson 1.6 T-GDI MHEV,509990,78050,2021,Benzín,1.6,T-GDI,,132,Manuální,,,,Ne,SUV,,,,Ojeté,Sauto.cz,Ano,
Hyundai Tucson 1.6 T-GDI MHEV,729900,13292,2025,Benzín,1.6,T-GDI,,118,Automatická,Ano,,,Ne,SUV,N-Line,,,Odstraněno,Sauto.cz,Ano,https://www.sauto.cz/osobni/detail/hyundai/tucson/210340862
Hyundai Tucson 1.6 T-GDI MHEV,579990,37495,2022,Benzín,1.6,T-GDI,,169,Automatická,,,,Ano,SUV,,,Smart HEV,Odstraněno,Sauto.cz,Ano,https://www.sauto.cz/osobni/detail/hyundai/tucson/210341222
Hyundai Tucson 1.6 T-GDI MHEV,449900,45967,2023,Benzín,1.6,T-GDI,,110,Manuální,,,,Ne,SUV,,,Start 4x2,Odstraněno,Sauto.cz,Ano,https://www.sauto.cz/osobni/detail/hyundai/tucson/210343079
Hyundai Tucson 1.6 T-GDI MHEV,450000,69000,2021,Benzín,1.6,GDI,,110,Automatická,,,,Ne,SUV,,,"- automat,1. majitel",Odstraněno,Sauto.cz,Ano,https://www.sauto.cz/osobni/detail/hyundai/tucson/210344585
Hyundai Tucson 1.6 T-GDI MHEV,697890,9,2026,Benzín,1.6,TGDI,,110,Manuální,,,,Ne,SUV,,,MT GO CZECH,Odstraněno,Sauto.cz,Ano,https://www.sauto.cz/osobni/detail/hyundai/tucson/210349541
Hyundai Tucson 1.6 T-GDI MHEV,734890,5,2026,Benzín,1.6,T-GDI,,110,Automatická,Ano,,,Ne,SUV,,,26 GO CZECH PLU,Odstraněno,Sauto.cz,Ano,https://www.sauto.cz/osobni/detail/hyundai/tucson/210350174
Hyundai Tucson 1.6 T-GDI MHEV,732890,5,2025,Benzín,1.6,TGDI,,110,Automatická,Ano,,,Ne,SUV,,,27 2WD GO Czech,Odstraněno,Sauto.cz,Ano,https://www.sauto.cz/osobni/detail/hyundai/tucson/210351812
Hyundai Tucson 1.6 T-GDI MHEV,529000,37193,2023,Nafta,1.6,CRDi,,100,Manuální,,,,Ne,SUV,N Line,,MHE,Odstraněno,Sauto.cz,Ano,https://www.sauto.cz/osobni/detail/hyundai/tucson/210359732
Hyundai Tucson 1.6 T-GDI MHEV,480000,99664,2022,Benzín,1.6,T-GDI,,110,Manuální,,,,Ano,SUV,,,"ČR,1.maj",Odstraněno,Sauto.cz,Ano,https://www.sauto.cz/osobni/detail/hyundai/tucson/210362792
Hyundai Tucson 1.6 T-GDI MHEV,508000,45588,2023,Benzín,1.6,T-GDI,,110,Manuální,,,,Ne,SUV,,,Smart,Odstraněno,Sauto.cz,Ano,https://www.sauto.cz/osobni/detail/hyundai/tucson/210367150
Hyundai Tucson 1.6 T-GDI MHEV,470000,91595,2022,Benzín,1.6,T-GDI,,110,Manuální,,,,Ne,SUV,,Ano,"Záruka, ČR,1.maj",Odstraněno,Sauto.cz,Ano,https://www.sauto.cz/osobni/detail/hyundai/tucson/210369176
Hyundai Tucson 1.6 T-GDI MHEV,569900,24075,2023,Benzín,1.6,TGDI,,110,Automatická,,,,Ne,SUV,,,"1MAJ,AT,SMART,ZÁRUKA",Odstraněno,Sauto.cz,Ano,https://www.sauto.cz/osobni/detail/hyundai/tucson/210374942
Hyundai Tucson 1.6 T-GDI MHEV,672889,5,2024,Benzín,1.6,TGDI,,117,Manuální,,,,Ne,SUV,,,MT SMART,Odstraněno,Sauto.cz,Ano,https://www.sauto.cz/osobni/detail/hyundai/tucson/210376847
Hyundai Tucson 1.6 T-GDI MHEV,489900,99343,2021,Nafta,1.6,CRDi,,100,Automatická,,,,Ano,SUV,Style,,,Odstraněno,Sauto.cz,Ano,https://www.sauto.cz/osobni/detail/hyundai/tucson/210377813
Hyundai Tucson 1.6 T-GDI MHEV,750000,9131,2025,Benzín,1.6,T-GDI,,118,Automatická,,,,Ne,SUV,N-Line,,N- Line,Odstraněno,Sauto.cz,Ano,https://www.sauto.cz/osobni/detail/hyundai/tucson/210379274
Hyundai Tucson 1.6 T-GDI MHEV,550000,82191,2023,Benzín,1.6,T-GDI,MHEV,110,Automatická,,,,Ne,SUV,,,"48V , Automat",Odstraněno,Sauto.cz,Ano,https://www.sauto.cz/osobni/detail/hyundai/tucson/210383651
Hyundai Tucson 1.6 T-GDI MHEV,750000,12859,2025,Benzín,1.6,T-GDI,,118,Automatická,,,,Ne,SUV,N-Line,,N- Line,Odstraněno,Sauto.cz,Ano,https://www.sauto.cz/osobni/detail/hyundai/tucson/210392249
Hyundai Tucson 1.6 T-GDI MHEV,742890,1,2026,Benzín,1.6,T-GDI,,110,Manuální,,,,Ne,SUV,,,Go Czech NLine,Odstraněno,Sauto.cz,Ano,https://www.sauto.cz/osobni/detail/hyundai/tucson/210397076
Hyundai Tucson 1.6 T-GDI MHEV,500000,53472,2022,Benzín,1.6,T-GDI,MHEV,132,Manuální,,,,Ne,SUV,,Ano,"48V , Záruka",Odstraněno,Sauto.cz,Ano,https://www.sauto.cz/osobni/detail/hyundai/tucson/210397523
Hyundai Tucson 1.6 T-GDI MHEV,697890,1,2026,Benzín,1.6,T-GDI,,110,Automatická,Ano,,,Ne,SUV,,,Go Czech!,Odstraněno,Sauto.cz,Ano,https://www.sauto.cz/osobni/detail/hyundai/tucson/210397646
Hyundai Tucson 1.6 T-GDI MHEV,569990,84742,2023,Benzín,1.6,T-GDI,,110,Automatická,Ano,,,Ne,SUV,N-Line,,2WD,Ojeté,Sauto.cz,Ano,
Hyundai Tucson 1.6 T-GDI MHEV,742890,1,2026,Benzín,1.6,T-GDI,,110,Manuální,,,,Ne,SUV,,,Go Czech NLine,Odstraněno,Sauto.cz,Ano,https://www.sauto.cz/osobni/detail/hyundai/tucson/210403190
Hyundai Tucson 1.6 T-GDI MHEV,722890,7,2026,Benzín,1.6,T-GDI,,110,Automatická,Ano,,,Ne,SUV,,,GO CZECH!,Nové,Sauto.cz,Ano,
Hyundai Tucson 1.6 T-GDI MHEV,742890,1,2026,Benzín,1.6,T-GDI,,110,Manuální,,,,Ne,SUV,,,Go Czech NLine,Odstraněno,Sauto.cz,Ano,https://www.sauto.cz/osobni/detail/hyundai/tucson/210404621
Hyundai Tucson 1.6 T-GDI MHEV,629900,10170,2025,Benzín,1.6,TGDI,,117,Manuální,,,,Ne,SUV,Style,,,Odstraněno,Sauto.cz,Ano,https://www.sauto.cz/osobni/detail/hyundai/tucson/210405107
Hyundai Tucson 1.6 T-GDI MHEV,727890,5,2026,Benzín,1.6,T-GDI,,110,Manuální,,,,Ne,SUV,,,27 MT GO CZECH PLUS,Odstraněno,Sauto.cz,Ano,https://www.sauto.cz/osobni/detail/hyundai/tucson/210406220
Hyundai Tucson 1.6 T-GDI MHEV,430000,83920,2022,Benzín,1.6,T-GDI,,110,Manuální,,,,Ne,SUV,,,"Smart, ČR,1.maj",Odstraněno,Sauto.cz,Ano,https://www.sauto.cz/osobni/detail/hyundai/tucson/210407240
Hyundai Tucson 1.6 T-GDI MHEV,432000,66798,2021,Benzín,1.6,T-GDI,,110,Manuální,,,,Ano,SUV,,,"ČR,AC,LED",Odstraněno,Sauto.cz,Ano,https://www.sauto.cz/osobni/detail/hyundai/tucson/210407420
Hyundai Tucson 1.6 T-GDI MHEV,729900,10487,2025,Benzín,1.6,T-GDI,,118,Automatická,Ano,,,Ne,SUV,N-Line,,,Odstraněno,Sauto.cz,Ano,https://www.sauto.cz/osobni/detail/hyundai/tucson/210409256
Hyundai Tucson 1.6 T-GDI MHEV,729900,12761,2025,Benzín,1.6,T-GDI,,118,Automatická,Ano,,,Ne,SUV,N-Line,,,Odstraněno,Sauto.cz,Ano,https://www.sauto.cz/osobni/detail/hyundai/tucson/210409259
Hyundai Tucson 1.6 T-GDI MHEV,729900,12025,2025,Benzín,1.6,T-GDI,,118,Automatická,Ano,,,Ne,SUV,N-Line,,,Odstraněno,Sauto.cz,Ano,https://www.sauto.cz/osobni/detail/hyundai/tucson/210409262
Hyundai Tucson 1.6 T-GDI MHEV,729900,12526,2025,Benzín,1.6,T-GDI,,118,Automatická,Ano,,,Ne,SUV,N-Line,,,Odstraněno,Sauto.cz,Ano,https://www.sauto.cz/osobni/detail/hyundai/tucson/210409280
Hyundai Tucson 1.6 T-GDI MHEV,729900,10685,2025,Benzín,1.6,T-GDI,,118,Automatická,Ano,,,Ne,SUV,N-Line,,,Odstraněno,Sauto.cz,Ano,https://www.sauto.cz/osobni/detail/hyundai/tucson/210409286
Hyundai Tucson 1.6 T-GDI MHEV,559900,51000,2024,Benzín,1.6,TGDI,,110,Automatická,,,,Ne,SUV,,,SMART CZ DPH,Odstraněno,Sauto.cz,Ano,https://www.sauto.cz/osobni/detail/hyundai/tucson/210410978
Hyundai Tucson 1.6 T-GDI MHEV,712890,5,2026,Benzín,1.6,T-GDI,,110,Automatická,Ano,,,Ne,SUV,,,150k GO Czech!,Odstraněno,Sauto.cz,Ano,https://www.sauto.cz/osobni/detail/hyundai/tucson/210411572
Hyundai Tucson 1.6 T-GDI MHEV,722890,5,2026,Benzín,1.6,T-GDI,,110,Automatická,Ano,,,Ne,SUV,,,150k GO Czech!,Odstraněno,Sauto.cz,Ano,https://www.sauto.cz/osobni/detail/hyundai/tucson/210411587
Hyundai Tucson 1.6 T-GDI MHEV,744890,5,2026,Benzín,1.6,T-GDI,,110,Automatická,,,,Ne,SUV,,,150k GO Czech! Plus,Odstraněno,Sauto.cz,Ano,https://www.sauto.cz/osobni/detail/hyundai/tucson/210411596
Hyundai Tucson 1.6 T-GDI MHEV,500000,77444,2022,Benzín,1.6,T-GDI,,110,Manuální,,,,Ne,SUV,,,"Serv.kniha, Kůže",Odstraněno,Sauto.cz,Ano,https://www.sauto.cz/osobni/detail/hyundai/tucson/210414161
Hyundai Tucson 1.6 T-GDI MHEV,568900,26500,2023,Benzín,1.6,T-GDI,,110,Automatická,,,,Ne,SUV,,,AT Smart 1.maj.ČR,Ojeté,Sauto.cz,Ano,
Hyundai Tucson 1.6 T-GDI MHEV,619990,9,2026,Benzín,1.6,TGDI,,110,Manuální,,,,Ne,SUV,Comfort,,MT 2WD,Odstraněno,Sauto.cz,Ano,https://www.sauto.cz/osobni/detail/hyundai/tucson/210419123
Hyundai Tucson 1.6 T-GDI MHEV,687890,12,2026,Benzín,1.6,T-GDI,,110,Manuální,,,,Ne,SUV,,,4X2 6MT GO CZECH,Odstraněno,Sauto.cz,Ano,https://www.sauto.cz/osobni/detail/hyundai/tucson/210420044
Hyundai Tucson 1.6 T-GDI MHEV,609990,79997,2022,Benzín,1.6,T-GDI,,132,Automatická,,,,Ano,SUV,N-Line,,,Odstraněno,Sauto.cz,Ano,https://www.sauto.cz/osobni/detail/hyundai/tucson/210420413
Hyundai Tucson 1.6 T-GDI MHEV,659990,12,2026,Benzín,1.6,T-GDI,,110,Manuální,,,,Ne,SUV,,,4x2 6MT GO CZECH,Odstraněno,Sauto.cz,Ano,https://www.sauto.cz/osobni/detail/hyundai/tucson/210420431
Hyundai Tucson 1.6 T-GDI MHEV,750000,14255,2025,Benzín,1.6,T-GDI,,118,Automatická,,,,Ne,SUV,N-Line,,N- Line,Odstraněno,Sauto.cz,Ano,https://www.sauto.cz/osobni/detail/hyundai/tucson/210422909
Hyundai Tucson 1.6 T-GDI MHEV,727890,1,2026,Benzín,1.6,T-GDI,,110,Automatická,Ano,,,Ne,SUV,Style,,,Odstraněno,Sauto.cz,Ano,https://www.sauto.cz/osobni/detail/hyundai/tucson/210423164
Hyundai Tucson 1.6 T-GDI MHEV,619000,17253,2024,Benzín,1.6,T-GDI,,110,Automatická,Ano,,,Ne,SUV,,,Smart,Odstraněno,Sauto.cz,Ano,https://www.sauto.cz/osobni/detail/hyundai/tucson/210423182
Hyundai Tucson 1.6 T-GDI MHEV,459990,71588,2021,Benzín,1.6,T-GDI,,110,Manuální,,,,Ne,SUV,,,Smart,Odstraněno,Sauto.cz,Ano,https://www.sauto.cz/osobni/detail/hyundai/tucson/210423821
Hyundai Tucson 1.6 T-GDI MHEV,460000,70787,2021,Benzín,1.6,T-GDI,,110,Manuální,,,,Ne,SUV,,,"Smart,LED,kamera",Ojeté,Sauto.cz,Ano,
Hyundai Tucson 1.6 T-GDI MHEV,644000,42000,2025,Benzín,1.6,,,118,Automatická,,,,Ne,SUV,,,Hyundai Tucson 20 years,Ojeté,Sauto.cz,Ano,
Hyundai Tucson 1.6 T-GDI MHEV,694890,1,2026,Benzín,1.6,T-GDI,,110,Manuální,,,,Ne,SUV,Style,,,Odstraněno,Sauto.cz,Ano,https://www.sauto.cz/osobni/detail/hyundai/tucson/210426029
Hyundai Tucson 1.6 T-GDI MHEV,604990,,2026,Benzín,1.6,T-GDI,,110,Manuální,,,,Ne,SUV,Comfort,,,Odstraněno,Sauto.cz,Ano,https://www.sauto.cz/osobni/detail/hyundai/tucson/210426215
Hyundai Tucson 1.6 T-GDI MHEV,529877,86100,2023,Benzín,1.6,T-GDI,,110,Automatická,,,,Ne,SUV,,,"Aut., ČR, 1.Maj",Odstraněno,Sauto.cz,Ano,https://www.sauto.cz/osobni/detail/hyundai/tucson/210427451
Hyundai Tucson 1.6 T-GDI MHEV,707890,5,2026,Benzín,1.6,T-GDI,,110,Manuální,,,,Ne,SUV,,,26 MT GO CZECH PLUS,Odstraněno,Sauto.cz,Ano,https://www.sauto.cz/osobni/detail/hyundai/tucson/210429629
Hyundai Tucson 1.6 T-GDI MHEV,719990,15316,2025,Benzín,1.6,T-GDI,,118,Automatická,,,,Ne,SUV,,,EDICE 20,Odstraněno,Sauto.cz,Ano,https://www.sauto.cz/osobni/detail/hyundai/tucson/210437900
Hyundai Tucson 1.6 T-GDI MHEV,449900,59896,2023,Benzín,1.6,TGDI,,110,Manuální,,,,Ne,SUV,,,"Smart, ČR, DPH",Odstraněno,Sauto.cz,Ano,https://www.sauto.cz/osobni/detail/hyundai/tucson/210438332
Hyundai Tucson 1.6 T-GDI MHEV,679990,9,2026,Benzín,1.6,TGDI,,110,Manuální,,,,Ne,SUV,,,MT GO CZECH,Odstraněno,Sauto.cz,Ano,https://www.sauto.cz/osobni/detail/hyundai/tucson/210438485
Hyundai Tucson 1.6 T-GDI MHEV,689890,9,2026,Benzín,1.6,TGDI,,110,Manuální,,,,Ne,SUV,,,MT GO CZECH,Odstraněno,Sauto.cz,Ano,https://www.sauto.cz/osobni/detail/hyundai/tucson/210438743
Hyundai Tucson 1.6 T-GDI MHEV,689890,9,2026,Benzín,1.6,TGDI,,110,Manuální,,,,Ne,SUV,,,MT GO CZECH,Odstraněno,Sauto.cz,Ano,https://www.sauto.cz/osobni/detail/hyundai/tucson/210438749
Hyundai Tucson 1.6 T-GDI MHEV,600000,19560,2023,Benzín,1.6,T-GDI,,110,Automatická,,,,Ano,SUV,,,SMART NX4,Ojeté,Sauto.cz,Ano,
Hyundai Tucson 1.6 T-GDI MHEV,460000,48325,2021,Benzín,1.6,T-GDI,,110,Manuální,,,,Ne,SUV,,,"Serv.kniha, Navi",Odstraněno,Sauto.cz,Ano,https://www.sauto.cz/osobni/detail/hyundai/tucson/210449450
Hyundai Tucson 1.6 T-GDI MHEV,689900,12875,2024,Benzín,1.6,T-GDI,,118,Automatická,Ano,,,Ne,SUV,N Line,,DPH,Ojeté,Sauto.cz,Ano,
Hyundai Tucson 1.6 T-GDI MHEV,649900,19639,2025,Benzín,1.6,T-GDI,,118,Manuální,,,,Ne,SUV,,,EDICE 20YEARS,Ojeté,Sauto.cz,Ano,
Hyundai Tucson 1.6 T-GDI MHEV,460000,87711,2021,Benzín,1.6,TGDI,,110,Manuální,,,,Ne,SUV,,,"1.maj,ČR",Ojeté,Sauto.cz,Ano,
Hyundai Tucson 1.6 T-GDI MHEV,520000,59233,2021,Benzín,1.6,T-GDI,,110,Manuální,,,,Ano,SUV,,,"Smart, ČR",Odstraněno,Sauto.cz,Ano,https://www.sauto.cz/osobni/detail/hyundai/tucson/210477170
Hyundai Tucson 1.6 T-GDI MHEV,549900,53100,2023,Benzín,1.6,T-GDI,,110,Automatická,,,,Ne,SUV,,,Smart,Odstraněno,Sauto.cz,Ano,https://www.sauto.cz/osobni/detail/hyundai/tucson/210477920
Hyundai Tucson 1.6 T-GDI MHEV,499000,25000,2023,Benzín,1.6,,,110,Automatická,,,,Ne,SUV,,,,Odstraněno,Sauto.cz,Ano,https://www.sauto.cz/osobni/detail/hyundai/tucson/210478253
Hyundai Tucson 1.6 T-GDI MHEV,579000,32645,2022,Benzín,1.6,T-GDI,MHEV,110,Automatická,,,,Ne,SUV,N-Line,,Č,Odstraněno,Sauto.cz,Ano,https://www.sauto.cz/osobni/detail/hyundai/tucson/210480836
Hyundai Tucson 1.6 T-GDI MHEV,390000,49000,2022,Benzín,1.6,T-GDI,,110,Manuální,,,,Ne,SUV,,,Hyundai Tucson START,Odstraněno,Sauto.cz,Ano,https://www.sauto.cz/osobni/detail/hyundai/tucson/210480857
Hyundai Tucson 1.6 T-GDI MHEV,750000,1700,2026,Benzín,1.6,T-GDI,,110,Manuální,,,,Ne,SUV,N Line,,6MT GO CZECH,Odstraněno,Sauto.cz,Ano,https://www.sauto.cz/osobni/detail/hyundai/tucson/210481361
Hyundai Tucson 1.6 T-GDI MHEV,699900,7599,2025,Benzín,1.6,T-GDI,,110,Manuální,,,,Ne,SUV,,,MT GO NLINE TT,Ojeté,Sauto.cz,Ano,
Hyundai Tucson 1.6 T-GDI MHEV,696890,10,2026,Benzín,1.6,T-GDI,,110,Automatická,Ano,,,Ne,SUV,,,TU 26 2WD GO,Odstraněno,Sauto.cz,Ano,https://www.sauto.cz/osobni/detail/hyundai/tucson/210490049
Hyundai Tucson 1.6 T-GDI MHEV,744890,10,2026,Benzín,1.6,T-GDI,,110,Manuální,,,,Ne,SUV,N Line,,TU 26 MT GO,Odstraněno,Sauto.cz,Ano,https://www.sauto.cz/osobni/detail/hyundai/tucson/210490157
Hyundai Tucson 1.6 T-GDI MHEV,684890,10,2026,Benzín,1.6,T-GDI,,110,Manuální,,,,Ne,SUV,,,TU 26 2WD MT GO CZECH +,Odstraněno,Sauto.cz,Ano,https://www.sauto.cz/osobni/detail/hyundai/tucson/210490316
Hyundai Tucson 1.6 T-GDI MHEV,732890,10,2026,Benzín,1.6,T-GDI,,110,Automatická,Ano,,,Ne,SUV,,,TU 26 2WD GO CZECH +,Odstraněno,Sauto.cz,Ano,https://www.sauto.cz/osobni/detail/hyundai/tucson/210490376
Hyundai Tucson 1.6 T-GDI MHEV,747890,,2026,Benzín,1.6,T-GDI,,110,Automatická,,,,Ne,SUV,,,GO Czech Pl,Odstraněno,Sauto.cz,Ano,https://www.sauto.cz/osobni/detail/hyundai/tucson/210490673
Hyundai Tucson 1.6 T-GDI MHEV,747890,,2026,Benzín,1.6,T-GDI,,110,Automatická,,,,Ne,SUV,,,GO Czech Pl,Odstraněno,Sauto.cz,Ano,https://www.sauto.cz/osobni/detail/hyundai/tucson/210490889
Hyundai Tucson 1.6 T-GDI MHEV,629900,6137,2025,Benzín,1.6,T-GDI,,117,Manuální,,,,Ne,SUV,Style,,6200KM,Ojeté,Sauto.cz,Ano,
Hyundai Tucson 1.6 T-GDI MHEV,692890,10,2026,Benzín,1.6,T-GDI,,110,Automatická,Ano,,,Ne,SUV,,,2WD GO CZECH,Nové,Sauto.cz,Ano,
Hyundai Tucson 1.6 T-GDI MHEV,538000,56512,2022,Benzín,1.6,T-GDI,,132,Manuální,,,,Ne,SUV,,,HP Smart Navi Sense,Ojeté,Sauto.cz,Ano,
Hyundai Tucson 1.6 T-GDI MHEV,714248,54641,2022,Benzín,1.6,,,169,Automatická,,,,Ano,SUV,,,,Ojeté,Sauto.cz,Ano,
Hyundai Tucson 1.6 T-GDI MHEV,719000,11962,2025,Benzín,1.6,T-GDI,,110,Automatická,Ano,,,Ne,SUV,N-Line,,serv. kn.,Předváděcí,Sauto.cz,Ano,
Hyundai Tucson 1.6 T-GDI MHEV,539900,46800,2022,Benzín,1.6,,MHEV,132,Manuální,,,,Ne,SUV,,,-1.MAJITEL-V ZÁRUCE-,Ojeté,Sauto.cz,Ano,
Hyundai Tucson 1.6 T-GDI MHEV,579900,21370,2022,Benzín,1.6,T-GDI,MHEV,110,Automatická,Ano,,,Ne,SUV,,,SMART,Ojeté,Sauto.cz,Ano,
Hyundai Tucson 1.6 T-GDI MHEV,569900,22922,2022,Benzín,1.6,T-GDI,MHEV,110,Automatická,Ano,,,Ne,SUV,,,SMART,Ojeté,Sauto.cz,Ano,
Hyundai Tucson 1.6 T-GDI MHEV,459000,58168,2021,Benzín,1.6,T-GDI,,110,Manuální,,,,Ne,SUV,Comfort,,4x2,Ojeté,Sauto.cz,Ano,
Hyundai Tucson 1.6 T-GDI MHEV,669900,14627,2025,Benzín,1.6,T-GDI,,132,Automatická,,,,Ano,SUV,,,SMART NAVI ALU18,Ojeté,Sauto.cz,Ano,
Hyundai Tucson 1.6 T-GDI MHEV,599900,55500,2021,Benzín,1.6,T-GDI,MHEV,132,Automatická,Ano,,,Ano,SUV,Style,,,Ojeté,Sauto.cz,Ano,
Hyundai Tucson 1.6 T-GDI MHEV,510000,45796,2023,Benzín,1.6,TGDI,,110,Manuální,,,,Ne,SUV,,,Smart 1.maj ČR,Ojeté,Sauto.cz,Ano,
Hyundai Tucson 1.6 T-GDI MHEV,699000,24,2026,Benzín,1.6,T-GDI,,110,Manuální,,,,Ne,SUV,,,Go Czech,Ojeté,Sauto.cz,Ano,
Jaecoo 5 1.6 TGDI,599000,1000,2025,Benzín,1.6,TGDI,PHEV,108,Automatická,,,,Ne,SUV,Exclusive,,,Předváděcí,Sauto.cz,Ano,
Jaecoo 5 1.6 TGDI,648800,2100,2025,Benzín,1.6,TGDI,PHEV,108,Automatická,,,,Ne,SUV,Exclusive,,JAECOO 5,Odstraněno,Sauto.cz,Ano,https://www.sauto.cz/osobni/detail/jaecoo/5/209885622
Jaecoo 5 1.6 TGDI,702800,1,2025,Benzín,1.6,TGDI,PHEV,108,Automatická,,,,Ne,SUV,Exclusive,,JAECOO 5,Odstraněno,Sauto.cz,Ano,https://www.sauto.cz/osobni/detail/jaecoo/5/209890338
Jaecoo 5 1.6 TGDI,664800,1,2025,Benzín,1.6,TGDI,PHEV,108,Automatická,,,,Ne,SUV,Exclusive,,JAECOO 5,Odstraněno,Sauto.cz,Ano,https://www.sauto.cz/osobni/detail/jaecoo/5/209895591
Jaecoo 5 1.6,630000,5000,2025,Benzín,1.6,,PHEV,108,Automatická,,,,Ne,SUV,Exclusive,,,Odstraněno,Sauto.cz,Ano,https://www.sauto.cz/osobni/detail/jaecoo/5/210279575
Jaecoo 5 1.6 TGDI,599000,1500,2026,Benzín,1.6,TGDI,PHEV,108,Automatická,,,,Ne,SUV,Exclusive,,,Odstraněno,Sauto.cz,Ano,https://www.sauto.cz/osobni/detail/jaecoo/5/210385001
Jaecoo 5 1.6 TGDI,599000,1500,2026,Benzín,1.6,TGDI,PHEV,108,Automatická,,,,Ne,SUV,Exclusive,,,Odstraněno,Sauto.cz,Ano,https://www.sauto.cz/osobni/detail/jaecoo/5/210385226
Jaecoo 5 1.6 TGDI,599000,1500,2026,Benzín,1.6,TGDI,PHEV,108,Automatická,,,,Ne,SUV,Exclusive,,,Odstraněno,Sauto.cz,Ano,https://www.sauto.cz/osobni/detail/jaecoo/5/210385403
Jaecoo 5 1.6 TGDI,709000,1,2026,Benzín,1.6,TGDI,PHEV,108,Automatická,,,,Ne,SUV,,,EXLUSIVE,Odstraněno,Sauto.cz,Ano,https://www.sauto.cz/osobni/detail/jaecoo/5/210397325
Jaecoo 5 1.6,580000,15000,2026,Benzín,1.6,,PHEV,108,Automatická,,,,Ne,SUV,Exclusive,,,Odstraněno,Sauto.cz,Ano,https://www.sauto.cz/osobni/detail/jaecoo/5/210411218
Jaecoo 5 1.6 TGDI,599800,1,2025,Benzín,1.6,TGDI,PHEV,108,Automatická,,,,Ne,SUV,Exclusive,,JAECOO 5,Odstraněno,Sauto.cz,Ano,https://www.sauto.cz/osobni/detail/jaecoo/5/210491204
Jaecoo 5 1.6 TGDI,579000,15310,2026,Benzín,1.6,TGDI,PHEV,108,Automatická,,,,Ne,SUV,Exclusive,,,Ojeté,Sauto.cz,Ano,
Jaecoo 7 1.5 TGDI PHEV,728800,1,2026,Benzín,1.6,TGDI,PHEV,108,Automatická,,,,Ano,SUV,Exclusive,,JAECOO 7,Odstraněno,Sauto.cz,Ano,https://www.sauto.cz/osobni/detail/jaecoo/7/209352198
Jaecoo 7 1.5 TGDI PHEV,699000,6000,2025,Benzín,1.6,,PHEV,108,Automatická,,,,Ano,SUV,,,JAECOO 7 Exlusive,Nové,Sauto.cz,Ano,
Jaecoo 7 1.5 TGDI PHEV,708800,6,2026,Benzín,1.6,TGDI,PHEV,108,Automatická,,,,Ano,SUV,Exclusive,,JAECOO 7,Odstraněno,Sauto.cz,Ano,https://www.sauto.cz/osobni/detail/jaecoo/7/209532270
Jaecoo 7 1.5 TGDI PHEV,728800,6,2025,Benzín,1.6,TGDI,PHEV,108,Automatická,,,,Ano,SUV,Exclusive,,JAECOO 7,Odstraněno,Sauto.cz,Ano,https://www.sauto.cz/osobni/detail/jaecoo/7/209657517
Jaecoo 7 1.5 TGDI PHEV,728800,1,2025,Benzín,1.6,TGDI,PHEV,108,Automatická,,,,Ano,SUV,Exclusive,,JAECOO 7,Odstraněno,Sauto.cz,Ano,https://www.sauto.cz/osobni/detail/jaecoo/7/209659890
Jaecoo 7 1.6 TGDI AWD (Benzín),698000,1,2025,Benzín,1.6,,,108,Automatická,Ano,,,Ne,SUV,Luxury,,TGI 147k,Odstraněno,Sauto.cz,Ano,https://www.sauto.cz/osobni/detail/jaecoo/7/210166697
Jaecoo 7 1.6 TGDI AWD (Benzín),669900,10,2025,Benzín,1.6,TGDI,,108,Automatická,,,,Ne,SUV,Luxury,,,Odstraněno,Sauto.cz,Ano,https://www.sauto.cz/osobni/detail/jaecoo/7/210186959
Jaecoo 7 1.6 TGDI AWD (Benzín),669900,10,2025,Benzín,1.6,TGDI,,108,Automatická,,,,Ne,SUV,Luxury,,,Odstraněno,Sauto.cz,Ano,https://www.sauto.cz/osobni/detail/jaecoo/7/210186962
Jaecoo 7 1.5 TGDI PHEV,679000,3000,2025,Benzín,1.6,TGDI,PHEV,108,Automatická,,,,Ano,SUV,Exclusive,,,Odstraněno,Sauto.cz,Ano,https://www.sauto.cz/osobni/detail/jaecoo/7/210218615
Jaecoo 7 1.5 TGDI PHEV,679000,3000,2025,Benzín,1.6,TGDI,PHEV,108,Automatická,,,,Ano,SUV,Exclusive,,,Odstraněno,Sauto.cz,Ano,https://www.sauto.cz/osobni/detail/jaecoo/7/210225806
Jaecoo 7 1.5 TGDI PHEV,679000,3000,2025,Benzín,1.6,TGDI,PHEV,108,Automatická,,,,Ano,SUV,Exclusive,,,Odstraněno,Sauto.cz,Ano,https://www.sauto.cz/osobni/detail/jaecoo/7/210225812
Jaecoo 7 1.5 TGDI PHEV,724800,1,2026,Benzín,1.6,TGDI,PHEV,108,Automatická,,,,Ano,SUV,Exclusive,,JAECOO 7,Odstraněno,Sauto.cz,Ano,https://www.sauto.cz/osobni/detail/jaecoo/7/210247010
Jaecoo 7 1.5 TGDI PHEV,719000,10000,2026,Benzín,1.6,T-GDI,PHEV,108,Automatická,,,,Ne,Hatchback,Exclusive,,,Odstraněno,Sauto.cz,Ano,https://www.sauto.cz/osobni/detail/jaecoo/7/210301709
Jaecoo 7 1.6 TGDI AWD (Benzín),674000,5,2026,Benzín,1.6,T-GDI,,108,Manuální,,,,Ne,SUV,,,SELECT,Odstraněno,Sauto.cz,Ano,https://www.sauto.cz/osobni/detail/jaecoo/7/210301715
Jaecoo 7 1.6 TGDI AWD (Benzín),635000,19250,2025,Benzín,1.6,TGDI,,108,Automatická,Ano,,,Ne,Hatchback,Luxury,,147k 7,Odstraněno,Sauto.cz,Ano,https://www.sauto.cz/osobni/detail/jaecoo/7/210335912
Jaecoo 7 1.5 TGDI PHEV,669000,12201,2025,Benzín,1.6,TGDI,PHEV,108,Automatická,,,,Ano,SUV,Exclusive,,DPH,Ojeté,Sauto.cz,Ano,
Jaecoo 7 1.6 TGDI AWD (Benzín),630000,19386,2025,Benzín,1.6,TGDI,,108,Automatická,,,,Ne,SUV,,Ano,"Záruka, Automat, ČR",Odstraněno,Sauto.cz,Ano,https://www.sauto.cz/osobni/detail/jaecoo/7/210356315
Jaecoo 7 1.5 TGDI PHEV,699000,15,2025,Benzín,1.6,,PHEV,108,Automatická,,,,Ano,SUV,Exclusive,,JAECOO,Nové,Sauto.cz,Ano,
Jaecoo 7 1.5 TGDI PHEV,749000,,2026,Benzín,1.6,TGDI,PHEV,108,Automatická,Ano,,,Ano,SUV,Exclusive,,,Odstraněno,Sauto.cz,Ano,https://www.sauto.cz/osobni/detail/jaecoo/7/210427583
Jaecoo 7 1.5 TGDI PHEV,750000,100,2026,Benzín,1.6,T-GDI,PHEV,108,Automatická,Ano,,,Ano,SUV,Exclusive,,,Odstraněno,Sauto.cz,Ano,https://www.sauto.cz/osobni/detail/jaecoo/7/210482813
Jaecoo 7 1.5 TGDI PHEV,750000,20,2026,Benzín,1.6,T-GDI,PHEV,108,Automatická,Ano,,,Ano,SUV,Exclusive,,,Odstraněno,Sauto.cz,Ano,https://www.sauto.cz/osobni/detail/jaecoo/7/210483392
Jaecoo 7 1.5 TGDI PHEV,750000,20,2026,Benzín,1.6,T-GDI,PHEV,108,Automatická,Ano,,,Ano,SUV,Exclusive,,,Odstraněno,Sauto.cz,Ano,https://www.sauto.cz/osobni/detail/jaecoo/7/210491276
Jaecoo 7 1.5 TGDI PHEV,750000,20,2026,Benzín,1.6,T-GDI,PHEV,108,Automatická,Ano,,,Ano,SUV,Exclusive,,,Předváděcí,Sauto.cz,Ano,
Jaecoo 7 1.5 TGDI PHEV,629000,27023,2025,Benzín,1.6,TGDI,PHEV,108,Automatická,,,,Ano,SUV,Exclusive,,,Ojeté,Sauto.cz,Ano,
Jaecoo 7 1.5 TGDI PHEV,629000,25355,2025,Benzín,1.6,TGDI,PHEV,108,Automatická,,,,Ano,SUV,Exclusive,,,Ojeté,Sauto.cz,Ano,
Jaecoo 7 1.5 TGDI PHEV,690000,12956,2025,Benzín,1.6,TGDI,PHEV,108,Automatická,,,,Ano,SUV,Exclusive,,,Předváděcí,Sauto.cz,Ano,
Jaguar E-Pace P200 MHEV,530000,76678,2021,Nafta,2.0,,,120,Automatická,,,,Ano,SUV,,,"D165 , Automat, ČR",Odstraněno,Sauto.cz,Ano,https://www.sauto.cz/osobni/detail/jaguar/e-pace/210315911
Jeep Compass 1.3 PHEV 4xe (Plug-In),467900,73400,2021,Benzín,1.3,,,110,Automatická,,,,Ne,SUV,,,T AT S-Limited Paměť,Odstraněno,Sauto.cz,Ano,https://www.sauto.cz/osobni/detail/jeep/compass/209728149
Jeep Compass 1.3 PHEV 4xe (Plug-In),548999,80000,2022,Benzín,1.3,,,110,Automatická,,,,Ne,SUV,,,"1. majitel, plná výbava",Odstraněno,Sauto.cz,Ano,https://www.sauto.cz/osobni/detail/jeep/compass/209848218
Jeep Compass 1.3 PHEV 4xe (Plug-In),570556,44721,2022,Benzín,1.3,,,110,Automatická,,,,Ne,SUV,,,,Odstraněno,Sauto.cz,Ano,https://www.sauto.cz/osobni/detail/jeep/compass/210172961
Jeep Compass 1.3 PHEV 4xe (Plug-In),598999,15777,2022,Benzín,1.3,,PHEV,110,Automatická,,,,Ne,SUV,,,GSE 80th Anniversary,Ojeté,Sauto.cz,Ano,
Jeep Compass 1.3 PHEV 4xe (Plug-In),500000,38123,2022,Benzín,1.3,T-GDI,,110,Automatická,,,,Ne,SUV,,,"Automat, Serv.kniha",Odstraněno,Sauto.cz,Ano,https://www.sauto.cz/osobni/detail/jeep/compass/210436085
KGM Korando 1.5 GDI-T 2WD,533700,5,2026,Benzín,1.5,,,120,Automatická,,,,Ne,SUV,Style,,6AT; +; ACC; NAVI;AKCE,Odstraněno,Sauto.cz,Ano,https://www.sauto.cz/osobni/detail/kgm/korando/207967615
KGM Korando 1.5 GDI-T 2WD,479900,8,2026,Benzín,1.5,,,120,Manuální,,,,Ne,SUV,Style,,+,Odstraněno,Sauto.cz,Ano,https://www.sauto.cz/osobni/detail/kgm/korando/210258131
KGM Korando 1.5 GDI-T 2WD,479900,8,2026,Benzín,1.5,,,120,Manuální,,,,Ne,SUV,Style,,+,Odstraněno,Sauto.cz,Ano,https://www.sauto.cz/osobni/detail/kgm/korando/210258140
KGM Korando 1.5 GDI-T 2WD,492800,,2026,Benzín,1.5,,,120,Manuální,,,,Ne,SUV,Style,,+,Odstraněno,Sauto.cz,Ano,https://www.sauto.cz/osobni/detail/kgm/korando/210258149
KGM Korando 1.5 GDI-T 2WD,492800,,2026,Benzín,1.5,,,120,Manuální,,,,Ne,SUV,Style,,+,Odstraněno,Sauto.cz,Ano,https://www.sauto.cz/osobni/detail/kgm/korando/210258161
KGM Korando 1.5 GDI-T 2WD,546601,,2026,Benzín,1.5,GDI,,120,Automatická,,,,Ne,SUV,Style,,AT 2WD +,Odstraněno,Sauto.cz,Ano,https://www.sauto.cz/osobni/detail/kgm/korando/210340541
KGM Korando 1.5 GDI-T 2WD,553600,5,2026,Benzín,1.5,GDI,,120,Automatická,,,,Ne,SUV,Style,,AT 2WD + ACC,Nové,Sauto.cz,Ano,
KGM Korando 1.5 GDI-T 2WD,663600,10,2026,Benzín,1.5,GDI,,120,Automatická,,,,Ano,SUV,,,Turbo ELEGANT 4WD 6AT,Ojeté,Sauto.cz,Ano,
KGM Tivoli 1.5 GDI-T (Kompaktní),432700,,2026,Benzín,1.5,GDI,,120,Manuální,,,,Ne,SUV,Style,,6MT 2WD,Nové,Sauto.cz,Ano,
KGM Tivoli 1.5 GDI-T (Kompaktní),445000,,2025,Benzín,1.5,,,120,Manuální,,,,Ne,SUV,Style,,č.obj 65869,Odstraněno,Sauto.cz,Ano,https://www.sauto.cz/osobni/detail/kgm/tivoli/210348179
KGM Torres 1.5 GDI-T 2WD (Benzín),657030,10,2024,Benzín,1.5,,,120,Automatická,,,,Ne,SUV,,,Quartz 2*Kamera*Navi*Led*,Odstraněno,Sauto.cz,Ano,https://www.sauto.cz/osobni/detail/kgm/torres/210359051
SsangYong Torres 1.5 GDI-T,599000,5000,2025,LPG + benzín,1.5,,,120,Manuální,,,,Ne,SUV,,,Bi-Fuel LPG,Ojeté,Sauto.cz,Ano,
Kia Ceed SW 1.5 T-GDI (Kombi),584980,1,2025,Benzín,1.5,T-GDI,,103,Automatická,Ano,,,Ne,Kombi,TOP,,SW,Odstraněno,Sauto.cz,Ano,https://www.sauto.cz/osobni/detail/kia/cee-d-sw/209416089
Kia Ceed SW 1.5 T-GDI (Kombi),539980,5,2026,Benzín,1.5,T-GDI,,103,Automatická,Ano,,,Ne,Kombi,SPIN,,,Odstraněno,Sauto.cz,Ano,https://www.sauto.cz/osobni/detail/kia/cee-d-sw/210165293
Kia Ceed SW 1.5 T-GDI (Kombi),559980,100,2025,Benzín,1.5,T-GDI,,118,Automatická,Ano,,,Ne,Kombi,SPIN,,,Odstraněno,Sauto.cz,Ano,https://www.sauto.cz/osobni/detail/kia/cee-d-sw/210210734
Kia Ceed SW 1.5 T-GDI (Kombi),534980,7000,2024,Benzín,1.5,T-GDI,,103,,,Ano,,Ne,Kombi,TOP,,,Odstraněno,Sauto.cz,Ano,https://www.sauto.cz/osobni/detail/kia/cee-d-sw/210243596
Kia Ceed SW 1.5 T-GDI (Kombi),589980,5,2025,Benzín,1.5,T-GDI,,103,Manuální,Ano,,,Ne,Kombi,TOP,,,Odstraněno,Sauto.cz,Ano,https://www.sauto.cz/osobni/detail/kia/cee-d-sw/210243779
Kia Ceed SW 1.5 T-GDI (Kombi),589980,5,2025,Benzín,1.5,T-GDI,,103,Manuální,Ano,,,Ne,Kombi,TOP,,,Odstraněno,Sauto.cz,Ano,https://www.sauto.cz/osobni/detail/kia/cee-d-sw/210288425
Kia Ceed SW 1.5 T-GDI (Kombi),564900,5951,2026,Benzín,1.5,T-GDI,,103,Automatická,Ano,,,Ne,Kombi,SPIN,,,Odstraněno,Sauto.cz,Ano,https://www.sauto.cz/osobni/detail/kia/cee-d-sw/210420224
Kia Ceed SW 1.5 T-GDI (Kombi),603980,,2025,Benzín,1.5,T-GDI,,103,Automatická,Ano,,,Ne,Kombi,TOP,,SW + BUS,Nové,Sauto.cz,Ano,
Kia Ceed SW 1.5 T-GDI (Kombi),399990,37024,2022,Benzín,1.5,,,118,Manuální,,,,Ne,Kombi,,,Fresh,Ojeté,Sauto.cz,Ano,
Kia Ceed SW 1.5 T-GDI (Kombi),384999,49341,2023,Benzín,1.5,T-GDI,,117,Manuální,,,,Ne,Kombi,SPIN,,SW SW,Ojeté,Sauto.cz,Ano,
Kia Ceed Hatchback 1.5 T-GDI,360000,66117,2023,Benzín,1.5,T-GDI,,117,Automatická,,,,Ne,Hatchback,,,"Automat, ČR,1.maj",Odstraněno,Sauto.cz,Ano,https://www.sauto.cz/osobni/detail/kia/cee-d/209229462
Kia Ceed SW 1.5 T-GDI (Kombi),380000,57024,2023,Benzín,1.5,T-GDI,,117,Automatická,,,,Ne,Kombi,,,"Automat, ČR,1.maj",Odstraněno,Sauto.cz,Ano,https://www.sauto.cz/osobni/detail/kia/cee-d/209234907
Kia Ceed SW 1.5 T-GDI (Kombi),614980,5,2025,Benzín,1.5,T-GDI,,103,Automatická,Ano,,,Ne,Kombi,TOP,,+BUS,Odstraněno,Sauto.cz,Ano,https://www.sauto.cz/osobni/detail/kia/cee-d/209271102
Kia Ceed SW 1.5 T-GDI (Kombi),554980,5,2025,Benzín,1.5,T-GDI,,103,Automatická,Ano,,,Ne,Kombi,SPIN,,,Odstraněno,Sauto.cz,Ano,https://www.sauto.cz/osobni/detail/kia/cee-d/209303196
Kia Ceed SW 1.5 T-GDI (Kombi),537483,5,2025,Benzín,1.5,TGDI,,103,Automatická,Ano,Ano,,Ne,Kombi,,,aut. SW Spi,Nové,Sauto.cz,Ano,
Kia Ceed SW 1.5 T-GDI (Kombi),559900,,2025,Benzín,1.5,T-GDI,,103,Automatická,Ano,,,Ne,Kombi,SPIN,,SW,Nové,Sauto.cz,Ano,
Kia Ceed SW 1.5 T-GDI (Kombi),579900,,2025,Benzín,1.5,T-GDI,,103,Automatická,Ano,,,Ne,Kombi,TOP,,SW +BUS,Nové,Sauto.cz,Ano,
Kia Ceed SW 1.5 T-GDI (Kombi),599782,5,2025,Benzín,1.5,TGDI,,103,Automatická,Ano,Ano,,Ne,Kombi,TOP,,aut. SW,Nové,Sauto.cz,Ano,
Kia Ceed SW 1.5 T-GDI (Kombi),429900,62000,2021,Benzín,1.5,T-GDI,,118,Automatická,,,,Ne,Kombi,GT Line,,,Odstraněno,Sauto.cz,Ano,https://www.sauto.cz/osobni/detail/kia/cee-d/209390691
Kia Ceed SW 1.5 T-GDI (Kombi),554980,5,2025,Benzín,1.5,T-GDI,,103,Automatická,Ano,,,Ne,Kombi,SPIN,,,Odstraněno,Sauto.cz,Ano,https://www.sauto.cz/osobni/detail/kia/cee-d/209403009
Kia Ceed SW 1.5 T-GDI (Kombi),554980,5,2025,Benzín,1.5,T-GDI,,103,Automatická,Ano,,,Ne,Kombi,SPIN,,,Odstraněno,Sauto.cz,Ano,https://www.sauto.cz/osobni/detail/kia/cee-d/209403162
Kia Ceed Hatchback 1.5 T-GDI,369900,36451,2021,Benzín,1.5,T-GDI,,117,Manuální,,,,Ne,Hatchback,TOP,,"1MAJ,DPH,ZÁRUKA",Ojeté,Sauto.cz,Ano,
Kia Ceed SW 1.5 T-GDI (Kombi),549000,99,2025,Benzín,1.5,T-GDI,,103,Automatická,Ano,,,Ne,Kombi,SPIN,,7°,Odstraněno,Sauto.cz,Ano,https://www.sauto.cz/osobni/detail/kia/cee-d/209618451
Kia Ceed SW 1.5 T-GDI (Kombi),599980,,2025,Benzín,1.5,T-GDI,,103,Automatická,Ano,Ano,,Ne,Kombi,TOP,,,Nové,Sauto.cz,Ano,
Kia Ceed SW 1.5 T-GDI (Kombi),594980,,2025,Benzín,1.5,T-GDI,,103,Automatická,Ano,Ano,,Ne,Kombi,TOP,,,Nové,Sauto.cz,Ano,
Kia Ceed Hatchback 1.5 T-GDI,449990,59687,2023,Benzín,1.5,T-GDI,PHEV,118,Automatická,Ano,,,Ne,Hatchback,Exclusive,,,Odstraněno,Sauto.cz,Ano,https://www.sauto.cz/osobni/detail/kia/cee-d/209749941
Kia Ceed SW 1.5 T-GDI (Kombi),399999,54775,2022,Benzín,1.5,T-GDI,,117,Automatická,Ano,,,Ne,Kombi,SPIN,,ČR,Ojeté,Sauto.cz,Ano,
Kia Ceed SW 1.5 T-GDI (Kombi),380000,64389,2021,Benzín,1.5,T-GDI,,118,Manuální,,,,Ne,Kombi,,,"NOVÁ CENA, ČR,1.maj",Odstraněno,Sauto.cz,Ano,https://www.sauto.cz/osobni/detail/kia/cee-d/209883822
Kia Ceed Hatchback 1.5 T-GDI,369999,35500,2022,Benzín,1.5,,,117,Manuální,,,,Ne,Hatchback,,,1.majitel CZ,Ojeté,Sauto.cz,Ano,
Kia Ceed SW 1.5 T-GDI (Kombi),440000,40370,2022,Benzín,1.5,T-GDI,MHEV,118,Automatická,,,,Ne,Kombi,,,NOVÁ CENA,Odstraněno,Sauto.cz,Ano,https://www.sauto.cz/osobni/detail/kia/cee-d/210003507
Kia Ceed SW 1.5 T-GDI (Kombi),529000,99,2026,Benzín,1.5,T-GDI,,103,Automatická,Ano,,,Ne,Kombi,SPIN,,7°,Odstraněno,Sauto.cz,Ano,https://www.sauto.cz/osobni/detail/kia/cee-d/210005883
Kia Ceed SW 1.5 T-GDI (Kombi),465000,21666,2023,Benzín,1.5,T-GDI,,118,Automatická,,,,Ne,Kombi,,,"ČR,AT,navi",Ojeté,Sauto.cz,Ano,
Kia Ceed Hatchback 1.5 T-GDI,359999,70300,2022,Benzín,1.5,,,117,Manuální,,,,Ne,Hatchback,,,1.majitel CZ,Ojeté,Sauto.cz,Ano,
Kia Ceed SW 1.6 GDI PHEV,309900,71480,2022,Nafta,1.6,CRDi,PHEV,100,Manuální,,,,Ne,Kombi,Exclusive,,ČR,Odstraněno,Sauto.cz,Ano,https://www.sauto.cz/osobni/detail/kia/cee-d/210092306
Kia Ceed SW 1.5 T-GDI (Kombi),445000,77714,2023,Benzín,1.5,T-GDI,,117,Automatická,Ano,,,Ne,Kombi,,,SW,Odstraněno,Sauto.cz,Ano,https://www.sauto.cz/osobni/detail/kia/cee-d/210184817
Kia Ceed SW 1.5 T-GDI (Kombi),409000,60757,2023,Benzín,1.5,T-GDI,,118,Automatická,Ano,,,Ne,Kombi,SPIN,,,Odstraněno,Sauto.cz,Ano,https://www.sauto.cz/osobni/detail/kia/cee-d/210212840
Kia Ceed SW 1.5 T-GDI (Kombi),340000,91870,2021,Benzín,1.4,T-GDI,,103,Manuální,,,,Ne,Kombi,,,"Serv.kniha, Navi",Odstraněno,Sauto.cz,Ano,https://www.sauto.cz/osobni/detail/kia/cee-d/210222314
Kia Ceed Hatchback 1.5 T-GDI,363990,67322,2022,Benzín,1.5,TGDI,,118,Manuální,,,,Ne,Hatchback,TOP,,"DPH, LED",Ojeté,Sauto.cz,Ano,
Kia Ceed SW 1.5 T-GDI (Kombi),440000,29770,2022,Benzín,1.5,TGDI,,118,Manuální,,,,Ne,Kombi,TOP,,"SW,LED,navi",Ojeté,Sauto.cz,Ano,
Kia Ceed SW 1.5 T-GDI (Kombi),599980,5,2025,Benzín,1.5,,,103,Automatická,,,,Ne,Kombi,TOP,,SW - K odběru IHNED,Odstraněno,Sauto.cz,Ano,https://www.sauto.cz/osobni/detail/kia/cee-d/210282251
Kia Ceed Hatchback 1.5 T-GDI,359000,70187,2022,Benzín,1.5,T-GDI,,118,Manuální,,Ano,,Ne,Hatchback,SPIN,,(2022),Odstraněno,Sauto.cz,Ano,https://www.sauto.cz/osobni/detail/kia/cee-d/210334766
Kia Ceed SW 1.5 T-GDI (Kombi),400000,91496,2021,Benzín,1.5,T-GDI,,117,Automatická,,,,Ne,Kombi,GT Line,,Automat,Odstraněno,Sauto.cz,Ano,https://www.sauto.cz/osobni/detail/kia/cee-d/210357611
Kia Ceed SW 1.5 T-GDI (Kombi),479999,35560,2024,Benzín,1.5,T-GDI,,117,Automatická,Ano,,,Ne,Kombi,TOP,,SW,Ojeté,Sauto.cz,Ano,
Kia Ceed SW 1.5 T-GDI (Kombi),450000,27753,2024,Benzín,1.5,T-GDI,,117,Manuální,,,,Ne,Kombi,TOP,,"ČR,1.maj",Odstraněno,Sauto.cz,Ano,https://www.sauto.cz/osobni/detail/kia/cee-d/210369473
Kia Ceed SW 1.5 T-GDI (Kombi),419900,91177,2023,Benzín,1.5,TGDI,,118,Manuální,,,,Ne,Kombi,TOP,,ZÁRUKA BEZKLÍČ,Odstraněno,Sauto.cz,Ano,https://www.sauto.cz/osobni/detail/kia/cee-d/210375350
Kia Ceed Hatchback 1.5 T-GDI,439900,26276,2024,Benzín,1.5,TGDI,,103,Automatická,,,,Ne,Hatchback,SPIN,,AT 1.ČR ZÁRUKA,Ojeté,Sauto.cz,Ano,
Kia Ceed SW 1.5 T-GDI (Kombi),450000,89817,2023,Benzín,1.5,T-GDI,,118,Automatická,,,,Ne,Kombi,TOP,,"Automat, ČR",Odstraněno,Sauto.cz,Ano,https://www.sauto.cz/osobni/detail/kia/cee-d/210391139
Kia Ceed Hatchback 1.5 T-GDI,437247,35740,2022,Benzín,1.5,,,118,Manuální,,,,Ne,Hatchback,,,,Odstraněno,Sauto.cz,Ano,https://www.sauto.cz/osobni/detail/kia/cee-d/210397730
Kia Ceed SW 1.6 GDI PHEV,359999,75664,2023,Nafta,1.6,CRDi,PHEV,100,Manuální,,,,Ne,Kombi,Exclusive,,SW,Ojeté,Sauto.cz,Ano,
Kia Ceed SW 1.5 T-GDI (Kombi),549900,3752,2026,Benzín,1.5,T-GDI,,103,Manuální,,Ano,,Ne,Kombi,TOP,,,Nové,Sauto.cz,Ano,
Kia Ceed SW 1.5 T-GDI (Kombi),534900,6575,2026,Benzín,1.5,T-GDI,,103,Automatická,Ano,Ano,,Ne,Kombi,SPIN,,,Předváděcí,Sauto.cz,Ano,
Kia Ceed SW 1.5 T-GDI (Kombi),325486,84907,2021,Nafta,1.6,,,100,Automatická,,,,Ne,Kombi,,,,Odstraněno,Sauto.cz,Ano,https://www.sauto.cz/osobni/detail/kia/cee-d/210428342
Kia Ceed Hatchback 1.5 T-GDI,407913,52269,2022,Benzín,1.5,,,118,Automatická,,,,Ne,Hatchback,,,,Odstraněno,Sauto.cz,Ano,https://www.sauto.cz/osobni/detail/kia/cee-d/210434675
Kia Ceed SW 1.5 T-GDI (Kombi),439900,65568,2023,Benzín,1.5,TGDI,,118,Automatická,,,,Ne,Kombi,SPIN,,AT ZÁRUKA KAMERA,Ojeté,Sauto.cz,Ano,
Kia Ceed SW 1.5 T-GDI (Kombi),379000,72775,2022,Benzín,1.5,T-GDI,,117,Manuální,,,,Ne,Kombi,SPIN,,Combi Ma,Ojeté,Sauto.cz,Ano,
Kia Ceed SW 1.5 T-GDI (Kombi),574900,,2025,Benzín,1.5,T-GDI,,103,Automatická,Ano,Ano,,Ne,Kombi,TOP,,(2025),Nové,Sauto.cz,Ano,
Kia Ceed SW 1.5 T-GDI (Kombi),594900,,2025,Benzín,1.5,T-GDI,,103,Automatická,Ano,Ano,,Ne,Kombi,TOP,,(2025),Nové,Sauto.cz,Ano,
Kia Ceed SW 1.5 T-GDI (Kombi),574900,,2025,Benzín,1.5,T-GDI,,103,Automatická,Ano,Ano,,Ne,Kombi,TOP,,(2025),Nové,Sauto.cz,Ano,
Kia Ceed Hatchback 1.5 T-GDI,305000,96718,2022,Nafta,1.6,CRDi,,100,Manuální,,,,Ne,Hatchback,,,"ČR,Tempo",Ojeté,Sauto.cz,Ano,
Kia Ceed SW 1.5 T-GDI (Kombi),450000,57069,2023,Benzín,1.5,T-GDI,,118,Automatická,,,,Ne,Kombi,TOP,,"SW,1.maj,ČR",Odstraněno,Sauto.cz,Ano,https://www.sauto.cz/osobni/detail/kia/cee-d/210488696
Kia Ceed SW 1.6 GDI PHEV,469900,69121,2024,Benzín,1.5,TGDI,PHEV,118,Automatická,,,,Ne,Kombi,TOP,,AT ZÁRUKA ADAPTIV,Ojeté,Sauto.cz,Ano,
Kia Ceed SW 1.5 T-GDI (Kombi),369000,72103,2023,Benzín,1.5,T-GDI,,117,Automatická,,,,Ne,Kombi,SPIN,,118 AT,Ojeté,Sauto.cz,Ano,
Kia Ceed SW 1.5 T-GDI (Kombi),399000,91042,2022,Benzín,1.5,T-GDI,,118,Automatická,,,,Ne,Kombi,SPIN,,,Ojeté,Sauto.cz,Ano,
Kia Ceed SW 1.5 T-GDI (Kombi),429000,88249,2024,Benzín,1.5,TGDI,,118,Automatická,,,,Ne,Kombi,TOP,,AT KAMERA,Ojeté,Sauto.cz,Ano,
Kia Ceed SW 1.5 T-GDI (Kombi),455000,61646,2024,Benzín,1.5,TGDI,,118,Automatická,,,,Ne,Kombi,TOP,,AT NAVI,Ojeté,Sauto.cz,Ano,
Kia Ceed SW 1.5 T-GDI (Kombi),454858,32813,2024,Benzín,1.5,,,103,Manuální,,,,Ne,Kombi,,,,Ojeté,Sauto.cz,Ano,
Kia Ceed SW 1.5 T-GDI (Kombi),579980,9999,2025,Benzín,1.5,T-GDI,,103,Automatická,Ano,,,Ne,Kombi,TOP,,,Předváděcí,Sauto.cz,Ano,
Kia Ceed SW 1.5 T-GDI (Kombi),549980,16000,2025,Benzín,1.5,T-GDI,,103,Automatická,,Ano,,Ne,Kombi,TOP,,(2025),Ojeté,Sauto.cz,Ano,
Kia K4 2.0 MPI (Sedan pro USA),601980,10,2025,Benzín,1.6,T-GDI,PHEV,110,Automatická,Ano,,,Ne,Hatchback,Exclusive,,,Odstraněno,Sauto.cz,Ano,https://www.sauto.cz/osobni/detail/kia/k4/209643645
Kia K4 2.0 MPI (Sedan pro USA),644980,7,2026,Benzín,1.6,T-GDI,PHEV,110,Automatická,,,,Ne,Hatchback,Exclusive,,110 K,Odstraněno,Sauto.cz,Ano,https://www.sauto.cz/osobni/detail/kia/k4/210209432
Kia K4 2.0 MPI (Sedan pro USA),659900,,2026,Benzín,1.6,T-GDI,,110,Automatická,Ano,,,Ne,Kombi,,,SW 150k Exclusi,Odstraněno,Sauto.cz,Ano,https://www.sauto.cz/osobni/detail/kia/k4/210229607
Kia K4 2.0 MPI (Sedan pro USA),737980,7,2026,Benzín,1.6,T-GDI,,110,Automatická,,,,Ne,Kombi,TOP,,(202,Odstraněno,Sauto.cz,Ano,https://www.sauto.cz/osobni/detail/kia/k4/210230996
Kia K4 2.0 MPI (Sedan pro USA),739980,1000,2026,Benzín,1.6,T-GDI,,110,Automatická,Ano,,,Ne,Hatchback,TOP,,CL4,Odstraněno,Sauto.cz,Ano,https://www.sauto.cz/osobni/detail/kia/k4/210243692
Kia K4 2.0 MPI (Sedan pro USA),650980,300,2026,Benzín,1.6,,,110,Automatická,,,,Ne,Hatchback,TOP,,AT7,Odstraněno,Sauto.cz,Ano,https://www.sauto.cz/osobni/detail/kia/k4/210245120
Kia K4 2.0 MPI (Sedan pro USA),749980,5,2026,Benzín,1.6,T-GDI,,132,Automatická,Ano,Ano,,Ne,Kombi,GT-Line,,SW,Odstraněno,Sauto.cz,Ano,https://www.sauto.cz/osobni/detail/kia/k4/210261899
Kia K4 2.0 MPI (Sedan pro USA),674900,,2026,Benzín,1.6,T-GDI,,110,Automatická,Ano,,,Ne,Kombi,,,SW 150k Exclusi,Odstraněno,Sauto.cz,Ano,https://www.sauto.cz/osobni/detail/kia/k4/210264683
Kia K4 2.0 MPI (Sedan pro USA),654980,16,2026,Benzín,1.6,,PHEV,110,Automatická,Ano,,,Ne,Hatchback,Exclusive,,automat,Odstraněno,Sauto.cz,Ano,https://www.sauto.cz/osobni/detail/kia/k4/210286238
Kia K4 2.0 MPI (Sedan pro USA),722980,5,2026,Benzín,1.6,,,110,Automatická,,,,Ne,Kombi,TOP,,SW - K odběru IHNED,Odstraněno,Sauto.cz,Ano,https://www.sauto.cz/osobni/detail/kia/k4/210296555
Kia K4 2.0 MPI (Sedan pro USA),742980,5,2026,Benzín,1.6,T-GDI,,110,Automatická,Ano,,,Ne,Kombi,TOP,,CL4 + A17,Odstraněno,Sauto.cz,Ano,https://www.sauto.cz/osobni/detail/kia/k4/210297248
Kia K4 2.0 MPI (Sedan pro USA),645000,500,2026,Benzín,1.6,,PHEV,110,Automatická,Ano,,,Ne,Kombi,Exclusive,,automat,Odstraněno,Sauto.cz,Ano,https://www.sauto.cz/osobni/detail/kia/k4/210298079
Kia K4 2.0 MPI (Sedan pro USA),639980,7,2026,Benzín,1.6,T-GDI,PHEV,110,Automatická,Ano,,,Ne,Kombi,Exclusive,,SW,Odstraněno,Sauto.cz,Ano,https://www.sauto.cz/osobni/detail/kia/k4/210307475
Kia K4 2.0 MPI (Sedan pro USA),651500,3,2026,Benzín,1.6,T-GDI,PHEV,110,Automatická,Ano,,,Ne,Kombi,Exclusive,,17´,Odstraněno,Sauto.cz,Ano,https://www.sauto.cz/osobni/detail/kia/k4/210327053
Kia K4 2.0 MPI (Sedan pro USA),657900,3,2026,Benzín,1.6,T-GDI,PHEV,110,Automatická,Ano,,,Ne,Kombi,Exclusive,,SW,Odstraněno,Sauto.cz,Ano,https://www.sauto.cz/osobni/detail/kia/k4/210327560
Kia K4 2.0 MPI (Sedan pro USA),674980,5,2026,Benzín,1.6,T-GDI,PHEV,110,Manuální,Ano,,,Ne,Kombi,Exclusive,,CL4,Odstraněno,Sauto.cz,Ano,https://www.sauto.cz/osobni/detail/kia/k4/210334313
Kia K4 2.0 MPI (Sedan pro USA),656980,2,2026,Benzín,1.6,T-GDI,PHEV,110,Automatická,Ano,,,Ne,Kombi,Exclusive,,SW,Odstraněno,Sauto.cz,Ano,https://www.sauto.cz/osobni/detail/kia/k4/210334700
Kia K4 2.0 MPI (Sedan pro USA),639900,,2026,Benzín,1.6,T-GDI,PHEV,110,Automatická,,,,Ne,Kombi,Exclusive,,SW 7,Odstraněno,Sauto.cz,Ano,https://www.sauto.cz/osobni/detail/kia/k4/210340040
Kia K4 2.0 MPI (Sedan pro USA),704980,5,2026,Benzín,1.6,,,132,Automatická,,,,Ne,Hatchback,TOP,,Kia K4 - Vůz ve výrobě,Odstraněno,Sauto.cz,Ano,https://www.sauto.cz/osobni/detail/kia/k4/210348833
Kia K4 2.0 MPI (Sedan pro USA),659980,5,2026,Benzín,1.6,,PHEV,110,Automatická,,,,Ne,Kombi,Exclusive,,SW AT7,Odstraněno,Sauto.cz,Ano,https://www.sauto.cz/osobni/detail/kia/k4/210350120
Kia K4 2.0 MPI (Sedan pro USA),676980,5,2026,Benzín,1.6,T-GDI,PHEV,110,Automatická,Ano,,,Ne,Kombi,Exclusive,,SW,Odstraněno,Sauto.cz,Ano,https://www.sauto.cz/osobni/detail/kia/k4/210363011
Kia K4 2.0 MPI (Sedan pro USA),665980,5,2026,Benzín,1.6,T-GDI,PHEV,110,Automatická,Ano,,,Ne,Kombi,Exclusive,,"17"" S",Odstraněno,Sauto.cz,Ano,https://www.sauto.cz/osobni/detail/kia/k4/210363023
Kia K4 2.0 MPI (Sedan pro USA),674900,,2026,Benzín,1.6,T-GDI,,110,Automatická,Ano,,,Ne,Kombi,,,SW 150k Exclusi,Odstraněno,Sauto.cz,Ano,https://www.sauto.cz/osobni/detail/kia/k4/210365303
Kia K4 2.0 MPI (Sedan pro USA),649900,,2026,Benzín,1.6,T-GDI,PHEV,110,Automatická,,,,Ne,Kombi,Exclusive,,SW 7,Odstraněno,Sauto.cz,Ano,https://www.sauto.cz/osobni/detail/kia/k4/210373571
Kia K4 2.0 MPI (Sedan pro USA),709980,3,2026,Benzín,1.6,T-GDI,,110,Automatická,Ano,Ano,,Ne,Kombi,TOP,,,Odstraněno,Sauto.cz,Ano,https://www.sauto.cz/osobni/detail/kia/k4/210373886
Kia K4 2.0 MPI (Sedan pro USA),609980,100,2026,Benzín,1.6,T-GDI,PHEV,110,Automatická,Ano,,,Ne,Kombi,Exclusive,,SW,Odstraněno,Sauto.cz,Ano,https://www.sauto.cz/osobni/detail/kia/k4/210375854
Kia K4 2.0 MPI (Sedan pro USA),686980,,2026,Benzín,1.6,T-GDI,,110,,,,,Ne,Kombi,TOP,,SW + A17,Odstraněno,Sauto.cz,Ano,https://www.sauto.cz/osobni/detail/kia/k4/210376430
Kia K4 2.0 MPI (Sedan pro USA),715980,5,2026,Benzín,1.6,,,110,Automatická,,,,Ne,Kombi,TOP,,SW - K odběru IHNED,Odstraněno,Sauto.cz,Ano,https://www.sauto.cz/osobni/detail/kia/k4/210377849
Kia K4 2.0 MPI (Sedan pro USA),702980,5,2026,Benzín,1.6,,,110,Automatická,,,,Ne,Hatchback,TOP,,- K odběru IHNED,Odstraněno,Sauto.cz,Ano,https://www.sauto.cz/osobni/detail/kia/k4/210378356
Kia K4 2.0 MPI (Sedan pro USA),739980,5,2026,Benzín,1.6,T-GDI,,132,Automatická,Ano,,,Ne,Kombi,TOP,,SW CL4,Odstraněno,Sauto.cz,Ano,https://www.sauto.cz/osobni/detail/kia/k4/210382889
Kia K4 2.0 MPI (Sedan pro USA),656980,,2026,Benzín,1.6,T-GDI,PHEV,110,Automatická,Ano,Ano,,Ne,Kombi,Exclusive,,,Odstraněno,Sauto.cz,Ano,https://www.sauto.cz/osobni/detail/kia/k4/210394610
Kia K4 2.0 MPI (Sedan pro USA),676980,5,2026,Benzín,1.6,T-GDI,PHEV,110,Automatická,Ano,,,Ne,Kombi,Exclusive,,,Odstraněno,Sauto.cz,Ano,https://www.sauto.cz/osobni/detail/kia/k4/210403451
Kia K4 2.0 MPI (Sedan pro USA),676980,5,2026,Benzín,1.6,T-GDI,PHEV,110,Automatická,Ano,,,Ne,Kombi,Exclusive,,,Odstraněno,Sauto.cz,Ano,https://www.sauto.cz/osobni/detail/kia/k4/210403454
Kia K4 2.0 MPI (Sedan pro USA),639980,1500,2026,Benzín,1.6,T-GDI,,110,Automatická,,,,Ne,Hatchback,TOP,,,Odstraněno,Sauto.cz,Ano,https://www.sauto.cz/osobni/detail/kia/k4/210415175
Kia K4 2.0 MPI (Sedan pro USA),719980,7,2026,Benzín,1.6,T-GDI,,110,Automatická,,,,Ne,Kombi,TOP,,(202,Odstraněno,Sauto.cz,Ano,https://www.sauto.cz/osobni/detail/kia/k4/210415592
Kia K4 2.0 MPI (Sedan pro USA),659980,1000,2025,Benzín,1.6,,,132,Automatická,,,,Ne,Hatchback,TOP,,,Odstraněno,Sauto.cz,Ano,https://www.sauto.cz/osobni/detail/kia/k4/210424388
Kia K4 2.0 MPI (Sedan pro USA),639900,5000,2025,Benzín,1.6,T-GDI,,110,Automatická,Ano,Ano,,Ne,Kombi,TOP,,,Odstraněno,Sauto.cz,Ano,https://www.sauto.cz/osobni/detail/kia/k4/210430262
Kia K4 2.0 MPI (Sedan pro USA),645000,14,2026,Benzín,1.6,T-GDI,,110,Automatická,Ano,,,Ne,Kombi,SPIN,,automat,Odstraněno,Sauto.cz,Ano,https://www.sauto.cz/osobni/detail/kia/k4/210439487
Kia K4 2.0 MPI (Sedan pro USA),631980,7,2026,Benzín,1.6,T-GDI,,110,Automatická,Ano,,,Ne,Kombi,SPIN,,SW,Odstraněno,Sauto.cz,Ano,https://www.sauto.cz/osobni/detail/kia/k4/210440546
Kia K4 2.0 MPI (Sedan pro USA),656980,7,2026,Benzín,1.6,T-GDI,PHEV,110,Automatická,Ano,,,Ne,Kombi,Exclusive,,,Odstraněno,Sauto.cz,Ano,https://www.sauto.cz/osobni/detail/kia/k4/210462512
Kia K4 2.0 MPI (Sedan pro USA),634980,5,2026,Benzín,1.6,T-GDI,,110,Automatická,Ano,,,Ne,Kombi,SPIN,,,Odstraněno,Sauto.cz,Ano,https://www.sauto.cz/osobni/detail/kia/k4/210484103
Kia K4 2.0 MPI (Sedan pro USA),674979,5,2026,Benzín,1.6,T-GDI,PHEV,110,Manuální,Ano,,,Ne,Kombi,Exclusive,,,Nové,Sauto.cz,Ano,
Kia K4 2.0 MPI (Sedan pro USA),649980,16,2026,Benzín,1.6,T-GDI,PHEV,110,Automatická,,,,Ne,Kombi,Exclusive,,SW R17,Nové,Sauto.cz,Ano,
Kia K4 2.0 MPI (Sedan pro USA),649980,5,2026,Benzín,1.6,T-GDI,,110,Automatická,Ano,,,Ne,Kombi,SPIN,,,Nové,Sauto.cz,Ano,
Kia Niro 1.6 GDI HEV,539900,44804,2022,Benzín,1.6,T-GDI,,104,Automatická,,,,Ne,Hatchback,Style,,,Odstraněno,Sauto.cz,Ano,https://www.sauto.cz/osobni/detail/kia/niro/210344522
Kia XCeed 1.6 GDI PHEV,436437,50852,2021,Benzín,1.6,,,150,Automatická,,,,Ne,Hatchback,,,,Odstraněno,Sauto.cz,Ano,https://www.sauto.cz/osobni/detail/kia/ostatni/210170072
Kia Pro_Ceed 1.5,545607,42776,2024,Benzín,1.5,,,118,Automatická,,,,Ne,Hatchback,,,,Odstraněno,Sauto.cz,Ano,https://www.sauto.cz/osobni/detail/kia/pro_cee-d/210171125
Kia Pro_Ceed 1.5,542770,43702,2022,Benzín,1.5,,,118,Automatická,,,,Ne,Kombi,,,,Odstraněno,Sauto.cz,Ano,https://www.sauto.cz/osobni/detail/kia/pro_cee-d/210173372
Kia Pro_Ceed 1.5,703877,13654,2024,Benzín,1.6,,,150,Automatická,,,,Ne,Kombi,,,,Odstraněno,Sauto.cz,Ano,https://www.sauto.cz/osobni/detail/kia/pro_cee-d/210177959
Kia Pro_Ceed 1.5,534797,73801,2023,Benzín,1.6,,,150,Automatická,,,,Ne,Kombi,,,,Odstraněno,Sauto.cz,Ano,https://www.sauto.cz/osobni/detail/kia/pro_cee-d/210217745
Kia Pro_Ceed 1.5,536116,37858,2023,Benzín,1.5,,,118,Manuální,,,,Ne,Hatchback,,,,Odstraněno,Sauto.cz,Ano,https://www.sauto.cz/osobni/detail/kia/pro_cee-d/210266279
Kia Pro_Ceed 1.5,529061,76042,2023,Benzín,1.5,,,118,Manuální,,,,Ne,Kombi,,,,Odstraněno,Sauto.cz,Ano,https://www.sauto.cz/osobni/detail/kia/pro_cee-d/210439463
Kia ProCeed 1.5 T-GDI (Shooting Brake),679900,,2025,Benzín,1.5,T-GDI,,103,Automatická,Ano,,,Ne,Kombi,GT Line,,PLUS +SE,Nové,Sauto.cz,Ano,
Kia ProCeed 1.5 T-GDI (Shooting Brake),630000,24930,2024,Benzín,1.6,T-GDI,,150,Automatická,,,,Ne,Kombi,,,"GT , Automat",Odstraněno,Sauto.cz,Ano,https://www.sauto.cz/osobni/detail/kia/proceed/209521830
Kia ProCeed 1.5 T-GDI (Shooting Brake),518000,82500,2022,Benzín,1.6,T-GDI,,150,Automatická,,,,Ne,Kombi,TOP,,GT CZ STAV,Ojeté,Sauto.cz,Ano,
Kia ProCeed 1.5 T-GDI (Shooting Brake),529900,31113,2021,Benzín,1.6,T-GDI,,150,Automatická,Ano,,,Ne,Hatchback,,,GT,Odstraněno,Sauto.cz,Ano,https://www.sauto.cz/osobni/detail/kia/proceed/209602020
Kia ProCeed 1.5 T-GDI (Shooting Brake),529000,50000,2024,Benzín,1.5,,,118,Automatická,,,,Ne,Hatchback,,,GTline - po servisu,Odstraněno,Sauto.cz,Ano,https://www.sauto.cz/osobni/detail/kia/proceed/209608917
Kia ProCeed 1.5 T-GDI (Shooting Brake),579999,18300,2024,Benzín,1.5,T-GDI,,103,Manuální,,,,Ne,Kombi,GT-Line,,ZÁNOVNÍ!,Ojeté,Sauto.cz,Ano,
Kia ProCeed 1.5 T-GDI (Shooting Brake),678999,20834,2024,Benzín,1.6,T-GDI,,150,Automatická,,,,Ne,Kombi,,,GT Aut. DPH CZ,Ojeté,Sauto.cz,Ano,
Kia ProCeed 1.5 T-GDI (Shooting Brake),484999,87118,2022,Benzín,1.6,T-GDI,,150,Automatická,,,,Ne,Kombi,,,NAVI KAMERA 1. MAJ,Odstraněno,Sauto.cz,Ano,https://www.sauto.cz/osobni/detail/kia/proceed/210293522
Kia ProCeed 1.5 T-GDI (Shooting Brake),699980,15000,2025,Benzín,1.5,T-GDI,,103,Automatická,Ano,Ano,,Ne,Hatchback,GT Line,,PLU,Odstraněno,Sauto.cz,Ano,https://www.sauto.cz/osobni/detail/kia/proceed/210297905
Kia ProCeed 1.5 T-GDI (Shooting Brake),649900,17038,2024,Benzín,1.6,T-GDI,,150,Automatická,Ano,,,Ne,Kombi,,,GT ZÁRUKA J,Odstraněno,Sauto.cz,Ano,https://www.sauto.cz/osobni/detail/kia/proceed/210300758
Kia ProCeed 1.5 T-GDI (Shooting Brake),470000,83697,2021,Benzín,1.6,T-GDI,,150,Automatická,,,,Ne,Hatchback,,Ano,"GT , Záruka, Automat",Odstraněno,Sauto.cz,Ano,https://www.sauto.cz/osobni/detail/kia/proceed/210388412
Kia ProCeed 1.5 T-GDI (Shooting Brake),645000,20546,2024,Benzín,1.6,T-GDI,,150,Automatická,,,,Ne,Kombi,,Ano,"GT , Záruka, Automat",Odstraněno,Sauto.cz,Ano,https://www.sauto.cz/osobni/detail/kia/proceed/210390665
Kia ProCeed 1.5 T-GDI (Shooting Brake),479900,99250,2021,Benzín,1.6,T-GDI,,150,Automatická,Ano,,,Ne,Kombi,,,GT,Odstraněno,Sauto.cz,Ano,https://www.sauto.cz/osobni/detail/kia/proceed/210399002
Kia ProCeed 1.5 T-GDI (Shooting Brake),579900,29560,2025,Benzín,1.5,T-GDI,,103,Automatická,Ano,Ano,,Ne,Hatchback,GT Line,,PL,Ojeté,Sauto.cz,Ano,
Kia ProCeed 1.5 T-GDI (Shooting Brake),649900,6570,2025,Benzín,1.5,T-GDI,,103,Manuální,,Ano,,Ne,Hatchback,GT Line,,PLUS,Ojeté,Sauto.cz,Ano,
Kia ProCeed 1.5 T-GDI (Shooting Brake),499980,99417,2021,Benzín,1.6,T-GDI,,150,Automatická,,,,Ne,Liftback,,,"GT+ PNS 2MAJ, CZ GT",Odstraněno,Sauto.cz,Ano,https://www.sauto.cz/osobni/detail/kia/proceed/210433148
Kia ProCeed 1.5 T-GDI (Shooting Brake),580000,19337,2025,Benzín,1.5,T-GDI,,103,Automatická,,,,Ne,Hatchback,GT-Line,Ano,Záruka,Odstraněno,Sauto.cz,Ano,https://www.sauto.cz/osobni/detail/kia/proceed/210433736
Kia ProCeed 1.5 T-GDI (Shooting Brake),539000,74745,2023,Benzín,1.6,T-GDI,,150,Automatická,Ano,,,Ne,Kombi,,,GT,Odstraněno,Sauto.cz,Ano,https://www.sauto.cz/osobni/detail/kia/proceed/210476420
Kia ProCeed 1.5 T-GDI (Shooting Brake),495000,72500,2022,Benzín,1.6,,,150,Automatická,,,,Ne,Kombi,,Ano,"Plná výbava, Záruka do 2029",Ojeté,Sauto.cz,Ano,
Kia ProCeed 1.5 T-GDI (Shooting Brake),549999,73542,2023,Benzín,1.6,T-GDI,,150,Automatická,,,,Ne,Kombi,,,GT Aut. DPH 1,Ojeté,Sauto.cz,Ano,
Kia ProCeed 1.5 T-GDI (Shooting Brake),570000,43136,2023,Benzín,1.6,T-GDI,,150,Automatická,Ano,,,Ne,Kombi,,,"Kia ProCeed, GT",Ojeté,Sauto.cz,Ano,
Kia Sorento 2.5,654777,29932,2022,Benzín,2.5,,,210,Automatická,,,,Ano,SUV,,,,Odstraněno,Sauto.cz,Ano,https://www.sauto.cz/osobni/detail/kia/sorento/210390725
Kia Sportage 1.6 T-GDI MHEV,419000,93123,2021,Nafta,1.6,CRDi,,100,Manuální,,,,Ne,SUV,,,ECO dinamics+,Odstraněno,Sauto.cz,Ano,https://www.sauto.cz/osobni/detail/kia/sportage/206709357
Kia Sportage 1.6 T-GDI PHEV,739980,5,2026,Benzín,1.6,T-GDI,PHEV,110,Manuální,Ano,,,Ne,SUV,,,EXCLUSIV,Odstraněno,Sauto.cz,Ano,https://www.sauto.cz/osobni/detail/kia/sportage/208847001
Kia Sportage 1.6 T-GDI PHEV,545000,35648,2022,Benzín,1.6,T-GDI,PHEV,110,Manuální,,,,Ne,SUV,Exclusive,Ano,ČR záruka,Odstraněno,Sauto.cz,Ano,https://www.sauto.cz/osobni/detail/kia/sportage/209007966
Kia Sportage 1.6 T-GDI PHEV,679980,5,2026,Benzín,1.6,T-GDI,PHEV,110,Manuální,,,,Ne,SUV,Exclusive,,4x2 (2026),Odstraněno,Sauto.cz,Ano,https://www.sauto.cz/osobni/detail/kia/sportage/209251686
Kia Sportage 1.6 T-GDI MHEV,499000,68653,2022,Nafta,1.6,CRDi,,100,Manuální,,,,Ne,SUV,,,ČR TAŽNÉ,Ojeté,Sauto.cz,Ano,
Kia Sportage 1.6 T-GDI MHEV,400000,70453,2021,Nafta,1.6,CRDi,MHEV,100,Automatická,,,,Ne,SUV,,,Black Edition,Odstraněno,Sauto.cz,Ano,https://www.sauto.cz/osobni/detail/kia/sportage/209387883
Kia Sportage 1.6 T-GDI MHEV,609980,5,2026,Benzín,1.6,T-GDI,,110,Manuální,,,,Ne,SUV,Comfort,,,Odstraněno,Sauto.cz,Ano,https://www.sauto.cz/osobni/detail/kia/sportage/209481579
Kia Sportage 1.6 T-GDI PHEV,674980,5,2026,Benzín,1.6,T-GDI,PHEV,110,Manuální,,,,Ne,SUV,Exclusive,,+ PLUS,Odstraněno,Sauto.cz,Ano,https://www.sauto.cz/osobni/detail/kia/sportage/209536851
Kia Sportage 1.6 T-GDI MHEV,439000,23000,2021,Benzín,1.6,T-GDI,,130,Automatická,,,,Ne,SUV,,Ano,"servis,záruka",Odstraněno,Sauto.cz,Ano,https://www.sauto.cz/osobni/detail/kia/sportage/209566440
Kia Sportage 1.6 T-GDI MHEV,672980,7,2025,Benzín,1.6,T-GDI,,110,Manuální,,,,Ne,SUV,Comfort,,,Odstraněno,Sauto.cz,Ano,https://www.sauto.cz/osobni/detail/kia/sportage/209623953
Kia Sportage 1.6 T-GDI MHEV,558999,74578,2023,Benzín,1.6,T-GDI,,110,Manuální,,,,Ne,SUV,,,CZ DPH 1.Maj,Ojeté,Sauto.cz,Ano,
Kia Sportage 1.6 T-GDI MHEV,674999,4231,2024,Benzín,1.6,T-GDI,,117,Automatická,,,,Ano,SUV,,,Aut. DPH,Ojeté,Sauto.cz,Ano,
Kia Sportage 1.6 T-GDI PHEV,519900,35504,2022,Benzín,1.6,TGDI,PHEV,110,Manuální,,,,Ne,SUV,Exclusive,,ZÁRUKA NAVI,Ojeté,Sauto.cz,Ano,
Kia Sportage 1.6 T-GDI MHEV,749980,31500,2024,Benzín,1.6,T-GDI,,117,Automatická,Ano,,,Ano,SUV,TOP,,,Odstraněno,Sauto.cz,Ano,https://www.sauto.cz/osobni/detail/kia/sportage/209820480
Kia Sportage 1.6 T-GDI MHEV,598999,65154,2023,Benzín,1.6,T-GDI,,110,Manuální,,,,Ano,SUV,,,CZ DPH,Ojeté,Sauto.cz,Ano,
Kia Sportage 1.6 T-GDI MHEV,489900,66664,2021,Nafta,1.6,,,100,Automatická,,,,Ano,SUV,GT-Line,,--1.majitel- STAV,Odstraněno,Sauto.cz,Ano,https://www.sauto.cz/osobni/detail/kia/sportage/210006672
Kia Sportage 1.6 T-GDI MHEV,649999,39689,2023,Benzín,1.6,T-GDI,,132,Automatická,,,,Ne,SUV,TOP,,Aut. Kůže,Ojeté,Sauto.cz,Ano,
Kia Sportage 1.6 T-GDI MHEV,589900,40168,2023,Benzín,1.6,T-GDI,,110,Manuální,,,,Ne,SUV,,,Edice 30,Odstraněno,Sauto.cz,Ano,https://www.sauto.cz/osobni/detail/kia/sportage/210083063
Kia Sportage 1.6 T-GDI MHEV,633999,74530,2023,Benzín,1.6,T-GDI,,132,Automatická,,,,Ano,SUV,TOP,,Aut.,Ojeté,Sauto.cz,Ano,
Kia Sportage 1.6 T-GDI PHEV,599900,36209,2023,Benzín,1.6,TGDI,PHEV,110,Automatická,,,,Ne,SUV,Exclusive,,AT ZÁRUKA,Ojeté,Sauto.cz,Ano,
Kia Sportage 1.6 T-GDI MHEV,681696,26044,2024,Nafta,1.6,,,100,Automatická,,,,Ne,SUV,,,,Odstraněno,Sauto.cz,Ano,https://www.sauto.cz/osobni/detail/kia/sportage/210173813
Kia Sportage 1.6 T-GDI MHEV,689900,36000,2024,Benzín,1.6,TGDI,,132,Automatická,,,,Ano,SUV,TOP,,CZ DPH,Odstraněno,Sauto.cz,Ano,https://www.sauto.cz/osobni/detail/kia/sportage/210178595
Kia Sportage 1.6 T-GDI PHEV,599900,21922,2022,Benzín,1.6,T-GDI,PHEV,110,Manuální,,,,Ne,SUV,Exclusive,,1. majitel,Odstraněno,Sauto.cz,Ano,https://www.sauto.cz/osobni/detail/kia/sportage/210187067
Kia Sportage 1.6 T-GDI PHEV,659900,6000,2025,Benzín,1.6,,PHEV,110,Manuální,,,,Ne,SUV,Exclusive,,TGD-I 6MT,Odstraněno,Sauto.cz,Ano,https://www.sauto.cz/osobni/detail/kia/sportage/210204470
Kia Sportage 1.6 T-GDI PHEV,724000,7,2026,Benzín,1.6,T-GDI,PHEV,110,Automatická,,,,Ne,SUV,Exclusive,,(2026,Odstraněno,Sauto.cz,Ano,https://www.sauto.cz/osobni/detail/kia/sportage/210209489
Kia Sportage 1.6 T-GDI PHEV,649980,7,2026,Benzín,1.6,T-GDI,PHEV,110,Manuální,,Ano,,Ne,SUV,Exclusive,,(,Odstraněno,Sauto.cz,Ano,https://www.sauto.cz/osobni/detail/kia/sportage/210209507
Kia Sportage 1.6 T-GDI MHEV,420000,55067,2021,Nafta,1.6,CRDi,,100,Manuální,,,,Ne,SUV,,Ano,"Záruka, ČR,1.maj",Odstraněno,Sauto.cz,Ano,https://www.sauto.cz/osobni/detail/kia/sportage/210211439
Kia Sportage 1.6 T-GDI MHEV,689900,23275,2023,Benzín,1.6,,,132,Automatická,,,,Ano,SUV,TOP,,i AT ZÁRUKA,Ojeté,Sauto.cz,Ano,
Kia Sportage 1.6 T-GDI MHEV,448000,57520,2021,Nafta,1.6,CRDi,,100,Manuální,,,,Ne,SUV,,,Black Edition,Odstraněno,Sauto.cz,Ano,https://www.sauto.cz/osobni/detail/kia/sportage/210239036
Kia Sportage 1.6 T-GDI MHEV,529900,48218,2023,Benzín,1.6,T-GDI,,110,Manuální,,,,Ne,SUV,TOP,,,Odstraněno,Sauto.cz,Ano,https://www.sauto.cz/osobni/detail/kia/sportage/210241145
Kia Sportage 1.6 T-GDI MHEV,719980,2000,2026,Benzín,1.6,T-GDI,,110,Manuální,Ano,,,Ne,SUV,TOP,,NQ5 4x2,Odstraněno,Sauto.cz,Ano,https://www.sauto.cz/osobni/detail/kia/sportage/210243638
Kia Sportage 1.6 T-GDI MHEV,619980,5,2026,Benzín,1.6,T-GDI,,110,Manuální,,,,Ne,SUV,Comfort,,NQ5 4x2,Odstraněno,Sauto.cz,Ano,https://www.sauto.cz/osobni/detail/kia/sportage/210243647
Kia Sportage 1.6 T-GDI MHEV,689980,2000,2026,Benzín,1.6,T-GDI,,110,Manuální,Ano,,,Ne,SUV,,,NQ5 4x2 EXCL.,Odstraněno,Sauto.cz,Ano,https://www.sauto.cz/osobni/detail/kia/sportage/210243662
Kia Sportage 1.6 T-GDI PHEV,558800,48700,2023,Benzín,1.6,TGDI,PHEV,110,Automatická,,,,Ne,SUV,Exclusive,,AP,Ojeté,Sauto.cz,Ano,
Kia Sportage 1.6 T-GDI MHEV,629900,47661,2024,Benzín,1.6,T-GDI,,117,Automatická,Ano,,,Ne,SUV,,,,Odstraněno,Sauto.cz,Ano,https://www.sauto.cz/osobni/detail/kia/sportage/210262142
Kia Sportage 1.6 T-GDI PHEV,489000,60217,2022,Benzín,1.6,T-GDI,PHEV,110,Manuální,,,,Ne,SUV,Exclusive,,,Odstraněno,Sauto.cz,Ano,https://www.sauto.cz/osobni/detail/kia/sportage/210262157
Kia Sportage 1.6 T-GDI MHEV,699900,18900,2024,Benzín,1.6,T-GDI,,110,Automatická,Ano,,,Ne,SUV,TOP,,+ pakety,Odstraněno,Sauto.cz,Ano,https://www.sauto.cz/osobni/detail/kia/sportage/210264947
Kia Sportage 1.6 T-GDI MHEV,749980,5,2026,Benzín,1.6,T-GDI,,110,Automatická,Ano,,,Ne,SUV,,,NQ5 4x2 EX+PLUS,Odstraněno,Sauto.cz,Ano,https://www.sauto.cz/osobni/detail/kia/sportage/210269042
Kia Sportage 1.6 T-GDI MHEV,490000,20987,2022,Benzín,1.6,T-GDI,,110,Manuální,,,,Ne,SUV,,Ano,"Záruka, NOVÁ CENA",Odstraněno,Sauto.cz,Ano,https://www.sauto.cz/osobni/detail/kia/sportage/210283241
Kia Sportage 1.6 T-GDI MHEV,649900,41709,2023,Benzín,1.6,T-GDI,,132,Automatická,Ano,,,Ano,SUV,TOP,,Ev,Odstraněno,Sauto.cz,Ano,https://www.sauto.cz/osobni/detail/kia/sportage/210285272
Kia Sportage 1.6 T-GDI MHEV,648000,92465,2024,Benzín,1.6,T-GDI,,132,Automatická,,,,Ano,SUV,GT-Line,,**ZÁRUKA*ČR,Ojeté,Sauto.cz,Ano,
Kia Sportage 1.6 T-GDI MHEV,559900,43420,2023,Benzín,1.6,T-GDI,,110,Manuální,,,,Ne,SUV,TOP,Ano,záruka,Odstraněno,Sauto.cz,Ano,https://www.sauto.cz/osobni/detail/kia/sportage/210290279
Kia Sportage 1.6 T-GDI MHEV,619900,20222,2023,Benzín,1.6,T-GDI,,110,Automatická,Ano,,,Ne,SUV,TOP,,Tažné,Odstraněno,Sauto.cz,Ano,https://www.sauto.cz/osobni/detail/kia/sportage/210290891
Kia Sportage 1.6 T-GDI MHEV,539900,52700,2023,Benzín,1.6,GDI,,110,Manuální,,,,Ne,SUV,,,,Odstraněno,Sauto.cz,Ano,https://www.sauto.cz/osobni/detail/kia/sportage/210298982
Kia Sportage 1.6 T-GDI MHEV,400000,94521,2021,Nafta,1.6,CRDi,,100,Automatická,,,,Ano,SUV,,,Automat,Odstraněno,Sauto.cz,Ano,https://www.sauto.cz/osobni/detail/kia/sportage/210307325
Kia Sportage 1.6 T-GDI MHEV,584000,77287,2023,Benzín,1.6,T-GDI,,110,Automatická,Ano,,,Ne,SUV,TOP,,7,Odstraněno,Sauto.cz,Ano,https://www.sauto.cz/osobni/detail/kia/sportage/210308024
Kia Sportage 1.6 T-GDI PHEV,642980,5,2026,Benzín,1.6,T-GDI,PHEV,110,Manuální,,Ano,,Ne,SUV,Exclusive,,4x2,Odstraněno,Sauto.cz,Ano,https://www.sauto.cz/osobni/detail/kia/sportage/210312605
Kia Sportage 1.6 T-GDI PHEV,642980,5,2026,Benzín,1.6,T-GDI,PHEV,110,Manuální,,Ano,,Ne,SUV,Exclusive,,4x2,Odstraněno,Sauto.cz,Ano,https://www.sauto.cz/osobni/detail/kia/sportage/210312881
Kia Sportage 1.6 T-GDI MHEV,659900,13475,2025,Benzín,1.6,T-GDI,MHEV,118,Automatická,,Ano,,Ne,SUV,,,NQ5,Odstraněno,Sauto.cz,Ano,https://www.sauto.cz/osobni/detail/kia/sportage/210316025
Kia Sportage 1.6 T-GDI MHEV,680000,10752,2025,Benzín,1.6,T-GDI,,118,Automatická,,,,Ne,SUV,TOP,Ano,Záruka,Odstraněno,Sauto.cz,Ano,https://www.sauto.cz/osobni/detail/kia/sportage/210317813
Kia Sportage 1.6 T-GDI MHEV,620813,14581,2023,Benzín,1.6,,,110,Manuální,,,,Ne,SUV,,,,Odstraněno,Sauto.cz,Ano,https://www.sauto.cz/osobni/detail/kia/sportage/210318323
Kia Sportage 1.6 T-GDI PHEV,540000,35568,2024,Benzín,1.6,T-GDI,PHEV,110,Manuální,,,,Ne,SUV,Exclusive,,,Odstraněno,Sauto.cz,Ano,https://www.sauto.cz/osobni/detail/kia/sportage/210329846
Kia Sportage 1.6 T-GDI MHEV,664980,5,2026,Benzín,1.6,T-GDI,,110,Manuální,,,,Ne,SUV,Comfort,,NQ5 4x2,Odstraněno,Sauto.cz,Ano,https://www.sauto.cz/osobni/detail/kia/sportage/210332595
Kia Sportage 1.6 T-GDI MHEV,649980,5,2026,Benzín,1.6,T-GDI,,110,,,,,Ne,SUV,Comfort,,NQ5 4x2,Odstraněno,Sauto.cz,Ano,https://www.sauto.cz/osobni/detail/kia/sportage/210332597
Kia Sportage 1.6 T-GDI MHEV,560000,39124,2022,Benzín,1.6,T-GDI,,110,Manuální,,,,Ne,SUV,TOP,Ano,Záruka,Odstraněno,Sauto.cz,Ano,https://www.sauto.cz/osobni/detail/kia/sportage/210349109
Kia Sportage 1.6 T-GDI MHEV,459900,82867,2021,Benzín,1.6,T-GDI,,130,Automatická,,,,Ano,SUV,,,"1MAJ,ZÁRUKA,A T",Odstraněno,Sauto.cz,Ano,https://www.sauto.cz/osobni/detail/kia/sportage/210349217
Kia Sportage 1.6 T-GDI MHEV,599900,45249,2022,Nafta,1.6,CRDi,MHEV,100,Manuální,,,,Ano,SUV,TOP,,,Odstraněno,Sauto.cz,Ano,https://www.sauto.cz/osobni/detail/kia/sportage/210353420
Kia Sportage 1.6 T-GDI PHEV,688233,,2026,Benzín,1.6,T-GDI,PHEV,110,,,,,Ne,SUV,Exclusive,,Plus,Odstraněno,Sauto.cz,Ano,https://www.sauto.cz/osobni/detail/kia/sportage/210362342
Kia Sportage 1.6 T-GDI MHEV,679000,24729,2024,Benzín,1.6,TGDI,,117,Automatická,,,,Ne,SUV,,,Edice AT,Odstraněno,Sauto.cz,Ano,https://www.sauto.cz/osobni/detail/kia/sportage/210378749
Kia Sportage 1.6 T-GDI MHEV,749980,5,2026,Benzín,1.6,T-GDI,,110,Manuální,Ano,,,Ne,SUV,,,NQ5 4x2 EXCL.,Odstraněno,Sauto.cz,Ano,https://www.sauto.cz/osobni/detail/kia/sportage/210382601
Kia Sportage 1.6 T-GDI MHEV,450000,57554,2022,Benzín,1.6,T-GDI,MHEV,110,Manuální,,,,Ne,SUV,,,"ČR,1.maj",Odstraněno,Sauto.cz,Ano,https://www.sauto.cz/osobni/detail/kia/sportage/210388187
Kia Sportage 1.6 T-GDI MHEV,450000,70275,2021,Benzín,1.6,T-GDI,,130,Automatická,,,,Ano,SUV,,Ano,Záruka,Odstraněno,Sauto.cz,Ano,https://www.sauto.cz/osobni/detail/kia/sportage/210397238
Kia Sportage 1.6 T-GDI MHEV,647900,38122,2023,Benzín,1.6,TGDI,,132,Automatická,,,,Ne,SUV,,,,Ojeté,Sauto.cz,Ano,
Kia Sportage 1.6 T-GDI MHEV,619900,7200,2024,Benzín,1.6,T-GDI,,110,Manuální,,,,Ne,SUV,TOP,Ano,7.200 km záruka,Odstraněno,Sauto.cz,Ano,https://www.sauto.cz/osobni/detail/kia/sportage/210419132
Kia Sportage 1.6 T-GDI PHEV,720000,7320,2025,Benzín,1.6,T-GDI,PHEV,110,Automatická,,,,Ne,SUV,Exclusive,,Exclusiv,Odstraněno,Sauto.cz,Ano,https://www.sauto.cz/osobni/detail/kia/sportage/210427853
Kia Sportage 1.6 T-GDI MHEV,619900,44185,2022,Benzín,1.6,T-GDI,,132,Automatická,Ano,,,Ano,SUV,TOP,,,Odstraněno,Sauto.cz,Ano,https://www.sauto.cz/osobni/detail/kia/sportage/210430781
Kia Sportage 1.6 T-GDI MHEV,500000,27060,2022,Benzín,1.6,T-GDI,,110,Manuální,,,,Ne,SUV,,Ano,"Záruka, ČR,1.maj",Odstraněno,Sauto.cz,Ano,https://www.sauto.cz/osobni/detail/kia/sportage/210434279
Kia Sportage 1.6 T-GDI MHEV,750000,5177,2026,Benzín,1.6,T-GDI,,110,Automatická,,,,Ne,SUV,TOP,,Ad. tempomat,Odstraněno,Sauto.cz,Ano,https://www.sauto.cz/osobni/detail/kia/sportage/210434519
Kia Sportage 1.6 T-GDI PHEV,600000,57903,2023,Benzín,1.6,T-GDI,PHEV,132,Automatická,,,,Ano,SUV,Exclusive,,MHEV,Odstraněno,Sauto.cz,Ano,https://www.sauto.cz/osobni/detail/kia/sportage/210435152
Kia Sportage 1.6 T-GDI PHEV,659980,9110,2025,Benzín,1.6,T-GDI,PHEV,110,Manuální,,,,Ne,SUV,Exclusive,,PLUS,Odstraněno,Sauto.cz,Ano,https://www.sauto.cz/osobni/detail/kia/sportage/210439703
Kia Sportage 1.6 T-GDI MHEV,399000,62967,2021,Benzín,1.6,T-GDI,,130,Manuální,,,,Ne,SUV,,,"ČR,servis.kniha",Ojeté,Sauto.cz,Ano,
Kia Sportage 1.6 T-GDI MHEV,546300,39938,2024,Benzín,1.6,,,110,Manuální,,,,Ne,SUV,,,,Odstraněno,Sauto.cz,Ano,https://www.sauto.cz/osobni/detail/kia/sportage/210475943
Kia Sportage 1.6 T-GDI PHEV,575900,46000,2023,Benzín,1.6,TGDI,PHEV,110,Automatická,,,,Ne,SUV,Exclusive,,CZ DPH,Odstraněno,Sauto.cz,Ano,https://www.sauto.cz/osobni/detail/kia/sportage/210484247
Kia Sportage 1.6 T-GDI MHEV,619900,24660,2022,Benzín,1.6,T-GDI,,110,Manuální,,,,Ano,SUV,TOP,,"1MAJ,DPH",Odstraněno,Sauto.cz,Ano,https://www.sauto.cz/osobni/detail/kia/sportage/210484640
Kia Sportage 1.6 T-GDI PHEV,539900,92000,2023,Benzín,1.6,TGDI,PHEV,110,Manuální,,,,Ne,SUV,Exclusive,,CZ DPH,Ojeté,Sauto.cz,Ano,
Kia Sportage 1.6 T-GDI MHEV,732980,5,2026,Benzín,1.6,T-GDI,,110,Manuální,Ano,,,Ne,SUV,,,NQ5 4x2 B. ED.,Nové,Sauto.cz,Ano,
Kia Sportage 1.6 T-GDI MHEV,599900,54930,2022,Nafta,2.0,CRDi,MHEV,103,Automatická,,,,Ano,SUV,TOP,,,Ojeté,Sauto.cz,Ano,
Kia Sportage 1.6 T-GDI PHEV,570000,21567,2023,Benzín,1.6,T-GDI,PHEV,110,Automatická,,,,Ne,SUV,Exclusive,Ano,Záruka,Ojeté,Sauto.cz,Ano,
Kia Sportage 1.6 T-GDI MHEV,600000,32705,2022,Benzín,1.6,T-GDI,MHEV,132,Automatická,,,,Ano,SUV,TOP,Ano,Záruka,Ojeté,Sauto.cz,Ano,
Kia Sportage 1.6 T-GDI MHEV,629900,36487,2023,Benzín,1.6,T-GDI,MHEV,110,Manuální,,,,Ano,SUV,,,,Ojeté,Sauto.cz,Ano,
Kia Sportage 1.6 T-GDI PHEV,699980,1,2026,Benzín,1.6,T-GDI,PHEV,110,Automatická,Ano,,,Ne,SUV,Exclusive,,4x2,Nové,Sauto.cz,Ano,
Kia XCeed 1.5 T-GDI (Crossover),569900,5,2026,Benzín,1.6,T-GDI,PHEV,110,Automatická,Ano,,,Ne,SUV,Exclusive,,,Nové,Sauto.cz,Ano,
Kia XCeed 1.5 T-GDI (Crossover),569900,,2026,Benzín,1.6,T-GDI,PHEV,110,Automatická,Ano,,,Ne,SUV,Exclusive,,,Nové,Sauto.cz,Ano,
Kia XCeed 1.6 GDI PHEV,399900,76790,2022,Nafta,1.6,CRDi,PHEV,100,Automatická,Ano,,,Ne,Hatchback,Exclusive,,,Ojeté,Sauto.cz,Ano,
Kia XCeed 1.6 GDI PHEV,581182,1500,2025,Benzín,1.6,TGDI,,110,Automatická,Ano,,,Ne,Hatchback,,,aut. Steel ed.,Předváděcí,Sauto.cz,Ano,
Kia XCeed 1.6 GDI PHEV,642583,5,2025,Benzín,1.6,TGDI,,132,Automatická,Ano,,,Ne,Hatchback,,,! Steel,Nové,Sauto.cz,Ano,
Kia XCeed 1.6 GDI PHEV,518000,12001,2025,Benzín,1.5,T-GDI,PHEV,117,Manuální,,,,Ne,Hatchback,,Ano,Exclusiv Záruk,Ojeté,Sauto.cz,Ano,
Kia XCeed 1.5 T-GDI (Crossover),614980,5,2026,Benzín,1.6,TGDI,,110,Automatická,Ano,,,Ne,SUV,,,Steel ed.,Nové,Sauto.cz,Ano,
Kia XCeed 1.5 T-GDI (Crossover),498900,49359,2023,Benzín,1.5,T-GDI,,117,Automatická,,,,Ne,Hatchback,,,,Ojeté,Sauto.cz,Ano,
Kia XCeed 1.5 T-GDI (Crossover),469000,15000,2023,Benzín,1.5,T-GDI,,117,Manuální,,,,Ne,Hatchback,GT-Line,,,Ojeté,Sauto.cz,Ano,
Kia XCeed 1.5 T-GDI (Crossover),619980,5,2026,Benzín,1.6,T-GDI,,132,Automatická,Ano,,,Ne,CUV,,,STEEL EDITION,Odstraněno,Sauto.cz,Ano,https://www.sauto.cz/osobni/detail/kia/xcee-d/210165299
Kia XCeed 1.5 T-GDI (Crossover),654980,5,2026,Benzín,1.6,T-GDI,,110,Automatická,Ano,,,Ne,CUV,,,STEEL EDITION,Odstraněno,Sauto.cz,Ano,https://www.sauto.cz/osobni/detail/kia/xcee-d/210165836
Kia XCeed 1.6 GDI PHEV,614980,5,2025,Benzín,1.6,TGDI,,110,Automatická,Ano,,,Ne,Hatchback,,,aut. Steel Ed.,Nové,Sauto.cz,Ano,
Kia XCeed 1.5 T-GDI (Crossover),657030,21024,2025,Benzín,1.5,,,103,Automatická,,,,Ne,SUV,,,T 140 VISION*Kamera*Navi*,Odstraněno,Sauto.cz,Ano,https://www.sauto.cz/osobni/detail/kia/xcee-d/210174248
Kia XCeed 1.6 GDI PHEV,390000,76027,2021,Benzín,1.5,GDI,,117,Manuální,,,,Ne,Hatchback,,,"-,1.maj,ČR,Navi",Odstraněno,Sauto.cz,Ano,https://www.sauto.cz/osobni/detail/kia/xcee-d/210184781
Kia XCeed 1.5 T-GDI (Crossover),639900,5543,2025,Benzín,1.6,T-GDI,,110,Automatická,Ano,,,Ne,SUV,,,STEEL Edition,Odstraněno,Sauto.cz,Ano,https://www.sauto.cz/osobni/detail/kia/xcee-d/210190460
Kia XCeed 1.5 T-GDI (Crossover),609980,7,2026,Benzín,1.6,T-GDI,,110,Automatická,,Ano,,Ne,Hatchback,,,STEEL EDITI,Odstraněno,Sauto.cz,Ano,https://www.sauto.cz/osobni/detail/kia/xcee-d/210209471
Kia XCeed 1.6 GDI PHEV,594980,7,2026,Benzín,1.6,T-GDI,PHEV,110,Automatická,,,,Ne,Hatchback,Exclusive,,110 K,Odstraněno,Sauto.cz,Ano,https://www.sauto.cz/osobni/detail/kia/xcee-d/210209504
Kia XCeed 1.5 T-GDI (Crossover),400000,85087,2023,Benzín,1.5,T-GDI,,117,Manuální,,,,Ne,Hatchback,,Ano,"Záruka, NOVÁ CENA",Odstraněno,Sauto.cz,Ano,https://www.sauto.cz/osobni/detail/kia/xcee-d/210210785
Kia XCeed 1.6 GDI PHEV,599000,8,2025,Benzín,1.6,T-GDI,PHEV,110,Automatická,Ano,,,Ne,Hatchback,Exclusive,,,Nové,Sauto.cz,Ano,
Kia XCeed 1.5 T-GDI (Crossover),580000,11349,2025,Benzín,1.5,T-GDI,,103,Automatická,,,,Ne,Hatchback,TOP,,FullLed,Odstraněno,Sauto.cz,Ano,https://www.sauto.cz/osobni/detail/kia/xcee-d/210229883
Kia XCeed 1.5 T-GDI (Crossover),599000,350,2026,Benzín,1.6,T-GDI,,110,Automatická,,,,Ne,Hatchback,,,CEE´D Steel Edition 1,Odstraněno,Sauto.cz,Ano,https://www.sauto.cz/osobni/detail/kia/xcee-d/210241193
Kia XCeed 1.5 T-GDI (Crossover),599980,11000,2026,Benzín,1.6,T-GDI,,110,Automatická,Ano,,,Ne,CUV,,,STEEL EDITION,Odstraněno,Sauto.cz,Ano,https://www.sauto.cz/osobni/detail/kia/xcee-d/210243632
Kia XCeed 1.5 T-GDI (Crossover),574980,5,2026,Benzín,1.6,T-GDI,,110,Automatická,Ano,,,Ne,CUV,,,EXCL. + WINT,Odstraněno,Sauto.cz,Ano,https://www.sauto.cz/osobni/detail/kia/xcee-d/210243764
Kia XCeed 1.5 T-GDI (Crossover),574980,5,2026,Benzín,1.6,T-GDI,,110,Automatická,Ano,,,Ne,CUV,,,EXCL. + WINT,Odstraněno,Sauto.cz,Ano,https://www.sauto.cz/osobni/detail/kia/xcee-d/210243767
Kia XCeed 1.5 T-GDI (Crossover),654980,5,2026,Benzín,1.6,T-GDI,,110,Automatická,Ano,,,Ne,CUV,,,STEEL EDITION,Odstraněno,Sauto.cz,Ano,https://www.sauto.cz/osobni/detail/kia/xcee-d/210243770
Kia XCeed 1.5 T-GDI (Crossover),654980,5,2026,Benzín,1.6,T-GDI,,110,Automatická,Ano,,,Ne,CUV,,,STEEL EDITION,Odstraněno,Sauto.cz,Ano,https://www.sauto.cz/osobni/detail/kia/xcee-d/210243830
Kia XCeed 1.5 T-GDI (Crossover),560000,15706,2025,Benzín,1.5,T-GDI,,103,Automatická,,,,Ne,Hatchback,,Ano,"Záruka, Automat, ČR",Odstraněno,Sauto.cz,Ano,https://www.sauto.cz/osobni/detail/kia/xcee-d/210255449
Kia XCeed 1.5 T-GDI (Crossover),619980,5,2025,Benzín,1.6,T-GDI,,110,Automatická,Ano,,,Ne,CUV,,,STEEL EDITION,Odstraněno,Sauto.cz,Ano,https://www.sauto.cz/osobni/detail/kia/xcee-d/210267275
Kia XCeed 1.5 T-GDI (Crossover),620000,3298,2025,Benzín,1.5,T-GDI,,103,Automatická,,,,Ne,Hatchback,,Ano,"Záruka, Automat, ČR",Odstraněno,Sauto.cz,Ano,https://www.sauto.cz/osobni/detail/kia/xcee-d/210282284
Kia XCeed 1.6 GDI PHEV,560000,15698,2025,Benzín,1.5,T-GDI,PHEV,103,Automatická,,,,Ne,Hatchback,Exclusive,Ano,Záruka,Odstraněno,Sauto.cz,Ano,https://www.sauto.cz/osobni/detail/kia/xcee-d/210290315
Kia XCeed 1.5 T-GDI (Crossover),469000,33923,2022,Benzín,1.5,T-GDI,,118,Manuální,,,,Ne,Kombi,TOP,,(2021),Odstraněno,Sauto.cz,Ano,https://www.sauto.cz/osobni/detail/kia/xcee-d/210298619
Kia XCeed 1.5 T-GDI (Crossover),589980,1,2026,Benzín,1.6,T-GDI,,110,Automatická,,,,Ne,SUV,,,Steel Edition,Odstraněno,Sauto.cz,Ano,https://www.sauto.cz/osobni/detail/kia/xcee-d/210303947
Kia XCeed 1.6 GDI PHEV,579980,3150,2025,Benzín,1.6,,,132,Automatická,Ano,,,Ne,CUV,,,T STEEL EDITION,Odstraněno,Sauto.cz,Ano,https://www.sauto.cz/osobni/detail/kia/xcee-d/210308264
Kia XCeed 1.5 T-GDI (Crossover),596980,5,2026,Benzín,1.6,T-GDI,,132,Automatická,,,,Ne,CUV,,,STEEL EDITION,Odstraněno,Sauto.cz,Ano,https://www.sauto.cz/osobni/detail/kia/xcee-d/210310823
Kia XCeed 1.5 T-GDI (Crossover),596980,5,2026,Benzín,1.6,T-GDI,,132,Automatická,,,,Ne,CUV,,,STEEL EDITION,Odstraněno,Sauto.cz,Ano,https://www.sauto.cz/osobni/detail/kia/xcee-d/210310940
Kia XCeed 1.5 T-GDI (Crossover),596980,5,2026,Benzín,1.6,T-GDI,,132,Automatická,,,,Ne,CUV,,,STEEL EDITION,Odstraněno,Sauto.cz,Ano,https://www.sauto.cz/osobni/detail/kia/xcee-d/210311075
Kia XCeed 1.5 T-GDI (Crossover),587980,5,2026,Benzín,1.6,T-GDI,,110,Automatická,Ano,,,Ne,CUV,,,STEEL EDITION,Odstraněno,Sauto.cz,Ano,https://www.sauto.cz/osobni/detail/kia/xcee-d/210311252
Kia XCeed 1.5 T-GDI (Crossover),646980,5,2026,Benzín,1.6,T-GDI,,110,Automatická,Ano,,,Ne,CUV,GT-Line,,,Odstraněno,Sauto.cz,Ano,https://www.sauto.cz/osobni/detail/kia/xcee-d/210311462
Kia XCeed 1.6 GDI PHEV,589000,36000,2023,Benzín,1.6,,,150,Automatická,,,,Ne,Hatchback,TOP,,"TGD-I , VÝBAVA",Ojeté,Sauto.cz,Ano,
Kia XCeed 1.5 T-GDI (Crossover),500000,26110,2024,Benzín,1.5,T-GDI,,117,Manuální,,,,Ne,Hatchback,TOP,Ano,Záruka,Odstraněno,Sauto.cz,Ano,https://www.sauto.cz/osobni/detail/kia/xcee-d/210335207
Kia XCeed 1.5 T-GDI (Crossover),544900,30301,2023,Benzín,1.5,,,118,Automatická,,,,Ne,SUV,GT-Line,,--1.MAJITEL-ZÁRUKA,Odstraněno,Sauto.cz,Ano,https://www.sauto.cz/osobni/detail/kia/xcee-d/210344786
Kia XCeed 1.6 GDI PHEV,459000,39989,2022,Benzín,1.5,T-GDI,PHEV,118,Manuální,,Ano,,Ne,Hatchback,Exclusive,,(,Odstraněno,Sauto.cz,Ano,https://www.sauto.cz/osobni/detail/kia/xcee-d/210348314
Kia XCeed 1.5 T-GDI (Crossover),500000,96500,2023,Benzín,1.6,T-GDI,,150,Automatická,,,,Ne,Hatchback,GT Line,Ano,Záruka,Odstraněno,Sauto.cz,Ano,https://www.sauto.cz/osobni/detail/kia/xcee-d/210356162
Kia XCeed 1.5 T-GDI (Crossover),664900,,2026,Benzín,1.6,T-GDI,,132,Automatická,Ano,,,Ne,SUV,,,STEEL EDITION,Odstraněno,Sauto.cz,Ano,https://www.sauto.cz/osobni/detail/kia/xcee-d/210372815
Kia XCeed 1.5 T-GDI (Crossover),664900,,2026,Benzín,1.6,T-GDI,,132,Automatická,Ano,,,Ne,SUV,,,STEEL EDITION,Odstraněno,Sauto.cz,Ano,https://www.sauto.cz/osobni/detail/kia/xcee-d/210372818
Kia XCeed 1.6 GDI PHEV,624980,5,2026,Benzín,1.6,,,110,Automatická,,,,Ne,Hatchback,,,STEEL EDITION - K odběru IHNED,Odstraněno,Sauto.cz,Ano,https://www.sauto.cz/osobni/detail/kia/xcee-d/210377801
Kia XCeed 1.5 T-GDI (Crossover),619980,5,2026,Benzín,1.6,T-GDI,,132,Automatická,Ano,,,Ne,CUV,,,STEEL EDITION,Odstraněno,Sauto.cz,Ano,https://www.sauto.cz/osobni/detail/kia/xcee-d/210395834
Kia XCeed 1.5 T-GDI (Crossover),619980,5,2026,Benzín,1.6,T-GDI,,132,Automatická,Ano,,,Ne,CUV,,,STEEL EDITION,Odstraněno,Sauto.cz,Ano,https://www.sauto.cz/osobni/detail/kia/xcee-d/210395837
Kia XCeed 1.5 T-GDI (Crossover),619980,5,2026,Benzín,1.6,T-GDI,,132,Automatická,Ano,,,Ne,CUV,,,STEEL EDITION,Odstraněno,Sauto.cz,Ano,https://www.sauto.cz/osobni/detail/kia/xcee-d/210396266
Kia XCeed 1.5 T-GDI (Crossover),599980,5,2026,Benzín,1.6,T-GDI,,110,Automatická,Ano,,,Ne,CUV,,,STEEL EDITION,Odstraněno,Sauto.cz,Ano,https://www.sauto.cz/osobni/detail/kia/xcee-d/210396269
Kia XCeed 1.5 T-GDI (Crossover),599980,5,2026,Benzín,1.6,T-GDI,,110,Automatická,Ano,,,Ne,CUV,,,STEEL EDITION,Odstraněno,Sauto.cz,Ano,https://www.sauto.cz/osobni/detail/kia/xcee-d/210396275
Kia XCeed 1.6 GDI PHEV,609900,5,2026,Benzín,1.6,,,110,Automatická,Ano,,,Ne,Hatchback,,,"STEEL EDITION ""LÉTO26""",Odstraněno,Sauto.cz,Ano,https://www.sauto.cz/osobni/detail/kia/xcee-d/210396344
Kia XCeed 1.5 T-GDI (Crossover),599980,5,2026,Benzín,1.6,T-GDI,,110,Automatická,Ano,,,Ne,CUV,,,STEEL EDITION,Odstraněno,Sauto.cz,Ano,https://www.sauto.cz/osobni/detail/kia/xcee-d/210396530
Kia XCeed 1.6 GDI PHEV,609900,5,2026,Benzín,1.6,,,110,Automatická,Ano,,,Ne,Hatchback,,,"STEEL EDITION ""LÉTO26""",Odstraněno,Sauto.cz,Ano,https://www.sauto.cz/osobni/detail/kia/xcee-d/210396569
Kia XCeed 1.6 GDI PHEV,609900,5,2026,Benzín,1.6,,,110,Automatická,Ano,,,Ne,Hatchback,,,"STEEL EDITION ""LÉTO26""",Odstraněno,Sauto.cz,Ano,https://www.sauto.cz/osobni/detail/kia/xcee-d/210396572
Kia XCeed 1.5 T-GDI (Crossover),425000,47151,2022,Benzín,1.5,T-GDI,PHEV,118,Manuální,,,,Ne,SUV,Exclusive,,NAVI,Odstraněno,Sauto.cz,Ano,https://www.sauto.cz/osobni/detail/kia/xcee-d/210403859
Kia XCeed 1.5 T-GDI (Crossover),609980,5,2026,Benzín,1.6,T-GDI,,110,Automatická,Ano,,,Ne,CUV,,,STEEL ED,Odstraněno,Sauto.cz,Ano,https://www.sauto.cz/osobni/detail/kia/xcee-d/210413054
Kia XCeed 1.5 T-GDI (Crossover),500000,23410,2023,Benzín,1.5,T-GDI,,117,Automatická,,,,Ne,Hatchback,TOP,,"Automat, ČR",Odstraněno,Sauto.cz,Ano,https://www.sauto.cz/osobni/detail/kia/xcee-d/210414050
Kia XCeed 1.5 T-GDI (Crossover),619900,,2026,Benzín,1.6,T-GDI,,132,Automatická,,,,Ne,Hatchback,,,STEEL EDITION,Nové,Sauto.cz,Ano,
Kia XCeed 1.5 T-GDI (Crossover),409000,86000,2021,Benzín,1.5,T-GDI,,118,Automatická,,,,Ne,Hatchback,TOP,,"ČR,DPH,AT",Ojeté,Sauto.cz,Ano,
Kia XCeed 1.6 GDI PHEV,380000,63650,2021,Nafta,1.6,CRDi,MHEV,100,Automatická,,,,Ne,Hatchback,TOP,,Automat,Odstraněno,Sauto.cz,Ano,https://www.sauto.cz/osobni/detail/kia/xcee-d/210421262
Kia XCeed 1.5 T-GDI (Crossover),439900,31936,2022,Benzín,1.5,T-GDI,,117,Manuální,,,,Ne,Hatchback,,,.,Odstraněno,Sauto.cz,Ano,https://www.sauto.cz/osobni/detail/kia/xcee-d/210428144
Kia XCeed 1.5 T-GDI (Crossover),599980,5,2026,Benzín,1.6,T-GDI,,110,Automatická,Ano,,,Ne,CUV,,,STEEL EDITION,Odstraněno,Sauto.cz,Ano,https://www.sauto.cz/osobni/detail/kia/xcee-d/210440450
Kia XCeed 1.5 T-GDI (Crossover),560000,45000,2023,Benzín,1.5,,,118,Automatická,,,,Ne,SUV,,,,Odstraněno,Sauto.cz,Ano,https://www.sauto.cz/osobni/detail/kia/xcee-d/210478241
Kia XCeed 1.5 T-GDI (Crossover),479900,82340,2022,Benzín,1.6,,,150,Automatická,,,,Ne,SUV,,,,Ojeté,Sauto.cz,Ano,
Kia XCeed 1.5 T-GDI (Crossover),490000,47144,2023,Benzín,1.5,T-GDI,,117,Automatická,,,,Ne,Hatchback,,Ano,"Záruka, Automat",Ojeté,Sauto.cz,Ano,
Kia XCeed 1.5 T-GDI (Crossover),409999,55807,2022,Benzín,1.5,T-GDI,PHEV,117,Manuální,,,,Ne,SUV,Exclusive,,CZ,Ojeté,Sauto.cz,Ano,
Kia XCeed 1.5 T-GDI (Crossover),460000,28022,2024,Benzín,1.5,T-GDI,,118,Automatická,,,,Ne,Hatchback,TOP,,"Automat, ČR",Ojeté,Sauto.cz,Ano,
Kia XCeed 1.6 GDI PHEV,597980,5,2026,Benzín,1.6,T-GDI,PHEV,110,Automatická,,,,Ne,Hatchback,Exclusive,,110 K,Nové,Sauto.cz,Ano,
Kia XCeed 1.6 GDI PHEV,583980,5,2026,Benzín,1.6,T-GDI,PHEV,110,Automatická,,,,Ne,Hatchback,Exclusive,,110 K,Nové,Sauto.cz,Ano,
Kia XCeed 1.5 T-GDI (Crossover),593980,2000,2026,Benzín,1.6,T-GDI,,110,Automatická,,Ano,,Ne,Hatchback,,,STEEL EDITI,Nové,Sauto.cz,Ano,
Land Rover Discovery Sport D165 MHEV,569555,82300,2021,Nafta,2.0,,,110,Automatická,,,,Ano,SUV,,,LED NAVI TAŽNÉ PLNÁ ZÁRUKA,Ojeté,Sauto.cz,Ano,
Land Rover Discovery Sport D165 MHEV,548999,96723,2021,Nafta,2.0,,,110,Automatická,,,,Ano,SUV,,,D 4WD CZ 1Maj,Ojeté,Sauto.cz,Ano,
Land Rover Range Rover Evoque 2.0,749000,84175,2022,Nafta,2.0,,,120,Automatická,,,,Ano,SUV,,,D165 SE AT ČR DPH,Odstraněno,Sauto.cz,Ano,https://www.sauto.cz/osobni/detail/land-rover/range-rover-evoque/209233851
Lexus LBX 1.5,689415,12465,2025,Benzín,1.5,,,100,Automatická,,,,Ne,Hatchback,,,,Odstraněno,Sauto.cz,Ne,https://www.sauto.cz/osobni/detail/lexus/lbx/210489137
Mazda 3 Hatchback 2.0 e-Skyactiv G,629900,12000,2025,Benzín,2.5,,,103,Automatická,,,,Ne,Hatchback,,,G140 6AT 4x2 Nagisa,Předváděcí,Sauto.cz,Ano,
Mazda 3 Hatchback 2.0 e-Skyactiv G,719900,3000,2025,Benzín,2.0,,,137,Automatická,,,,Ne,Hatchback,,,X186 6AT 4x2 Homura,Předváděcí,Sauto.cz,Ano,
Mazda 3 Hatchback 2.0 e-Skyactiv G,599900,7380,2025,Benzín,2.5,,,103,Automatická,,,,Ne,Hatchback,,,G140 AT Homura 6L. ZÁR. ČR,Odstraněno,Sauto.cz,Ano,https://www.sauto.cz/osobni/detail/mazda/3/208383176
Mazda 3 Hatchback 2.0 e-Skyactiv G,584999,9378,2024,Benzín,2.0,SKYACTIV-G,PHEV,110,Manuální,,,,Ne,Hatchback,Exclusive,,e-150,Odstraněno,Sauto.cz,Ano,https://www.sauto.cz/osobni/detail/mazda/3/210053939
Mazda 3 Hatchback 2.0 e-Skyactiv G,693600,5,2025,Benzín,2.5,,,103,Automatická,,,,Ne,Hatchback,,,G140 Centre-Line AT,Odstraněno,Sauto.cz,Ano,https://www.sauto.cz/osobni/detail/mazda/3/210176411
Mazda 3 Hatchback 2.0 e-Skyactiv G,489900,64230,2022,Benzín,2.0,,,110,Manuální,,,,Ne,Hatchback,,,"i ACC, P.KAMERA",Odstraněno,Sauto.cz,Ano,https://www.sauto.cz/osobni/detail/mazda/3/210304232
Mazda 3 Hatchback 2.0 e-Skyactiv G,530000,46598,2022,Benzín,2.0,,PHEV,137,Automatická,,,,Ne,Hatchback,,,"e-Skyactiv X, NOVÁ CENA",Odstraněno,Sauto.cz,Ano,https://www.sauto.cz/osobni/detail/mazda/3/210356414
Mazda 3 Hatchback 2.0 e-Skyactiv G,579000,50000,2024,Benzín,2.0,,,110,Automatická,,,,Ne,Hatchback,,,"i, PPF folie",Ojeté,Sauto.cz,Ano,
Mazda 3 Hatchback 2.0 e-Skyactiv G,599900,42595,2025,Benzín,2.5,,,103,Manuální,,,,Ne,Hatchback,,,L G140 6MT FWD Centre-Line,Odstraněno,Sauto.cz,Ano,https://www.sauto.cz/osobni/detail/mazda/3/210439238
Mazda 3 Hatchback 2.0 e-Skyactiv G,495000,85000,2021,Benzín,2.0,,PHEV,137,Manuální,,,,Ne,Hatchback,,,Mazda 3 e-Skyactiv X186,Ojeté,Sauto.cz,Ano,
Mazda 3 Hatchback 2.0 e-Skyactiv G,649000,11000,2025,Benzín,2.5,,PHEV,103,Automatická,,,,Ne,Hatchback,Exclusive,,-Line L,Ojeté,Sauto.cz,Ano,
Mazda 3 Hatchback 2.0 e-Skyactiv G,560000,63021,2022,Benzín,2.0,,PHEV,137,Automatická,,,,Ne,Hatchback,,,"e-Skyactiv X, Automat, ČR",Ojeté,Sauto.cz,Ano,
Mazda 3 Sedan 2.0 e-Skyactiv X,522999,41323,2024,Benzín,2.0,,PHEV,110,Automatická,,,,Ne,Sedan/limuzína,,,Prime-line e-Skyactiv G150,Ojeté,Sauto.cz,Ano,
Mazda 6 Wagon 2.5 Skyactiv-G (Kombi),659000,30497,2023,Benzín,2.0,,,121,Automatická,,,,Ne,Kombi,,Ano,Záruka 2029,Ojeté,Sauto.cz,Ano,
Mazda 6 Wagon 2.5 Skyactiv-G (Kombi),749900,41279,2024,Benzín,2.5,,,143,Automatická,,,,Ne,Kombi,,,i AT Revolution 1.ČR,Ojeté,Sauto.cz,Ano,
Mazda 6 Wagon 2.5 Skyactiv-G (Kombi),732050,19877,2024,Benzín,2.0,,,121,Automatická,,,,Ne,Kombi,,,i Center Line*Navi*,Odstraněno,Sauto.cz,Ano,https://www.sauto.cz/osobni/detail/mazda/6/210330977
Mazda 6 Wagon 2.5 Skyactiv-G (Kombi),660000,37500,2022,Benzín,2.5,SKYACTIV-G,PHEV,143,Automatická,,,,Ne,Kombi,,,Takumi,Odstraněno,Sauto.cz,Ano,https://www.sauto.cz/osobni/detail/mazda/6/210346625
Mazda 6 Wagon 2.5 Skyactiv-G (Kombi),650000,36060,2023,Benzín,2.0,,,121,Manuální,,,,Ne,Kombi,,,i REVOLUTION,Ojeté,Sauto.cz,Ano,
Mazda 6 Wagon 2.5 Skyactiv-G (Kombi),709999,47789,2023,Benzín,2.5,SKYACTIV-G,PHEV,143,Automatická,,,,Ne,Kombi,,,Takumi 194k AT,Ojeté,Sauto.cz,Ano,
Mazda CX-30 2.0 e-Skyactiv G,659900,20000,2025,Benzín,2.0,,,137,Manuální,,,,Ne,SUV,,,X186 6MT 4x2 Centre-Line S,Předváděcí,Sauto.cz,Ano,
Mazda CX-30 2.0 e-Skyactiv G,739900,2500,2026,Benzín,2.5,,,103,Automatická,,,,Ne,SUV,,,G140 6AT 4x2 Homura,Předváděcí,Sauto.cz,Ano,
Mazda CX-30 2.0 e-Skyactiv G,719990,5,2026,Benzín,2.5,,,103,Automatická,,,,Ne,SUV,,,G140 6AT FWD CENTRE LINE,Nové,Sauto.cz,Ano,
Mazda CX-30 2.0 e-Skyactiv G,699990,5,2026,Benzín,2.5,,,103,Manuální,,,,Ne,CUV,,,G140 6AT FWD CENTRE LINE,Nové,Sauto.cz,Ano,
Mazda CX-30 2.0 e-Skyactiv G,649990,5,2025,Benzín,2.5,,,103,Manuální,,,,Ne,CUV,,,G140 6MT FWD CENTRE LINE,Nové,Sauto.cz,Ano,
Mazda CX-30 2.0 e-Skyactiv G,520000,93025,2021,Benzín,2.0,,,137,Automatická,,,,Ano,SUV,,,"X186 AT GT Plus, Bose",Odstraněno,Sauto.cz,Ano,https://www.sauto.cz/osobni/detail/mazda/cx-30/210193436
Mazda CX-30 2.0 e-Skyactiv G,684290,5,2026,Benzín,2.5,,,103,Manuální,,,,Ne,SUV,,,"140 PS, Center-line, AKCE!",Odstraněno,Sauto.cz,Ano,https://www.sauto.cz/osobni/detail/mazda/cx-30/210306728
Mazda CX-30 2.0 e-Skyactiv G,729000,29820,2023,Benzín,2.0,,PHEV,137,Automatická,,,,Ano,SUV,,,e-Skyactiv X186 AT GT Plus,Odstraněno,Sauto.cz,Ano,https://www.sauto.cz/osobni/detail/mazda/cx-30/210324986
Mazda CX-30 2.0 e-Skyactiv G,729290,6,2026,Benzín,2.5,,PHEV,103,Manuální,,,,Ne,SUV,Exclusive,,140ps 6MT FWD -Li,Odstraněno,Sauto.cz,Ano,https://www.sauto.cz/osobni/detail/mazda/cx-30/210330410
Mazda CX-30 2.0 e-Skyactiv G,713290,10,2026,Benzín,2.0,,,137,Manuální,,,,Ne,SUV,,,Mazda CX-30 L e-X 186ps 6MT,Odstraněno,Sauto.cz,Ano,https://www.sauto.cz/osobni/detail/mazda/cx-30/210403550
Mazda CX-30 2.0 e-Skyactiv G,659900,15000,2022,Benzín,2.0,,,110,Automatická,,,,Ano,SUV,,,G150 AT 15 000km! ČR,Ojeté,Sauto.cz,Ano,
Mazda CX-30 2.0 e-Skyactiv G,739000,1,2026,Benzín,2.5,,,103,Automatická,,,,Ne,SUV,,,l G140 A T Center-Line,Odstraněno,Sauto.cz,Ano,https://www.sauto.cz/osobni/detail/mazda/cx-30/210420404
Mazda CX-30 2.0 e-Skyactiv G,549990,78521,2022,Benzín,2.0,,,137,Automatická,,,,Ano,Kombi,,,"i GT-Plus AUT,ČR",Odstraněno,Sauto.cz,Ano,https://www.sauto.cz/osobni/detail/mazda/cx-30/210424085
Mazda CX-30 2.0 e-Skyactiv G,600000,39398,2021,Benzín,2.0,SKYACTIV-G,PHEV,110,Automatická,,,,Ne,SUV,,,GT 180,Odstraněno,Sauto.cz,Ano,https://www.sauto.cz/osobni/detail/mazda/cx-30/210433430
Mazda CX-30 2.0 e-Skyactiv G,480000,55448,2021,Benzín,2.0,,,110,Manuální,,,,Ne,SUV,,,"i,LED,ACC",Odstraněno,Sauto.cz,Ano,https://www.sauto.cz/osobni/detail/mazda/cx-30/210478079
Mazda CX-30 2.0 e-Skyactiv G,549900,54950,2023,Benzín,2.0,,,110,Manuální,,,,Ne,SUV,,Ano,G150 Homura 6let Záruka,Ojeté,Sauto.cz,Ano,
Mazda CX-5 2.0 Skyactiv-G (Oprava CX-5),699000,51900,2023,Benzín,2.0,,,121,Manuální,,,,Ano,SUV,,,"i ,Center-Line, KON+POH",Odstraněno,Sauto.cz,Ano,https://www.sauto.cz/osobni/detail/mazda/cx-5/192947571
Mazda CX-5 2.0 Skyactiv-G (Oprava CX-5),738999,99090,2022,Benzín,2.5,,,143,Automatická,,,,Ano,SUV,TOP,,G194 Aut. DPH CZ,Ojeté,Sauto.cz,Ano,
Mazda CX-5 2.0 Skyactiv-G (Oprava CX-5),575000,99769,2022,Benzín,2.0,,,121,Manuální,,,,Ne,SUV,,,i G-165 LED Navi Kamera 360,Odstraněno,Sauto.cz,Ano,https://www.sauto.cz/osobni/detail/mazda/cx-5/210259199
Mazda CX-5 2.0 Skyactiv-G (Oprava CX-5),740193,48146,2021,Nafta,2.2,,,135,Manuální,,,,Ne,SUV,,,GS DIESEL SPORTS,Odstraněno,Sauto.cz,Ano,https://www.sauto.cz/osobni/detail/mazda/cx-5/210272711
Mazda CX-5 2.0 Skyactiv-G (Oprava CX-5),549900,71496,2022,Benzín,2.0,Sky-G,,121,Manuální,,,,Ne,SUV,,,165k Advantage Navi,Ojeté,Sauto.cz,Ano,
Mazda CX-5 2.0 Skyactiv-G (Oprava CX-5),519900,79830,2021,Benzín,2.0,,,121,Manuální,,,,Ano,SUV,,,G165 MT 1.majitel.ČR,Odstraněno,Sauto.cz,Ano,https://www.sauto.cz/osobni/detail/mazda/cx-5/210372944
Mazda CX-5 2.0 Skyactiv-G (Oprava CX-5),639990,76320,2023,Nafta,2.2,,,135,Automatická,,,,Ano,SUV,,,D184 AT Takumi 1. MAJ,Odstraněno,Sauto.cz,Ano,https://www.sauto.cz/osobni/detail/mazda/cx-5/210382982
Mazda CX-5 2.0 Skyactiv-G (Oprava CX-5),568900,92860,2022,Benzín,2.0,,,121,Automatická,,,,Ano,SUV,,,G165 AT Navi.KAMERA,Odstraněno,Sauto.cz,Ano,https://www.sauto.cz/osobni/detail/mazda/cx-5/210409151
Mazda CX-5 2.0 Skyactiv-G (Oprava CX-5),679000,41600,2022,Benzín,2.5,SKYACTIV-G,PHEV,143,Automatická,,,,Ne,SUV,,,"i , 42000km",Ojeté,Sauto.cz,Ano,
Mazda CX-5 2.0 Skyactiv-G (Oprava CX-5),699900,67852,2021,Benzín,2.5,,,143,Automatická,,,,Ano,SUV,TOP,,"i A T,REVOLUTION",Ojeté,Sauto.cz,Ano,
Mercedes-Benz CLA Coupé 180,729630,17030,2024,Benzín,1.3,,,100,Automatická,,,,Ne,Kombi,,,180 Shooting Brake*Kamera*Navi,Odstraněno,Sauto.cz,Ano,https://www.sauto.cz/osobni/detail/mercedes-benz/cla/210275462
Mercedes-Benz CLA Coupé 180,699999,45000,2022,Benzín,1.3,,,120,Automatická,,,,Ne,Kombi,,,200 AMG Line Shooting Brake|ČR,Ojeté,Sauto.cz,Ano,
Mercedes-Benz CLA Coupé 180,670000,61858,2021,Benzín,1.3,,,120,Automatická,,,,Ne,Kombi,,,"200, NOVÁ CENA, Automat",Odstraněno,Sauto.cz,Ano,https://www.sauto.cz/osobni/detail/mercedes-benz/cla/210387248
Mercedes-Benz GLA 2.0,729999,9200,2023,Benzín,2.0,,,165,,,,,Ano,SUV,,,4 MATIC 250,Odstraněno,Sauto.cz,Ano,https://www.sauto.cz/osobni/detail/mercedes-benz/gla/210134420
Mercedes-Benz GLA 2.0,750000,45895,2023,Nafta,1.9,,,110,Automatická,,,,Ano,SUV,,,"200 d , NOVÁ CENA",Odstraněno,Sauto.cz,Ano,https://www.sauto.cz/osobni/detail/mercedes-benz/gla/210321983
Mercedes-Benz GLB 200 (5místná verze),699999,83111,2021,Nafta,1.9,,,140,Automatická,,,,Ne,SUV,,,220d Progr. Line BURM.,Odstraněno,Sauto.cz,Ano,https://www.sauto.cz/osobni/detail/mercedes-benz/glb/209123790
Mercedes-Benz GLB 200 (5místná verze),719990,91000,2021,Nafta,1.9,,,110,Automatická,,,,Ano,SUV,,,200d AMG AT 150 PS Led,Ojeté,Sauto.cz,Ano,
Mercedes-Benz GLB 200 (5místná verze),699000,42160,2022,Benzín,1.3,,PHEV,100,Automatická,,,,Ne,SUV,,,180 PROGRESSIVE,Odstraněno,Sauto.cz,Ano,https://www.sauto.cz/osobni/detail/mercedes-benz/glb/210265865
Mercedes-Benz GLB 200 (5místná verze),749900,81470,2022,Nafta,1.9,,,110,Automatická,,,,Ano,SUV,,,200d ČR 1.Maj,Odstraněno,Sauto.cz,Ano,https://www.sauto.cz/osobni/detail/mercedes-benz/glb/210343190
Mercedes-Benz GLA 2.0,664983,78425,2022,Nafta,1.9,,,110,Automatická,,,,Ne,SUV,,,,Odstraněno,Sauto.cz,Ano,https://www.sauto.cz/osobni/detail/mercedes-benz/ostatni/210171617
Mercedes-Benz Třídy A Hatchback 180,695000,40487,2021,Benzín,1.3,,,100,Automatická,,,,Ne,Hatchback,,,"180 AMG, původ ČR, 1.Majitel",Ojeté,Sauto.cz,Ano,
Mercedes-Benz Třídy A Hatchback 180,689000,46028,2024,Nafta,1.9,,,110,Automatická,,,,Ne,Hatchback,,,"A200D,NIGHT,AMG,ČR,DPH,ZÁRUKA",Ojeté,Sauto.cz,Ano,
Mercedes-Benz Třídy A Sedan 180,499000,61100,2022,Benzín,1.3,,,100,Manuální,,,,Ne,Sedan/limuzína,,,"A 180,CZ,1.majitel",Odstraněno,Sauto.cz,Ano,https://www.sauto.cz/osobni/detail/mercedes-benz/tridy-a/210203957
Mercedes-Benz Třídy A Sedan 180,730840,5910,2024,Benzín,1.3,,PHEV,100,Automatická,,,,Ne,Sedan/limuzína,,,180 Progressive*MBUX*Kamera*,Odstraněno,Sauto.cz,Ano,https://www.sauto.cz/osobni/detail/mercedes-benz/tridy-a/210265352
Mercedes-Benz Třídy A Hatchback 180,695750,14117,2025,Benzín,1.3,,PHEV,120,Automatická,,,,Ne,Hatchback,,,A 200 Progressive,Odstraněno,Sauto.cz,Ano,https://www.sauto.cz/osobni/detail/mercedes-benz/tridy-a/210278588
Mercedes-Benz Třídy A Hatchback 180,599000,58900,2021,Benzín,1.3,,,100,Automatická,,,,Ne,Hatchback,,,A 180,Odstraněno,Sauto.cz,Ano,https://www.sauto.cz/osobni/detail/mercedes-benz/tridy-a/210336323
Mercedes-Benz Třídy A Hatchback 180,664290,44434,2024,Benzín,1.3,,PHEV,120,Automatická,,,,Ne,Hatchback,,,A 200 Progressive linie,Odstraněno,Sauto.cz,Ano,https://www.sauto.cz/osobni/detail/mercedes-benz/tridy-a/210369050
Mercedes-Benz Třídy A Hatchback 180,599000,76503,2021,Benzín,1.3,,,120,Automatická,,,,Ne,Hatchback,,,200 AMG ACC LED BURMESTER CZ,Odstraněno,Sauto.cz,Ano,https://www.sauto.cz/osobni/detail/mercedes-benz/tridy-a/210390533
Mercedes-Benz Třídy A Hatchback 180,645000,47158,2023,Benzín,1.3,,,100,Automatická,,,,Ne,Hatchback,,,"180, Automat, ČR,1.maj",Odstraněno,Sauto.cz,Ano,https://www.sauto.cz/osobni/detail/mercedes-benz/tridy-a/210392936
Mercedes-Benz Třídy B 180 (MPV),664290,21738,2024,Benzín,1.3,,,120,Automatická,,,,Ne,MPV,,,200,Ojeté,Sauto.cz,Ano,
Mercedes-Benz Třídy B 180 (MPV),615000,35256,2021,Nafta,1.9,,,110,Automatická,,,,Ano,MPV,,,"200 d , AMG line",Odstraněno,Sauto.cz,Ano,https://www.sauto.cz/osobni/detail/mercedes-benz/tridy-b/208967661
Mercedes-Benz Třídy A Hatchback 180,554999,54001,2021,Nafta,1.9,,,110,Automatická,,,,Ne,Hatchback,,,200d Aut. LED CZ,Odstraněno,Sauto.cz,Ano,https://www.sauto.cz/osobni/detail/mercedes-benz/tridy-b/209855943
Mercedes-Benz Třídy A Hatchback 180,628000,20261,2025,Benzín,1.3,,,120,Automatická,,,,Ne,Hatchback,,,CARPLAY KAMERA1M ČR,Ojeté,Sauto.cz,Ano,
Mercedes-Benz Třídy B 180 (MPV),580000,74201,2023,Nafta,1.9,,,110,Automatická,,,,Ne,MPV,,,"200 d, Automat, ČR,1.maj, Kůže",Odstraněno,Sauto.cz,Ano,https://www.sauto.cz/osobni/detail/mercedes-benz/tridy-b/210194513
Mercedes-Benz Třídy B 180 (MPV),741730,20082,2025,Benzín,1.3,,PHEV,100,Automatická,,,,Ne,MPV,,,180 Progressive Advanced*Navi*,Odstraněno,Sauto.cz,Ano,https://www.sauto.cz/osobni/detail/mercedes-benz/tridy-b/210235676
Mercedes-Benz Třídy B 180 (MPV),640000,36746,2021,Nafta,1.9,,,140,Automatická,,,,Ano,MPV,,,"220 d , Automat",Odstraněno,Sauto.cz,Ano,https://www.sauto.cz/osobni/detail/mercedes-benz/tridy-b/210361859
Mercedes-Benz Třídy A Hatchback 180,700590,30900,2024,Benzín,1.3,,PHEV,120,Automatická,,,,Ne,Hatchback,,,B 200Progressive Edition,Odstraněno,Sauto.cz,Ano,https://www.sauto.cz/osobni/detail/mercedes-benz/tridy-b/210384920
Mercedes-Benz C 220d,735000,42158,2022,Nafta,2.0,,,147,Automatická,,,,Ano,Kombi,,Ano,- záruka Autodraft,Ojeté,Sauto.cz,Ano,
Mercedes-Benz Třídy A Hatchback 180,700000,84455,2022,Nafta,1.6,,,118,Automatická,,,,Ne,Kombi,,,"200 d, NOVÁ CENA, Automat",Odstraněno,Sauto.cz,Ano,https://www.sauto.cz/osobni/detail/mercedes-benz/tridy-e/210300875
MG HS 1.5 T-GDI (Zážehový motor),719990,5,2026,Benzín,1.5,,PHEV,125,Automatická,,,,Ne,SUV,Exclusive,,"AT, Hnědý int.",Odstraněno,Sauto.cz,Ano,https://www.sauto.cz/osobni/detail/mg/hs/208731152
MG HS 1.5 T-GDI (Zážehový motor),669000,5,2025,Benzín,1.5,,PHEV,125,Manuální,,,,Ne,SUV,Exclusive,,"MT, Hnědý int.",Odstraněno,Sauto.cz,Ano,https://www.sauto.cz/osobni/detail/mg/hs/209003301
MG HS 1.5 T-GDI (Zážehový motor),624989,5,2025,Benzín,1.5,,,125,Manuální,,,,Ne,SUV,,,EMOTION T MT6 ( 170k),Odstraněno,Sauto.cz,Ano,https://www.sauto.cz/osobni/detail/mg/hs/209168253
MG HS 1.5 T-GDI (Zážehový motor),679900,,2025,Benzín,1.5,,,125,Automatická,Ano,,,Ne,SUV,,,EMOTION T 4×2,Nové,Sauto.cz,Ano,
MG HS 1.5 T-GDI (Zážehový motor),739989,5000,2025,Benzín,1.5,,PHEV,125,Automatická,,,,Ne,SUV,Exclusive,,T AT7 ( 170k,Odstraněno,Sauto.cz,Ano,https://www.sauto.cz/osobni/detail/mg/hs/209619498
MG HS 1.5 T-GDI (Zážehový motor),389900,88530,2023,Benzín,1.5,,,119,Automatická,,,,Ne,SUV,,Ano,TGi AT Excite 7L.Záruka ČR,Odstraněno,Sauto.cz,Ano,https://www.sauto.cz/osobni/detail/mg/hs/209728164
MG HS 1.5 T-GDI (Zážehový motor),703489,5,2025,Benzín,1.5,,,125,Automatická,,,,Ne,SUV,,,EMOTION T AT7 ( 170k),Odstraněno,Sauto.cz,Ano,https://www.sauto.cz/osobni/detail/mg/hs/209779242
MG HS 1.5 T-GDI (Zážehový motor),690000,10,2026,Benzín,1.5,,PHEV,125,Automatická,,,,Ne,SUV,Exclusive,,TGi AT 170HP,Odstraněno,Sauto.cz,Ano,https://www.sauto.cz/osobni/detail/mg/hs/210044511
MG HS 1.5 T-GDI (Zážehový motor),669000,26,2024,Benzín,1.5,T-GDI,,119,Automatická,,,,Ne,Hatchback,,,,Odstraněno,Sauto.cz,Ano,https://www.sauto.cz/osobni/detail/mg/hs/210071459
MG HS 1.5 T-GDI (Zážehový motor),444447,5869,2023,Benzín,1.5,,,119,Manuální,,,,Ne,SUV,,,,Odstraněno,Sauto.cz,Ano,https://www.sauto.cz/osobni/detail/mg/hs/210178265
MG HS 1.5 T-GDI (Zážehový motor),517000,4702,2024,Benzín,1.5,,,119,Automatická,,,,Ne,SUV,,Ano,"TGI, Záruka, Automat",Odstraněno,Sauto.cz,Ano,https://www.sauto.cz/osobni/detail/mg/hs/210195881
MG HS 1.5 T-GDI (Zážehový motor),480000,23258,2024,Benzín,1.5,,,119,Manuální,,,,Ne,SUV,,Ano,"TGI, Záruka, NOVÁ CENA, ČR",Odstraněno,Sauto.cz,Ano,https://www.sauto.cz/osobni/detail/mg/hs/210209900
MG HS 1.5 T-GDI (Zážehový motor),660000,15430,2024,Benzín,1.5,,,125,Automatická,,,,Ne,SUV,,Ano,"TGI, Záruka, NOVÁ CENA",Odstraněno,Sauto.cz,Ano,https://www.sauto.cz/osobni/detail/mg/hs/210225596
MG HS 1.5 T-GDI (Zážehový motor),599900,14950,2024,Benzín,1.5,,,125,Manuální,,,,Ne,SUV,,,T TGI EMOTION MAN6*DPH,Ojeté,Sauto.cz,Ano,
MG HS 1.5 T-GDI (Zážehový motor),690000,1500,2026,Benzín,1.5,,PHEV,125,Automatická,Ano,,,Ne,SUV,Exclusive,,TGi,Odstraněno,Sauto.cz,Ano,https://www.sauto.cz/osobni/detail/mg/hs/210275867
MG HS 1.5 T-GDI (Zážehový motor),637053,22049,2025,Benzín,1.5,,,125,Automatická,,,,Ne,SUV,,,,Odstraněno,Sauto.cz,Ano,https://www.sauto.cz/osobni/detail/mg/hs/210278615
MG HS 1.5 T-GDI (Zážehový motor),500000,23633,2024,Benzín,1.5,,,119,Manuální,,,,Ne,SUV,,Ano,"TGI, Emotion, Záruka, ČR",Odstraněno,Sauto.cz,Ano,https://www.sauto.cz/osobni/detail/mg/hs/210283511
MG HS 1.5 T-GDI (Zážehový motor),679900,4500,2025,Benzín,1.5,,PHEV,125,Automatická,Ano,,,Ne,SUV,Exclusive,,T 4×2,Odstraněno,Sauto.cz,Ano,https://www.sauto.cz/osobni/detail/mg/hs/210290750
MG HS 1.5 T-GDI (Zážehový motor),519900,12087,2024,Benzín,1.5,,,119,Manuální,,,,Ne,SUV,,,TGi Essential,Odstraněno,Sauto.cz,Ano,https://www.sauto.cz/osobni/detail/mg/hs/210292262
MG HS 1.5 T-GDI (Zážehový motor),619520,14728,2025,Benzín,1.5,GDI,,125,Automatická,Ano,,,Ne,SUV,Comfort,,Turbo,Odstraněno,Sauto.cz,Ano,https://www.sauto.cz/osobni/detail/mg/hs/210294338
MG HS 1.5 T-GDI (Zážehový motor),619520,13364,2025,Benzín,1.5,GDI,,125,Automatická,Ano,,,Ne,SUV,Comfort,,Turbo *Navi,Odstraněno,Sauto.cz,Ano,https://www.sauto.cz/osobni/detail/mg/hs/210294629
MG HS 1.5 T-GDI (Zážehový motor),480000,37933,2023,Benzín,1.5,,,119,Automatická,,,,Ne,SUV,,Ano,"TGI, Excite, Záruka",Odstraněno,Sauto.cz,Ano,https://www.sauto.cz/osobni/detail/mg/hs/210307733
MG HS 1.5 T-GDI (Zážehový motor),540000,26279,2024,Benzín,1.5,,,119,Automatická,,,,Ne,SUV,,,"TGI, Automat, Serv.kniha",Odstraněno,Sauto.cz,Ano,https://www.sauto.cz/osobni/detail/mg/hs/210313970
MG HS 1.5 T-GDI (Zážehový motor),450000,21970,2024,Benzín,1.5,,,119,Manuální,,,,Ne,SUV,Elegance,,"TGI, ČR,1.maj",Odstraněno,Sauto.cz,Ano,https://www.sauto.cz/osobni/detail/mg/hs/210317225
MG HS 1.5 T-GDI (Zážehový motor),499999,38000,2023,Benzín,1.5,,,119,Automatická,Ano,,,Ne,Hatchback,,Ano,"MG HS, T EXCITE , Záruk",Ojeté,Sauto.cz,Ano,
MG HS 1.5 T-GDI (Zážehový motor),500000,20184,2024,Benzín,1.5,,,119,Manuální,,,,Ne,SUV,,,"TGI, ČR,1.maj, Serv.kniha",Odstraněno,Sauto.cz,Ano,https://www.sauto.cz/osobni/detail/mg/hs/210376619
MG HS 1.5 T-GDI (Zážehový motor),480000,36363,2024,Benzín,1.5,,,119,Automatická,,,,Ne,SUV,,,"TGI, NOVÁ CENA, Automat",Odstraněno,Sauto.cz,Ano,https://www.sauto.cz/osobni/detail/mg/hs/210385379
MG HS 1.5 T-GDI (Zážehový motor),674900,,2024,Benzín,1.5,,PHEV,125,Manuální,,,,Ne,SUV,Exclusive,,TGI 6MT,Odstraněno,Sauto.cz,Ano,https://www.sauto.cz/osobni/detail/mg/hs/210413111
MG HS 1.5 T-GDI (Zážehový motor),694900,,2025,Benzín,1.5,,PHEV,125,Automatická,Ano,,,Ne,SUV,Exclusive,,TGI,Odstraněno,Sauto.cz,Ano,https://www.sauto.cz/osobni/detail/mg/hs/210413168
MG HS 1.5 T-GDI (Zážehový motor),369000,89491,2023,Benzín,1.5,,PHEV,119,Manuální,,,,Ne,SUV,Exclusive,,TGI **Panoram,Odstraněno,Sauto.cz,Ano,https://www.sauto.cz/osobni/detail/mg/hs/210432122
MG HS 1.5 T-GDI (Zážehový motor),460000,19644,2023,Benzín,1.5,,,119,Manuální,,,,Ne,SUV,,Ano,"TGI, Záruka, ČR,1.maj",Odstraněno,Sauto.cz,Ano,https://www.sauto.cz/osobni/detail/mg/hs/210477143
MG HS 1.5 T-GDI (Zážehový motor),725000,4,2026,Benzín,1.5,,PHEV,125,Automatická,,,,Ne,SUV,Exclusive,,T AT,Odstraněno,Sauto.cz,Ano,https://www.sauto.cz/osobni/detail/mg/hs/210481253
MG HS 1.5 T-GDI (Zážehový motor),719900,3500,2026,Benzín,1.5,,,165,Automatická,,,,Ne,SUV,,,HEV EMOTION Sterling Silver,Předváděcí,Sauto.cz,Ano,
MG HS 1.5 T-GDI (Zážehový motor),680000,12701,2025,Benzín,1.5,,PHEV,125,Automatická,,,,Ne,SUV,Exclusive,,TGI,Předváděcí,Sauto.cz,Ano,
MG HS 1.5 T-GDI (Zážehový motor),499990,46000,2024,Benzín,1.5,,PHEV,119,Automatická,,,,Ne,SUV,Exclusive,,TGI AT7 kůže ČR,Ojeté,Sauto.cz,Ano,
MG MG3 1.5,468270,22439,2024,Benzín,1.5,,HEV,143,Automatická,,,,Ne,Hatchback,Luxury,,Hybrid *360° kamera,Odstraněno,Sauto.cz,Ano,https://www.sauto.cz/osobni/detail/mg/mg3/210294281
MG MG3 1.5,514991,10,2025,Benzín,1.5,,HEV,143,Automatická,,,,Ne,Hatchback,,,EMOTION hybrid+,Odstraněno,Sauto.cz,Ano,https://www.sauto.cz/osobni/detail/mg/mg3/210382955
MG ZS 1.5 VTi-tech (Benzín),611490,,2025,Benzín,1.5,,PHEV,145,Automatická,,,,Ne,SUV,Exclusive,,Hybrid,Odstraněno,Sauto.cz,Ano,https://www.sauto.cz/osobni/detail/mg/zs/210348011
MG ZS 1.5 VTi-tech (Benzín),691490,2000,2026,Benzín,1.5,,PHEV,145,Automatická,,,,Ne,SUV,Exclusive,,hybrid+,Odstraněno,Sauto.cz,Ano,https://www.sauto.cz/osobni/detail/mg/zs/210368168
MG ZS 1.5 VTi-tech (Benzín),510000,3700,2025,Benzín,1.5,,,145,Automatická,,,,Ne,SUV,,,HEV EMOTION,Odstraněno,Sauto.cz,Ano,https://www.sauto.cz/osobni/detail/mg/zs/210375065
MG ZS 1.5 VTi-tech (Benzín),561490,10,2026,Benzín,1.5,,HEV,145,Automatická,,,,Ne,SUV,,,ESSENTIAL hybrid+,Odstraněno,Sauto.cz,Ano,https://www.sauto.cz/osobni/detail/mg/zs/210384551
MG ZS 1.5 VTi-tech (Benzín),611490,10,2026,Benzín,1.5,,HEV,145,Automatická,,,,Ne,SUV,,,EMOTION hybrid+,Odstraněno,Sauto.cz,Ano,https://www.sauto.cz/osobni/detail/mg/zs/210384992
MG ZS 1.5 VTi-tech (Benzín),621490,,2025,Benzín,1.5,,PHEV,145,Automatická,,,,Ne,SUV,Exclusive,,Hybrid,Odstraněno,Sauto.cz,Ano,https://www.sauto.cz/osobni/detail/mg/zs/210437807
Mini Clubman Cooper,670000,66073,2022,Benzín,2.0,,,225,Automatická,,,,Ano,Kombi,,,"JCW ALL4, Automat",Odstraněno,Sauto.cz,Ano,https://www.sauto.cz/osobni/detail/mini/clubman/210415601
Mini Cooper 3D Hatchback (Benzín),699000,32755,2023,Benzín,2.0,,,131,Automatická,,,,Ne,Hatchback,,,AUT,Ojeté,Sauto.cz,Ano,
Mini Cooper 3D Hatchback (Benzín),450000,28000,2022,Benzín,1.5,,,100,Automatická,,,,Ne,Hatchback,,,"Camden Edition - , automat",Ojeté,Sauto.cz,Ano,
Mini Cooper 3D Hatchback (Benzín),750000,4789,2025,Benzín,1.5,,,115,Automatická,,,,Ne,Hatchback,,,C 5-doors,Odstraněno,Sauto.cz,Ano,https://www.sauto.cz/osobni/detail/mini/cooper/210252164
Mini Cooper 3D Hatchback (Benzín),599000,42000,2023,Benzín,1.5,,,100,Automatická,,,,Ne,Hatchback,,,5-doors,Odstraněno,Sauto.cz,Ano,https://www.sauto.cz/osobni/detail/mini/cooper/210340637
Mini Countryman Cooper (Nová gen.),639999,60588,2023,Benzín,1.5,,,100,Automatická,,,,Ne,SUV,,,Cooper,Ojeté,Sauto.cz,Ano,
Mini Countryman Cooper (Nová gen.),659900,15000,2023,Benzín,1.5,Turbo,,100,Automatická,,,,Ne,SUV,,,JCW-Paket 15tkm! ČR,Odstraněno,Sauto.cz,Ano,https://www.sauto.cz/osobni/detail/mini/countryman/210133955
Mini Countryman Cooper (Nová gen.),649900,89780,2021,Benzín,2.0,,,131,Automatická,,,,Ne,Kombi,TOP,,COOPER S ČR 1.MAJ ! D,Ojeté,Sauto.cz,Ano,
Mini Countryman Cooper (Nová gen.),499000,92350,2021,Benzín,1.5,,,100,Automatická,,,,Ne,SUV,,,Cooper ALL4,Odstraněno,Sauto.cz,Ano,https://www.sauto.cz/osobni/detail/mini/countryman/210314513
Mini Countryman Cooper (Nová gen.),669999,24190,2024,Benzín,1.5,,,100,Automatická,,,,Ne,SUV,,,Cooper,Ojeté,Sauto.cz,Ano,
Mitsubishi ASX 1.0 TSI (Nová generace),555000,20,2025,Benzín,1.3,,,103,Manuální,,,,Ne,SUV,,,MT MILD-HB MY25 INVITE+,Nové,Sauto.cz,Ano,
Mitsubishi ASX 1.0 TSI (Nová generace),586790,2500,2025,Benzín,1.3,,,103,Manuální,,,,Ne,SUV,,,MT MILD-HB MY25 INTENSE+,Předváděcí,Sauto.cz,Ano,
Mitsubishi ASX 1.0 TSI (Nová generace),590000,6100,2025,Benzín,1.3,,MHEV,116,Automatická,,,,Ne,SUV,,,MILD Hybrid Invite+ SLEVA,Odstraněno,Sauto.cz,Ano,https://www.sauto.cz/osobni/detail/mitsubishi/asx/209437968
Mitsubishi ASX 1.0 TSI (Nová generace),617850,10,2025,Benzín,1.3,,MHEV,116,Automatická,,,,Ne,SUV,,,MILD Hybrid Invite+ BONUS,Odstraněno,Sauto.cz,Ano,https://www.sauto.cz/osobni/detail/mitsubishi/asx/209459202
Mitsubishi ASX 1.0 TSI (Nová generace),659790,20,2025,Benzín,1.3,,,103,Automatická,Ano,,,Ne,SUV,,,MILD-HB MY25 INTENSE,Nové,Sauto.cz,Ano,
Mitsubishi ASX 1.0 TSI (Nová generace),659790,20,2025,Benzín,1.3,,,116,Automatická,Ano,,,Ne,SUV,,,MILD-HB MY25 INTENSE,Nové,Sauto.cz,Ano,
Mitsubishi ASX 1.0 TSI (Nová generace),611790,10,2025,Benzín,1.3,,MHEV,103,Manuální,,,,Ne,Hatchback,,,DI-T MILD HYBRID INTENSE+,Odstraněno,Sauto.cz,Ano,https://www.sauto.cz/osobni/detail/mitsubishi/asx/209922657
Mitsubishi ASX 1.0 TSI (Nová generace),459000,14617,2024,Benzín,1.3,,MHEV,103,Manuální,,,,Ne,Hatchback,,,INVITE+ DI-T Mild Hybrid,Ojeté,Sauto.cz,Ano,
Mitsubishi ASX 1.0 TSI (Nová generace),659790,20,2026,Benzín,1.3,,,103,Automatická,Ano,,,Ne,SUV,,,MILD-HB MY26 INTENSE,Nové,Sauto.cz,Ano,
Mitsubishi ASX 1.0 TSI (Nová generace),440000,14523,2025,Benzín,1.3,,,103,Manuální,,,,Ne,SUV,,Ano,"T, Invite, Záruka",Odstraněno,Sauto.cz,Ano,https://www.sauto.cz/osobni/detail/mitsubishi/asx/210229391
Mitsubishi ASX 1.0 TSI (Nová generace),529990,13808,2024,Benzín,1.3,,,116,Automatická,Ano,,,Ne,SUV,,,Instyle DI-T,Odstraněno,Sauto.cz,Ano,https://www.sauto.cz/osobni/detail/mitsubishi/asx/210237770
Mitsubishi ASX 1.6 MIVEC (Stará generace),470000,38284,2021,Benzín,2.0,MIVEC,PHEV,110,Automatická,,,,Ano,SUV,,Ano,"Instyle, Záruka",Odstraněno,Sauto.cz,Ano,https://www.sauto.cz/osobni/detail/mitsubishi/asx/210291206
Mitsubishi ASX 1.0 TSI (Nová generace),490000,15141,2025,Benzín,1.3,,,103,Manuální,,,,Ne,SUV,,,"T, Intense, ČR,1.maj",Odstraněno,Sauto.cz,Ano,https://www.sauto.cz/osobni/detail/mitsubishi/asx/210355760
Mitsubishi ASX 1.0 TSI (Nová generace),679851,10,2025,Benzín,1.3,,MHEV,116,Automatická,,,,Ne,SUV,,,INTENSE+ DI-T MILD HYBRID,Odstraněno,Sauto.cz,Ano,https://www.sauto.cz/osobni/detail/mitsubishi/asx/210363794
Mitsubishi ASX 1.0 TSI (Nová generace),679851,10,2025,Benzín,1.3,,MHEV,116,Automatická,,,,Ne,SUV,,,DI-T MILD HYBRID INT,Odstraněno,Sauto.cz,Ano,https://www.sauto.cz/osobni/detail/mitsubishi/asx/210373904
Mitsubishi ASX 1.0 TSI (Nová generace),369900,68600,2021,Benzín,2.0,,,110,Manuální,,,,Ne,SUV,,,i MAN5,Odstraněno,Sauto.cz,Ano,https://www.sauto.cz/osobni/detail/mitsubishi/asx/210430550
Mitsubishi ASX 1.0 TSI (Nová generace),586790,20,2025,Benzín,1.3,,,103,Manuální,,,,Ne,SUV,,,MT MILD-HB MY25 INTENSE+,Nové,Sauto.cz,Ano,
Mitsubishi Eclipse Cross PHEV,425000,67104,2021,Benzín,1.5,T-MIVEC,PHEV,120,Manuální,,,,Ne,SUV,,,Intense,Odstraněno,Sauto.cz,Ano,https://www.sauto.cz/osobni/detail/mitsubishi/eclipse-cross/210328409
Mitsubishi Eclipse Cross PHEV,418900,80730,2021,Benzín,1.5,Turbo,,120,Automatická,,,,Ano,SUV,,,AT Instyle 1.maj,Odstraněno,Sauto.cz,Ano,https://www.sauto.cz/osobni/detail/mitsubishi/eclipse-cross/210409154
Mitsubishi Eclipse Cross PHEV,435000,63053,2021,Benzín,1.5,T-MIVEC,PHEV,120,Automatická,,,,Ne,SUV,,,"AT,kamera,+ALU",Ojeté,Sauto.cz,Ano,
Mitsubishi Grandis 1.3,616760,20,2025,Benzín,1.3,,HEV,104,Manuální,,,,Ne,SUV,,,6MT M-HYBRID INFORM,Nové,Sauto.cz,Ano,
Mitsubishi Grandis 1.3,670760,20,2025,Benzín,1.3,,HEV,104,Manuální,,,,Ne,SUV,,,6MT M-HYBRID INVITE+,Nové,Sauto.cz,Ano,
Mitsubishi Grandis 1.3,736760,20,2025,Benzín,1.3,,HEV,104,Automatická,Ano,,,Ne,SUV,,,M-HYBRID INVITE+,Nové,Sauto.cz,Ano,
Mitsubishi Grandis 1.3,730000,3500,2026,Benzín,1.3,,MHEV,104,Manuální,,,,Ne,SUV,,,Intense+ DI-T,Odstraněno,Sauto.cz,Ano,https://www.sauto.cz/osobni/detail/mitsubishi/grandis/210243038
Mitsubishi Grandis 1.3,648760,20,2025,Benzín,1.3,,HEV,104,Manuální,,,,Ne,SUV,,,6MT M-HYBRID INVITE+,Nové,Sauto.cz,Ano,
Mitsubishi Grandis 1.3,736360,10,2026,Benzín,1.3,,MHEV,104,Automatická,,,,Ne,SUV,,,INVITE+ DI-T MILD HYBRID 1,Odstraněno,Sauto.cz,Ano,https://www.sauto.cz/osobni/detail/mitsubishi/grandis/210366743
Mitsubishi Grandis 1.3,747900,999,2026,Benzín,1.3,,MHEV,104,Automatická,,,,Ne,SUV,,,INTENSE+ DI-T MILD HYBRID,Odstraněno,Sauto.cz,Ano,https://www.sauto.cz/osobni/detail/mitsubishi/grandis/210368765
Mitsubishi L200 2.3,670000,58901,2022,Nafta,2.3,,,110,Automatická,,,,Ano,Terénní,,Ano,"DI-D, Záruka",Ojeté,Sauto.cz,Ano,
Nissan Juke 1.6 Hybrid,519000,15800,2024,Benzín,1.6,,,105,Automatická,,,,Ne,SUV,N-Connecta,,HEV FL +,Odstraněno,Sauto.cz,Ano,https://www.sauto.cz/osobni/detail/nissan/juke/210479375
Nissan Qashqai 1.3 DIG-T MHEV,655000,8,2026,Benzín,1.3,,,116,Automatická,,,,Ne,SUV,Acenta,,AT,Odstraněno,Sauto.cz,Ano,https://www.sauto.cz/osobni/detail/nissan/qashqai/208376354
Nissan Qashqai 1.3 DIG-T MHEV,652890,5,2025,Benzín,1.3,,,103,Manuální,,,,Ne,SUV,N-Connecta,,"Dig-T, 140PS",Nové,Sauto.cz,Ano,
Nissan Qashqai 1.3 DIG-T MHEV,719990,9,2026,Benzín,1.3,,,116,Automatická,,,,Ne,SUV,N-Connecta,,,Odstraněno,Sauto.cz,Ano,https://www.sauto.cz/osobni/detail/nissan/qashqai/209303466
Nissan Qashqai 1.3 DIG-T MHEV,719990,9,2026,Benzín,1.3,,,116,Automatická,,,,Ne,SUV,N-Connecta,,,Odstraněno,Sauto.cz,Ano,https://www.sauto.cz/osobni/detail/nissan/qashqai/209303472
Nissan Qashqai 1.3 DIG-T MHEV,699900,1000,2025,Benzín,1.3,,,116,Automatická,,,,Ne,SUV,,,"Dig-T Aut 158k,PŘEDVÁDĚCÍ",Nové,Sauto.cz,Ano,
Nissan Qashqai 1.3 DIG-T MHEV,599990,5,2025,Benzín,1.3,,MHEV,103,Manuální,,,,Ne,SUV,,,DIG-T Mild Hybrid 140HP,Nové,Sauto.cz,Ano,
Nissan Qashqai 1.3 DIG-T MHEV,669990,5,2025,Benzín,1.3,,MHEV,116,Automatická,,,,Ne,SUV,,,Dig-T - Aut 158PS 2WD,Nové,Sauto.cz,Ano,
Nissan Qashqai 1.3 DIG-T MHEV,397900,56827,2021,Benzín,1.3,,,103,Manuální,,,,Ne,SUV,,,DIG-T Shiro,Ojeté,Sauto.cz,Ano,
Nissan Qashqai 1.3 DIG-T MHEV,721990,9,2026,Benzín,1.3,,,116,Automatická,,,,Ne,SUV,Tekna,,AT,Odstraněno,Sauto.cz,Ano,https://www.sauto.cz/osobni/detail/nissan/qashqai/209531721
Nissan Qashqai 1.3 DIG-T MHEV,739328,11,2026,Benzín,1.3,,,116,Automatická,,,,Ne,SUV,Tekna,,AT,Odstraněno,Sauto.cz,Ano,https://www.sauto.cz/osobni/detail/nissan/qashqai/209531727
Nissan Qashqai 1.3 DIG-T MHEV,655000,11,2026,Benzín,1.3,,,116,Automatická,,,,Ne,SUV,Acenta,,AT,Odstraněno,Sauto.cz,Ano,https://www.sauto.cz/osobni/detail/nissan/qashqai/209542959
Nissan Qashqai 1.3 DIG-T MHEV,672890,5,2026,Benzín,1.3,,MHEV,116,Manuální,,,,Ne,SUV,,,Dig-T manual,Nové,Sauto.cz,Ano,
Nissan Qashqai 1.3 DIG-T MHEV,672890,5,2026,Benzín,1.3,,MHEV,116,Manuální,,,,Ne,SUV,,,Dig-T manual,Nové,Sauto.cz,Ano,
Nissan Qashqai 1.3 DIG-T MHEV,709990,5,2026,Benzín,1.3,,,116,Automatická,,,,Ne,SUV,,,Dig-T - Aut 158PS (),Nové,Sauto.cz,Ano,
Nissan Qashqai 1.3 DIG-T MHEV,600000,28842,2023,Benzín,1.3,,MHEV,116,Automatická,,,,Ne,SUV,Style,,"DIG-T , N-",Odstraněno,Sauto.cz,Ano,https://www.sauto.cz/osobni/detail/nissan/qashqai/209865582
Nissan Qashqai 1.3 DIG-T MHEV,420000,52706,2021,Benzín,1.3,,,116,Automatická,,,,Ne,SUV,N-Connecta,,"DiG-T,ČR",Ojeté,Sauto.cz,Ano,
Nissan Qashqai 1.3 DIG-T MHEV,429000,51975,2022,Benzín,1.3,,,103,Manuální,,,,Ne,SUV,N-Connecta,,"DIG-T , ČR",Odstraněno,Sauto.cz,Ano,https://www.sauto.cz/osobni/detail/nissan/qashqai/210099590
Nissan Qashqai 1.3 DIG-T MHEV,569867,70589,2022,Benzín,1.3,,,116,Automatická,,,,Ano,SUV,,,,Odstraněno,Sauto.cz,Ano,https://www.sauto.cz/osobni/detail/nissan/qashqai/210173240
Nissan Qashqai 1.3 DIG-T MHEV,649770,18653,2025,Benzín,1.3,,,103,Manuální,,,,Ne,SUV,Acenta,,* 360° kamera*Navi*,Odstraněno,Sauto.cz,Ano,https://www.sauto.cz/osobni/detail/nissan/qashqai/210207806
Nissan Qashqai 1.3 DIG-T MHEV,749799,5,2026,Benzín,1.3,,,116,Automatická,,,,Ne,SUV,N-Connecta,,DIG-T X-TRONIC,Odstraněno,Sauto.cz,Ano,https://www.sauto.cz/osobni/detail/nissan/qashqai/210252890
Nissan Qashqai 1.3 DIG-T MHEV,749799,3,2026,Benzín,1.3,,,116,Automatická,,,,Ne,SUV,N-Connecta,,DIG-T X-TRONIC,Odstraněno,Sauto.cz,Ano,https://www.sauto.cz/osobni/detail/nissan/qashqai/210252899
Nissan Qashqai 1.3 DIG-T MHEV,739800,3,2026,Benzín,1.3,,,116,Automatická,,,,Ne,SUV,N-Connecta,,DIG-T X-TRONIC,Odstraněno,Sauto.cz,Ano,https://www.sauto.cz/osobni/detail/nissan/qashqai/210252944
Nissan Qashqai 1.3 DIG-T MHEV,650000,48550,2023,Benzín,1.3,,,116,Automatická,,,,Ano,SUV,,,prodam v zaruce,Ojeté,Sauto.cz,Ano,
Nissan Qashqai 1.3 DIG-T MHEV,723221,29000,2025,Benzín,1.3,,,116,Automatická,,,,Ne,Kombi,N-Connecta,,,Odstraněno,Sauto.cz,Ano,https://www.sauto.cz/osobni/detail/nissan/qashqai/210359573
Nissan Qashqai 1.3 DIG-T MHEV,619000,15,2025,Benzín,1.3,,,103,Manuální,,,,Ne,SUV,N-Connecta,,DIG-T,Odstraněno,Sauto.cz,Ano,https://www.sauto.cz/osobni/detail/nissan/qashqai/210361847
Nissan Qashqai 1.3 DIG-T MHEV,725362,29000,2025,Benzín,1.3,,,116,Automatická,,,,Ne,Kombi,N-Connecta,,,Odstraněno,Sauto.cz,Ano,https://www.sauto.cz/osobni/detail/nissan/qashqai/210373046
Nissan Qashqai 1.3 DIG-T MHEV,732890,5,2026,Benzín,1.3,,MHEV,116,Automatická,,,,Ne,SUV,,,"Dig-T 158HP, aut.",Nové,Sauto.cz,Ano,
Nissan Qashqai 1.3 DIG-T MHEV,749890,5,2026,Benzín,1.3,,,116,Automatická,,,,Ne,SUV,,,"2WD,AT, CCS karta!!!",Odstraněno,Sauto.cz,Ano,https://www.sauto.cz/osobni/detail/nissan/qashqai/210376067
Nissan Qashqai 1.3 DIG-T MHEV,539990,44450,2023,Benzín,1.3,,,117,Automatická,,,,Ano,SUV,N-Connecta,,automat 4WD ČR 1maj,Odstraněno,Sauto.cz,Ano,https://www.sauto.cz/osobni/detail/nissan/qashqai/210400025
Nissan Qashqai 1.3 DIG-T MHEV,749890,3,2026,Benzín,1.3,,,116,Automatická,,,,Ne,SUV,N-Connecta,,DIG-T X-TRONIC,Odstraněno,Sauto.cz,Ano,https://www.sauto.cz/osobni/detail/nissan/qashqai/210415370
Nissan Qashqai 1.3 DIG-T MHEV,719000,5,2025,Benzín,1.3,,,116,Automatická,,,,Ne,SUV,N-Connecta,,DIG-T X-Tronic,Odstraněno,Sauto.cz,Ano,https://www.sauto.cz/osobni/detail/nissan/qashqai/210418856
Nissan Qashqai 1.3 DIG-T MHEV,670000,9205,2025,Benzín,1.3,,MHEV,116,Automatická,,,,Ne,SUV,Tekna,Ano,"DIG-T , Záruka",Odstraněno,Sauto.cz,Ano,https://www.sauto.cz/osobni/detail/nissan/qashqai/210422924
Nissan Qashqai 1.3 DIG-T MHEV,419900,71525,2021,Benzín,1.3,,,103,Manuální,,,,Ne,SUV,,,DiG-T TAŽNÉ 360*CAMER,Odstraněno,Sauto.cz,Ano,https://www.sauto.cz/osobni/detail/nissan/qashqai/210430958
Nissan Qashqai 1.3 DIG-T MHEV,720000,6806,2026,Benzín,1.3,,MHEV,116,Automatická,,,,Ne,SUV,Tekna,,DIG-T,Odstraněno,Sauto.cz,Ano,https://www.sauto.cz/osobni/detail/nissan/qashqai/210440417
Nissan Qashqai 1.3 DIG-T MHEV,749000,3,2026,Benzín,1.3,,,116,Automatická,,,,Ne,SUV,N-Connecta,,DIG-T X-TRONIC,Odstraněno,Sauto.cz,Ano,https://www.sauto.cz/osobni/detail/nissan/qashqai/210481046
Nissan Qashqai 1.3 DIG-T MHEV,499990,90663,2021,Benzín,1.3,,,116,Manuální,,,,Ne,SUV,Tekna,,2021 ČR DIG-T +,Ojeté,Sauto.cz,Ano,
Nissan Qashqai 1.3 DIG-T MHEV,679000,10000,2025,Benzín,1.3,,,116,Automatická,,,,Ne,SUV,N-Connecta,,DIG-T X-TRONIC,Předváděcí,Sauto.cz,Ano,
Nissan X-Trail 1.5 VC-T (5místná verze),706640,37718,2022,Benzín,1.5,,MHEV,120,Automatická,,,,Ne,SUV,N-Connecta,,VC-T,Odstraněno,Sauto.cz,Ano,https://www.sauto.cz/osobni/detail/nissan/x-trail/210207983
Nissan X-Trail 1.5 VC-T (5místná verze),440000,75748,2021,Nafta,1.7,dCi,,110,Manuální,,,,Ne,SUV,,,"2.maj,ČR",Odstraněno,Sauto.cz,Ano,https://www.sauto.cz/osobni/detail/nissan/x-trail/210301553
Nissan X-Trail 1.5 VC-T (5místná verze),679000,87062,2024,Benzín,1.5,,,150,Automatická,,,,Ne,SUV,N-Connecta,,Epower AT,Ojeté,Sauto.cz,Ano,
Omoda 5 1.6 T-GDI,624800,6,2025,Benzín,1.6,,,108,Automatická,,,,Ne,SUV,Premium,,OMODA 5 FaceLift,Odstraněno,Sauto.cz,Ano,https://www.sauto.cz/osobni/detail/omoda/5/209136096
Omoda 5 1.6 T-GDI,595000,1900,2025,Benzín,1.6,,,108,Automatická,Ano,,,Ne,SUV,Premium,,TGI 147k,Odstraněno,Sauto.cz,Ano,https://www.sauto.cz/osobni/detail/omoda/5/209173884
Omoda 5 1.6 T-GDI,624800,1,2025,Benzín,1.6,,,108,Automatická,,,,Ne,SUV,Premium,,OMODA 5 FaceLift,Odstraněno,Sauto.cz,Ano,https://www.sauto.cz/osobni/detail/omoda/5/209472609
Omoda 5 1.6 T-GDI,662000,20,2025,Benzín,1.6,,,108,Automatická,Ano,,,Ne,SUV,Premium,,7,Odstraněno,Sauto.cz,Ano,https://www.sauto.cz/osobni/detail/omoda/5/209486202
Omoda 5 1.6 T-GDI,599000,500,2025,Benzín,1.6,,,108,Automatická,,,,Ne,SUV,Premium,,TGI 147k,Odstraněno,Sauto.cz,Ano,https://www.sauto.cz/osobni/detail/omoda/5/209541498
Omoda 5 1.6 T-GDI,624800,2297,2025,Benzín,1.6,,,108,Automatická,,,,Ne,SUV,Premium,,OMODA 5 FaceLift,Odstraněno,Sauto.cz,Ano,https://www.sauto.cz/osobni/detail/omoda/5/209922813
Omoda 5 1.6 T-GDI,589000,3500,2025,Benzín,1.6,TGDI,,108,Automatická,,,,Ne,Hatchback,Premium,,Carbon black,Nové,Sauto.cz,Ano,
Omoda 5 1.6 T-GDI,636900,990,2025,Benzín,1.6,TGDI,,108,Automatická,,,,Ne,SUV,Premium,,,Odstraněno,Sauto.cz,Ano,https://www.sauto.cz/osobni/detail/omoda/5/210226811
Omoda 5 1.6 T-GDI,636900,3000,2025,Benzín,1.6,TGDI,,108,Automatická,,,,Ne,SUV,Premium,,,Odstraněno,Sauto.cz,Ano,https://www.sauto.cz/osobni/detail/omoda/5/210228236
Omoda 5 1.6 T-GDI,563000,10754,2024,Benzín,1.6,,,108,Automatická,,,,Ne,SUV,,Ano,"T, Záruka, Automat",Odstraněno,Sauto.cz,Ano,https://www.sauto.cz/osobni/detail/omoda/5/210229904
Omoda 5 1.6 T-GDI,662000,14,2026,Benzín,1.6,,,108,Automatická,,,,Ne,SUV,Premium,,FL,Odstraněno,Sauto.cz,Ano,https://www.sauto.cz/osobni/detail/omoda/5/210292985
Omoda 5 1.6 T-GDI,610000,5,2026,Benzín,1.6,T-GDI,,108,Automatická,,,,Ne,SUV,Comfort,,,Odstraněno,Sauto.cz,Ano,https://www.sauto.cz/osobni/detail/omoda/5/210298730
Omoda 5 1.6 T-GDI,581000,5000,2026,Benzín,1.6,T-GDI,,108,Automatická,,,,Ne,SUV,Comfort,,,Odstraněno,Sauto.cz,Ano,https://www.sauto.cz/osobni/detail/omoda/5/210301721
Omoda 5 1.6 T-GDI,592000,5,2026,Benzín,1.6,T-GDI,,108,Automatická,,,,Ne,SUV,,,BASIC,Odstraněno,Sauto.cz,Ano,https://www.sauto.cz/osobni/detail/omoda/5/210301724
Omoda 5 1.6 T-GDI,692000,1,2026,Benzín,1.6,,,108,Automatická,,,,Ne,SUV,Premium,,TGI 147k,Odstraněno,Sauto.cz,Ano,https://www.sauto.cz/osobni/detail/omoda/5/210313397
Omoda 5 1.6 T-GDI,679000,1,2026,Benzín,1.6,,,108,Automatická,Ano,,,Ne,SUV,Premium,,TGI 147k,Odstraněno,Sauto.cz,Ano,https://www.sauto.cz/osobni/detail/omoda/5/210333017
Omoda 5 1.6 T-GDI,636900,1200,2026,Benzín,1.6,TGDI,,108,Automatická,,,,Ne,SUV,Premium,,Facelift,Odstraněno,Sauto.cz,Ano,https://www.sauto.cz/osobni/detail/omoda/5/210333926
Omoda 5 1.6 T-GDI,669000,1,2026,Benzín,1.6,,,108,Automatická,,,,Ne,SUV,Premium,,TGI 147k,Odstraněno,Sauto.cz,Ano,https://www.sauto.cz/osobni/detail/omoda/5/210373151
Omoda 5 1.6 T-GDI,629000,1,2026,Benzín,1.6,,,108,Automatická,,,,Ne,SUV,Premium,,TGI 147k,Odstraněno,Sauto.cz,Ano,https://www.sauto.cz/osobni/detail/omoda/5/210373157
Omoda 5 1.6 T-GDI,627000,1,2026,Benzín,1.6,,,108,Automatická,,,,Ne,SUV,Comfort,,Omoda5 TGI 147k,Odstraněno,Sauto.cz,Ano,https://www.sauto.cz/osobni/detail/omoda/5/210373475
Omoda 5 1.6 T-GDI,659000,1,2026,Benzín,1.6,TGDI,,108,Automatická,,,,Ne,SUV,Premium,,FACELIFT,Odstraněno,Sauto.cz,Ano,https://www.sauto.cz/osobni/detail/omoda/5/210399026
Omoda 5 1.6 T-GDI,619000,1000,2026,Benzín,1.6,TGDI,,108,Automatická,,,,Ne,SUV,Premium,,FACELIFT,Odstraněno,Sauto.cz,Ano,https://www.sauto.cz/osobni/detail/omoda/5/210402836
Omoda 5 1.6 T-GDI,649000,1,2026,Benzín,1.6,TGDI,,108,Automatická,,,,Ne,SUV,Premium,,FACELIFT,Odstraněno,Sauto.cz,Ano,https://www.sauto.cz/osobni/detail/omoda/5/210402839
Omoda 5 1.6 T-GDI,659000,1,2026,Benzín,1.6,TGDI,,108,Automatická,,,,Ne,SUV,Premium,,FACELIFT,Odstraněno,Sauto.cz,Ano,https://www.sauto.cz/osobni/detail/omoda/5/210410864
Omoda 5 1.6 T-GDI,649000,,2026,Benzín,1.6,TGDI,,108,Automatická,,,,Ne,SUV,Premium,,FACELIFT,Odstraněno,Sauto.cz,Ano,https://www.sauto.cz/osobni/detail/omoda/5/210432419
Omoda 5 1.6 T-GDI,649000,,2026,Benzín,1.6,TGDI,,108,Automatická,,,,Ne,SUV,Premium,,FACELIFT,Odstraněno,Sauto.cz,Ano,https://www.sauto.cz/osobni/detail/omoda/5/210432818
Omoda 5 1.6 T-GDI,599000,15,2026,Benzín,1.6,,,108,Automatická,,,,Ne,Hatchback,Premium,,T A T,Nové,Sauto.cz,Ano,
Omoda 5 1.6 T-GDI,565000,2500,2025,Benzín,1.6,T-GDI,,108,Automatická,Ano,,,Ne,Hatchback,,,BASIC,Předváděcí,Sauto.cz,Ano,
Omoda 5 1.6 T-GDI,600000,1628,2026,Benzín,1.6,,,108,Automatická,,,,Ne,SUV,Premium,,"T, Ad. tempomat",Předváděcí,Sauto.cz,Ano,
Omoda 5 1.6 T-GDI,600000,1755,2026,Benzín,1.6,,,108,Automatická,,,,Ne,SUV,Premium,,"T, Ad. tempomat",Předváděcí,Sauto.cz,Ano,
Omoda 5 1.6 T-GDI,600000,1852,2026,Benzín,1.6,,,108,Automatická,,,,Ne,SUV,Premium,,"T, Ad. tempomat",Předváděcí,Sauto.cz,Ano,
Omoda 5 1.6 T-GDI,600000,1878,2026,Benzín,1.6,,,108,Automatická,,,,Ne,SUV,Premium,,"T, Ad. tempomat",Předváděcí,Sauto.cz,Ano,
Opel Astra Hatchback 1.2 Turbo,679900,5000,2026,Benzín,1.2,Turbo,HEV,107,Automatická,,,,Ne,Hatchback,,,Hybrid (145k) eDCT6,Předváděcí,Sauto.cz,Ano,
Opel Astra Sports Tourer 1.2 Turbo (Kombi),655990,6000,2025,Benzín,1.2,,HEV,107,Automatická,,,,Ne,Kombi,,,ST EDITION HYBRID,Odstraněno,Sauto.cz,Ano,https://www.sauto.cz/osobni/detail/opel/astra/209656941
Opel Astra Sports Tourer 1.2 Turbo (Kombi),641365,,2026,Benzín,1.2,,HEV,107,Automatická,,,,Ne,Kombi,,,ST Edition Mild-Hybrid Automat,Odstraněno,Sauto.cz,Ano,https://www.sauto.cz/osobni/detail/opel/astra/210185909
Opel Astra Hatchback 1.2 Turbo,641990,7,2026,Benzín,1.2,Turbo,HEV,107,Automatická,,,,Ne,Hatchback,,,HYBRID EDITION,Odstraněno,Sauto.cz,Ano,https://www.sauto.cz/osobni/detail/opel/astra/210212492
Opel Astra Sports Tourer 1.2 Turbo (Kombi),624900,1000,2026,Benzín,1.2,,,107,Automatická,,,,Ne,Kombi,,,ST Edit. Mild-h AT6,Odstraněno,Sauto.cz,Ano,https://www.sauto.cz/osobni/detail/opel/astra/210278300
Opel Astra Sports Tourer 1.2 Turbo (Kombi),559083,25170,2025,Benzín,1.2,,HEV,107,Automatická,,,,Ne,Kombi,,,ST GS Mild-hybrid Automat,Odstraněno,Sauto.cz,Ano,https://www.sauto.cz/osobni/detail/opel/astra/210346445
Opel Astra Sports Tourer 1.2 Turbo (Kombi),634471,4022,2026,Benzín,1.2,,HEV,107,Automatická,,,,Ne,Kombi,,,ST Edition Mild-Hybrid Automat,Odstraněno,Sauto.cz,Ano,https://www.sauto.cz/osobni/detail/opel/astra/210429008
Opel Astra Sports Tourer 1.2 Turbo (Kombi),666481,6055,2026,Benzín,1.2,Turbo,HEV,107,Automatická,,,,Ne,Kombi,,,ST GS Hybrid AT,Odstraněno,Sauto.cz,Ano,https://www.sauto.cz/osobni/detail/opel/astra/210429011
Opel Astra Sports Tourer 1.2 Turbo (Kombi),329999,29149,2022,Benzín,1.2,Turbo,,107,Manuální,,,,Ne,Kombi,Elegance,,ST CZ,Ojeté,Sauto.cz,Ano,
Opel Frontera Hybrid (Kompaktní),599990,500,2026,Benzín,1.2,,HEV,107,Automatická,,,,Ne,SUV,,,GS Hybrid eDCT6 !!,Předváděcí,Sauto.cz,Ano,
Opel Frontera Hybrid (Kompaktní),500000,9707,2025,Benzín,1.2,,MHEV,100,Automatická,,,,Ne,SUV,,,"1.maj,ČR,AT",Ojeté,Sauto.cz,Ano,
Opel Grandland X 1.2 Turbo,550702,96946,2023,Benzín,1.6,,,147,Automatická,,,,Ano,SUV,,,,Odstraněno,Sauto.cz,Ano,https://www.sauto.cz/osobni/detail/opel/grandland-x/210171935
Opel Grandland X 1.2 Turbo,679990,,2026,Benzín,1.2,,HEV,107,Automatická,,,,Ne,SUV,,,Edition Mild-Hybrid Automat,Odstraněno,Sauto.cz,Ano,https://www.sauto.cz/osobni/detail/opel/grandland/210199568
Opel Insignia Sports Tourer 2.0 CDTI,445000,72093,2021,Benzín,2.0,Turbo,,125,Automatická,,,,Ne,Kombi,Elegance,,i AT9,Ojeté,Sauto.cz,Ano,
Opel Insignia Sports Tourer 2.0 CDTI,649000,25103,2022,Benzín,2.0,,,169,Automatická,,,,Ano,Kombi,,,GSi Sports Tourer F SHT &,Odstraněno,Sauto.cz,Ano,https://www.sauto.cz/osobni/detail/opel/insignia/209887650
Opel Insignia Grand Sport 2.0 CDTI,579900,80000,2022,Benzín,2.0,,,169,Automatická,,,,Ano,Hatchback,,,GSI t ČR FACELIFT,Odstraněno,Sauto.cz,Ano,https://www.sauto.cz/osobni/detail/opel/insignia/210398693
Opel Mokka 1.2 Turbo,659900,11000,2025,Benzín,1.2,Turbo,,100,Automatická,,,,Ne,SUV,,,GS () AT8,Předváděcí,Sauto.cz,Ano,
Opel Mokka 1.2,580642,,2026,Benzín,1.2,,,100,Manuální,,,,Ne,SUV,,,T 136k GS Line MT6,Odstraněno,Sauto.cz,Ano,https://www.sauto.cz/osobni/detail/opel/mokka/208634255
Opel Mokka 1.2,491390,,2026,Benzín,1.2,,,100,Manuální,,,,Ne,SUV,,,T 136k Edition MT6,Nové,Sauto.cz,Ano,
Opel Mokka 1.2 Turbo,489900,7000,2025,Benzín,1.2,Turbo,,100,Manuální,,,,Ne,SUV,,,EDITION () MT6,Předváděcí,Sauto.cz,Ano,
Opel Mokka 1.2 Turbo,449900,1,2026,Benzín,1.2,Turbo,,100,Manuální,,,,Ne,CUV,,,HIT 136k MT6,Odstraněno,Sauto.cz,Ano,https://www.sauto.cz/osobni/detail/opel/mokka/209243121
Opel Mokka 1.2 Turbo,435990,16600,2025,Benzín,1.2,Turbo,,100,Manuální,,,,Ne,SUV,,,Edition ( 136k),Odstraněno,Sauto.cz,Ano,https://www.sauto.cz/osobni/detail/opel/mokka/209686248
Opel Mokka 1.2 Turbo,435990,16100,2025,Benzín,1.2,Turbo,,100,Manuální,,,,Ne,SUV,,,Edition ( 136k),Odstraněno,Sauto.cz,Ano,https://www.sauto.cz/osobni/detail/opel/mokka/209686251
Opel Mokka 1.2 Turbo,449989,18100,2025,Benzín,1.2,Turbo,,100,Manuální,,,,Ne,SUV,,,Edition ( 136k),Odstraněno,Sauto.cz,Ano,https://www.sauto.cz/osobni/detail/opel/mokka/209686254
Opel Mokka 1.2,499480,,2026,Benzín,1.2,,,100,Manuální,,,,Ne,SUV,,,T 136k Edition MT6,Nové,Sauto.cz,Ano,
Opel Mokka 1.2 Turbo,439900,,2026,Benzín,1.2,Turbo,,100,Manuální,,,,Ne,SUV,,,Edition MT6,Odstraněno,Sauto.cz,Ano,https://www.sauto.cz/osobni/detail/opel/mokka/209717205
Opel Mokka 1.2 Turbo,438900,5,2026,Benzín,1.2,Turbo,,100,Manuální,,,,Ne,SUV,,,HIT ( 136k) MT6,Odstraněno,Sauto.cz,Ano,https://www.sauto.cz/osobni/detail/opel/mokka/209843379
Opel Mokka 1.2 Turbo,439990,12000,2025,Benzín,1.2,Turbo,,100,Manuální,,,,Ne,SUV,,,Edition ( 136k),Odstraněno,Sauto.cz,Ano,https://www.sauto.cz/osobni/detail/opel/mokka/209908815
Opel Mokka 1.2 Turbo,449989,5,2025,Benzín,1.2,Turbo,,100,Manuální,,,,Ne,SUV,,,HIT ( 136k) MT6,Odstraněno,Sauto.cz,Ano,https://www.sauto.cz/osobni/detail/opel/mokka/210034482
Opel Mokka 1.2 Turbo,449989,5,2025,Benzín,1.2,Turbo,,100,Manuální,,,,Ne,SUV,,,HIT ( 136k) MT6,Odstraněno,Sauto.cz,Ano,https://www.sauto.cz/osobni/detail/opel/mokka/210034485
Opel Mokka 1.2 Turbo,494990,,2025,Benzín,1.2,Turbo,,100,Manuální,,,,Ne,SUV,,,HIT ( 136k) MT6,Odstraněno,Sauto.cz,Ano,https://www.sauto.cz/osobni/detail/opel/mokka/210180518
Opel Mokka 1.2 Turbo,475000,,2026,Benzín,1.2,Turbo,,100,Manuální,,,,Ne,SUV,,,HIT MT6,Odstraněno,Sauto.cz,Ano,https://www.sauto.cz/osobni/detail/opel/mokka/210207935
Opel Mokka 1.2 Turbo,529900,,2026,Benzín,1.2,Turbo,,100,Manuální,,,,Ne,SUV,,,GS 136 k MAN6,Odstraněno,Sauto.cz,Ano,https://www.sauto.cz/osobni/detail/opel/mokka/210218246
Opel Mokka 1.2,549170,,2026,Benzín,1.2,,,100,Manuální,,,,Ne,SUV,,,T 136k GS MT6,Odstraněno,Sauto.cz,Ano,https://www.sauto.cz/osobni/detail/opel/mokka/210237416
Opel Mokka 1.2,449000,,2026,Benzín,1.2,,,100,Manuální,,,,Ne,SUV,,,T 136k Edition MT6,Odstraněno,Sauto.cz,Ano,https://www.sauto.cz/osobni/detail/opel/mokka/210237875
Opel Mokka 1.2 Turbo,390000,22662,2023,Benzín,1.2,Turbo,,100,Manuální,,,,Ne,SUV,,,NOVÁ CENA,Odstraněno,Sauto.cz,Ano,https://www.sauto.cz/osobni/detail/opel/mokka/210284387
Opel Mokka 1.2 Turbo,522990,3,2026,Benzín,1.2,Turbo,,100,Manuální,,,,Ne,SUV,,,136k GS,Odstraněno,Sauto.cz,Ano,https://www.sauto.cz/osobni/detail/opel/mokka/210299030
Opel Mokka 1.2 Turbo,499990,,2025,Benzín,1.2,Turbo,,100,Manuální,,,,Ne,SUV,,,136k Edition,Odstraněno,Sauto.cz,Ano,https://www.sauto.cz/osobni/detail/opel/mokka/210299138
Opel Mokka 1.2 Turbo,531990,,2025,Benzín,1.2,Turbo,,100,Manuální,,,,Ne,SUV,,,136k Edition,Odstraněno,Sauto.cz,Ano,https://www.sauto.cz/osobni/detail/opel/mokka/210299141
Opel Mokka 1.2,490450,,2026,Benzín,1.2,,,100,Manuální,,,,Ne,SUV,,,T 136k Edition MT6,Nové,Sauto.cz,Ano,
Opel Mokka 1.2 Turbo,480000,4546,2025,Benzín,1.2,Turbo,,100,Manuální,,,,Ne,SUV,,Ano,"Záruka, Serv.kniha",Odstraněno,Sauto.cz,Ano,https://www.sauto.cz/osobni/detail/opel/mokka/210335249
Opel Mokka 1.2,399900,23610,2023,Benzín,1.2,,,100,Manuální,,,,Ne,SUV,Elegance,,"T,Manuál",Odstraněno,Sauto.cz,Ano,https://www.sauto.cz/osobni/detail/opel/mokka/210344045
Opel Mokka 1.2 Turbo,469900,2000,2026,Benzín,1.2,Turbo,,100,Manuální,,,,Ne,SUV,,,HIT EDITION,Odstraněno,Sauto.cz,Ano,https://www.sauto.cz/osobni/detail/opel/mokka/210363509
Opel Mokka 1.2 Turbo,484990,,2026,Benzín,1.2,Turbo,,100,Manuální,,,,Ne,SUV,,,EDITION +VÝHŘEV,Odstraněno,Sauto.cz,Ano,https://www.sauto.cz/osobni/detail/opel/mokka/210367214
Opel Mokka 1.2 Turbo,481990,1,2025,Benzín,1.2,Turbo,,100,Manuální,,,,Ne,CUV,,,Edition HIT 136k MT6,Odstraněno,Sauto.cz,Ano,https://www.sauto.cz/osobni/detail/opel/mokka/210370151
Opel Mokka 1.2 Turbo,451990,1,2025,Benzín,1.2,Turbo,,100,Manuální,,,,Ne,CUV,,,Edition HIT 136k MT6,Odstraněno,Sauto.cz,Ano,https://www.sauto.cz/osobni/detail/opel/mokka/210370187
Opel Mokka 1.2 Turbo,451990,1,2026,Benzín,1.2,Turbo,,100,Manuální,,,,Ne,CUV,,,Edition HIT 136k MT6,Odstraněno,Sauto.cz,Ano,https://www.sauto.cz/osobni/detail/opel/mokka/210370193
Opel Mokka 1.2 Turbo,482990,,2026,Benzín,1.2,Turbo,,100,Manuální,,,,Ne,SUV,,,EDITION +VÝHŘEV,Odstraněno,Sauto.cz,Ano,https://www.sauto.cz/osobni/detail/opel/mokka/210370328
Opel Mokka 1.2 Turbo,466990,,2026,Benzín,1.2,Turbo,,100,Manuální,,,,Ne,SUV,,,EDITION +VÝHŘEV,Odstraněno,Sauto.cz,Ano,https://www.sauto.cz/osobni/detail/opel/mokka/210410024
Opel Mokka 1.2 Turbo,486490,,2026,Benzín,1.2,Turbo,,100,Manuální,,,,Ne,SUV,,,HIT () MT-6,Odstraněno,Sauto.cz,Ano,https://www.sauto.cz/osobni/detail/opel/mokka/210419444
Opel Mokka 1.2,478290,,2026,Benzín,1.2,,,100,Manuální,,,,Ne,SUV,,,T 136k Edition MT6,Nové,Sauto.cz,Ano,
Opel Mokka 1.2 Turbo,429900,22258,2024,Benzín,1.2,Turbo,,100,Manuální,,,,Ne,SUV,,,"ULTIMATE,MAN6",Odstraněno,Sauto.cz,Ano,https://www.sauto.cz/osobni/detail/opel/mokka/210484625
Opel Mokka 1.2 Turbo,491990,5,2026,Benzín,1.2,Turbo,,100,Manuální,,,,Ne,CUV,,,Edition 136k MT6,Odstraněno,Sauto.cz,Ano,https://www.sauto.cz/osobni/detail/opel/mokka/210485225
Opel Vivaro 2.0 CDTi,530000,82219,2022,Nafta,2.0,CDTi,,106,Manuální,,,,Ne,MPV,,,"Combi, M",Odstraněno,Sauto.cz,Ano,https://www.sauto.cz/osobni/detail/opel/vivaro/208703711
Opel Vivaro 2.0,649000,74999,2022,Nafta,2.0,,,106,Manuální,,,,Ne,Hatchback,Life,,*d**CZ*1-MAJ*DPH*,Ojeté,Sauto.cz,Ano,
Opel Zafira 2.0 CDTi,699990,83260,2022,Nafta,2.0,CDTi,,106,Manuální,,,,Ne,Hatchback,Life,,6MT ()(verz,Odstraněno,Sauto.cz,Ano,https://www.sauto.cz/osobni/detail/opel/zafira/209724447
Opel Zafira 2.0,649000,74999,2022,Nafta,2.0,,,106,Manuální,,,,Ne,Hatchback,Life,,*d**CZ*1-MAJ*DPH*,Ojeté,Sauto.cz,Ano,
Peugeot 2008 1.2 PureTech,450000,56095,2022,Benzín,1.2,PureTech,,114,Automatická,,,,Ne,SUV,,,"GT, Automat, ČR",Odstraněno,Sauto.cz,Ano,https://www.sauto.cz/osobni/detail/peugeot/2008/210319880
Peugeot 2008 1.2 PureTech,440000,41158,2022,Benzín,1.2,PureTech,,114,Automatická,,,,Ne,SUV,,,"GT, Automat, ČR",Odstraněno,Sauto.cz,Ano,https://www.sauto.cz/osobni/detail/peugeot/2008/210375869
Peugeot 3008 1.2,735000,5500,2026,Benzín,1.2,,HEV,107,Automatická,,,,Ne,SUV,,,BUSINESS Hybrid 145 e-DCS6,Odstraněno,Sauto.cz,Ano,https://www.sauto.cz/osobni/detail/peugeot/3008/209746335
Peugeot 3008 1.2,699000,3465,2025,Benzín,1.2,,HEV,100,Automatická,,,,Ne,SUV,Allure,,HYBRID EXTRA-STAV NOVÉ,Ojeté,Sauto.cz,Ano,
Peugeot 308 Hatchback 1.2 PureTech,555000,1,2025,Benzín,1.2,,HEV,107,Automatická,,,,Ne,Hatchback,Allure,,Hybrid 145 e-DCS6,Předváděcí,Sauto.cz,Ano,
Peugeot 308 SW 1.2 PureTech (Kombi),720000,,2026,Benzín,1.2,,HEV,107,Automatická,,,,Ne,Kombi,Allure,,SW Hybrid 145 e-DCS6,Odstraněno,Sauto.cz,Ano,https://www.sauto.cz/osobni/detail/peugeot/308/210335114
Peugeot 308 Hatchback 1.2 PureTech,549999,14465,2025,Benzín,1.2,,HEV,100,Automatická,,,,Ne,Hatchback,Allure,,HYBRID CZ Aut.klima,Odstraněno,Sauto.cz,Ano,https://www.sauto.cz/osobni/detail/peugeot/308/210484508
Peugeot 308 SW 1.2 PureTech (Kombi),629000,,2026,Benzín,1.2,,,107,Automatická,,,,Ne,Kombi,Allure,,,Odstraněno,Sauto.cz,Ano,https://www.sauto.cz/osobni/detail/peugeot/308/210489752
Peugeot 5008 1.2 PureTech MHEV,728000,53565,2021,Benzín,1.6,,,133,Automatická,,,,Ne,SUV,GT-Line,Ano,AT 8 Záruka,Ojeté,Sauto.cz,Ano,
Peugeot 5008 1.2 PureTech MHEV,640000,96533,2021,Nafta,2.0,BlueHDi,,132,Automatická,,,,Ne,SUV,,,GT PACK 180k EAT8,Ojeté,Sauto.cz,Ano,
Peugeot Expert 2.0 BlueHDi,509990,57131,2024,Nafta,2.0,BlueHDi,,106,Manuální,,,,Ne,VAN,,,145,Odstraněno,Sauto.cz,Ano,https://www.sauto.cz/osobni/detail/peugeot/expert/210324431
Peugeot Traveller 2.0,658999,99479,2022,Nafta,2.0,,,106,Manuální,,,,Ne,MPV,,,HDi CZ L2 8-Míst DPH,Ojeté,Sauto.cz,Ano,
Renault Arkana 1.3 TCe MHEV (SUV-Kupé),399990,83676,2022,Benzín,1.3,TCe,,103,Automatická,,,,Ne,SUV,,,Intens,Ojeté,Sauto.cz,Ano,
Renault Arkana 1.3 TCe MHEV (SUV-Kupé),569990,11979,2023,Benzín,1.3,TCe,,103,Automatická,,,,Ne,SUV,RS-Line,,,Ojeté,Sauto.cz,Ano,
Renault Arkana 1.3 TCe MHEV (SUV-Kupé),574990,13919,2023,Benzín,1.3,TCe,,103,Automatická,,,,Ne,SUV,,,Initiale,Ojeté,Sauto.cz,Ano,
Renault Arkana 1.3 TCe MHEV (SUV-Kupé),599990,14583,2023,Benzín,1.3,,MHEV,103,Automatická,,,,Ne,SUV,,,R.S. Line mild hybrid 140 EDC,Ojeté,Sauto.cz,Ano,
Renault Arkana 1.3 TCe MHEV (SUV-Kupé),559990,23674,2023,Benzín,1.3,TCe,,103,Automatická,,,,Ne,SUV,RS Line,,,Ojeté,Sauto.cz,Ano,
Renault Arkana 1.3 TCe MHEV (SUV-Kupé),564990,15227,2023,Benzín,1.3,TCe,,103,Automatická,,,,Ne,SUV,RS Line,,,Ojeté,Sauto.cz,Ano,
Renault Arkana 1.3 TCe MHEV (SUV-Kupé),564990,13201,2023,Benzín,1.3,TCe,,103,Automatická,,,,Ne,SUV,,,RS - line,Ojeté,Sauto.cz,Ano,
Renault Arkana 1.3 TCe MHEV (SUV-Kupé),499999,17227,2024,Benzín,1.3,TCe,,103,Automatická,,,,Ne,SUV,,,140 EDC Evolution,Ojeté,Sauto.cz,Ano,
Renault Arkana 1.3 TCe MHEV (SUV-Kupé),613880,10,2026,Benzín,1.3,,MHEV,103,Automatická,,,,Ne,Kupé,,,mild hybrid Techno,Odstraněno,Sauto.cz,Ano,https://www.sauto.cz/osobni/detail/renault/arkana/209816811
Renault Arkana 1.3 TCe MHEV (SUV-Kupé),670000,10,2026,Benzín,1.3,,MHEV,103,Automatická,,,,Ne,Kupé,,,mild hybrid Esprit al,Odstraněno,Sauto.cz,Ano,https://www.sauto.cz/osobni/detail/renault/arkana/209816814
Renault Arkana 1.3 TCe MHEV (SUV-Kupé),630410,32985,2024,Benzín,1.3,TCe,,103,Automatická,,,,Ne,SUV,,,140 EDC TECHNO*Navi*,Odstraněno,Sauto.cz,Ano,https://www.sauto.cz/osobni/detail/renault/arkana/210216572
Renault Arkana 1.3 TCe MHEV (SUV-Kupé),620000,2296,2025,Benzín,1.3,TCe,,103,Automatická,,,,Ne,SUV,,,Esprit Alpine,Odstraněno,Sauto.cz,Ano,https://www.sauto.cz/osobni/detail/renault/arkana/210254660
Renault Arkana 1.3 TCe MHEV (SUV-Kupé),585000,12101,2024,Benzín,1.3,,MHEV,103,Automatická,,,,Ne,SUV,,,mild hybrid 140 7EDC autom,Odstraněno,Sauto.cz,Ano,https://www.sauto.cz/osobni/detail/renault/arkana/210262877
Renault Arkana 1.3 TCe MHEV (SUV-Kupé),640000,3248,2024,Benzín,1.3,TCe,,116,Automatická,,,,Ne,SUV,,,Esprit Alpine,Odstraněno,Sauto.cz,Ano,https://www.sauto.cz/osobni/detail/renault/arkana/210282917
Renault Arkana 1.3 TCe MHEV (SUV-Kupé),650000,15,2025,Benzín,1.3,,MHEV,103,Automatická,,,,Ne,Kupé,,,mild hybrid Esprit al,Odstraněno,Sauto.cz,Ano,https://www.sauto.cz/osobni/detail/renault/arkana/210292739
Renault Arkana 1.3 TCe MHEV (SUV-Kupé),480000,32000,2022,Benzín,1.3,TCe,,103,Automatická,,,,Ne,SUV,,,Intens,Odstraněno,Sauto.cz,Ano,https://www.sauto.cz/osobni/detail/renault/arkana/210293414
Renault Arkana E-Tech Hybrid,613500,10,2026,Benzín,1.6,e-TEC,HEV,105,Automatická,,,,Ne,SUV,,,techno full hybrid h 145,Odstraněno,Sauto.cz,Ano,https://www.sauto.cz/osobni/detail/renault/arkana/210346892
Renault Arkana 1.3 TCe MHEV (SUV-Kupé),678300,10,2026,Benzín,1.6,,HEV,105,Automatická,,,,Ne,SUV,,,esprit Alpine full hybrid E-Te,Odstraněno,Sauto.cz,Ano,https://www.sauto.cz/osobni/detail/renault/arkana/210346895
Renault Arkana E-Tech Hybrid,669900,5,2026,Benzín,1.6,e-TEC,MHEV,105,Automatická,,,,Ne,SUV,,,ESPRIT HYBRID H 145-AKCE!,Odstraněno,Sauto.cz,Ano,https://www.sauto.cz/osobni/detail/renault/arkana/210375524
Renault Arkana E-Tech Hybrid,450000,25653,2021,Benzín,1.6,e-TEC,MHEV,105,Automatická,,,,Ne,SUV,,,Intens SCE H Hybrid 10,Ojeté,Sauto.cz,Ano,
Renault Arkana E-Tech Hybrid,579900,5,2026,Benzín,1.6,e-TEC,HEV,105,Automatická,,,,Ne,Hatchback,,,techno full hybrid h 145,Odstraněno,Sauto.cz,Ano,https://www.sauto.cz/osobni/detail/renault/arkana/210401336
Renault Arkana E-Tech Hybrid,583500,5,2026,Benzín,1.6,e-TEC,MHEV,105,Automatická,,,,Ne,Hatchback,,,Techno full hydrid h 145,Odstraněno,Sauto.cz,Ano,https://www.sauto.cz/osobni/detail/renault/arkana/210404636
Renault Arkana 1.3 TCe MHEV (SUV-Kupé),460000,60127,2022,Benzín,1.3,TCe,,116,Automatická,,,,Ne,SUV,,,"Automat, ČR,1.maj",Odstraněno,Sauto.cz,Ano,https://www.sauto.cz/osobni/detail/renault/arkana/210421619
Renault Arkana E-Tech Hybrid,634800,,2026,Benzín,1.6,,HEV,105,Automatická,,,,Ne,Hatchback,,,Esprit Alpine Full Hybrid,Nové,Sauto.cz,Ano,
Renault Arkana 1.3 TCe MHEV (SUV-Kupé),510000,26191,2023,Benzín,1.3,TCe,,118,Automatická,,,,Ne,SUV,R.S.Line,,,Odstraněno,Sauto.cz,Ano,https://www.sauto.cz/osobni/detail/renault/arkana/210429290
Renault Austral 1.3,629000,32000,2023,Benzín,1.3,,MHEV,103,Manuální,,,,Ne,SUV,TOP,,mild hybrid 140 VÝBAVA,Odstraněno,Sauto.cz,Ano,https://www.sauto.cz/osobni/detail/renault/austral/201545674
Renault Austral 1.3 TCe,629999,19985,2024,Benzín,1.3,TCe,MHEV,116,Automatická,,,,Ne,SUV,,,158PS Techno CZ DPH,Ojeté,Sauto.cz,Ano,
Renault Austral 1.3,649900,14444,2024,Benzín,1.3,,MHEV,116,Automatická,,,,Ne,SUV,,,iconic mild hybrid 160 auto,Odstraněno,Sauto.cz,Ano,https://www.sauto.cz/osobni/detail/renault/austral/209996853
Renault Austral 1.3,649999,24892,2024,Benzín,1.3,,MHEV,116,Automatická,,,,Ne,SUV,,,160 Iconic,Ojeté,Sauto.cz,Ano,
Renault Austral 1.3 TCe,649999,22895,2024,Benzín,1.3,TCe,MHEV,116,Automatická,,,,Ne,SUV,,,AT,Ojeté,Sauto.cz,Ano,
Renault Austral 1.3,580000,16680,2024,Benzín,1.3,,MHEV,116,Automatická,,,,Ne,SUV,,Ano,"T , Záruka, NOVÁ CENA",Odstraněno,Sauto.cz,Ano,https://www.sauto.cz/osobni/detail/renault/austral/210110696
Renault Austral 1.3 TCe,699000,10910,2025,Benzín,1.3,TCe,,116,Automatická,,,,Ne,SUV,,,Techno EDC,Odstraněno,Sauto.cz,Ano,https://www.sauto.cz/osobni/detail/renault/austral/210168179
Renault Austral 1.3 TCe,679000,16500,2025,Benzín,1.3,TCe,,116,Automatická,,,,Ne,SUV,,,Techno EDC,Odstraněno,Sauto.cz,Ano,https://www.sauto.cz/osobni/detail/renault/austral/210246551
Renault Austral 1.3,736575,,2026,Benzín,1.3,,MHEV,109,Automatická,,,,Ne,SUV,,,techno mild hybrid 150 auto,Odstraněno,Sauto.cz,Ano,https://www.sauto.cz/osobni/detail/renault/austral/210246797
Renault Austral 1.3,704022,11803,2024,Benzín,1.3,,,116,Automatická,,,,Ne,SUV,,,,Odstraněno,Sauto.cz,Ano,https://www.sauto.cz/osobni/detail/renault/austral/210261455
Renault Austral 1.3,641345,,2026,Benzín,1.3,,MHEV,109,Automatická,,,,Ne,SUV,,,evolution mild hybrid 150 auto,Odstraněno,Sauto.cz,Ano,https://www.sauto.cz/osobni/detail/renault/austral/210278543
Renault Austral 1.3 TCe,739000,22100,2024,Benzín,1.3,TCe,,116,Automatická,,,,Ne,SUV,,,ICONIC EDC,Odstraněno,Sauto.cz,Ano,https://www.sauto.cz/osobni/detail/renault/austral/210288590
Renault Austral 1.3,699000,31351,2024,Benzín,1.3,,MHEV,116,Automatická,,,,Ne,SUV,,,mild hybrid techno e,Odstraněno,Sauto.cz,Ano,https://www.sauto.cz/osobni/detail/renault/austral/210297419
Renault Captur 1.0 TCe,569900,9990,2025,Benzín,1.3,,MHEV,103,Manuální,,,,Ne,Hatchback,,,Techno mild hybrid 140,Odstraněno,Sauto.cz,Ano,https://www.sauto.cz/osobni/detail/renault/captur/209458911
Renault Captur 1.0 TCe,469990,29848,2024,Benzín,1.3,TCe,,103,Automatická,,,,Ne,SUV,,,Techno 140 EDC,Ojeté,Sauto.cz,Ano,
Renault Captur 1.0 TCe,474999,36321,2023,Benzín,1.3,TCe,,116,Automatická,,,,Ne,SUV,RS-Line,,,Ojeté,Sauto.cz,Ano,
Renault Captur 1.0 TCe,515000,23500,2024,Benzín,1.3,TCe,MHEV,103,Automatická,,,,Ne,Hatchback,,,Mild Hybrid 140 EDC 103,Odstraněno,Sauto.cz,Ano,https://www.sauto.cz/osobni/detail/renault/captur/210292763
Renault Captur 1.0 TCe,549000,26200,2025,Benzín,1.3,TCe,,116,Automatická,,,,Ne,SUV,,,TECHNO 160k EDC,Odstraněno,Sauto.cz,Ano,https://www.sauto.cz/osobni/detail/renault/captur/210337352
Renault Captur 1.0 TCe,400000,65613,2023,Benzín,1.3,TCe,,103,Manuální,,,,Ne,SUV,,,"Limited, Kůže, Navi",Odstraněno,Sauto.cz,Ano,https://www.sauto.cz/osobni/detail/renault/captur/210353939
Renault Captur 1.0 TCe,559000,10450,2025,Benzín,1.3,TCe,,103,Manuální,,,,Ne,SUV,,,"Techno 140, manuál",Odstraněno,Sauto.cz,Ano,https://www.sauto.cz/osobni/detail/renault/captur/210419996
Renault Captur 1.0 TCe,679000,10,2026,Benzín,1.3,,MHEV,104,Automatická,,,,Ne,SUV,,,techno mild hybrid 140 EDC,Odstraněno,Sauto.cz,Ano,https://www.sauto.cz/osobni/detail/renault/captur/210421055
Renault Captur 1.0 TCe,556960,,2025,Benzín,1.3,,MHEV,103,Automatická,,,,Ne,Hatchback,,,Techno Mild Hybrid 140 EDC,Nové,Sauto.cz,Ano,
Renault Captur 1.0 TCe,634000,10,2026,Benzín,1.3,,MHEV,103,Manuální,,,,Ne,Hatchback,,,techno mild hybrid 140 EDC,Nové,Sauto.cz,Ano,
Renault Captur 1.0 TCe,479999,27752,2024,Benzín,1.3,TCe,,103,Automatická,,,,Ne,SUV,,,140 Techno EDC,Ojeté,Sauto.cz,Ano,
Renault Kadjar 1.3 TCe,359900,79254,2021,Benzín,1.3,TCe,,103,Manuální,,,,Ne,SUV,,,"NOVÉ V ČR,1.MAJITEL",Odstraněno,Sauto.cz,Ano,https://www.sauto.cz/osobni/detail/renault/kadjar/209705118
Renault Kadjar 1.3 TCe,399900,50900,2021,Benzín,1.3,TCe,,103,Manuální,,,,Ne,SUV,,,,Odstraněno,Sauto.cz,Ano,https://www.sauto.cz/osobni/detail/renault/kadjar/210297833
Renault Koleos 2.0 dCi 4WD,674998,84459,2023,Nafta,2.0,dCi,,135,Automatická,,,,Ano,SUV,,,Initale Paris C,Ojeté,Sauto.cz,Ano,
Renault Koleos 2.0 dCi 4WD,505000,87000,2021,Nafta,1.7,,,110,Automatická,,,,Ne,SUV,,,"1. Majitel, registrace 1 21",Odstraněno,Sauto.cz,Ano,https://www.sauto.cz/osobni/detail/renault/koleos/210233234
Renault Koleos 2.0 dCi 4WD,559900,98451,2022,Nafta,2.0,dCi,,135,Automatická,,,,Ano,SUV,,,"AT,CZ",Odstraněno,Sauto.cz,Ano,https://www.sauto.cz/osobni/detail/renault/koleos/210251324
Renault Mégane Hatchback 1.3 TCe,379000,32123,2022,Benzín,1.3,TCe,,103,Manuální,,,,Ne,Sedan/limuzína,,,Intens 140 1.majitel,Odstraněno,Sauto.cz,Ano,https://www.sauto.cz/osobni/detail/renault/megane/209620641
Renault Mégane Hatchback 1.3 TCe,359999,81021,2021,Benzín,1.3,TCe,,103,Automatická,,,,Ne,Kombi,,,140PS AT CZ DPH,Ojeté,Sauto.cz,Ano,
Renault Mégane Hatchback 1.3 TCe,499900,38870,2023,Benzín,1.3,TCe,,103,Automatická,,,,Ne,Kombi,,,Techno 140 EDC,Odstraněno,Sauto.cz,Ano,https://www.sauto.cz/osobni/detail/renault/megane/209888019
Renault Mégane Hatchback 1.3 TCe,348000,66200,2022,Benzín,1.3,TCe,,103,Manuální,,,,Ne,Kombi,,Ano,Full LED Záruka,Ojeté,Sauto.cz,Ano,
Renault Mégane Hatchback 1.3 TCe,440000,3354,2024,Benzín,1.3,TCe,,103,Manuální,,,,Ne,Sedan/limuzína,,,"1.maj,ČR,LED",Ojeté,Sauto.cz,Ano,
Renault Mégane Hatchback 1.3 TCe,340000,96360,2023,Benzín,1.3,TCe,,103,Manuální,,,,Ne,Kombi,,,Equilibre,Ojeté,Sauto.cz,Ano,
Renault Mégane Hatchback 1.3 TCe,325000,89476,2021,Benzín,1.3,TCe,,103,Manuální,,,,Ne,Sedan/limuzína,,,ČR,Ojeté,Sauto.cz,Ano,
Renault Mégane Hatchback 1.3 TCe,539990,34148,2022,Benzín,1.3,,,116,Automatická,,,,Ne,Kombi,,,R.S. Line,Odstraněno,Sauto.cz,Ano,https://www.sauto.cz/osobni/detail/renault/megane/210275342
Renault Mégane Hatchback 1.3 TCe,480000,84000,2023,Benzín,1.3,,,116,Automatická,,,,Ne,Kombi,,,Renault Mégane Grandtour R.S.,Odstraněno,Sauto.cz,Ano,https://www.sauto.cz/osobni/detail/renault/megane/210337094
Renault Mégane Hatchback 1.3 TCe,340000,99831,2023,Benzín,1.4,TCe,,103,Manuální,,,,Ne,Kombi,,,"Equilibre,LED",Odstraněno,Sauto.cz,Ano,https://www.sauto.cz/osobni/detail/renault/megane/210432059
Renault Mégane Hatchback 1.3 TCe,309000,73429,2021,Benzín,1.3,TCe,,103,Manuální,,,,Ne,Kombi,,,Business DPH,Ojeté,Sauto.cz,Ano,
Renault Mégane Hatchback 1.3 TCe,440000,10281,2023,Benzín,1.3,TCe,,103,Automatická,,,,Ne,Kombi,,,"Automat, ČR,1.maj",Ojeté,Sauto.cz,Ano,
Renault Symbioz 1.3,697900,1630,2025,Benzín,1.3,,MHEV,104,Manuální,,,,Ne,Hatchback,,,Techno mild hybrid 140,Odstraněno,Sauto.cz,Ano,https://www.sauto.cz/osobni/detail/renault/symbioz/209535723
Renault Symbioz 1.3,659000,8000,2025,Benzín,1.3,,MHEV,103,Manuální,,,,Ne,Kombi,,,Esprit Alpine mild hybrid 140,Odstraněno,Sauto.cz,Ano,https://www.sauto.cz/osobni/detail/renault/symbioz/209631060
Renault Symbioz 1.3,496500,,2026,Benzín,1.3,,MHEV,103,Manuální,,,,Ne,Kombi,,,evolution mild hybrid 140,Odstraněno,Sauto.cz,Ano,https://www.sauto.cz/osobni/detail/renault/symbioz/210176291
Renault Symbioz 1.8 e-TEC,635900,1,2026,Benzín,1.8,e-TEC,HEV,116,Automatická,,,,Ne,SUV,,,techno h full hybrid 145,Nové,Sauto.cz,Ano,
Renault Symbioz 1.8 e-TEC,614150,10,2026,Benzín,1.8,e-TEC,HEV,116,Automatická,,,,Ne,SUV,,,evolution full hybrid h 1,Odstraněno,Sauto.cz,Ano,https://www.sauto.cz/osobni/detail/renault/symbioz/210217655
Renault Symbioz 1.3,635525,10,2026,Benzín,1.3,,MHEV,103,Manuální,,,,Ne,SUV,,,techno mild hybrid 140,Odstraněno,Sauto.cz,Ano,https://www.sauto.cz/osobni/detail/renault/symbioz/210255584
Renault Symbioz 1.3,595000,5000,2025,Benzín,1.3,,MHEV,103,Manuální,,,,Ne,SUV,,,techno mild hybrid 140,Odstraněno,Sauto.cz,Ano,https://www.sauto.cz/osobni/detail/renault/symbioz/210261569
Renault Symbioz 1.3,493315,,2026,Benzín,1.3,,MHEV,103,Manuální,,,,Ne,SUV,,,mild hybrid 140,Odstraněno,Sauto.cz,Ano,https://www.sauto.cz/osobni/detail/renault/symbioz/210269429
Renault Symbioz 1.8 e-TEC,675510,10,2026,Benzín,1.8,e-TEC,HEV,116,Automatická,,,,Ne,SUV,,,Techno full hybrid h 160,Odstraněno,Sauto.cz,Ano,https://www.sauto.cz/osobni/detail/renault/symbioz/210307400
Renault Symbioz 1.8 e-TEC,678275,10,2026,Benzín,1.8,e-TEC,HEV,116,Automatická,,,,Ne,SUV,,,techno full hybrid h 160,Odstraněno,Sauto.cz,Ano,https://www.sauto.cz/osobni/detail/renault/symbioz/210309200
Renault Symbioz 1.8 e-TEC,684260,10,2026,Benzín,1.8,e-TEC,HEV,116,Automatická,,,,Ne,SUV,,,techno full hybrid h 160,Odstraněno,Sauto.cz,Ano,https://www.sauto.cz/osobni/detail/renault/symbioz/210309206
Renault Symbioz 1.3,650915,10,2026,Benzín,1.3,,MHEV,103,Automatická,,,,Ne,SUV,,,techno mild hybrid 140 EDC,Odstraněno,Sauto.cz,Ano,https://www.sauto.cz/osobni/detail/renault/symbioz/210309209
Renault Symbioz 1.3,649000,6973,2025,Benzín,1.3,,MHEV,103,Manuální,,,,Ne,SUV,,,TECHNO MILD HYBRID 140 PANORAM,Odstraněno,Sauto.cz,Ano,https://www.sauto.cz/osobni/detail/renault/symbioz/210327899
Renault Symbioz 1.3,733779,7667,2025,Benzín,1.3,,MHEV,103,Automatická,,,,Ne,SUV,,,140 Mild Hybrid,Odstraněno,Sauto.cz,Ano,https://www.sauto.cz/osobni/detail/renault/symbioz/210400430
Renault Symbioz 1.3,644075,8,2026,Benzín,1.3,,MHEV,103,Automatická,,,,Ne,Kombi,,,Techno mild hybrid 140 EDC,Odstraněno,Sauto.cz,Ano,https://www.sauto.cz/osobni/detail/renault/symbioz/210427532
Renault Symbioz 1.3,656045,10,2026,Benzín,1.3,,MHEV,103,Automatická,,,,Ne,Kombi,,,Techno mild hybrid 140 EDC,Odstraněno,Sauto.cz,Ano,https://www.sauto.cz/osobni/detail/renault/symbioz/210427994
Renault Symbioz 1.3,566850,10,2026,Benzín,1.3,,MHEV,103,Manuální,,,,Ne,SUV,,,techno mild hybrid 140,Odstraněno,Sauto.cz,Ano,https://www.sauto.cz/osobni/detail/renault/symbioz/210439742
Renault Symbioz 1.3,626975,5,2026,Benzín,1.3,,MHEV,103,Automatická,,,,Ne,SUV,,,techno mild hybrid 140 EDC,Nové,Sauto.cz,Ano,
Renault Symbioz 1.3,500000,3232,2025,Benzín,1.3,TCe,MHEV,103,Manuální,,,,Ne,SUV,,Ano,"Záruka, ČR,1.maj",Předváděcí,Sauto.cz,Ano,
Renault Symbioz 1.8 e-TEC,670000,1900,2026,Benzín,1.8,e-TEC,HEV,116,Automatická,,,,Ne,SUV,,,techno h full hybrid 145,Nové,Sauto.cz,Ano,
Renault Symbioz 1.3,632620,10,2026,Benzín,1.3,,MHEV,103,,,,,Ne,SUV,,,techno mild hybrid 140,Nové,Sauto.cz,Ano,
Renault Talisman Grandtour 2.0 dCi,479990,83396,2021,Nafta,2.0,dCi,,118,Automatická,,,,Ne,Kombi,,,2021 EDC,Ojeté,Sauto.cz,Ano,
Renault Talisman Grandtour 2.0 dCi,470000,48543,2021,Nafta,2.0,dCi,,139,Automatická,,,,Ne,Kombi,,,"ČR,AT,LED,navi",Odstraněno,Sauto.cz,Ano,https://www.sauto.cz/osobni/detail/renault/talisman/210407465
Renault Trafic 1.9,695000,2200,2024,Nafta,1.9,,,110,Manuální,,,,Ne,Kombi,,,Renault Trafic Combi Van L1 H1,Ojeté,Sauto.cz,Ano,
Seat Ateca 1.5 TSI,645000,27382,2023,Benzín,1.5,TSI,,110,Automatická,Ano,,,Ne,SUV,FR,,Line Virtual L,Ojeté,Sauto.cz,Ano,
Seat Ateca 1.5 TSI,627900,23639,2023,Benzín,1.5,TSI,,110,Automatická,,,,Ne,SUV,FR,,,Ojeté,Sauto.cz,Ano,
Seat Ateca 1.5 TSI,498000,93642,2022,Nafta,2.0,TDI,,110,Automatická,Ano,,,Ne,SUV,,,X-Perience,Ojeté,Sauto.cz,Ano,
Seat Ateca 1.5 TSI,639900,85738,2022,Nafta,2.0,TDI,,110,Automatická,Ano,,,Ano,SUV,FR,,,Odstraněno,Sauto.cz,Ano,https://www.sauto.cz/osobni/detail/seat/ateca/209991618
Seat Ateca 1.5 TSI,619990,79037,2023,Benzín,1.5,TSI,,110,Manuální,,,,Ne,SUV,FR,,,Odstraněno,Sauto.cz,Ano,https://www.sauto.cz/osobni/detail/seat/ateca/210086768
Seat Ateca 1.5 TSI,539000,98707,2023,Benzín,1.5,TSI,,110,Automatická,Ano,,,Ne,SUV,FR,,Webasto DPH,Ojeté,Sauto.cz,Ano,
Seat Ateca 1.5 TSI,619900,95300,2022,Nafta,2.0,TDI,,110,Automatická,Ano,,,Ano,SUV,FR,,"4WD , ČR, 1.MAJ.",Ojeté,Sauto.cz,Ano,
Seat Ateca 1.5 TSI,599999,51310,2023,Benzín,1.5,TSI,,110,Automatická,Ano,,,Ne,SUV,FR,,,Odstraněno,Sauto.cz,Ano,https://www.sauto.cz/osobni/detail/seat/ateca/210175157
Seat Ateca 1.5 TSI,652000,33129,2023,Benzín,1.5,TSI,,110,Automatická,Ano,,,Ne,SUV,,,Xperience,Ojeté,Sauto.cz,Ano,
Seat Ateca 1.5 TSI,729900,28700,2023,Nafta,2.0,TDI,,110,Automatická,,,,Ano,SUV,FR,,"ČR,1.MAJ,A T",Ojeté,Sauto.cz,Ano,
Seat Ateca 1.5 TSI,489900,62493,2021,Benzín,1.5,TSI,,110,Manuální,,,,Ne,Kombi,Style,,150K P.KAMERA,Odstraněno,Sauto.cz,Ano,https://www.sauto.cz/osobni/detail/seat/ateca/210263444
Seat Ateca 1.5 TSI,612900,34658,2023,Benzín,1.5,TSI,,110,Automatická,,,,Ne,SUV,FR,,,Odstraněno,Sauto.cz,Ano,https://www.sauto.cz/osobni/detail/seat/ateca/210296591
Seat Ateca 1.5 TSI,744150,39600,2024,Nafta,2.0,TDI,,110,Automatická,,,,Ne,SUV,FR,,- Line*Kamera*Navi*,Odstraněno,Sauto.cz,Ano,https://www.sauto.cz/osobni/detail/seat/ateca/210302390
Seat Ateca 1.5 TSI,549999,85423,2023,Benzín,1.5,TSI,,110,Automatická,Ano,,,Ne,SUV,FR,,,Odstraněno,Sauto.cz,Ano,https://www.sauto.cz/osobni/detail/seat/ateca/210302393
Seat Ateca 1.5 TSI,699000,11694,2022,Nafta,2.0,TDI,,110,Automatická,Ano,,,Ne,SUV,Style,,DPH,Odstraněno,Sauto.cz,Ano,https://www.sauto.cz/osobni/detail/seat/ateca/210355616
Seat Ateca 1.5 TSI,697018,59016,2022,Nafta,2.0,TDI,,110,Automatická,Ano,,,Ne,SUV,,,Xperience,Odstraněno,Sauto.cz,Ano,https://www.sauto.cz/osobni/detail/seat/ateca/210360185
Seat Ateca 1.5 TSI,600000,49000,2021,Benzín,2.0,TSI,PHEV,140,Automatická,Ano,,,Ano,SUV,,,4Drive,Odstraněno,Sauto.cz,Ano,https://www.sauto.cz/osobni/detail/seat/ateca/210384149
Seat Ateca 1.5 TSI,549990,64783,2023,Nafta,2.0,TDI,,110,Automatická,Ano,,,Ano,SUV,,,WEBASTO,Odstraněno,Sauto.cz,Ano,https://www.sauto.cz/osobni/detail/seat/ateca/210385799
Seat Ateca 1.5 TSI,499900,73100,2023,Benzín,1.5,TSI,,110,Manuální,,,,Ne,SUV,Style,,,Ojeté,Sauto.cz,Ano,
Seat Ateca 1.5 TSI,614000,11397,2023,Benzín,1.5,TSI,,110,Automatická,Ano,,,Ne,SUV,,,Xperience,Ojeté,Sauto.cz,Ano,
Seat Ateca 1.5 TSI,519000,93500,2023,Nafta,2.0,,,110,Automatická,,,,Ne,Kombi,TOP,,XPERIENCE NEZ. . VIRTUAL,Odstraněno,Sauto.cz,Ano,https://www.sauto.cz/osobni/detail/seat/ateca/210531560
Seat Ateca 1.5 TSI,550000,31676,2023,Benzín,1.5,TSI,,110,Manuální,,,,Ne,SUV,FR,Ano,Záruka,Ojeté,Sauto.cz,Ano,
Seat Leon Sportstourer 1.5 TSI (Kombi),568900,20551,2023,Benzín,1.5,TSI,,110,Automatická,,,,Ne,Kombi,FR,,Combi,Ojeté,Sauto.cz,Ano,
Seat Leon Sportstourer 1.5 TSI (Kombi),549000,4000,2025,Benzín,1.5,eTSI,,110,Automatická,Ano,,,Ne,Kombi,Style,,LED,Odstraněno,Sauto.cz,Ano,https://www.sauto.cz/osobni/detail/seat/leon/209679738
Seat Leon Sportstourer 1.5 TSI (Kombi),528999,49682,2023,Nafta,2.0,TDI,,110,Automatická,Ano,,,Ne,Kombi,FR,,CZ DPH,Ojeté,Sauto.cz,Ano,
Seat Leon Sportstourer 1.5 TSI (Kombi),542990,57321,2022,Nafta,2.0,TDI,,110,Automatická,,,,Ne,Kombi,FR,,"A T, ACC, DPH",Ojeté,Sauto.cz,Ano,
Seat Leon Sportstourer 1.5 TSI (Kombi),559000,19850,2024,Benzín,1.5,eTSI,,110,Automatická,,,,Ne,Kombi,FR,,**CZ*1-MAJ*DPH**,Ojeté,Sauto.cz,Ano,
Seat Leon Hatchback 1.5 TSI,550000,27000,2025,Benzín,1.5,eTSI,,110,Automatická,,,,Ne,Hatchback,FR,,,Ojeté,Sauto.cz,Ano,
Seat Leon Sportstourer 1.5 TSI (Kombi),518000,26144,2023,Benzín,1.5,eTSI,,110,Automatická,Ano,,,Ne,Kombi,FR,,SP,Ojeté,Sauto.cz,Ano,
Seat Leon Sportstourer 1.5 TSI (Kombi),629900,7000,2025,Benzín,1.5,TSI,,110,Manuální,,,,Ne,Kombi,,,,Odstraněno,Sauto.cz,Ano,https://www.sauto.cz/osobni/detail/seat/leon/210289886
Seat Leon Sportstourer 1.5 TSI (Kombi),615000,15070,2024,Benzín,1.5,TSI,,110,Manuální,,,,Ne,Kombi,FR,,150 k ST,Odstraněno,Sauto.cz,Ano,https://www.sauto.cz/osobni/detail/seat/leon/210299924
Seat Leon Sportstourer 1.5 TSI (Kombi),549000,30833,2022,Nafta,2.0,TDI,,110,Automatická,Ano,,,Ne,Kombi,FR,,Sportstourer,Ojeté,Sauto.cz,Ano,
Seat Leon Sportstourer 1.5 TSI (Kombi),539900,75140,2023,Nafta,2.0,TDI,,110,Automatická,Ano,,,Ne,Kombi,FR,,"ST, ČR",Ojeté,Sauto.cz,Ano,
Seat Leon Sportstourer 1.5 TSI (Kombi),549000,84971,2022,Nafta,2.0,TDI,,110,Automatická,Ano,,,Ne,Kombi,FR,,150 K St,Ojeté,Sauto.cz,Ano,
Seat Leon Hatchback 1.5 TSI,699900,5,2026,Benzín,1.5,TSI,,110,Manuální,,,,Ne,Hatchback,,,,Odstraněno,Sauto.cz,Ano,https://www.sauto.cz/osobni/detail/seat/leon/210419969
Seat Leon Hatchback 1.5 TSI,449934,92695,2022,Benzín,1.5,,,110,Automatická,,,,Ne,Hatchback,,,,Odstraněno,Sauto.cz,Ano,https://www.sauto.cz/osobni/detail/seat/leon/210431681
Seat Leon Sportstourer 1.5 TSI (Kombi),549340,21000,2024,Benzín,1.5,eTSI,,110,Automatická,Ano,,,Ne,Kombi,FR,,ST,Ojeté,Sauto.cz,Ano,
Seat Leon Sportstourer 1.5 TSI (Kombi),635900,5000,2025,Benzín,1.5,TSI,,110,Automatická,,,,Ne,Kombi,Style,,TAŽNÝ DPH,Odstraněno,Sauto.cz,Ano,https://www.sauto.cz/osobni/detail/seat/leon/210485027
Seat Tarraco 1.5 TSI (5místná verze),725900,99999,2021,Benzín,2.0,TSI,,140,Automatická,,,,Ano,SUV,FR,,1.MAJITEL AT,Odstraněno,Sauto.cz,Ano,https://www.sauto.cz/osobni/detail/seat/tarraco/209433126
Seat Tarraco 1.4 e-Hybrid (PHEV),719000,94246,2021,Nafta,2.0,TDI,PHEV,147,Automatická,Ano,,,Ano,SUV,FR,,DCC 4DRIVE,Ojeté,Sauto.cz,Ano,
Seat Tarraco 1.5 TSI (5místná verze),611982,92000,2021,Nafta,2.0,,,110,Automatická,,,,Ne,SUV,,,,Odstraněno,Sauto.cz,Ano,https://www.sauto.cz/osobni/detail/seat/tarraco/210176438
Seat Tarraco 1.5 TSI (5místná verze),589761,79910,2023,Nafta,2.0,,,110,Automatická,,,,Ne,SUV,,,,Odstraněno,Sauto.cz,Ano,https://www.sauto.cz/osobni/detail/seat/tarraco/210366452
Seat Tarraco 1.5 TSI (5místná verze),630000,70176,2023,Nafta,2.0,TDI,,110,Automatická,,,,Ne,SUV,Style,Ano,Záruka,Odstraněno,Sauto.cz,Ano,https://www.sauto.cz/osobni/detail/seat/tarraco/210414512
Škoda Fabia Hatchback (Gen 4) 1.0 TSI,674200,1,2026,Benzín,1.5,TSI,,130,Automatická,,,,Ne,Hatchback,,,Fabia 130,Nové,Sauto.cz,Ano,
Škoda Fabia Hatchback (Gen 4) 1.0 TSI,449000,78880,2024,Benzín,1.5,TSI,,110,Automatická,Ano,,,Ne,Hatchback,,,- Rezervace,Odstraněno,Sauto.cz,Ano,https://www.sauto.cz/osobni/detail/skoda/fabia/209846874
Škoda Fabia Hatchback (Gen 4) 1.0 TSI,559990,11244,2025,Benzín,1.5,TSI,,110,Automatická,,,,Ne,Hatchback,Monte Carlo,,,Odstraněno,Sauto.cz,Ano,https://www.sauto.cz/osobni/detail/skoda/fabia/210043416
Škoda Fabia Hatchback (Gen 4) 1.0 TSI,738624,5,2026,Benzín,1.5,TSI,,130,Automatická,Ano,,,Ne,Hatchback,,,Edice 130,Odstraněno,Sauto.cz,Ano,https://www.sauto.cz/osobni/detail/skoda/fabia/210164204
Škoda Fabia Hatchback (Gen 4) 1.0 TSI,579900,11360,2024,Benzín,1.5,TSI,,110,Automatická,Ano,,,Ne,Hatchback,Monte Carlo,,P,Odstraněno,Sauto.cz,Ano,https://www.sauto.cz/osobni/detail/skoda/fabia/210180494
Škoda Fabia Hatchback (Gen 4) 1.0 TSI,699000,,2025,Benzín,1.5,TSI,,130,Automatická,Ano,,,Ne,Hatchback,,,130,Odstraněno,Sauto.cz,Ano,https://www.sauto.cz/osobni/detail/skoda/fabia/210200990
Škoda Fabia Hatchback (Gen 4) 1.0 TSI,534900,7290,2024,Benzín,1.5,TSI,,110,Automatická,,,,Ne,Hatchback,Monte Carlo,,D,Odstraněno,Sauto.cz,Ano,https://www.sauto.cz/osobni/detail/skoda/fabia/210211262
Škoda Fabia Hatchback (Gen 4) 1.0 TSI,559900,15012,2024,Benzín,1.5,TSI,,110,Automatická,Ano,,,Ne,Hatchback,Monte Carlo,,,Odstraněno,Sauto.cz,Ano,https://www.sauto.cz/osobni/detail/skoda/fabia/210226259
Škoda Fabia Hatchback (Gen 4) 1.0 TSI,548000,19805,2025,Benzín,1.5,TSI,,110,Automatická,Ano,,,Ne,Hatchback,Monte Carlo,,,Ojeté,Sauto.cz,Ano,
Škoda Fabia Hatchback (Gen 4) 1.0 TSI,490000,36037,2023,Benzín,1.5,TSI,,110,Automatická,,,,Ne,Hatchback,,Ano,"Záruka, NOVÁ CENA",Odstraněno,Sauto.cz,Ano,https://www.sauto.cz/osobni/detail/skoda/fabia/210226961
Škoda Fabia Hatchback (Gen 4) 1.0 TSI,620512,10,2025,Benzín,1.5,,,110,Manuální,,,,Ne,Hatchback,,,,Nové,Sauto.cz,Ano,
Škoda Fabia Hatchback (Gen 4) 1.0 TSI,539000,33884,2025,Benzín,1.5,TSI,,110,Automatická,,,,Ne,Hatchback,Monte Carlo,,D,Odstraněno,Sauto.cz,Ano,https://www.sauto.cz/osobni/detail/skoda/fabia/210247073
Škoda Fabia Hatchback (Gen 4) 1.0 TSI,529000,18664,2024,Benzín,1.5,TSI,,110,Automatická,Ano,,,Ne,Hatchback,Monte Carlo,,,Odstraněno,Sauto.cz,Ano,https://www.sauto.cz/osobni/detail/skoda/fabia/210264455
Škoda Fabia Hatchback (Gen 4) 1.0 TSI,549990,6930,2025,Benzín,1.5,TSI,,110,Automatická,Ano,,,Ne,Hatchback,Monte Carlo,,,Odstraněno,Sauto.cz,Ano,https://www.sauto.cz/osobni/detail/skoda/fabia/210266708
Škoda Fabia Hatchback (Gen 4) 1.0 TSI,569000,6017,2025,Benzín,1.5,TSI,,110,Automatická,Ano,,,Ne,Hatchback,Monte Carlo,,,Odstraněno,Sauto.cz,Ano,https://www.sauto.cz/osobni/detail/skoda/fabia/210290228
Škoda Fabia Hatchback (Gen 4) 1.0 TSI,548000,12763,2025,Benzín,1.5,TSI,,110,Automatická,Ano,,,Ne,Hatchback,,,130 Let Prem,Ojeté,Sauto.cz,Ano,
Škoda Fabia Hatchback (Gen 4) 1.0 TSI,509990,33435,2023,Benzín,1.5,TSI,,110,Automatická,Ano,,,Ne,Hatchback,,,"MC, v záruce",Ojeté,Sauto.cz,Ano,
Škoda Fabia Hatchback (Gen 4) 1.0 TSI,699000,40,2025,Benzín,1.5,TSI,,110,Automatická,Ano,,,Ne,Hatchback,,,MONTE CARL,Odstraněno,Sauto.cz,Ano,https://www.sauto.cz/osobni/detail/skoda/fabia/210339869
Škoda Fabia Hatchback (Gen 4) 1.0 TSI,559990,13136,2025,Benzín,1.5,TSI,,110,Automatická,Ano,,,Ne,Hatchback,Monte Carlo,,,Odstraněno,Sauto.cz,Ano,https://www.sauto.cz/osobni/detail/skoda/fabia/210342047
Škoda Fabia Hatchback (Gen 4) 1.0 TSI,559900,6696,2025,Benzín,1.5,TSI,,110,Automatická,Ano,,,Ne,Hatchback,Monte Carlo,,,Odstraněno,Sauto.cz,Ano,https://www.sauto.cz/osobni/detail/skoda/fabia/210342986
Škoda Fabia Hatchback (Gen 4) 1.0 TSI,560000,27979,2025,Benzín,1.5,TSI,,110,Automatická,,,,Ne,Hatchback,Monte Carlo,,,Odstraněno,Sauto.cz,Ano,https://www.sauto.cz/osobni/detail/skoda/fabia/210345134
Škoda Fabia Hatchback (Gen 4) 1.0 TSI,540000,10927,2024,Benzín,1.5,TSI,,110,Automatická,,,,Ne,Hatchback,Monte Carlo,Ano,Záruka,Odstraněno,Sauto.cz,Ano,https://www.sauto.cz/osobni/detail/skoda/fabia/210347234
Škoda Fabia Hatchback (Gen 4) 1.0 TSI,649900,1000,2026,Benzín,1.5,TSI,,110,Automatická,Ano,,,Ne,Hatchback,Monte Carlo,,N,Odstraněno,Sauto.cz,Ano,https://www.sauto.cz/osobni/detail/skoda/fabia/210367066
Škoda Fabia Hatchback (Gen 4) 1.0 TSI,641600,1,2026,Benzín,1.5,TSI,,110,Automatická,Ano,,,Ne,Hatchback,Monte Carlo,,,Nové,Sauto.cz,Ano,
Škoda Fabia Hatchback (Gen 4) 1.0 TSI,529900,11140,2024,Benzín,1.5,TSI,,110,Automatická,Ano,,,Ne,Hatchback,Monte Carlo,,,Odstraněno,Sauto.cz,Ano,https://www.sauto.cz/osobni/detail/skoda/fabia/210372065
Škoda Fabia Hatchback (Gen 4) 1.0 TSI,650000,6015,2025,Benzín,1.5,TSI,,110,Automatická,,,,Ne,Hatchback,Monte Carlo,,DS,Odstraněno,Sauto.cz,Ano,https://www.sauto.cz/osobni/detail/skoda/fabia/210383129
Škoda Fabia Hatchback (Gen 4) 1.0 TSI,589500,100,2026,Benzín,1.5,TSI,,110,Automatická,,,,Ne,Hatchback,Monte Carlo,,7°D,Odstraněno,Sauto.cz,Ano,https://www.sauto.cz/osobni/detail/skoda/fabia/210385838
Škoda Fabia Hatchback (Gen 4) 1.0 TSI,419990,42531,2024,Benzín,1.5,TSI,,110,Automatická,,,,Ne,Hatchback,Selection,,,Ojeté,Sauto.cz,Ano,
Škoda Fabia Hatchback (Gen 4) 1.0 TSI,559900,2997,2024,Benzín,1.5,TSI,,110,Automatická,Ano,,,Ne,Hatchback,Monte Carlo,,,Odstraněno,Sauto.cz,Ano,https://www.sauto.cz/osobni/detail/skoda/fabia/210443666
Škoda Fabia Hatchback (Gen 4) 1.0 TSI,549000,21358,2025,Benzín,1.5,TSI,,110,Automatická,Ano,,,Ne,Hatchback,Monte Carlo,,,Ojeté,Sauto.cz,Ano,
Škoda Fabia Hatchback (Gen 4) 1.0 TSI,509000,20006,2025,Benzín,1.5,TSI,,110,Automatická,Ano,,,Ne,Hatchback,Monte Carlo,,110,Odstraněno,Sauto.cz,Ano,https://www.sauto.cz/osobni/detail/skoda/fabia/210484109
Škoda Fabia Hatchback (Gen 4) 1.0 TSI,559000,10077,2025,Benzín,1.5,TSI,,110,Automatická,Ano,,,Ne,Hatchback,Monte Carlo,,,Ojeté,Sauto.cz,Ano,
Škoda Fabia Hatchback (Gen 4) 1.0 TSI,470000,40000,2024,Benzín,1.5,TSI,,110,Automatická,Ano,,,Ne,Hatchback,Monte Carlo,,,Ojeté,Sauto.cz,Ano,
Škoda Fabia Hatchback (Gen 4) 1.0 TSI,514900,39430,2024,Benzín,1.5,TSI,,110,Automatická,,,,Ne,Hatchback,Monte Carlo,,D,Ojeté,Sauto.cz,Ano,
Škoda Fabia Hatchback (Gen 4) 1.0 TSI,449999,12044,2024,Benzín,1.5,TSI,,110,Automatická,Ano,,,Ne,Hatchback,,,--ACC-Kessy-ZÁR5r 100,Ojeté,Sauto.cz,Ano,
Škoda Fabia Hatchback (Gen 4) 1.0 TSI,499900,36662,2024,Benzín,1.5,TSI,,110,Automatická,Ano,,,Ne,Hatchback,TOP,,Selectio,Ojeté,Sauto.cz,Ano,
Škoda Kamiq 1.0 TSI,379900,97300,2021,Benzín,1.5,TSI,,110,Manuální,,,,Ne,SUV,Style,,"LED, KEYLESS",Ojeté,Sauto.cz,Ano,
Škoda Kamiq 1.0 TSI,499000,64922,2021,Benzín,1.5,TSI,,110,Automatická,Ano,,,Ne,Hatchback,Monte Carlo,,..,Ojeté,Sauto.cz,Ano,
Škoda Kamiq 1.0 TSI,678000,17866,2025,Benzín,1.5,TSI,,110,Automatická,Ano,,,Ne,Hatchback,Monte Carlo,,,Odstraněno,Sauto.cz,Ano,https://www.sauto.cz/osobni/detail/skoda/kamiq/209533743
Škoda Kamiq 1.0 TSI,629000,19433,2024,Benzín,1.5,TSI,,110,Manuální,,,,Ne,Hatchback,Top Selection,,.,Ojeté,Sauto.cz,Ano,
Škoda Kamiq 1.0 TSI,685000,3,2025,Benzín,1.5,TSI,,110,Automatická,Ano,,,Ne,Hatchback,Monte Carlo,,,Nové,Sauto.cz,Ano,
Škoda Kamiq 1.0 TSI,645000,21895,2025,Benzín,1.5,TSI,,110,Automatická,Ano,,,Ne,SUV,Monte Carlo,,,Odstraněno,Sauto.cz,Ano,https://www.sauto.cz/osobni/detail/skoda/kamiq/209663085
Škoda Kamiq 1.0 TSI,489900,59550,2023,Benzín,1.5,TSI,,110,Automatická,Ano,,,Ne,SUV,Style,,ČR,Ojeté,Sauto.cz,Ano,
Škoda Kamiq 1.0 TSI,499000,22460,2023,Benzín,1.5,TSI,,110,Automatická,Ano,,,Ne,SUV,,,"FRESH , ČR",Odstraněno,Sauto.cz,Ano,https://www.sauto.cz/osobni/detail/skoda/kamiq/209708361
Škoda Kamiq 1.0 TSI,669000,7000,2026,Benzín,1.5,TSI,,110,Automatická,Ano,,,Ne,Hatchback,Monte Carlo,,,Odstraněno,Sauto.cz,Ano,https://www.sauto.cz/osobni/detail/skoda/kamiq/209734377
Škoda Kamiq 1.0 TSI,648000,22005,2025,Benzín,1.5,TSI,,110,Automatická,Ano,,,Ne,SUV,Monte Carlo,,,Odstraněno,Sauto.cz,Ano,https://www.sauto.cz/osobni/detail/skoda/kamiq/209833296
Škoda Kamiq 1.0 TSI,579000,17407,2024,Benzín,1.5,TSI,,110,Automatická,Ano,,,Ne,Hatchback,Monte Carlo,,,Ojeté,Sauto.cz,Ano,
Škoda Kamiq 1.0 TSI,639000,21050,2025,Benzín,1.5,TSI,,110,Automatická,Ano,,,Ne,SUV,Monte Carlo,,,Odstraněno,Sauto.cz,Ano,https://www.sauto.cz/osobni/detail/skoda/kamiq/209880372
Škoda Kamiq 1.0 TSI,639000,20615,2025,Benzín,1.5,TSI,,110,Automatická,Ano,,,Ne,SUV,Monte Carlo,,,Odstraněno,Sauto.cz,Ano,https://www.sauto.cz/osobni/detail/skoda/kamiq/209886732
Škoda Kamiq 1.0 TSI,519990,57894,2022,Benzín,1.5,TSI,,110,Automatická,,,,Ne,SUV,,,ScoutLine,Odstraněno,Sauto.cz,Ano,https://www.sauto.cz/osobni/detail/skoda/kamiq/209887914
Škoda Kamiq 1.0 TSI,639000,18545,2025,Benzín,1.5,TSI,,110,Automatická,Ano,,,Ne,SUV,Monte Carlo,,,Odstraněno,Sauto.cz,Ano,https://www.sauto.cz/osobni/detail/skoda/kamiq/209938998
Škoda Kamiq 1.0 TSI,649000,19980,2025,Benzín,1.5,TSI,,110,Automatická,Ano,,,Ne,SUV,Monte Carlo,,,Odstraněno,Sauto.cz,Ano,https://www.sauto.cz/osobni/detail/skoda/kamiq/209946720
Škoda Kamiq 1.0 TSI,649000,24535,2025,Benzín,1.5,TSI,,110,Automatická,Ano,,,Ne,SUV,Monte Carlo,,,Odstraněno,Sauto.cz,Ano,https://www.sauto.cz/osobni/detail/skoda/kamiq/209979768
Škoda Kamiq 1.0 TSI,639000,14440,2025,Benzín,1.5,TSI,,110,Automatická,Ano,,,Ne,SUV,Monte Carlo,,,Odstraněno,Sauto.cz,Ano,https://www.sauto.cz/osobni/detail/skoda/kamiq/209979777
Škoda Kamiq 1.0 TSI,634000,20976,2025,Benzín,1.5,TSI,,110,Manuální,,,,Ne,SUV,Monte Carlo,,,Ojeté,Sauto.cz,Ano,
Škoda Kamiq 1.0 TSI,509900,36500,2021,Benzín,1.5,,,110,Manuální,,,,Ne,SUV,Monte Carlo,,"1.MAJ.,PANORAMA",Ojeté,Sauto.cz,Ano,
Škoda Kamiq 1.0 TSI,499900,67759,2021,Benzín,1.5,TSI,,110,Manuální,,,,Ne,SUV,Monte Carlo,,,Odstraněno,Sauto.cz,Ano,https://www.sauto.cz/osobni/detail/skoda/kamiq/210005232
Škoda Kamiq 1.0 TSI,649000,23675,2025,Benzín,1.5,TSI,,110,Automatická,Ano,,,Ne,SUV,Monte Carlo,,,Odstraněno,Sauto.cz,Ano,https://www.sauto.cz/osobni/detail/skoda/kamiq/210048135
Škoda Kamiq 1.0 TSI,469000,75792,2023,Benzín,1.5,TSI,,110,Manuální,,,,Ne,SUV,Monte Carlo,,"TZ, Č",Odstraněno,Sauto.cz,Ano,https://www.sauto.cz/osobni/detail/skoda/kamiq/210080045
Škoda Kamiq 1.0 TSI,659900,12637,2025,Benzín,1.5,,,110,Automatická,,,,Ne,Hatchback,,,KAMIQ MC TS 110 A7F,Odstraněno,Sauto.cz,Ano,https://www.sauto.cz/osobni/detail/skoda/kamiq/210147536
Škoda Kamiq 1.0 TSI,448910,85957,2023,Benzín,1.5,TSI,,110,Manuální,,,,Ne,Hatchback,Style,,M6°,Odstraněno,Sauto.cz,Ano,https://www.sauto.cz/osobni/detail/skoda/kamiq/210181928
Škoda Kamiq 1.0 TSI,559990,16413,2025,Benzín,1.5,TSI,,110,Manuální,,,,Ne,SUV,Top Selection,,,Odstraněno,Sauto.cz,Ano,https://www.sauto.cz/osobni/detail/skoda/kamiq/210200288
Škoda Kamiq 1.0 TSI,409990,97402,2021,Benzín,1.5,TSI,,110,Automatická,Ano,,,Ne,Hatchback,Style,,97 tkm,Odstraněno,Sauto.cz,Ano,https://www.sauto.cz/osobni/detail/skoda/kamiq/210201350
Škoda Kamiq 1.0 TSI,479900,58402,2022,Benzín,1.5,TSI,,110,Automatická,,,,Ne,SUV,Style,,,Odstraněno,Sauto.cz,Ano,https://www.sauto.cz/osobni/detail/skoda/kamiq/210221753
Škoda Kamiq 1.0 TSI,530000,34402,2022,Benzín,1.5,TSI,,110,Automatická,Ano,,,Ne,SUV,,,"ČR,ScoutLine",Odstraněno,Sauto.cz,Ano,https://www.sauto.cz/osobni/detail/skoda/kamiq/210222587
Škoda Kamiq 1.0 TSI,620000,27368,2024,Benzín,1.5,TSI,,110,Automatická,,,,Ne,SUV,Monte Carlo,Ano,Záruka,Odstraněno,Sauto.cz,Ano,https://www.sauto.cz/osobni/detail/skoda/kamiq/210222941
Škoda Kamiq 1.0 TSI,729000,10,2026,Benzín,1.5,TSI,,110,Automatická,Ano,,,Ne,SUV,,,NAVI TAŽNÉ ALU17,Odstraněno,Sauto.cz,Ano,https://www.sauto.cz/osobni/detail/skoda/kamiq/210229115
Škoda Kamiq 1.0 TSI,729000,10,2026,Benzín,1.5,TSI,,110,Automatická,Ano,,,Ne,SUV,,,NAVI TAŽNÉ ALU17,Odstraněno,Sauto.cz,Ano,https://www.sauto.cz/osobni/detail/skoda/kamiq/210229118
Škoda Kamiq 1.0 TSI,729000,10,2026,Benzín,1.5,TSI,,110,Automatická,Ano,,,Ne,SUV,,,NAVI TAŽNÉ ALU17,Odstraněno,Sauto.cz,Ano,https://www.sauto.cz/osobni/detail/skoda/kamiq/210229121
Škoda Kamiq 1.0 TSI,709000,10,2026,Benzín,1.5,TSI,,110,Automatická,Ano,,,Ne,SUV,,,NAVI KAMERA ALU17,Odstraněno,Sauto.cz,Ano,https://www.sauto.cz/osobni/detail/skoda/kamiq/210230261
Škoda Kamiq 1.0 TSI,709000,10,2026,Benzín,1.5,TSI,,110,Automatická,Ano,,,Ne,SUV,,,NAVI KAMERA ALU17,Odstraněno,Sauto.cz,Ano,https://www.sauto.cz/osobni/detail/skoda/kamiq/210230477
Škoda Kamiq 1.0 TSI,460000,59139,2022,Benzín,1.5,TSI,,110,Automatická,,,,Ne,SUV,,,"Automat, ČR,1.maj",Odstraněno,Sauto.cz,Ano,https://www.sauto.cz/osobni/detail/skoda/kamiq/210230768
Škoda Kamiq 1.0 TSI,429000,78000,2023,Benzín,1.5,,,110,Manuální,,,,Ne,Hatchback,,,,Ojeté,Sauto.cz,Ano,
Škoda Kamiq 1.0 TSI,679000,1776,2025,Benzín,1.5,TSI,,110,Automatická,Ano,,,Ne,SUV,Monte Carlo,,,Odstraněno,Sauto.cz,Ano,https://www.sauto.cz/osobni/detail/skoda/kamiq/210239162
Škoda Kamiq 1.0 TSI,590000,23300,2024,Benzín,1.5,TSI,,110,Manuální,,,,Ne,SUV,Monte Carlo,Ano,Záruka,Odstraněno,Sauto.cz,Ano,https://www.sauto.cz/osobni/detail/skoda/kamiq/210246779
Škoda Kamiq 1.0 TSI,749900,15000,2026,Benzín,1.5,TSI,,110,Automatická,Ano,,,Ne,SUV,Monte Carlo,,,Odstraněno,Sauto.cz,Ano,https://www.sauto.cz/osobni/detail/skoda/kamiq/210253472
Škoda Kamiq 1.0 TSI,584900,13746,2025,Benzín,1.5,TSI,,110,Manuální,,,,Ne,SUV,Top Selection,,,Odstraněno,Sauto.cz,Ano,https://www.sauto.cz/osobni/detail/skoda/kamiq/210254417
Škoda Kamiq 1.0 TSI,514999,32602,2022,Benzín,1.5,TSI,,110,Automatická,Ano,,,Ne,SUV,Style,,,Odstraněno,Sauto.cz,Ano,https://www.sauto.cz/osobni/detail/skoda/kamiq/210258806
Škoda Kamiq 1.0 TSI,529000,53100,2021,Benzín,1.5,TSI,,110,Manuální,,,,Ne,SUV,Monte Carlo,,panor,Odstraněno,Sauto.cz,Ano,https://www.sauto.cz/osobni/detail/skoda/kamiq/210259028
Škoda Kamiq 1.0 TSI,413900,76723,2021,Benzín,1.5,TSI,,110,Manuální,,,,Ne,SUV,Style,,6MP,Odstraněno,Sauto.cz,Ano,https://www.sauto.cz/osobni/detail/skoda/kamiq/210261560
Škoda Kamiq 1.0 TSI,554900,10554,2025,Benzín,1.5,TSI,,110,Manuální,,,,Ne,SUV,,,ČR 1.MAJITEL 10000km,Odstraněno,Sauto.cz,Ano,https://www.sauto.cz/osobni/detail/skoda/kamiq/210263429
Škoda Kamiq 1.0 TSI,609000,13697,2025,Benzín,1.5,TSI,,110,Automatická,,,,Ne,SUV,Top Selection,,,Odstraněno,Sauto.cz,Ano,https://www.sauto.cz/osobni/detail/skoda/kamiq/210266468
Škoda Kamiq 1.0 TSI,549000,35200,2024,Benzín,1.5,TSI,,110,Automatická,,,,Ne,SUV,Top Selection,,7,Odstraněno,Sauto.cz,Ano,https://www.sauto.cz/osobni/detail/skoda/kamiq/210267788
Škoda Kamiq 1.0 TSI,529999,37009,2023,Benzín,1.5,TSI,,110,Manuální,,,,Ne,SUV,Monte Carlo,,,Odstraněno,Sauto.cz,Ano,https://www.sauto.cz/osobni/detail/skoda/kamiq/210277571
Škoda Kamiq 1.0 TSI,560000,30127,2023,Benzín,1.5,TSI,,110,Manuální,,,,Ne,SUV,Monte Carlo,Ano,Záruka,Odstraněno,Sauto.cz,Ano,https://www.sauto.cz/osobni/detail/skoda/kamiq/210278159
Škoda Kamiq 1.0 TSI,624000,18515,2025,Benzín,1.5,TSI,,110,Automatická,Ano,,,Ne,SUV,Top Selection,,,Odstraněno,Sauto.cz,Ano,https://www.sauto.cz/osobni/detail/skoda/kamiq/210284198
Škoda Kamiq 1.0 TSI,600900,5,2026,Benzín,1.5,TSI,,110,Manuální,,,,Ne,Hatchback,TOP,,Select. 6man,Odstraněno,Sauto.cz,Ano,https://www.sauto.cz/osobni/detail/skoda/kamiq/210290714
Škoda Kamiq 1.0 TSI,568000,18344,2025,Benzín,1.5,TSI,,110,Automatická,,,,Ne,Hatchback,TOP,,SELEC 110 A7F,Odstraněno,Sauto.cz,Ano,https://www.sauto.cz/osobni/detail/skoda/kamiq/210292817
Škoda Kamiq 1.0 TSI,649000,18950,2025,Benzín,1.5,TSI,,110,Automatická,Ano,,,Ne,SUV,Monte Carlo,,,Odstraněno,Sauto.cz,Ano,https://www.sauto.cz/osobni/detail/skoda/kamiq/210293150
Škoda Kamiq 1.0 TSI,589990,20951,2025,Benzín,1.5,TSI,,110,Manuální,,,,Ne,SUV,Monte Carlo,,,Odstraněno,Sauto.cz,Ano,https://www.sauto.cz/osobni/detail/skoda/kamiq/210294623
Škoda Kamiq 1.0 TSI,589000,,2026,Benzín,1.5,TSI,,110,Manuální,,,,Ne,SUV,,,Classic,Odstraněno,Sauto.cz,Ano,https://www.sauto.cz/osobni/detail/skoda/kamiq/210294662
Škoda Kamiq 1.0 TSI,589000,,2026,Benzín,1.5,TSI,,110,Manuální,,,,Ne,SUV,,,Classic,Odstraněno,Sauto.cz,Ano,https://www.sauto.cz/osobni/detail/skoda/kamiq/210294740
Škoda Kamiq 1.0 TSI,499900,16800,2023,Benzín,1.5,TSI,,110,Manuální,,,,Ne,Hatchback,Style,,,Odstraněno,Sauto.cz,Ano,https://www.sauto.cz/osobni/detail/skoda/kamiq/210298430
Škoda Kamiq 1.0 TSI,469900,84490,2024,Benzín,1.5,TSI,,110,Manuální,,,,Ne,SUV,Top Selection,,ČR,Odstraněno,Sauto.cz,Ano,https://www.sauto.cz/osobni/detail/skoda/kamiq/210304697
Škoda Kamiq 1.0 TSI,539000,9600,2022,Benzín,1.5,TSI,,110,Automatická,Ano,,,Ne,SUV,Monte Carlo,,,Ojeté,Sauto.cz,Ano,
Škoda Kamiq 1.0 TSI,649900,38471,2025,Benzín,1.5,TSI,,110,Automatická,Ano,,,Ne,Hatchback,Monte Carlo,,,Odstraněno,Sauto.cz,Ano,https://www.sauto.cz/osobni/detail/skoda/kamiq/210308768
Škoda Kamiq 1.0 TSI,635900,13354,2025,Benzín,1.5,TSI,,110,Automatická,Ano,,,Ne,SUV,Monte Carlo,,,Odstraněno,Sauto.cz,Ano,https://www.sauto.cz/osobni/detail/skoda/kamiq/210309986
Škoda Kamiq 1.0 TSI,648900,4137,2025,Benzín,1.5,TSI,,110,Automatická,Ano,,,Ne,Hatchback,Monte Carlo,,,Ojeté,Sauto.cz,Ano,
Škoda Kamiq 1.0 TSI,682000,10,2025,Benzín,1.5,TSI,,110,Automatická,Ano,,,Ne,SUV,Monte Carlo,,,Odstraněno,Sauto.cz,Ano,https://www.sauto.cz/osobni/detail/skoda/kamiq/210335018
Škoda Kamiq 1.0 TSI,669900,29650,2025,Benzín,1.5,TSI,,110,Automatická,Ano,,,Ne,Hatchback,Monte Carlo,,,Odstraněno,Sauto.cz,Ano,https://www.sauto.cz/osobni/detail/skoda/kamiq/210339302
Škoda Kamiq 1.0 TSI,559000,11000,2024,Benzín,1.5,TSI,,110,Automatická,Ano,,,Ne,Hatchback,Style,,,Odstraněno,Sauto.cz,Ano,https://www.sauto.cz/osobni/detail/skoda/kamiq/210339365
Škoda Kamiq 1.0 TSI,559000,40663,2022,Benzín,1.5,TSI,,110,Manuální,,,,Ne,SUV,Scout,,-Line,Ojeté,Sauto.cz,Ano,
Škoda Kamiq 1.0 TSI,444900,76098,2021,Benzín,1.5,TSI,,110,Manuální,,,,Ne,SUV,Monte Carlo,,,Odstraněno,Sauto.cz,Ano,https://www.sauto.cz/osobni/detail/skoda/kamiq/210344351
Škoda Kamiq 1.0 TSI,648000,6444,2025,Benzín,1.5,TSI,,110,Automatická,Ano,,,Ne,SUV,,,Monte Crarlo,Ojeté,Sauto.cz,Ano,
Škoda Kamiq 1.0 TSI,480000,17738,2022,Benzín,1.5,TSI,,110,Manuální,,,,Ne,SUV,Style,,"ČR,1.maj",Odstraněno,Sauto.cz,Ano,https://www.sauto.cz/osobni/detail/skoda/kamiq/210349094
Škoda Kamiq 1.0 TSI,490000,54278,2022,Benzín,1.5,TSI,,110,Manuální,,,,Ne,SUV,Monte Carlo,,,Odstraněno,Sauto.cz,Ano,https://www.sauto.cz/osobni/detail/skoda/kamiq/210362801
Škoda Kamiq 1.0 TSI,619900,26350,2024,Benzín,1.5,TSI,,110,Automatická,Ano,,,Ne,SUV,Monte Carlo,,,Odstraněno,Sauto.cz,Ano,https://www.sauto.cz/osobni/detail/skoda/kamiq/210363584
Škoda Kamiq 1.0 TSI,609000,11415,2025,Benzín,1.5,,,110,Automatická,,,,Ne,SUV,Top Selection,,TS,Odstraněno,Sauto.cz,Ano,https://www.sauto.cz/osobni/detail/skoda/kamiq/210363818
Škoda Kamiq 1.0 TSI,629900,12398,2025,Benzín,1.5,TSI,,110,Automatická,Ano,,,Ne,SUV,Monte Carlo,,1,Odstraněno,Sauto.cz,Ano,https://www.sauto.cz/osobni/detail/skoda/kamiq/210364265
Škoda Kamiq 1.0 TSI,619900,15660,2025,Benzín,1.5,TSI,,110,Automatická,Ano,,,Ne,SUV,Monte Carlo,,1,Odstraněno,Sauto.cz,Ano,https://www.sauto.cz/osobni/detail/skoda/kamiq/210364268
Škoda Kamiq 1.0 TSI,619900,13194,2025,Benzín,1.5,TSI,,110,Automatická,Ano,,,Ne,SUV,Monte Carlo,,1,Odstraněno,Sauto.cz,Ano,https://www.sauto.cz/osobni/detail/skoda/kamiq/210364274
Škoda Kamiq 1.0 TSI,609900,16945,2025,Benzín,1.5,TSI,,110,Automatická,Ano,,,Ne,SUV,Monte Carlo,,1,Odstraněno,Sauto.cz,Ano,https://www.sauto.cz/osobni/detail/skoda/kamiq/210364277
Škoda Kamiq 1.0 TSI,629900,17092,2025,Benzín,1.5,TSI,,110,Automatická,Ano,,,Ne,SUV,Monte Carlo,,1,Odstraněno,Sauto.cz,Ano,https://www.sauto.cz/osobni/detail/skoda/kamiq/210369401
Škoda Kamiq 1.0 TSI,450000,96771,2022,Benzín,1.5,TSI,,110,Manuální,,,,Ne,SUV,Style,,Serv.kniha,Odstraněno,Sauto.cz,Ano,https://www.sauto.cz/osobni/detail/skoda/kamiq/210370037
Škoda Kamiq 1.0 TSI,545500,29685,2021,Benzín,1.5,TSI,,110,Automatická,,,,Ne,SUV,Monte Carlo,,7st,Odstraněno,Sauto.cz,Ano,https://www.sauto.cz/osobni/detail/skoda/kamiq/210377303
Škoda Kamiq 1.0 TSI,419990,98813,2022,Benzín,1.5,TSI,,110,Automatická,,,,Ne,SUV,Ambition,,,Odstraněno,Sauto.cz,Ano,https://www.sauto.cz/osobni/detail/skoda/kamiq/210378404
Škoda Kamiq 1.0 TSI,543000,25320,2023,Benzín,1.5,TSI,,110,Automatická,Ano,,,Ne,SUV,Monte Carlo,,-,Odstraněno,Sauto.cz,Ano,https://www.sauto.cz/osobni/detail/skoda/kamiq/210382268
Škoda Kamiq 1.0 TSI,627000,10600,2025,Benzín,1.5,TSI,,110,Automatická,Ano,,,Ne,Hatchback,Monte Carlo,,,Odstraněno,Sauto.cz,Ano,https://www.sauto.cz/osobni/detail/skoda/kamiq/210383201
Škoda Kamiq 1.0 TSI,645000,16539,2025,Benzín,1.5,TSI,,110,Automatická,Ano,,,Ne,Hatchback,,,MONTE C,Odstraněno,Sauto.cz,Ano,https://www.sauto.cz/osobni/detail/skoda/kamiq/210383246
Škoda Kamiq 1.0 TSI,460000,43695,2021,Benzín,1.5,TSI,,110,Manuální,,,,Ne,SUV,,,Serv.kniha,Odstraněno,Sauto.cz,Ano,https://www.sauto.cz/osobni/detail/skoda/kamiq/210388622
Škoda Kamiq 1.0 TSI,428900,52660,2021,Benzín,1.5,TSI,,110,Manuální,,,,Ne,SUV,Style,,2xSady k.,Odstraněno,Sauto.cz,Ano,https://www.sauto.cz/osobni/detail/skoda/kamiq/210389504
Škoda Kamiq 1.0 TSI,515000,38600,2023,Benzín,1.5,TSI,,110,Manuální,Ano,,,Ne,Hatchback,Style,,"CZ, 1. maj.",Odstraněno,Sauto.cz,Ano,https://www.sauto.cz/osobni/detail/skoda/kamiq/210390455
Škoda Kamiq 1.0 TSI,480000,53740,2022,Benzín,1.5,TSI,,110,Manuální,,,,Ne,SUV,Monte Carlo,,,Odstraněno,Sauto.cz,Ano,https://www.sauto.cz/osobni/detail/skoda/kamiq/210398477
Škoda Kamiq 1.0 TSI,549877,12400,2024,Benzín,1.5,TSI,,110,Automatická,Ano,,,Ne,SUV,,,"Fresh , ČR, 1.Maj",Ojeté,Sauto.cz,Ano,
Škoda Kamiq 1.0 TSI,499900,14080,2024,Benzín,1.5,TSI,,110,Manuální,,,,Ne,SUV,Top Selection,,ČR,Odstraněno,Sauto.cz,Ano,https://www.sauto.cz/osobni/detail/skoda/kamiq/210405011
Škoda Kamiq 1.0 TSI,529000,51860,2023,Benzín,1.5,TSI,,110,Automatická,Ano,,,Ne,SUV,,,ScoutLine,Odstraněno,Sauto.cz,Ano,https://www.sauto.cz/osobni/detail/skoda/kamiq/210407936
Škoda Kamiq 1.0 TSI,588000,,2026,Benzín,1.5,TSI,,110,Manuální,,,,Ne,SUV,,,Classic,Odstraněno,Sauto.cz,Ano,https://www.sauto.cz/osobni/detail/skoda/kamiq/210410789
Škoda Kamiq 1.0 TSI,602000,,2026,Benzín,1.5,TSI,,110,Manuální,,,,Ne,SUV,,,Classic,Odstraněno,Sauto.cz,Ano,https://www.sauto.cz/osobni/detail/skoda/kamiq/210411155
Škoda Kamiq 1.0 TSI,669000,7000,2026,Benzín,1.5,TSI,,110,Automatická,Ano,,,Ne,SUV,Monte Carlo,,,Odstraněno,Sauto.cz,Ano,https://www.sauto.cz/osobni/detail/skoda/kamiq/210414152
Škoda Kamiq 1.0 TSI,626000,15177,2025,Benzín,1.5,TSI,,110,Automatická,Ano,,,Ne,SUV,Monte Carlo,,PANO,Ojeté,Sauto.cz,Ano,
Škoda Kamiq 1.0 TSI,489999,62300,2022,Benzín,1.5,TSI,,110,Automatická,Ano,,,Ne,SUV,Scout,,DPH,Odstraněno,Sauto.cz,Ano,https://www.sauto.cz/osobni/detail/skoda/kamiq/210415634
Škoda Kamiq 1.0 TSI,629900,14691,2025,Benzín,1.5,TSI,,110,Automatická,Ano,,,Ne,SUV,Monte Carlo,,,Odstraněno,Sauto.cz,Ano,https://www.sauto.cz/osobni/detail/skoda/kamiq/210416606
Škoda Kamiq 1.0 TSI,602000,,2026,Benzín,1.5,TSI,,110,Manuální,,,,Ne,SUV,,,Classic,Odstraněno,Sauto.cz,Ano,https://www.sauto.cz/osobni/detail/skoda/kamiq/210421034
Škoda Kamiq 1.0 TSI,602000,,2026,Benzín,1.5,TSI,,110,Manuální,,,,Ne,SUV,,,Classic,Odstraněno,Sauto.cz,Ano,https://www.sauto.cz/osobni/detail/skoda/kamiq/210421205
Škoda Kamiq 1.0 TSI,650000,7669,2025,Benzín,1.5,TSI,,110,Automatická,,,,Ne,SUV,Monte Carlo,,,Odstraněno,Sauto.cz,Ano,https://www.sauto.cz/osobni/detail/skoda/kamiq/210422906
Škoda Kamiq 1.0 TSI,629900,12348,2025,Benzín,1.5,TSI,,110,Automatická,Ano,,,Ne,SUV,Monte Carlo,,1.,Odstraněno,Sauto.cz,Ano,https://www.sauto.cz/osobni/detail/skoda/kamiq/210424379
Škoda Kamiq 1.0 TSI,500000,36728,2023,Benzín,1.5,TSI,,110,Automatická,,,,Ne,SUV,Style,,"Automat, ČR",Odstraněno,Sauto.cz,Ano,https://www.sauto.cz/osobni/detail/skoda/kamiq/210435146
Škoda Kamiq 1.0 TSI,550550,15019,2025,Benzín,1.5,TSI,,110,Manuální,,,,Ne,Hatchback,Top Selection,,,Odstraněno,Sauto.cz,Ano,https://www.sauto.cz/osobni/detail/skoda/kamiq/210438650
Škoda Kamiq 1.0 TSI,689000,7735,2025,Benzín,1.5,TSI,,110,Automatická,,,,Ne,Hatchback,Monte Carlo,,KAMIQ 11,Odstraněno,Sauto.cz,Ano,https://www.sauto.cz/osobni/detail/skoda/kamiq/210438803
Škoda Kamiq 1.0 TSI,689000,12029,2025,Benzín,1.5,TSI,,110,Manuální,,,,Ne,SUV,Monte Carlo,,.,Ojeté,Sauto.cz,Ano,
Škoda Kamiq 1.0 TSI,514990,91532,2022,Benzín,1.5,TSI,,110,Automatická,Ano,,,Ne,Hatchback,Monte Carlo,,,Ojeté,Sauto.cz,Ano,
Škoda Kamiq 1.0 TSI,600000,34175,2024,Benzín,1.5,TSI,,110,Automatická,,,,Ne,SUV,Monte Carlo,Ano,Záruka,Odstraněno,Sauto.cz,Ano,https://www.sauto.cz/osobni/detail/skoda/kamiq/210479132
Škoda Kamiq 1.0 TSI,459000,86000,2021,Benzín,1.5,TSI,,110,Automatická,Ano,,,Ne,SUV,Monte Carlo,,,Odstraněno,Sauto.cz,Ano,https://www.sauto.cz/osobni/detail/skoda/kamiq/210483278
Škoda Kamiq 1.0 TSI,639900,11130,2025,Benzín,1.5,TSI,,110,Automatická,Ano,,,Ne,SUV,Monte Carlo,,,Odstraněno,Sauto.cz,Ano,https://www.sauto.cz/osobni/detail/skoda/kamiq/210486950
Škoda Kamiq 1.0 TSI,500000,51376,2021,Benzín,1.5,TSI,,110,Automatická,,,,Ne,SUV,,,"Scoutline, Automat",Odstraněno,Sauto.cz,Ano,https://www.sauto.cz/osobni/detail/skoda/kamiq/210488297
Škoda Kamiq 1.0 TSI,529900,60310,2023,Benzín,1.5,TSI,,110,Automatická,Ano,,,Ne,SUV,Monte Carlo,,PANORA,Ojeté,Sauto.cz,Ano,
Škoda Kamiq 1.0 TSI,599990,18604,2025,Benzín,1.5,TSI,,110,Manuální,,,,Ne,SUV,Monte Carlo,,,Ojeté,Sauto.cz,Ano,
Škoda Kamiq 1.0 TSI,555000,44770,2025,Benzín,1.5,TSI,,110,Manuální,,,,Ne,SUV,Monte Carlo,,ČR,Ojeté,Sauto.cz,Ano,
Škoda Kamiq 1.0 TSI,499000,37139,2023,Benzín,1.5,TSI,,110,Automatická,Ano,,,Ne,SUV,Monte Carlo,,,Ojeté,Sauto.cz,Ano,
Škoda Kamiq 1.0 TSI,670500,1,2026,Benzín,1.5,,,110,Automatická,Ano,,,Ne,SUV,,,Dynamic,Nové,Sauto.cz,Ano,
Škoda Kamiq 1.0 TSI,550000,38996,2025,Benzín,1.5,TSI,,110,Manuální,,,,Ne,SUV,Monte Carlo,Ano,Záruka,Ojeté,Sauto.cz,Ano,
Škoda Kamiq 1.0 TSI,699000,8000,2026,Benzín,1.5,TSI,,110,Automatická,Ano,,,Ne,SUV,Monte Carlo,,,Ojeté,Sauto.cz,Ano,
Škoda Kamiq 1.0 TSI,590000,27022,2025,Benzín,1.5,TSI,,110,Manuální,,,,Ne,SUV,Monte Carlo,Ano,Záruka,Ojeté,Sauto.cz,Ano,
Škoda Kamiq 1.0 TSI,529900,64000,2021,Benzín,1.5,TSI,,125,Automatická,Ano,,,Ne,SUV,Monte Carlo,,,Ojeté,Sauto.cz,Ano,
Škoda Kamiq 1.0 TSI,578000,18695,2025,Benzín,1.5,TSI,,110,Automatická,,,,Ne,Hatchback,,,SELEC 110 A7F,Ojeté,Sauto.cz,Ano,
Škoda Kamiq 1.0 TSI,639000,9621,2024,Benzín,1.5,TSI,,110,Automatická,Ano,,,Ne,MPV,Monte Carlo,,,Ojeté,Sauto.cz,Ano,
Škoda Kamiq 1.0 TSI,489900,28001,2021,Benzín,1.5,TSI,,110,Automatická,,,,Ne,SUV,,,AUTOMAT !!! 1.MAJITEL !,Ojeté,Sauto.cz,Ano,
Škoda Karoq 1.5 TSI,543000,99428,2022,Benzín,1.5,TSI,,110,Automatická,Ano,,,Ne,SUV,Style,,Plus,Ojeté,Sauto.cz,Ano,
Škoda Karoq 1.5 TSI,610000,71749,2022,Benzín,1.5,TSI,,110,Automatická,Ano,,,Ne,SUV,Style,,7°,Odstraněno,Sauto.cz,Ano,https://www.sauto.cz/osobni/detail/skoda/karoq/208460528
Škoda Karoq 1.5 TSI,737000,22700,2024,Nafta,2.0,TDI,,110,Automatická,,,,Ano,SUV,Top Selection,,4x,Odstraněno,Sauto.cz,Ano,https://www.sauto.cz/osobni/detail/skoda/karoq/208773762
Škoda Karoq 1.5 TSI,589990,61543,2022,Benzín,1.5,TSI,,110,Automatická,,,,Ne,SUV,Style,,,Ojeté,Sauto.cz,Ano,
Škoda Karoq 1.5 TSI,699990,34969,2024,Benzín,1.5,TSI,PHEV,110,Automatická,,,,Ne,SUV,,,Drive,Ojeté,Sauto.cz,Ano,
Škoda Karoq 1.5 TSI,588900,42080,2023,Benzín,1.5,TSI,,110,Manuální,,,,Ne,SUV,Style,,,Ojeté,Sauto.cz,Ano,
Škoda Karoq 1.5 TSI,719990,16897,2024,Benzín,1.5,TSI,,110,Automatická,,,,Ne,SUV,Selection,,,Ojeté,Sauto.cz,Ano,
Škoda Karoq 1.5 TSI,639900,20027,2022,Benzín,1.5,TSI,,110,Automatická,,,,Ne,SUV,Style,,"TAŽNÉ,MATRI",Ojeté,Sauto.cz,Ano,
Škoda Karoq 1.5 TSI,579990,56755,2022,Benzín,1.5,TSI,,110,Automatická,,,,Ne,SUV,Style,,,Ojeté,Sauto.cz,Ano,
Škoda Karoq 1.5 TSI,484999,97873,2022,Nafta,2.0,TDI,,110,Manuální,,,,Ne,SUV,Style,,Matrix DPH,Ojeté,Sauto.cz,Ano,
Škoda Karoq 1.5 TSI,719990,24738,2024,Benzín,1.5,TSI,,110,Automatická,,,,Ne,SUV,Selection,,,Ojeté,Sauto.cz,Ano,
Škoda Karoq 1.5 TSI,599999,24161,2023,Benzín,1.5,TSI,,110,Automatická,Ano,,,Ne,SUV,Ambition,,,Ojeté,Sauto.cz,Ano,
Škoda Karoq 1.5 TSI,669900,16856,2024,Benzín,1.5,TSI,,110,Automatická,Ano,,,Ne,SUV,,,FRESH,Odstraněno,Sauto.cz,Ano,https://www.sauto.cz/osobni/detail/skoda/karoq/209158737
Škoda Karoq 1.5 TSI,644999,97340,2022,Benzín,2.0,TSI,,140,Automatická,Ano,,,Ano,SUV,Sportline,,DPH,Ojeté,Sauto.cz,Ano,
Škoda Karoq 1.5 TSI,549000,72155,2021,Nafta,2.0,TDI,,110,Manuální,,,,Ne,Kombi,Style,,,Odstraněno,Sauto.cz,Ano,https://www.sauto.cz/osobni/detail/skoda/karoq/209188668
Škoda Karoq 1.5 TSI,670000,17045,2023,Benzín,1.5,TSI,,110,Automatická,Ano,,,Ne,Kombi,Sportline,,,Odstraněno,Sauto.cz,Ano,https://www.sauto.cz/osobni/detail/skoda/karoq/209202351
Škoda Karoq 1.5 TSI,739000,8568,2024,Nafta,2.0,TDI,,110,Automatická,Ano,,,Ano,SUV,Top Selection,,,Odstraněno,Sauto.cz,Ano,https://www.sauto.cz/osobni/detail/skoda/karoq/209216700
Škoda Karoq 1.5 TSI,719990,12634,2024,Benzín,1.5,TSI,,110,Automatická,,,,Ne,SUV,Selection,,,Ojeté,Sauto.cz,Ano,
Škoda Karoq 1.5 TSI,719990,6644,2024,Benzín,1.5,TSI,,110,Automatická,,,,Ne,SUV,Selection,,,Ojeté,Sauto.cz,Ano,
Škoda Karoq 1.5 TSI,719990,8020,2024,Benzín,1.5,TSI,,110,Automatická,,,,Ne,SUV,Selection,,,Ojeté,Sauto.cz,Ano,
Škoda Karoq 1.5 TSI,650000,25028,2024,Nafta,2.0,TDI,PHEV,110,Automatická,,,,Ne,SUV,,,"Drive, Drive, FullLed",Odstraněno,Sauto.cz,Ano,https://www.sauto.cz/osobni/detail/skoda/karoq/209295399
Škoda Karoq 1.5 TSI,700000,16104,2024,Nafta,2.0,TDI,PHEV,110,Automatická,,,,Ne,SUV,,,"Drive, Drive",Odstraněno,Sauto.cz,Ano,https://www.sauto.cz/osobni/detail/skoda/karoq/209314290
Škoda Karoq 1.5 TSI,719990,8661,2024,Benzín,1.5,TSI,,110,Automatická,,,,Ne,SUV,Selection,,,Ojeté,Sauto.cz,Ano,
Škoda Karoq 1.5 TSI,719990,6922,2024,Benzín,1.5,TSI,,110,Automatická,,,,Ne,SUV,Selection,,,Ojeté,Sauto.cz,Ano,
Škoda Karoq 1.5 TSI,719990,5807,2024,Benzín,1.5,TSI,,110,Automatická,,,,Ne,SUV,Selection,,,Ojeté,Sauto.cz,Ano,
Škoda Karoq 1.5 TSI,719990,9609,2024,Benzín,1.5,TSI,,110,Automatická,,,,Ne,SUV,Selection,,,Ojeté,Sauto.cz,Ano,
Škoda Karoq 1.5 TSI,719990,4804,2024,Benzín,1.5,TSI,,110,Automatická,,,,Ne,SUV,Selection,,,Ojeté,Sauto.cz,Ano,
Škoda Karoq 1.5 TSI,652000,12668,2024,Benzín,1.5,TSI,,110,Automatická,,,,Ne,SUV,Style,,,Ojeté,Sauto.cz,Ano,
Škoda Karoq 1.5 TSI,652000,9610,2024,Benzín,1.5,TSI,,110,Automatická,,,,Ne,SUV,Style,,,Ojeté,Sauto.cz,Ano,
Škoda Karoq 1.5 TSI,652000,12806,2024,Benzín,1.5,TSI,,110,Automatická,,,,Ne,SUV,Style,,,Ojeté,Sauto.cz,Ano,
Škoda Karoq 1.5 TSI,719990,5421,2024,Benzín,1.5,TSI,,110,Automatická,,,,Ne,SUV,Selection,,,Ojeté,Sauto.cz,Ano,
Škoda Karoq 1.5 TSI,719990,9194,2024,Benzín,1.5,TSI,,110,Automatická,,,,Ne,SUV,Selection,,,Ojeté,Sauto.cz,Ano,
Škoda Karoq 1.5 TSI,719990,18723,2024,Benzín,1.5,TSI,,110,Automatická,,,,Ne,SUV,Selection,,,Ojeté,Sauto.cz,Ano,
Škoda Karoq 1.5 TSI,639000,24348,2023,Benzín,1.5,TSI,,110,Automatická,Ano,,,Ne,SUV,Style,,| |,Odstraněno,Sauto.cz,Ano,https://www.sauto.cz/osobni/detail/skoda/karoq/209351289
Škoda Karoq 1.5 TSI,719990,6484,2024,Benzín,1.5,TSI,,110,Automatická,,,,Ne,SUV,Selection,,,Ojeté,Sauto.cz,Ano,
Škoda Karoq 1.5 TSI,649000,34687,2023,Benzín,1.5,TSI,,110,Automatická,Ano,,,Ne,SUV,Style,,,Odstraněno,Sauto.cz,Ano,https://www.sauto.cz/osobni/detail/skoda/karoq/209397165
Škoda Karoq 1.5 TSI,652000,10996,2024,Benzín,1.5,TSI,,110,Automatická,,,,Ne,SUV,Style,,,Ojeté,Sauto.cz,Ano,
Škoda Karoq 1.5 TSI,719990,12528,2024,Benzín,1.5,TSI,,110,Automatická,,,,Ne,SUV,Selection,,,Ojeté,Sauto.cz,Ano,
Škoda Karoq 1.5 TSI,649999,16169,2023,Benzín,1.5,TSI,,110,Automatická,Ano,,,Ne,SUV,Style,,,Ojeté,Sauto.cz,Ano,
Škoda Karoq 1.5 TSI,619999,24773,2023,Benzín,1.5,TSI,,110,Automatická,Ano,,,Ne,SUV,Style,,,Ojeté,Sauto.cz,Ano,
Škoda Karoq 1.5 TSI,719990,8192,2024,Benzín,1.5,TSI,,110,Automatická,,,,Ne,SUV,Selection,,,Ojeté,Sauto.cz,Ano,
Škoda Karoq 1.5 TSI,719990,10926,2024,Benzín,1.5,TSI,,110,Automatická,,,,Ne,SUV,Selection,,,Ojeté,Sauto.cz,Ano,
Škoda Karoq 1.5 TSI,719990,6481,2024,Benzín,1.5,TSI,,110,Automatická,,,,Ne,SUV,Selection,,,Ojeté,Sauto.cz,Ano,
Škoda Karoq 1.5 TSI,559888,58375,2023,Nafta,2.0,TDI,,110,Automatická,Ano,,,Ano,SUV,Style,,Plus 110k,Ojeté,Sauto.cz,Ano,
Škoda Karoq 1.5 TSI,660000,25683,2024,Nafta,2.0,TDI,PHEV,110,Automatická,,,,Ne,SUV,,,"Drive, Drive, FullLed",Odstraněno,Sauto.cz,Ano,https://www.sauto.cz/osobni/detail/skoda/karoq/209518950
Škoda Karoq 1.5 TSI,599900,44304,2023,Benzín,1.5,TSI,,110,Automatická,Ano,,,Ne,SUV,Ambition,,,Odstraněno,Sauto.cz,Ano,https://www.sauto.cz/osobni/detail/skoda/karoq/209601498
Škoda Karoq 1.5 TSI,529000,64447,2022,Benzín,1.5,TSI,,110,Automatická,Ano,,,Ne,SUV,Style,,,Ojeté,Sauto.cz,Ano,
Škoda Karoq 1.5 TSI,570000,38508,2024,Benzín,1.5,TSI,,110,Manuální,,,,Ne,SUV,,,Zár. 5 let 100000 km,Ojeté,Sauto.cz,Ano,
Škoda Karoq 1.5 TSI,575000,38126,2024,Benzín,1.5,TSI,,110,Manuální,,,,Ne,SUV,,,Zár. 5 let 100000 km,Ojeté,Sauto.cz,Ano,
Škoda Karoq 1.5 TSI,649990,10684,2023,Benzín,1.5,TSI,,110,Automatická,,,,Ne,SUV,Style,,,Ojeté,Sauto.cz,Ano,
Škoda Karoq 1.5 TSI,599999,32292,2023,Benzín,1.5,TSI,,110,Automatická,Ano,,,Ne,SUV,Style,,,Ojeté,Sauto.cz,Ano,
Škoda Karoq 1.5 TSI,680000,23284,2024,Nafta,2.0,TDI,PHEV,110,Automatická,,,,Ano,SUV,,,"Drive, Drive, FullLed",Odstraněno,Sauto.cz,Ano,https://www.sauto.cz/osobni/detail/skoda/karoq/209667708
Škoda Karoq 1.5 TSI,659999,36866,2023,Benzín,1.5,TSI,,110,Automatická,Ano,,,Ne,SUV,Sportline,,,Ojeté,Sauto.cz,Ano,
Škoda Karoq 1.5 TSI,680000,38135,2024,Nafta,2.0,TDI,,110,Automatická,,,,Ano,SUV,,,Zár. 5 let 100000 km,Odstraněno,Sauto.cz,Ano,https://www.sauto.cz/osobni/detail/skoda/karoq/209701536
Škoda Karoq 1.5 TSI,680000,38977,2024,Nafta,2.0,TDI,,110,Automatická,,,,Ano,SUV,,,Zár. 5 let 100000 km,Odstraněno,Sauto.cz,Ano,https://www.sauto.cz/osobni/detail/skoda/karoq/209702031
Škoda Karoq 1.5 TSI,697900,20752,2024,Benzín,1.5,TSI,,110,Automatická,,,,Ne,SUV,Top Selection,,,Odstraněno,Sauto.cz,Ano,https://www.sauto.cz/osobni/detail/skoda/karoq/209708532
Škoda Karoq 1.5 TSI,680000,40595,2024,Nafta,2.0,TDI,,110,Automatická,,,,Ano,SUV,,,Zár. 5 let 100000 km,Odstraněno,Sauto.cz,Ano,https://www.sauto.cz/osobni/detail/skoda/karoq/209710794
Škoda Karoq 1.5 TSI,659900,65100,2023,Nafta,2.0,TDI,,110,Automatická,Ano,,,Ano,SUV,Style,,Pl,Odstraněno,Sauto.cz,Ano,https://www.sauto.cz/osobni/detail/skoda/karoq/209713170
Škoda Karoq 1.5 TSI,529900,80350,2022,Benzín,1.5,TSI,,110,Automatická,,,,Ne,SUV,Style,,"NOVÉ V ČR,A T,+",Odstraněno,Sauto.cz,Ano,https://www.sauto.cz/osobni/detail/skoda/karoq/209720757
Škoda Karoq 1.5 TSI,749000,16849,2024,Benzín,1.5,TSI,,110,Automatická,Ano,,,Ne,SUV,Sportline,,-,Ojeté,Sauto.cz,Ano,
Škoda Karoq 1.5 TSI,729000,24282,2024,Benzín,1.5,TSI,,110,Automatická,Ano,,,Ne,SUV,Sportline,,,Ojeté,Sauto.cz,Ano,
Škoda Karoq 1.5 TSI,575000,38831,2024,Benzín,1.5,TSI,,110,Manuální,,,,Ne,SUV,,,Zár. 5 let 100000 km,Ojeté,Sauto.cz,Ano,
Škoda Karoq 1.5 TSI,575000,38740,2024,Benzín,1.5,TSI,,110,Manuální,,,,Ne,SUV,,,Zár. 5 let 100000 km,Ojeté,Sauto.cz,Ano,
Škoda Karoq 1.5 TSI,729000,25411,2024,Benzín,1.5,TSI,,110,Automatická,Ano,,,Ne,SUV,Sportline,,-,Ojeté,Sauto.cz,Ano,
Škoda Karoq 1.5 TSI,699990,10702,2024,Benzín,1.5,TSI,,110,Automatická,,,,Ne,SUV,Style,,,Odstraněno,Sauto.cz,Ano,https://www.sauto.cz/osobni/detail/skoda/karoq/209739855
Škoda Karoq 1.5 TSI,700000,24458,2025,Nafta,2.0,TDI,PHEV,110,Automatická,,,,Ne,SUV,,,"Drive, Drive",Odstraněno,Sauto.cz,Ano,https://www.sauto.cz/osobni/detail/skoda/karoq/209755086
Škoda Karoq 1.5 TSI,630000,46050,2024,Benzín,1.5,TSI,,110,Automatická,,,,Ne,SUV,,,Zár. 5 let 100000 km,Ojeté,Sauto.cz,Ano,
Škoda Karoq 1.5 TSI,669990,11390,2024,Benzín,1.5,TSI,,110,Automatická,,,,Ne,SUV,Style,,,Odstraněno,Sauto.cz,Ano,https://www.sauto.cz/osobni/detail/skoda/karoq/209769267
Škoda Karoq 1.5 TSI,669990,12935,2024,Benzín,1.5,TSI,,110,Automatická,,,,Ne,SUV,Style,,,Odstraněno,Sauto.cz,Ano,https://www.sauto.cz/osobni/detail/skoda/karoq/209769279
Škoda Karoq 1.5 TSI,740000,38727,2024,Benzín,1.5,TSI,,110,Automatická,,,,Ne,SUV,,,Zár. 5 let 100000 km,Odstraněno,Sauto.cz,Ano,https://www.sauto.cz/osobni/detail/skoda/karoq/209791518
Škoda Karoq 1.5 TSI,680000,29787,2025,Nafta,2.0,TDI,PHEV,110,Automatická,,,,Ne,SUV,,,"Drive, Drive, FullLed",Odstraněno,Sauto.cz,Ano,https://www.sauto.cz/osobni/detail/skoda/karoq/209793156
Škoda Karoq 1.5 TSI,740000,40071,2024,Benzín,1.5,TSI,,110,Automatická,,,,Ne,SUV,,,Zár. 5 let 100000 km,Odstraněno,Sauto.cz,Ano,https://www.sauto.cz/osobni/detail/skoda/karoq/209796981
Škoda Karoq 1.5 TSI,749989,55000,2025,Benzín,1.5,TSI,,110,Automatická,Ano,,,Ne,SUV,Sportline,,T31,Odstraněno,Sauto.cz,Ano,https://www.sauto.cz/osobni/detail/skoda/karoq/209806959
Škoda Karoq 1.5 TSI,630000,38489,2024,Benzín,1.5,TSI,,110,Automatická,,,,Ne,SUV,,,Zár. 5 let 100000 km,Ojeté,Sauto.cz,Ano,
Škoda Karoq 1.5 TSI,599999,40177,2023,Benzín,1.5,TSI,,110,Automatická,Ano,,,Ne,SUV,Style,,,Ojeté,Sauto.cz,Ano,
Škoda Karoq 1.5 TSI,620000,38399,2024,Benzín,1.5,TSI,,110,Automatická,,,,Ne,SUV,,,Zár. 5 let 100000 km,Ojeté,Sauto.cz,Ano,
Škoda Karoq 1.5 TSI,620000,38765,2024,Benzín,1.5,TSI,,110,Automatická,,,,Ne,SUV,,,Zár. 5 let 100000 km,Ojeté,Sauto.cz,Ano,
Škoda Karoq 1.5 TSI,620000,39768,2024,Benzín,1.5,TSI,,110,Automatická,,,,Ne,SUV,,,Zár. 5 let 100000 km,Ojeté,Sauto.cz,Ano,
Škoda Karoq 1.5 TSI,680000,28679,2024,Nafta,2.0,TDI,PHEV,110,Automatická,,,,Ne,SUV,,,"Drive, Drive",Odstraněno,Sauto.cz,Ano,https://www.sauto.cz/osobni/detail/skoda/karoq/209850294
Škoda Karoq 1.5 TSI,620000,38421,2024,Benzín,1.5,TSI,,110,Automatická,,,,Ne,SUV,,,Zár. 5 let 100000 km,Ojeté,Sauto.cz,Ano,
Škoda Karoq 1.5 TSI,620000,38882,2024,Benzín,1.5,TSI,,110,Automatická,,,,Ne,SUV,,,Zár. 5 let 100000 km,Odstraněno,Sauto.cz,Ano,https://www.sauto.cz/osobni/detail/skoda/karoq/209858673
Škoda Karoq 1.5 TSI,580000,39448,2024,Benzín,1.5,TSI,,110,Manuální,,,,Ne,SUV,,,Zár. 5 let 100000 km,Ojeté,Sauto.cz,Ano,
Škoda Karoq 1.5 TSI,740000,38371,2024,Benzín,1.5,TSI,,110,Automatická,,,,Ne,SUV,,,Zár. 5 let 100000 km,Odstraněno,Sauto.cz,Ano,https://www.sauto.cz/osobni/detail/skoda/karoq/209865501
Škoda Karoq 1.5 TSI,670000,30950,2025,Benzín,1.5,TSI,,110,Automatická,,,,Ne,SUV,,Ano,"Záruka, NOVÁ CENA",Odstraněno,Sauto.cz,Ano,https://www.sauto.cz/osobni/detail/skoda/karoq/209872182
Škoda Karoq 1.5 TSI,650000,28969,2025,Benzín,1.5,TSI,PHEV,110,Automatická,,,,Ne,SUV,,,"Drive, Drive",Ojeté,Sauto.cz,Ano,
Škoda Karoq 1.5 TSI,719990,12912,2024,Benzín,1.5,TSI,,110,Automatická,,,,Ne,SUV,Selection,,,Ojeté,Sauto.cz,Ano,
Škoda Karoq 1.5 TSI,639999,40964,2023,Benzín,1.5,TSI,,110,Manuální,,,,Ne,SUV,Sportline,,,Ojeté,Sauto.cz,Ano,
Škoda Karoq 1.5 TSI,619999,26534,2023,Benzín,1.5,TSI,,110,Automatická,Ano,,,Ne,SUV,Style,,,Ojeté,Sauto.cz,Ano,
Škoda Karoq 1.5 TSI,719990,10260,2024,Benzín,1.5,TSI,,110,Automatická,,,,Ne,SUV,Selection,,,Odstraněno,Sauto.cz,Ano,https://www.sauto.cz/osobni/detail/skoda/karoq/209902749
Škoda Karoq 1.5 TSI,719990,7811,2024,Benzín,1.5,TSI,,110,Automatická,,,,Ne,SUV,Selection,,,Odstraněno,Sauto.cz,Ano,https://www.sauto.cz/osobni/detail/skoda/karoq/209902755
Škoda Karoq 1.5 TSI,719990,8606,2024,Benzín,1.5,TSI,,110,Automatická,,,,Ne,SUV,Selection,,,Odstraněno,Sauto.cz,Ano,https://www.sauto.cz/osobni/detail/skoda/karoq/209902782
Škoda Karoq 1.5 TSI,649999,19369,2023,Benzín,1.5,TSI,,110,Manuální,,,,Ne,SUV,Style,,,Ojeté,Sauto.cz,Ano,
Škoda Karoq 1.5 TSI,620000,30499,2024,Benzín,1.5,TSI,,110,Automatická,,,,Ne,SUV,,,"Fresh, FRESH",Odstraněno,Sauto.cz,Ano,https://www.sauto.cz/osobni/detail/skoda/karoq/209913765
Škoda Karoq 1.5 TSI,630000,38025,2024,Benzín,1.5,TSI,,110,Automatická,,,,Ne,SUV,,,Zár. 5 let 100000 km,Ojeté,Sauto.cz,Ano,
Škoda Karoq 1.5 TSI,620000,38629,2024,Benzín,1.5,TSI,,110,Automatická,,,,Ne,SUV,,,Zár. 5 let 100000 km,Ojeté,Sauto.cz,Ano,
Škoda Karoq 1.5 TSI,620000,38935,2024,Benzín,1.5,TSI,,110,Automatická,,,,Ne,SUV,,,Zár. 5 let 100000 km,Odstraněno,Sauto.cz,Ano,https://www.sauto.cz/osobni/detail/skoda/karoq/209925894
Škoda Karoq 1.5 TSI,659999,19705,2023,Benzín,1.5,TSI,,110,Manuální,,,,Ne,SUV,Sportline,,,Ojeté,Sauto.cz,Ano,
Škoda Karoq 1.5 TSI,630000,33759,2024,Benzín,1.5,TSI,,110,Automatická,,,,Ne,SUV,,Ano,"Fresh, Záruka",Ojeté,Sauto.cz,Ano,
Škoda Karoq 1.5 TSI,729000,35696,2023,Benzín,1.5,TSI,PHEV,110,Automatická,,,,Ne,SUV,Style,,,Odstraněno,Sauto.cz,Ano,https://www.sauto.cz/osobni/detail/skoda/karoq/209948475
Škoda Karoq 1.5 TSI,719990,41023,2024,Benzín,1.5,TSI,,110,Automatická,,,,Ne,SUV,Selection,,,Odstraněno,Sauto.cz,Ano,https://www.sauto.cz/osobni/detail/skoda/karoq/209956692
Škoda Karoq 1.5 TSI,719990,10597,2024,Benzín,1.5,TSI,,110,Automatická,,,,Ne,SUV,Selection,,,Odstraněno,Sauto.cz,Ano,https://www.sauto.cz/osobni/detail/skoda/karoq/209956701
Škoda Karoq 1.5 TSI,719990,6897,2024,Benzín,1.5,TSI,,110,Automatická,,,,Ne,SUV,Selection,,,Odstraněno,Sauto.cz,Ano,https://www.sauto.cz/osobni/detail/skoda/karoq/209956758
Škoda Karoq 1.5 TSI,659000,74500,2023,Nafta,2.0,TDI,,110,Automatická,Ano,,,Ano,SUV,,,Taźné,Odstraněno,Sauto.cz,Ano,https://www.sauto.cz/osobni/detail/skoda/karoq/209959242
Škoda Karoq 1.5 TSI,709000,13100,2025,Benzín,1.5,TSI,,110,Automatická,,,,Ne,SUV,Top Selection,,DS,Ojeté,Sauto.cz,Ano,
Škoda Karoq 1.5 TSI,680000,47995,2023,Benzín,1.5,TSI,,110,Automatická,,,,Ne,SUV,Sportline,,NOVÁ CENA,Odstraněno,Sauto.cz,Ano,https://www.sauto.cz/osobni/detail/skoda/karoq/209976630
Škoda Karoq 1.5 TSI,629900,89502,2022,Nafta,2.0,TDI,PHEV,110,Manuální,,,,Ano,SUV,Style,,,Odstraněno,Sauto.cz,Ano,https://www.sauto.cz/osobni/detail/skoda/karoq/209978256
Škoda Karoq 1.5 TSI,642000,48063,2023,Benzín,1.5,TSI,,110,Automatická,Ano,,,Ne,Kombi,Style,,,Ojeté,Sauto.cz,Ano,
Škoda Karoq 1.5 TSI,699999,16643,2023,Benzín,1.5,TSI,,110,Manuální,,,,Ne,SUV,Sportline,,,Ojeté,Sauto.cz,Ano,
Škoda Karoq 1.5 TSI,690000,32142,2023,Benzín,1.5,TSI,,110,Automatická,,,,Ne,SUV,Sportline,,NOVÁ CENA,Odstraněno,Sauto.cz,Ano,https://www.sauto.cz/osobni/detail/skoda/karoq/210006327
Škoda Karoq 1.5 TSI,619000,10100,2022,Benzín,1.5,TSI,,110,Manuální,,,,Ne,SUV,,,Tour,Ojeté,Sauto.cz,Ano,
Škoda Karoq 1.5 TSI,679000,62809,2023,Benzín,1.5,,,110,Automatická,,,,Ne,SUV,,Ano,zdarma,Ojeté,Sauto.cz,Ano,
Škoda Karoq 1.5 TSI,682000,50000,2023,Benzín,1.5,,,110,Automatická,,,,Ne,SUV,,Ano,zdarma,Ojeté,Sauto.cz,Ano,
Škoda Karoq 1.5 TSI,649999,29329,2024,Benzín,1.5,TSI,,110,Automatická,Ano,,,Ne,SUV,Ambition,,,Ojeté,Sauto.cz,Ano,
Škoda Karoq 1.5 TSI,619888,55824,2023,Benzín,1.5,TSI,,110,Automatická,Ano,,,Ne,SUV,Style,,,Ojeté,Sauto.cz,Ano,
Škoda Karoq 1.5 TSI,740000,19691,2025,Nafta,2.0,TDI,PHEV,110,Automatická,,,,Ano,SUV,,,"Drive, Drive",Odstraněno,Sauto.cz,Ano,https://www.sauto.cz/osobni/detail/skoda/karoq/210024588
Škoda Karoq 1.5 TSI,719990,13074,2024,Benzín,1.5,TSI,,110,Automatická,,,,Ne,SUV,Selection,,,Odstraněno,Sauto.cz,Ano,https://www.sauto.cz/osobni/detail/skoda/karoq/210029136
Škoda Karoq 1.5 TSI,719990,5788,2024,Benzín,1.5,TSI,,110,Automatická,,,,Ne,SUV,Selection,,,Odstraněno,Sauto.cz,Ano,https://www.sauto.cz/osobni/detail/skoda/karoq/210029196
Škoda Karoq 1.5 TSI,719990,32600,2025,Benzín,1.5,TSI,,110,Automatická,Ano,,,Ne,SUV,Top Selection,,,Odstraněno,Sauto.cz,Ano,https://www.sauto.cz/osobni/detail/skoda/karoq/210034434
Škoda Karoq 1.5 TSI,558000,59943,2022,Benzín,1.5,TSI,,110,Manuální,,,,Ne,SUV,Ambition,,Plus,Ojeté,Sauto.cz,Ano,
Škoda Karoq 1.5 TSI,640000,33912,2023,Benzín,1.5,TSI,,110,Automatická,,,,Ne,SUV,Style,,"Plus, NOVÁ CENA",Ojeté,Sauto.cz,Ano,
Škoda Karoq 1.5 TSI,679900,90750,2022,Benzín,2.0,TSI,,140,Automatická,,,,Ano,SUV,Sportline,,Exclusi,Odstraněno,Sauto.cz,Ano,https://www.sauto.cz/osobni/detail/skoda/karoq/210058682
Škoda Karoq 1.5 TSI,749990,10270,2024,Benzín,1.5,TSI,,110,Automatická,,,,Ne,SUV,Selection,,,Ojeté,Sauto.cz,Ano,
Škoda Karoq 1.5 TSI,665000,49259,2022,Benzín,1.5,TSI,,110,Automatická,,,,Ne,Kombi,Sportline,,,Ojeté,Sauto.cz,Ano,
Škoda Karoq 1.5 TSI,591000,51041,2022,Benzín,1.5,TSI,,110,Automatická,Ano,,,Ne,Kombi,Style,,,Ojeté,Sauto.cz,Ano,
Škoda Karoq 1.5 TSI,540000,60494,2022,Benzín,1.5,TSI,,110,Manuální,,,,Ne,SUV,Ambition,Ano,"Plus, Záruka",Ojeté,Sauto.cz,Ano,
Škoda Karoq 1.5 TSI,579000,81478,2022,Nafta,2.0,TDI,,110,Automatická,Ano,,,Ano,SUV,Style,,,Ojeté,Sauto.cz,Ano,
Škoda Karoq 1.5 TSI,709999,52870,2024,Benzín,1.5,TSI,,110,Automatická,Ano,,,Ne,SUV,Sportline,,,Ojeté,Sauto.cz,Ano,
Škoda Karoq 1.5 TSI,679999,22354,2023,Benzín,1.5,TSI,,110,Automatická,Ano,,,Ne,SUV,Style,,,Ojeté,Sauto.cz,Ano,
Škoda Karoq 1.5 TSI,679999,26265,2024,Benzín,1.5,TSI,,110,Automatická,Ano,,,Ne,SUV,Style,,,Ojeté,Sauto.cz,Ano,
Škoda Karoq 1.5 TSI,540000,71984,2023,Benzín,1.5,TSI,,110,Automatická,,,,Ne,SUV,Ambition,,NOVÁ CENA,Ojeté,Sauto.cz,Ano,
Škoda Karoq 1.5 TSI,684000,29750,2024,Benzín,1.5,TSI,,110,Automatická,Ano,,,Ne,Kombi,,,Fresh,Ojeté,Sauto.cz,Ano,
Škoda Karoq 1.5 TSI,630000,61139,2023,Benzín,1.5,TSI,,110,Manuální,,,,Ne,SUV,Sportline,,NOVÁ CENA,Ojeté,Sauto.cz,Ano,
Škoda Karoq 1.5 TSI,750000,30517,2025,Benzín,1.5,TSI,,110,Automatická,,,,Ne,SUV,Sportline,,,Odstraněno,Sauto.cz,Ano,https://www.sauto.cz/osobni/detail/skoda/karoq/210105083
Škoda Karoq 1.5 TSI,657000,58457,2023,Benzín,1.5,TSI,,110,Automatická,Ano,,,Ne,SUV,Sportline,,EX,Ojeté,Sauto.cz,Ano,
Škoda Karoq 1.5 TSI,600000,47863,2023,Benzín,1.5,TSI,,110,Automatická,,,,Ne,SUV,,,"NOVÁ CENA, Automat",Ojeté,Sauto.cz,Ano,
Škoda Karoq 1.5 TSI,679999,27959,2024,Benzín,1.5,TSI,,110,Automatická,Ano,,,Ne,SUV,Style,,,Ojeté,Sauto.cz,Ano,
Škoda Karoq 1.5 TSI,649999,50512,2024,Benzín,1.5,TSI,,110,Automatická,Ano,,,Ne,SUV,Style,,,Ojeté,Sauto.cz,Ano,
Škoda Karoq 1.5 TSI,524000,86000,2022,Benzín,1.5,TSI,,110,Automatická,Ano,,,Ne,SUV,,,RADAR,Odstraněno,Sauto.cz,Ano,https://www.sauto.cz/osobni/detail/skoda/karoq/210130037
Škoda Karoq 1.5 TSI,549000,61716,2022,Nafta,2.0,TDI,,110,Automatická,Ano,,,Ano,SUV,,,4xmajitel,Odstraněno,Sauto.cz,Ano,https://www.sauto.cz/osobni/detail/skoda/karoq/210141608
Škoda Karoq 1.5 TSI,699000,22373,2025,Benzín,1.5,TSI,,110,Automatická,,,,Ne,SUV,Top Selection,,D,Odstraněno,Sauto.cz,Ano,https://www.sauto.cz/osobni/detail/skoda/karoq/210162044
Škoda Karoq 1.5 TSI,629999,41831,2024,Benzín,1.5,TSI,,110,Automatická,Ano,,,Ne,SUV,Ambition,,,Ojeté,Sauto.cz,Ano,
Škoda Karoq 1.5 TSI,669990,10290,2024,Benzín,1.5,TSI,,110,Automatická,,,,Ne,SUV,Style,,,Odstraněno,Sauto.cz,Ano,https://www.sauto.cz/osobni/detail/skoda/karoq/210166448
Škoda Karoq 1.5 TSI,719990,8492,2025,Benzín,1.5,TSI,,110,Automatická,,,,Ne,SUV,Selection,,,Odstraněno,Sauto.cz,Ano,https://www.sauto.cz/osobni/detail/skoda/karoq/210166505
Škoda Karoq 1.5 TSI,719990,10077,2025,Benzín,1.5,TSI,,110,Automatická,,,,Ne,SUV,Selection,,,Odstraněno,Sauto.cz,Ano,https://www.sauto.cz/osobni/detail/skoda/karoq/210166514
Škoda Karoq 1.5 TSI,719990,14521,2025,Benzín,1.5,TSI,,110,Automatická,,,,Ne,SUV,Selection,,,Odstraněno,Sauto.cz,Ano,https://www.sauto.cz/osobni/detail/skoda/karoq/210166538
Škoda Karoq 1.5 TSI,719990,10756,2025,Benzín,1.5,TSI,,110,Automatická,,,,Ne,SUV,Selection,,,Odstraněno,Sauto.cz,Ano,https://www.sauto.cz/osobni/detail/skoda/karoq/210166691
Škoda Karoq 1.5 TSI,719990,8907,2025,Benzín,1.5,TSI,,110,Automatická,,,,Ne,SUV,Selection,,,Odstraněno,Sauto.cz,Ano,https://www.sauto.cz/osobni/detail/skoda/karoq/210166706
Škoda Karoq 1.5 TSI,524900,69106,2022,Benzín,1.5,TSI,,110,Automatická,Ano,,,Ne,SUV,Style,,Plu,Odstraněno,Sauto.cz,Ano,https://www.sauto.cz/osobni/detail/skoda/karoq/210167453
Škoda Karoq 1.5 TSI,719990,25039,2024,Benzín,1.5,TSI,,110,Automatická,,,,Ne,SUV,Selection,,,Odstraněno,Sauto.cz,Ano,https://www.sauto.cz/osobni/detail/skoda/karoq/210167507
Škoda Karoq 1.5 TSI,670000,10400,2024,Benzín,1.5,TSI,,110,Automatická,,,,Ne,SUV,Top Selection,,-,Ojeté,Sauto.cz,Ano,
Škoda Karoq 1.5 TSI,667900,47913,2022,Benzín,1.5,TSI,,110,Automatická,,,,Ne,SUV,Sportline,,,Odstraněno,Sauto.cz,Ano,https://www.sauto.cz/osobni/detail/skoda/karoq/210180284
Škoda Karoq 1.5 TSI,619000,10463,2021,Benzín,1.5,TSI,,110,Manuální,,,,Ne,SUV,Sportline,,M6,Odstraněno,Sauto.cz,Ano,https://www.sauto.cz/osobni/detail/skoda/karoq/210180809
Škoda Karoq 1.5 TSI,699900,38729,2023,Nafta,2.0,TDI,,110,Automatická,Ano,,,Ano,SUV,Style,,,Odstraněno,Sauto.cz,Ano,https://www.sauto.cz/osobni/detail/skoda/karoq/210186581
Škoda Karoq 1.5 TSI,698000,50650,2023,Nafta,2.0,TDI,,110,Automatická,Ano,,,Ano,SUV,,,Sportli,Odstraněno,Sauto.cz,Ano,https://www.sauto.cz/osobni/detail/skoda/karoq/210190733
Škoda Karoq 1.5 TSI,739000,22955,2025,Benzín,1.5,TSI,,110,Automatická,Ano,,,Ne,SUV,Sportline,,-,Ojeté,Sauto.cz,Ano,
Škoda Karoq 1.5 TSI,570000,48374,2022,Nafta,2.0,TDI,,110,Manuální,,,,Ne,SUV,Style,,"NOVÁ CENA, ČR",Ojeté,Sauto.cz,Ano,
Škoda Karoq 1.5 TSI,649000,20004,2024,Benzín,1.5,TSI,,110,Automatická,Ano,,,Ne,SUV,Ambition,,,Ojeté,Sauto.cz,Ano,
Škoda Karoq 1.5 TSI,715000,28962,2025,Nafta,2.0,TDI,PHEV,110,Automatická,,,,Ne,SUV,,,"Drive, Drive, FullLed",Odstraněno,Sauto.cz,Ano,https://www.sauto.cz/osobni/detail/skoda/karoq/210203927
Škoda Karoq 1.5 TSI,609000,51350,2022,Benzín,1.5,TSI,,110,Automatická,Ano,,,Ne,Kombi,Style,,7°,Odstraněno,Sauto.cz,Ano,https://www.sauto.cz/osobni/detail/skoda/karoq/210204170
Škoda Karoq 1.5 TSI,699999,57495,2024,Benzín,1.5,TSI,,110,Manuální,,,,Ne,SUV,Sportline,,,Ojeté,Sauto.cz,Ano,
Škoda Karoq 1.5 TSI,680000,29577,2025,Benzín,1.5,TSI,PHEV,110,Automatická,,,,Ne,SUV,,,"Drive, Drive",Odstraněno,Sauto.cz,Ano,https://www.sauto.cz/osobni/detail/skoda/karoq/210207035
Škoda Karoq 1.5 TSI,629999,61244,2024,Benzín,1.5,TSI,,110,Automatická,Ano,,,Ne,SUV,Style,,CZ DPH,Ojeté,Sauto.cz,Ano,
Škoda Karoq 1.5 TSI,498000,96155,2021,Benzín,1.5,TSI,,110,Automatická,Ano,,,Ne,SUV,Sportline,,,Odstraněno,Sauto.cz,Ano,https://www.sauto.cz/osobni/detail/skoda/karoq/210222056
Škoda Karoq 1.5 TSI,578000,50000,2023,Benzín,1.5,TSI,,110,Automatická,Ano,,,Ne,Kombi,,,,Odstraněno,Sauto.cz,Ano,https://www.sauto.cz/osobni/detail/skoda/karoq/210223223
Škoda Karoq 1.5 TSI,609990,86251,2022,Nafta,2.0,TDI,,110,Automatická,,,,Ano,SUV,Style,,,Odstraněno,Sauto.cz,Ano,https://www.sauto.cz/osobni/detail/skoda/karoq/210224099
Škoda Karoq 1.5 TSI,739990,11013,2025,Benzín,1.5,TSI,,110,Automatická,,,,Ne,SUV,Selection,,,Odstraněno,Sauto.cz,Ano,https://www.sauto.cz/osobni/detail/skoda/karoq/210224114
Škoda Karoq 1.5 TSI,739990,9193,2025,Benzín,1.5,TSI,,110,Automatická,,,,Ne,SUV,Selection,,,Odstraněno,Sauto.cz,Ano,https://www.sauto.cz/osobni/detail/skoda/karoq/210226742
Škoda Karoq 1.5 TSI,719990,8264,2024,Benzín,1.5,TSI,,110,Automatická,,,,Ne,SUV,Selection,,,Odstraněno,Sauto.cz,Ano,https://www.sauto.cz/osobni/detail/skoda/karoq/210227204
Škoda Karoq 1.5 TSI,739990,9048,2025,Benzín,1.5,TSI,,110,Automatická,,,,Ne,SUV,Selection,,,Odstraněno,Sauto.cz,Ano,https://www.sauto.cz/osobni/detail/skoda/karoq/210227258
Škoda Karoq 1.5 TSI,649900,95310,2022,Nafta,2.0,TDI,,110,Automatická,,,,Ano,SUV,Sportline,,Webasto,Odstraněno,Sauto.cz,Ano,https://www.sauto.cz/osobni/detail/skoda/karoq/210227993
Škoda Karoq 1.5 TSI,609900,46501,2023,Benzín,1.5,TSI,,110,Automatická,Ano,,,Ne,SUV,Style,,Plus,Odstraněno,Sauto.cz,Ano,https://www.sauto.cz/osobni/detail/skoda/karoq/210231887
Škoda Karoq 1.5 TSI,645981,29941,2023,Benzín,1.5,,,110,Automatická,,,,Ne,SUV,,,,Odstraněno,Sauto.cz,Ano,https://www.sauto.cz/osobni/detail/skoda/karoq/210234416
Škoda Karoq 1.5 TSI,579900,49407,2024,Benzín,1.5,TSI,,110,Manuální,,,,Ne,Kombi,Ambition,,KAROQ 6,Odstraněno,Sauto.cz,Ano,https://www.sauto.cz/osobni/detail/skoda/karoq/210238715
Škoda Karoq 1.5 TSI,619900,36640,2024,Benzín,1.5,TSI,PHEV,110,Manuální,,,,Ne,Kombi,,,Drive,Odstraněno,Sauto.cz,Ano,https://www.sauto.cz/osobni/detail/skoda/karoq/210240932
Škoda Karoq 1.5 TSI,649000,88773,2024,Benzín,1.5,TSI,,110,Automatická,Ano,,,Ne,SUV,Style,,Plus t,Odstraněno,Sauto.cz,Ano,https://www.sauto.cz/osobni/detail/skoda/karoq/210244007
Škoda Karoq 1.5 TSI,719990,30820,2024,Benzín,1.5,TSI,,110,Automatická,,,,Ne,SUV,Selection,,,Odstraněno,Sauto.cz,Ano,https://www.sauto.cz/osobni/detail/skoda/karoq/210247838
Škoda Karoq 1.5 TSI,675000,15542,2025,Benzín,1.5,,,110,Automatická,,,,Ne,Kombi,,,KAROQ SEL TS 110 A7F,Odstraněno,Sauto.cz,Ano,https://www.sauto.cz/osobni/detail/skoda/karoq/210249560
Škoda Karoq 1.5 TSI,595000,76358,2023,Nafta,2.0,TDI,,110,Automatická,Ano,,,Ano,SUV,Style,,Plus NAV,Odstraněno,Sauto.cz,Ano,https://www.sauto.cz/osobni/detail/skoda/karoq/210254354
Škoda Karoq 1.5 TSI,669000,31221,2023,Benzín,1.5,TSI,,110,Automatická,Ano,,,Ne,SUV,Sportline,,,Ojeté,Sauto.cz,Ano,
Škoda Karoq 1.5 TSI,619000,97255,2022,Nafta,2.0,TDI,,110,Automatická,,,,Ano,SUV,Style,,7st.a,Odstraněno,Sauto.cz,Ano,https://www.sauto.cz/osobni/detail/skoda/karoq/210256343
Škoda Karoq 1.5 TSI,519000,71850,2023,Benzín,1.5,TSI,,110,Automatická,Ano,,,Ne,SUV,Ambition,,,Odstraněno,Sauto.cz,Ano,https://www.sauto.cz/osobni/detail/skoda/karoq/210256625
Škoda Karoq 1.5 TSI,739990,8741,2025,Benzín,1.5,TSI,,110,Automatická,,,,Ne,SUV,Selection,,,Odstraněno,Sauto.cz,Ano,https://www.sauto.cz/osobni/detail/skoda/karoq/210262442
Škoda Karoq 1.5 TSI,629900,79787,2022,Nafta,2.0,TDI,,110,Automatická,Ano,,,Ano,SUV,Style,,,Odstraněno,Sauto.cz,Ano,https://www.sauto.cz/osobni/detail/skoda/karoq/210266699
Škoda Karoq 1.5 TSI,739990,11784,2025,Benzín,1.5,TSI,,110,Automatická,,,,Ne,SUV,Selection,,,Odstraněno,Sauto.cz,Ano,https://www.sauto.cz/osobni/detail/skoda/karoq/210268508
Škoda Karoq 1.5 TSI,739990,9652,2025,Benzín,1.5,TSI,,110,Automatická,,,,Ne,SUV,Selection,,,Odstraněno,Sauto.cz,Ano,https://www.sauto.cz/osobni/detail/skoda/karoq/210268544
Škoda Karoq 1.5 TSI,609990,99004,2022,Nafta,2.0,TDI,,110,Automatická,,,,Ano,SUV,Style,,,Odstraněno,Sauto.cz,Ano,https://www.sauto.cz/osobni/detail/skoda/karoq/210268562
Škoda Karoq 1.5 TSI,719900,20201,2025,Benzín,1.5,TSI,,110,Manuální,,,,Ne,SUV,Top Selection,,,Odstraněno,Sauto.cz,Ano,https://www.sauto.cz/osobni/detail/skoda/karoq/210269942
Škoda Karoq 1.5 TSI,739990,11456,2025,Benzín,1.5,TSI,,110,Automatická,,,,Ne,SUV,Selection,,,Odstraněno,Sauto.cz,Ano,https://www.sauto.cz/osobni/detail/skoda/karoq/210279179
Škoda Karoq 1.5 TSI,729900,42631,2025,Benzín,1.5,TSI,,110,Automatická,Ano,,,Ne,SUV,Sportline,,,Odstraněno,Sauto.cz,Ano,https://www.sauto.cz/osobni/detail/skoda/karoq/210279485
Škoda Karoq 1.5 TSI,630000,34371,2024,Benzín,1.5,TSI,,110,Automatická,,,,Ne,SUV,,,"Fresh, Automat",Ojeté,Sauto.cz,Ano,
Škoda Karoq 1.5 TSI,630000,60812,2022,Benzín,1.5,TSI,,110,Manuální,,,,Ne,SUV,Sportline,Ano,Záruka,Ojeté,Sauto.cz,Ano,
Škoda Karoq 1.5 TSI,659000,23478,2024,Benzín,1.5,TSI,,110,Automatická,Ano,,,Ne,SUV,Ambition,,,Odstraněno,Sauto.cz,Ano,https://www.sauto.cz/osobni/detail/skoda/karoq/210283766
Škoda Karoq 1.5 TSI,667900,49365,2024,Benzín,1.5,TSI,,110,Automatická,,,,Ne,SUV,Ambition,,,Odstraněno,Sauto.cz,Ano,https://www.sauto.cz/osobni/detail/skoda/karoq/210283850
Škoda Karoq 1.5 TSI,679000,21336,2025,Benzín,1.5,TSI,,110,Automatická,Ano,,,Ne,SUV,Selection,,,Odstraněno,Sauto.cz,Ano,https://www.sauto.cz/osobni/detail/skoda/karoq/210290282
Škoda Karoq 1.5 TSI,549000,74643,2021,Nafta,2.0,TDI,,110,Automatická,Ano,,,Ano,SUV,Style,,,Ojeté,Sauto.cz,Ano,
Škoda Karoq 1.5 TSI,709900,31134,2025,Benzín,1.5,TSI,,110,Automatická,,,,Ne,SUV,Top Selection,,,Odstraněno,Sauto.cz,Ano,https://www.sauto.cz/osobni/detail/skoda/karoq/210291527
Škoda Karoq 1.5 TSI,679000,20851,2025,Benzín,1.5,TSI,,110,Automatická,Ano,,,Ne,SUV,Selection,,,Odstraněno,Sauto.cz,Ano,https://www.sauto.cz/osobni/detail/skoda/karoq/210293039
Škoda Karoq 1.5 TSI,730000,24121,2025,Nafta,2.0,TDI,PHEV,110,Automatická,,,,Ano,SUV,,,"Drive, Drive, FullLed",Odstraněno,Sauto.cz,Ano,https://www.sauto.cz/osobni/detail/skoda/karoq/210293393
Škoda Karoq 1.5 TSI,739990,14463,2025,Benzín,1.5,TSI,,110,Automatická,,,,Ne,SUV,Selection,,,Odstraněno,Sauto.cz,Ano,https://www.sauto.cz/osobni/detail/skoda/karoq/210297233
Škoda Karoq 1.5 TSI,749900,21769,2024,Benzín,1.5,TSI,,110,Automatická,Ano,,,Ne,SUV,Sportline,,,Odstraněno,Sauto.cz,Ano,https://www.sauto.cz/osobni/detail/skoda/karoq/210298310
Škoda Karoq 1.5 TSI,689000,43030,2025,Benzín,1.5,TSI,,110,Automatická,,,,Ne,SUV,Top Selection,,D,Odstraněno,Sauto.cz,Ano,https://www.sauto.cz/osobni/detail/skoda/karoq/210307166
Škoda Karoq 1.5 TSI,609990,77369,2022,Nafta,2.0,TDI,,110,Automatická,,,,Ano,SUV,Style,,,Odstraněno,Sauto.cz,Ano,https://www.sauto.cz/osobni/detail/skoda/karoq/210307802
Škoda Karoq 1.5 TSI,680000,19637,2025,Benzín,1.5,TSI,PHEV,110,Automatická,,,,Ne,SUV,,,"Drive, Drive",Odstraněno,Sauto.cz,Ano,https://www.sauto.cz/osobni/detail/skoda/karoq/210312857
Škoda Karoq 1.5 TSI,619999,26539,2023,Benzín,1.5,TSI,,110,Automatická,Ano,,,Ne,SUV,Style,,,Ojeté,Sauto.cz,Ano,
Škoda Karoq 1.5 TSI,649999,52563,2023,Benzín,1.5,TSI,,110,Automatická,Ano,,,Ne,SUV,Sportline,,,Odstraněno,Sauto.cz,Ano,https://www.sauto.cz/osobni/detail/skoda/karoq/210317825
Škoda Karoq 1.5 TSI,679900,52838,2025,Benzín,1.5,TSI,,110,Automatická,,,,Ne,SUV,Top Selection,,,Odstraněno,Sauto.cz,Ano,https://www.sauto.cz/osobni/detail/skoda/karoq/210319043
Škoda Karoq 1.5 TSI,680000,41106,2023,Benzín,1.5,TSI,,110,Automatická,,,,Ne,SUV,Sportline,Ano,Záruka,Odstraněno,Sauto.cz,Ano,https://www.sauto.cz/osobni/detail/skoda/karoq/210327857
Škoda Karoq 1.5 TSI,699900,38974,2025,Benzín,1.5,TSI,,110,Automatická,,,,Ne,SUV,Top Selection,,,Odstraněno,Sauto.cz,Ano,https://www.sauto.cz/osobni/detail/skoda/karoq/210330047
Škoda Karoq 1.5 TSI,699900,44814,2025,Benzín,1.5,TSI,,110,Automatická,,,,Ne,SUV,Top Selection,,,Odstraněno,Sauto.cz,Ano,https://www.sauto.cz/osobni/detail/skoda/karoq/210330089
Škoda Karoq 1.5 TSI,734900,26296,2025,Benzín,1.5,TSI,,110,Automatická,,,,Ne,SUV,Top Selection,,,Odstraněno,Sauto.cz,Ano,https://www.sauto.cz/osobni/detail/skoda/karoq/210332351
Škoda Karoq 1.5 TSI,579900,89725,2021,Nafta,2.0,TDI,,110,Automatická,Ano,,,Ano,SUV,Style,,TAŽNÉ Z.,Odstraněno,Sauto.cz,Ano,https://www.sauto.cz/osobni/detail/skoda/karoq/210334622
Škoda Karoq 1.5 TSI,749000,50285,2023,Nafta,2.0,,PHEV,110,Automatická,Ano,,,Ano,SUV,Style,,TD,Odstraněno,Sauto.cz,Ano,https://www.sauto.cz/osobni/detail/skoda/karoq/210339779
Škoda Karoq 1.5 TSI,739990,7029,2025,Benzín,1.5,TSI,,110,Automatická,,,,Ne,SUV,,,,Odstraněno,Sauto.cz,Ano,https://www.sauto.cz/osobni/detail/skoda/karoq/210340376
Škoda Karoq 1.5 TSI,719990,15397,2024,Benzín,1.5,TSI,,110,Automatická,,,,Ne,SUV,Selection,,,Odstraněno,Sauto.cz,Ano,https://www.sauto.cz/osobni/detail/skoda/karoq/210340391
Škoda Karoq 1.5 TSI,688999,98685,2023,Nafta,2.0,TDI,,110,Automatická,Ano,,,Ano,SUV,Sportline,,DPH,Ojeté,Sauto.cz,Ano,
Škoda Karoq 1.5 TSI,680000,36308,2022,Nafta,2.0,TDI,,110,Automatická,,,,Ano,SUV,Style,,Plus,Odstraněno,Sauto.cz,Ano,https://www.sauto.cz/osobni/detail/skoda/karoq/210340586
Škoda Karoq 1.5 TSI,689000,32408,2023,Benzín,1.5,TSI,,110,Automatická,Ano,,,Ne,Kombi,Sportline,,,Odstraněno,Sauto.cz,Ano,https://www.sauto.cz/osobni/detail/skoda/karoq/210341774
Škoda Karoq 1.5 TSI,683000,39058,2023,Benzín,1.5,TSI,,110,Automatická,Ano,,,Ne,SUV,Style,,,Odstraněno,Sauto.cz,Ano,https://www.sauto.cz/osobni/detail/skoda/karoq/210341972
Škoda Karoq 1.5 TSI,589800,44324,2022,Benzín,1.5,TSI,,110,Automatická,,,,Ne,Kombi,Style,,PLUS automa,Odstraněno,Sauto.cz,Ano,https://www.sauto.cz/osobni/detail/skoda/karoq/210342017
Škoda Karoq 1.5 TSI,649900,40118,2024,Benzín,1.5,TSI,,110,Automatická,Ano,,,Ne,SUV,Selection,,Fresh,Odstraněno,Sauto.cz,Ano,https://www.sauto.cz/osobni/detail/skoda/karoq/210342443
Škoda Karoq 1.5 TSI,579900,51450,2024,Benzín,1.5,TSI,,110,Manuální,,,,Ne,SUV,Ambition,,,Odstraněno,Sauto.cz,Ano,https://www.sauto.cz/osobni/detail/skoda/karoq/210342752
Škoda Karoq 1.5 TSI,680000,15550,2024,Benzín,1.5,TSI,,110,Automatická,,,,Ne,SUV,,,"Fresh, FRESH",Odstraněno,Sauto.cz,Ano,https://www.sauto.cz/osobni/detail/skoda/karoq/210343157
Škoda Karoq 1.5 TSI,729900,18327,2025,Benzín,1.5,TSI,,110,Automatická,Ano,,,Ne,SUV,Top Selection,,,Odstraněno,Sauto.cz,Ano,https://www.sauto.cz/osobni/detail/skoda/karoq/210344537
Škoda Karoq 1.5 TSI,604900,45659,2024,Benzín,1.5,TSI,,110,Automatická,Ano,,,Ne,SUV,Selection,,,Odstraněno,Sauto.cz,Ano,https://www.sauto.cz/osobni/detail/skoda/karoq/210347408
Škoda Karoq 1.5 TSI,726000,32431,2025,Benzín,1.5,TSI,,110,Automatická,,,,Ne,SUV,Top Selection,,ACC,Odstraněno,Sauto.cz,Ano,https://www.sauto.cz/osobni/detail/skoda/karoq/210349697
Škoda Karoq 1.5 TSI,694900,19965,2023,Benzín,1.5,TSI,,110,Automatická,Ano,,,Ne,SUV,Sportline,,,Odstraněno,Sauto.cz,Ano,https://www.sauto.cz/osobni/detail/skoda/karoq/210350213
Škoda Karoq 1.5 TSI,709000,17650,2023,Benzín,1.5,TSI,,110,Automatická,Ano,,,Ne,SUV,Sportline,,,Odstraněno,Sauto.cz,Ano,https://www.sauto.cz/osobni/detail/skoda/karoq/210351422
Škoda Karoq 1.5 TSI,749000,26511,2024,Benzín,1.5,TSI,,110,Automatická,Ano,,,Ne,Kombi,Style,,,Odstraněno,Sauto.cz,Ano,https://www.sauto.cz/osobni/detail/skoda/karoq/210352211
Škoda Karoq 1.5 TSI,749999,44346,2024,Benzín,1.5,TSI,,110,Automatická,Ano,,,Ne,SUV,Sportline,,,Ojeté,Sauto.cz,Ano,
Škoda Karoq 1.5 TSI,640000,29151,2025,Benzín,1.5,TSI,PHEV,110,Manuální,,,,Ne,SUV,,,"Drive, Drive",Ojeté,Sauto.cz,Ano,
Škoda Karoq 1.5 TSI,699000,1960,2022,Nafta,2.0,TDI,PHEV,110,Manuální,,,,Ne,Kombi,Style,,,Odstraněno,Sauto.cz,Ano,https://www.sauto.cz/osobni/detail/skoda/karoq/210355586
Škoda Karoq 1.5 TSI,566900,60015,2023,Benzín,1.5,TSI,,110,Automatická,Ano,,,Ne,SUV,Ambition,,,Odstraněno,Sauto.cz,Ano,https://www.sauto.cz/osobni/detail/skoda/karoq/210356447
Škoda Karoq 1.5 TSI,740000,15876,2025,Nafta,2.0,TDI,PHEV,110,Automatická,,,,Ne,SUV,,,"Drive, Drive",Odstraněno,Sauto.cz,Ano,https://www.sauto.cz/osobni/detail/skoda/karoq/210357548
Škoda Karoq 1.5 TSI,580000,59842,2023,Benzín,1.5,TSI,,110,Automatická,,,,Ne,SUV,Style,,"Plus, NOVÁ CENA",Ojeté,Sauto.cz,Ano,
Škoda Karoq 1.5 TSI,739990,11046,2025,Benzín,1.5,TSI,,110,Automatická,,,,Ne,SUV,Selection,,,Odstraněno,Sauto.cz,Ano,https://www.sauto.cz/osobni/detail/skoda/karoq/210359639
Škoda Karoq 1.5 TSI,739990,7841,2025,Benzín,1.5,TSI,,110,Automatická,,,,Ne,SUV,Selection,,,Odstraněno,Sauto.cz,Ano,https://www.sauto.cz/osobni/detail/skoda/karoq/210359642
Škoda Karoq 1.5 TSI,739990,10223,2025,Benzín,1.5,TSI,,110,Automatická,,,,Ne,SUV,Selection,,,Odstraněno,Sauto.cz,Ano,https://www.sauto.cz/osobni/detail/skoda/karoq/210359654
Škoda Karoq 1.5 TSI,739990,8775,2025,Benzín,1.5,TSI,,110,Automatická,,,,Ne,SUV,Selection,,,Odstraněno,Sauto.cz,Ano,https://www.sauto.cz/osobni/detail/skoda/karoq/210359675
Škoda Karoq 1.5 TSI,728000,,2026,Benzín,1.5,TSI,,110,Manuální,,,,Ne,SUV,Top Selection,,,Odstraněno,Sauto.cz,Ano,https://www.sauto.cz/osobni/detail/skoda/karoq/210359747
Škoda Karoq 1.5 TSI,588000,40587,2021,Benzín,1.5,TSI,,110,Automatická,Ano,,,Ne,SUV,,,"LED,Clever",Ojeté,Sauto.cz,Ano,
Škoda Karoq 1.5 TSI,729000,51250,2025,Benzín,1.5,TSI,,110,Automatická,Ano,,,Ne,SUV,Sportline,,,Ojeté,Sauto.cz,Ano,
Škoda Karoq 1.5 TSI,600000,15272,2024,Benzín,1.5,TSI,,110,Manuální,,,,Ne,SUV,,Ano,"Fresh, Záruka, ČR",Ojeté,Sauto.cz,Ano,
Škoda Karoq 1.5 TSI,679900,23006,2023,Benzín,1.5,TSI,,110,Automatická,,,,Ne,SUV,Sportline,,,Odstraněno,Sauto.cz,Ano,https://www.sauto.cz/osobni/detail/skoda/karoq/210364151
Škoda Karoq 1.5 TSI,619990,38196,2024,Benzín,1.5,TSI,,110,Manuální,,,,Ne,SUV,,,Fresh II.,Odstraněno,Sauto.cz,Ano,https://www.sauto.cz/osobni/detail/skoda/karoq/210367520
Škoda Karoq 1.5 TSI,639000,31750,2023,Benzín,1.5,TSI,,110,Automatická,Ano,,,Ne,SUV,Style,,,Odstraněno,Sauto.cz,Ano,https://www.sauto.cz/osobni/detail/skoda/karoq/210369095
Škoda Karoq 1.5 TSI,555000,35200,2022,Benzín,1.5,TSI,,110,Manuální,,,,Ne,SUV,Ambition,,,Odstraněno,Sauto.cz,Ano,https://www.sauto.cz/osobni/detail/skoda/karoq/210369101
Škoda Karoq 1.5 TSI,719900,25500,2023,Benzín,1.5,TSI,,110,Automatická,Ano,,,Ne,Kombi,Style,,Plus,Odstraněno,Sauto.cz,Ano,https://www.sauto.cz/osobni/detail/skoda/karoq/210370433
Škoda Karoq 1.5 TSI,678000,34360,2024,Benzín,1.5,TSI,,110,Automatická,Ano,,,Ne,Kombi,,,FRESH,Odstraněno,Sauto.cz,Ano,https://www.sauto.cz/osobni/detail/skoda/karoq/210371810
Škoda Karoq 1.5 TSI,630000,68000,2022,Benzín,1.9,TSI,,140,Automatická,,,,Ano,MPV,,,4x4SPORTLINE,Odstraněno,Sauto.cz,Ano,https://www.sauto.cz/osobni/detail/skoda/karoq/210372140
Škoda Karoq 1.5 TSI,635000,50141,2023,Nafta,2.0,TDI,,110,Automatická,Ano,,,Ano,SUV,Style,,Plus LED,Odstraněno,Sauto.cz,Ano,https://www.sauto.cz/osobni/detail/skoda/karoq/210375215
Škoda Karoq 1.5 TSI,590000,95262,2023,Nafta,2.0,TDI,,110,Automatická,Ano,,,Ano,SUV,Style,,Plus LED,Odstraněno,Sauto.cz,Ano,https://www.sauto.cz/osobni/detail/skoda/karoq/210375218
Škoda Karoq 1.5 TSI,650000,78120,2023,Benzín,1.5,TSI,,110,Automatická,,,,Ne,SUV,Sportline,,Automat,Ojeté,Sauto.cz,Ano,
Škoda Karoq 1.5 TSI,540000,62598,2021,Benzín,1.5,TSI,,110,Automatická,,,,Ne,SUV,Style,,"1.maj,ČR",Odstraněno,Sauto.cz,Ano,https://www.sauto.cz/osobni/detail/skoda/karoq/210379796
Škoda Karoq 1.5 TSI,517900,59364,2021,Benzín,1.5,TSI,,110,Automatická,Ano,,,Ne,SUV,Style,,,Odstraněno,Sauto.cz,Ano,https://www.sauto.cz/osobni/detail/skoda/karoq/210380924
Škoda Karoq 1.5 TSI,700000,32502,2025,Nafta,2.0,TDI,PHEV,110,Automatická,,,,Ne,SUV,,,"Drive, Drive, FullLed",Odstraněno,Sauto.cz,Ano,https://www.sauto.cz/osobni/detail/skoda/karoq/210382295
Škoda Karoq 1.5 TSI,649000,79660,2022,Nafta,2.0,TDI,,110,Automatická,Ano,,,Ano,SUV,Style,,,Odstraněno,Sauto.cz,Ano,https://www.sauto.cz/osobni/detail/skoda/karoq/210383435
Škoda Karoq 1.5 TSI,714900,28595,2025,Benzín,1.5,TSI,,110,Automatická,Ano,,,Ne,SUV,Top Selection,,,Odstraněno,Sauto.cz,Ano,https://www.sauto.cz/osobni/detail/skoda/karoq/210383687
Škoda Karoq 1.5 TSI,733446,66855,2021,Benzín,1.5,TSI,,110,Automatická,,,,Ne,SUV,Sportline,,Navi LED,Odstraněno,Sauto.cz,Ano,https://www.sauto.cz/osobni/detail/skoda/karoq/210386858
Škoda Karoq 1.5 TSI,700000,38184,2024,Nafta,2.0,TDI,,110,Automatická,,,,Ano,SUV,,Ano,"Záruka, Automat",Odstraněno,Sauto.cz,Ano,https://www.sauto.cz/osobni/detail/skoda/karoq/210388436
Škoda Karoq 1.5 TSI,749990,13711,2023,Benzín,1.5,TSI,,110,Automatická,,,,Ne,SUV,Sportline,,,Ojeté,Sauto.cz,Ano,
Škoda Karoq 1.5 TSI,669000,11543,2024,Benzín,1.5,TSI,,110,Automatická,,,,Ne,SUV,Style,,odp. DPH,Ojeté,Sauto.cz,Ano,
Škoda Karoq 1.5 TSI,749000,17713,2024,Benzín,1.5,,,110,Automatická,,,,Ne,Kombi,,,KAROQ SEL TS 110 A7F,Odstraněno,Sauto.cz,Ano,https://www.sauto.cz/osobni/detail/skoda/karoq/210397616
Škoda Karoq 1.5 TSI,738700,19986,2025,Benzín,1.5,TSI,,110,Manuální,,,,Ne,SUV,Top Selection,,N,Odstraněno,Sauto.cz,Ano,https://www.sauto.cz/osobni/detail/skoda/karoq/210397640
Škoda Karoq 1.5 TSI,650000,56000,2023,Nafta,2.0,TDI,,110,Automatická,,,,Ano,Kombi,,,Škoda Karoq,Odstraněno,Sauto.cz,Ano,https://www.sauto.cz/osobni/detail/skoda/karoq/210398954
Škoda Karoq 1.5 TSI,569998,41000,2024,Benzín,1.5,TSI,,110,Automatická,,,,Ne,SUV,,,NAVI – PANORAMA,Odstraněno,Sauto.cz,Ano,https://www.sauto.cz/osobni/detail/skoda/karoq/210399071
Škoda Karoq 1.5 TSI,619990,39002,2024,Benzín,1.5,TSI,,110,Manuální,,,,Ne,SUV,,,Fresh II.,Odstraněno,Sauto.cz,Ano,https://www.sauto.cz/osobni/detail/skoda/karoq/210402461
Škoda Karoq 1.5 TSI,719990,39473,2024,Nafta,2.0,TDI,,110,Automatická,,,,Ano,SUV,,,Fresh II.,Odstraněno,Sauto.cz,Ano,https://www.sauto.cz/osobni/detail/skoda/karoq/210402572
Škoda Karoq 1.5 TSI,735000,34823,2025,Benzín,1.5,TSI,,110,Automatická,,,,Ne,SUV,Sportline,,"- , DS",Odstraněno,Sauto.cz,Ano,https://www.sauto.cz/osobni/detail/skoda/karoq/210402608
Škoda Karoq 1.5 TSI,619990,38279,2024,Benzín,1.5,TSI,,110,Manuální,,,,Ne,SUV,,,Fresh II.,Odstraněno,Sauto.cz,Ano,https://www.sauto.cz/osobni/detail/skoda/karoq/210403577
Škoda Karoq 1.5 TSI,689900,18358,2025,Benzín,1.5,TSI,,110,Automatická,,,,Ne,SUV,Selection,,,Odstraněno,Sauto.cz,Ano,https://www.sauto.cz/osobni/detail/skoda/karoq/210403661
Škoda Karoq 1.5 TSI,719990,39291,2024,Nafta,2.0,TDI,,110,Automatická,,,,Ano,SUV,,,Fresh II.,Odstraněno,Sauto.cz,Ano,https://www.sauto.cz/osobni/detail/skoda/karoq/210404108
Škoda Karoq 1.5 TSI,619999,87783,2022,Nafta,2.0,TDI,,110,Automatická,Ano,,,Ano,SUV,Sportline,,CZ D,Ojeté,Sauto.cz,Ano,
Škoda Karoq 1.5 TSI,579999,99900,2023,Benzín,1.5,TSI,,110,Automatická,Ano,,,Ne,SUV,,,Matrix DPH,Odstraněno,Sauto.cz,Ano,https://www.sauto.cz/osobni/detail/skoda/karoq/210405596
Škoda Karoq 1.5 TSI,628000,26090,2024,Benzín,1.5,TSI,,110,Manuální,,,,Ne,Kombi,,,FRESH 6M,Odstraněno,Sauto.cz,Ano,https://www.sauto.cz/osobni/detail/skoda/karoq/210405962
Škoda Karoq 1.5 TSI,619990,39874,2024,Benzín,1.5,TSI,,110,Manuální,,,,Ne,SUV,,,Fresh II.,Odstraněno,Sauto.cz,Ano,https://www.sauto.cz/osobni/detail/skoda/karoq/210406532
Škoda Karoq 1.5 TSI,619990,40684,2024,Benzín,1.5,TSI,,110,Manuální,,,,Ne,SUV,,,Fresh II.,Odstraněno,Sauto.cz,Ano,https://www.sauto.cz/osobni/detail/skoda/karoq/210406541
Škoda Karoq 1.5 TSI,619990,38745,2024,Benzín,1.5,TSI,,110,Manuální,,,,Ne,SUV,,,Fresh II.,Odstraněno,Sauto.cz,Ano,https://www.sauto.cz/osobni/detail/skoda/karoq/210406556
Škoda Karoq 1.5 TSI,619990,38685,2024,Benzín,1.5,TSI,,110,Manuální,,,,Ne,SUV,,,Fresh II.,Odstraněno,Sauto.cz,Ano,https://www.sauto.cz/osobni/detail/skoda/karoq/210406607
Škoda Karoq 1.5 TSI,719990,39121,2024,Nafta,2.0,TDI,,110,Automatická,,,,Ano,SUV,,,Fresh II.,Odstraněno,Sauto.cz,Ano,https://www.sauto.cz/osobni/detail/skoda/karoq/210407441
Škoda Karoq 1.5 TSI,719990,38580,2024,Nafta,2.0,TDI,,110,Automatická,,,,Ano,SUV,,,Fresh II.,Odstraněno,Sauto.cz,Ano,https://www.sauto.cz/osobni/detail/skoda/karoq/210408155
Škoda Karoq 1.5 TSI,739990,8388,2025,Benzín,1.5,TSI,,110,Automatická,,,,Ne,SUV,Selection,,,Odstraněno,Sauto.cz,Ano,https://www.sauto.cz/osobni/detail/skoda/karoq/210408371
Škoda Karoq 1.5 TSI,739990,8737,2025,Benzín,1.5,TSI,,110,Automatická,,,,Ne,SUV,Selection,,,Odstraněno,Sauto.cz,Ano,https://www.sauto.cz/osobni/detail/skoda/karoq/210408377
Škoda Karoq 1.5 TSI,739990,10881,2025,Benzín,1.5,TSI,,110,Automatická,,,,Ne,SUV,Selection,,,Odstraněno,Sauto.cz,Ano,https://www.sauto.cz/osobni/detail/skoda/karoq/210408398
Škoda Karoq 1.5 TSI,739990,10319,2025,Benzín,1.5,TSI,,110,Automatická,,,,Ne,SUV,Selection,,,Odstraněno,Sauto.cz,Ano,https://www.sauto.cz/osobni/detail/skoda/karoq/210408416
Škoda Karoq 1.5 TSI,739990,11361,2025,Benzín,1.5,TSI,,110,Automatická,,,,Ne,SUV,Selection,,,Odstraněno,Sauto.cz,Ano,https://www.sauto.cz/osobni/detail/skoda/karoq/210408428
Škoda Karoq 1.5 TSI,719990,38413,2024,Nafta,2.0,TDI,,110,Automatická,,,,Ano,SUV,,,Fresh II.,Odstraněno,Sauto.cz,Ano,https://www.sauto.cz/osobni/detail/skoda/karoq/210408434
Škoda Karoq 1.5 TSI,719990,39322,2024,Nafta,2.0,TDI,,110,Automatická,,,,Ano,SUV,,,Fresh II.,Odstraněno,Sauto.cz,Ano,https://www.sauto.cz/osobni/detail/skoda/karoq/210408437
Škoda Karoq 1.5 TSI,719990,39575,2024,Nafta,2.0,TDI,,110,Automatická,,,,Ano,SUV,,,Fresh II.,Odstraněno,Sauto.cz,Ano,https://www.sauto.cz/osobni/detail/skoda/karoq/210408440
Škoda Karoq 1.5 TSI,650000,38301,2022,Nafta,2.0,TDI,,110,Automatická,,,,Ano,SUV,Style,,Automat,Ojeté,Sauto.cz,Ano,
Škoda Karoq 1.5 TSI,744000,26869,2025,Benzín,1.5,TSI,,110,Automatická,Ano,,,Ne,SUV,Top Selection,,ACC,Odstraněno,Sauto.cz,Ano,https://www.sauto.cz/osobni/detail/skoda/karoq/210412991
Škoda Karoq 1.5 TSI,619000,31584,2022,Benzín,1.5,TSI,,110,Automatická,Ano,,,Ne,SUV,Style,,,Ojeté,Sauto.cz,Ano,
Škoda Karoq 1.5 TSI,730000,21370,2025,Benzín,1.5,,,110,Automatická,,,,Ne,Kombi,Selection,,TS 110 A7F,Odstraněno,Sauto.cz,Ano,https://www.sauto.cz/osobni/detail/skoda/karoq/210414056
Škoda Karoq 1.5 TSI,570000,67800,2023,Benzín,1.5,TSI,,110,Automatická,Ano,,,Ne,SUV,,Ano,záruka,Odstraněno,Sauto.cz,Ano,https://www.sauto.cz/osobni/detail/skoda/karoq/210414095
Škoda Karoq 1.5 TSI,639000,62541,2021,Nafta,2.0,,,110,Automatická,,,,Ano,Kombi,Style,,TD A7A,Odstraněno,Sauto.cz,Ano,https://www.sauto.cz/osobni/detail/skoda/karoq/210414218
Škoda Karoq 1.5 TSI,669000,34622,2024,Benzín,1.5,TSI,,110,Automatická,,,,Ne,SUV,Style,,odp. DPH,Ojeté,Sauto.cz,Ano,
Škoda Karoq 1.5 TSI,490000,86773,2021,Benzín,1.5,TSI,,110,Automatická,,,,Ne,SUV,,,"Automat, Serv.kniha",Odstraněno,Sauto.cz,Ano,https://www.sauto.cz/osobni/detail/skoda/karoq/210416723
Škoda Karoq 1.5 TSI,700000,35042,2023,Benzín,1.5,TSI,,110,Automatická,,,,Ne,SUV,Sportline,,NOVÁ CENA,Odstraněno,Sauto.cz,Ano,https://www.sauto.cz/osobni/detail/skoda/karoq/210417059
Škoda Karoq 1.5 TSI,679999,8602,2025,Benzín,1.5,TSI,,110,Automatická,Ano,,,Ne,SUV,Selection,,,Odstraněno,Sauto.cz,Ano,https://www.sauto.cz/osobni/detail/skoda/karoq/210418769
Škoda Karoq 1.5 TSI,680000,27871,2025,Benzín,1.5,TSI,PHEV,110,Automatická,,,,Ne,SUV,,,"Drive, Drive, FullLed",Odstraněno,Sauto.cz,Ano,https://www.sauto.cz/osobni/detail/skoda/karoq/210419924
Škoda Karoq 1.5 TSI,699000,18404,2023,Benzín,1.5,TSI,,110,Manuální,,,,Ne,SUV,Sportline,,,Odstraněno,Sauto.cz,Ano,https://www.sauto.cz/osobni/detail/skoda/karoq/210419984
Škoda Karoq 1.5 TSI,669000,30714,2024,Benzín,1.5,TSI,,110,Automatická,,,,Ne,Kombi,Ambition,,FRESH,Odstraněno,Sauto.cz,Ano,https://www.sauto.cz/osobni/detail/skoda/karoq/210419987
Škoda Karoq 1.5 TSI,699000,59876,2022,Nafta,2.0,TDI,,110,Automatická,Ano,,,Ano,SUV,Style,,,Ojeté,Sauto.cz,Ano,
Škoda Karoq 1.5 TSI,648000,66000,2022,Nafta,2.0,TDI,,110,Automatická,,,,Ano,SUV,,,,Odstraněno,Sauto.cz,Ano,https://www.sauto.cz/osobni/detail/skoda/karoq/210422486
Škoda Karoq 1.5 TSI,449000,98711,2021,Benzín,1.5,TSI,PHEV,110,Manuální,,,,Ne,SUV,Active,,,Odstraněno,Sauto.cz,Ano,https://www.sauto.cz/osobni/detail/skoda/karoq/210423167
Škoda Karoq 1.5 TSI,579000,89585,2022,Benzín,1.5,TSI,,110,Automatická,Ano,,,Ne,SUV,Style,,,Odstraněno,Sauto.cz,Ano,https://www.sauto.cz/osobni/detail/skoda/karoq/210424343
Škoda Karoq 1.5 TSI,689900,35341,2023,Benzín,1.5,TSI,,110,Automatická,Ano,,,Ne,SUV,Sportline,,,Odstraněno,Sauto.cz,Ano,https://www.sauto.cz/osobni/detail/skoda/karoq/210424442
Škoda Karoq 1.5 TSI,569900,45846,2022,Benzín,1.5,TSI,,110,Manuální,,,,Ne,SUV,Style,,TAŽNÉ,Odstraněno,Sauto.cz,Ano,https://www.sauto.cz/osobni/detail/skoda/karoq/210426581
Škoda Karoq 1.5 TSI,510000,84665,2022,Nafta,2.0,TDI,,110,Manuální,,,,Ne,SUV,Ambition,,Plus TAŽNÉ,Odstraněno,Sauto.cz,Ano,https://www.sauto.cz/osobni/detail/skoda/karoq/210428633
Škoda Karoq 1.5 TSI,629000,57032,2023,Benzín,1.5,TSI,,110,Automatická,Ano,,,Ne,SUV,Sportline,,Plus,Odstraněno,Sauto.cz,Ano,https://www.sauto.cz/osobni/detail/skoda/karoq/210428636
Škoda Karoq 1.5 TSI,659000,47569,2023,Benzín,1.5,TSI,,110,Automatická,Ano,,,Ne,SUV,Sportline,,,Ojeté,Sauto.cz,Ano,
Škoda Karoq 1.5 TSI,619990,38985,2024,Benzín,1.5,TSI,,110,Manuální,,,,Ne,SUV,,,Fresh II.,Odstraněno,Sauto.cz,Ano,https://www.sauto.cz/osobni/detail/skoda/karoq/210430448
Škoda Karoq 1.5 TSI,679900,85570,2022,Nafta,2.0,TDI,,110,Automatická,Ano,,,Ano,SUV,Sportline,,,Odstraněno,Sauto.cz,Ano,https://www.sauto.cz/osobni/detail/skoda/karoq/210430952
Škoda Karoq 1.5 TSI,639000,28268,2024,Benzín,1.5,TSI,,110,Automatická,Ano,,,Ne,SUV,,,Fresh,Ojeté,Sauto.cz,Ano,
Škoda Karoq 1.5 TSI,669900,15000,2025,Benzín,1.5,TSI,,110,Manuální,,,,Ne,SUV,Selection,,KAROQ,Odstraněno,Sauto.cz,Ano,https://www.sauto.cz/osobni/detail/skoda/karoq/210431228
Škoda Karoq 1.5 TSI,680000,28655,2025,Benzín,1.5,TSI,PHEV,110,Automatická,,,,Ne,SUV,,,"Drive, Drive, FullLed",Odstraněno,Sauto.cz,Ano,https://www.sauto.cz/osobni/detail/skoda/karoq/210431300
Škoda Karoq 1.5 TSI,539990,94176,2022,Benzín,1.5,TSI,,110,Automatická,,,,Ne,SUV,Style,,,Odstraněno,Sauto.cz,Ano,https://www.sauto.cz/osobni/detail/skoda/karoq/210439196
Škoda Karoq 1.5 TSI,540000,59286,2022,Benzín,1.5,TSI,,110,Manuální,,,,Ne,SUV,Ambition,,Serv.kniha,Ojeté,Sauto.cz,Ano,
Škoda Karoq 1.5 TSI,640000,6539,2025,Benzín,1.5,TSI,PHEV,110,Manuální,,,,Ne,SUV,,Ano,"Drive, Záruka, ČR",Předváděcí,Sauto.cz,Ano,
Škoda Karoq 1.5 TSI,565000,97730,2023,Benzín,1.5,TSI,,110,Automatická,Ano,,,Ne,SUV,Style,,Plus,Ojeté,Sauto.cz,Ano,
Škoda Karoq 1.5 TSI,577000,16737,2024,Benzín,1.5,TSI,,110,Manuální,,,,Ne,SUV,,,Fresh,Ojeté,Sauto.cz,Ano,
Škoda Karoq 1.5 TSI,739989,17000,2025,Benzín,1.5,TSI,,110,Automatická,,,,Ne,SUV,Top Selection,,DS,Odstraněno,Sauto.cz,Ano,https://www.sauto.cz/osobni/detail/skoda/karoq/210468923
Škoda Karoq 1.5 TSI,736000,38174,2024,Benzín,2.0,,,140,Automatická,,,,Ano,SUV,,Ano,zdarma,Ojeté,Sauto.cz,Ano,
Škoda Karoq 1.5 TSI,610000,8472,2025,Benzín,1.5,TSI,,110,Manuální,,,,Ne,SUV,Selection,Ano,"Záruka, ČR",Předváděcí,Sauto.cz,Ano,
Škoda Karoq 1.5 TSI,649900,3500,2025,Benzín,1.5,TSI,,110,Manuální,,,,Ne,SUV,,,,Odstraněno,Sauto.cz,Ano,https://www.sauto.cz/osobni/detail/skoda/karoq/210477152
Škoda Karoq 1.5 TSI,630000,65141,2022,Benzín,1.5,TSI,,110,Automatická,,,,Ne,SUV,Sportline,,Automat,Ojeté,Sauto.cz,Ano,
Škoda Karoq 1.5 TSI,680000,72697,2023,Nafta,2.0,TDI,,110,Automatická,,,,Ano,SUV,Sportline,,,Odstraněno,Sauto.cz,Ano,https://www.sauto.cz/osobni/detail/skoda/karoq/210478874
Škoda Karoq 1.5 TSI,684900,33400,2023,Benzín,1.5,TSI,,110,Automatická,Ano,,,Ne,SUV,Sportline,,,Odstraněno,Sauto.cz,Ano,https://www.sauto.cz/osobni/detail/skoda/karoq/210480752
Škoda Karoq 1.5 TSI,589000,19011,2024,Benzín,1.5,TSI,,110,Manuální,,,,Ne,SUV,,,Ambiton 6°MP,Odstraněno,Sauto.cz,Ano,https://www.sauto.cz/osobni/detail/skoda/karoq/210481352
Škoda Karoq 1.5 TSI,669000,56961,2022,Nafta,2.0,TDI,,110,Automatická,,,,Ano,SUV,Style,,PLUS,Odstraněno,Sauto.cz,Ano,https://www.sauto.cz/osobni/detail/skoda/karoq/210484529
Škoda Karoq 1.5 TSI,599900,40208,2022,Benzín,1.5,TSI,,110,Manuální,,,,Ne,SUV,Style,,"ACC, LED",Odstraněno,Sauto.cz,Ano,https://www.sauto.cz/osobni/detail/skoda/karoq/210487205
Škoda Karoq 1.5 TSI,590000,46803,2022,Benzín,1.5,TSI,,110,Manuální,,,,Ne,SUV,Style,,Serv.kniha,Ojeté,Sauto.cz,Ano,
Škoda Karoq 1.5 TSI,720000,5600,2026,Benzín,1.5,TSI,,110,Automatická,,,,Ne,SUV,TOP,,"- , Selectio",Odstraněno,Sauto.cz,Ano,https://www.sauto.cz/osobni/detail/skoda/karoq/210490805
Škoda Karoq 1.5 TSI,704900,22613,2024,Benzín,1.5,TSI,,110,Automatická,,,,Ne,SUV,Style,,7DS,Ojeté,Sauto.cz,Ano,
Škoda Karoq 1.5 TSI,579000,79928,2023,Benzín,1.5,TSI,,110,Automatická,Ano,,,Ne,SUV,Style,,,Ojeté,Sauto.cz,Ano,
Škoda Karoq 1.5 TSI,737700,10,2026,Benzín,1.5,TSI,,110,Manuální,,,,Ne,SUV,,,Classic,Nové,Sauto.cz,Ano,
Škoda Karoq 1.5 TSI,749000,7870,2025,Benzín,1.5,,,110,Automatická,,,,Ne,Kombi,,,KAROQ SEL TS 110 A7F,Ojeté,Sauto.cz,Ano,
Škoda Karoq 1.5 TSI,629990,38255,2024,Benzín,1.5,TSI,,110,Automatická,,,,Ne,SUV,,,Fresh II.,Ojeté,Sauto.cz,Ano,
Škoda Karoq 1.5 TSI,619990,38396,2024,Benzín,1.5,TSI,,110,Manuální,,,,Ne,SUV,,,Fresh II.,Ojeté,Sauto.cz,Ano,
Škoda Karoq 1.5 TSI,619990,40286,2024,Benzín,1.5,TSI,,110,Manuální,,,,Ne,SUV,,,Fresh II.,Ojeté,Sauto.cz,Ano,
Škoda Karoq 1.5 TSI,629990,40629,2024,Benzín,1.5,TSI,,110,Automatická,,,,Ne,SUV,,,Fresh II.,Ojeté,Sauto.cz,Ano,
Škoda Karoq 1.5 TSI,619990,38688,2024,Benzín,1.5,TSI,,110,Manuální,,,,Ne,SUV,,,Fresh II.,Ojeté,Sauto.cz,Ano,
Škoda Karoq 1.5 TSI,670000,26596,2024,Benzín,1.5,TSI,PHEV,110,Automatická,,,,Ne,SUV,,,"Drive, Drive",Ojeté,Sauto.cz,Ano,
Škoda Karoq 1.5 TSI,734900,5400,2025,Benzín,1.5,TSI,,110,Automatická,,,,Ne,SUV,Top Selection,,,Ojeté,Sauto.cz,Ano,
Škoda Karoq 1.5 TSI,650000,23149,2022,Benzín,1.5,TSI,,110,Manuální,,,,Ne,SUV,,,"LED,TZ",Ojeté,Sauto.cz,Ano,
Škoda Karoq 1.5 TSI,619990,40490,2024,Benzín,1.5,TSI,,110,Manuální,,,,Ne,SUV,,,Fresh II.,Ojeté,Sauto.cz,Ano,
Škoda Karoq 1.5 TSI,619990,39036,2024,Benzín,1.5,TSI,,110,Manuální,,,,Ne,SUV,,,Fresh II.,Ojeté,Sauto.cz,Ano,
Škoda Karoq 1.5 TSI,619990,39694,2024,Benzín,1.5,TSI,,110,Manuální,,,,Ne,SUV,,,Fresh II.,Ojeté,Sauto.cz,Ano,
Škoda Karoq 1.5 TSI,619990,38608,2024,Benzín,1.5,TSI,,110,Manuální,,,,Ne,SUV,,,Fresh II.,Ojeté,Sauto.cz,Ano,
Škoda Karoq 1.5 TSI,619990,38358,2024,Benzín,1.5,TSI,,110,Manuální,,,,Ne,SUV,,,Fresh II.,Ojeté,Sauto.cz,Ano,
Škoda Karoq 1.5 TSI,619990,39301,2024,Benzín,1.5,TSI,,110,Manuální,,,,Ne,SUV,,,Fresh II.,Ojeté,Sauto.cz,Ano,
Škoda Karoq 1.5 TSI,669990,32805,2022,Benzín,1.5,TSI,,110,Automatická,,,,Ne,SUV,Sportline,,,Ojeté,Sauto.cz,Ano,
Škoda Karoq 1.5 TSI,659900,53877,2023,Benzín,1.5,TSI,,110,Automatická,Ano,,,Ne,SUV,Sportline,,Tažné z,Ojeté,Sauto.cz,Ano,
Škoda Karoq 1.5 TSI,699000,22220,2023,Nafta,2.0,TDI,,110,Automatická,Ano,,,Ano,SUV,Style,,,Ojeté,Sauto.cz,Ano,
Škoda Karoq 1.5 TSI,630000,37405,2023,Benzín,1.5,TSI,,110,Automatická,Ano,,,Ne,SUV,Sportline,,Plus ACC,Ojeté,Sauto.cz,Ano,
Škoda Karoq 1.5 TSI,649990,38952,2024,Benzín,1.5,TSI,,110,Automatická,,,,Ne,SUV,,,Fresh II.,Ojeté,Sauto.cz,Ano,
Škoda Karoq 1.5 TSI,658900,25625,2025,Benzín,1.5,TSI,,110,Manuální,,,,Ne,SUV,Selection,,,Ojeté,Sauto.cz,Ano,
Škoda Karoq 1.5 TSI,559900,90944,2022,Nafta,2.0,TDI,,110,Automatická,,,,Ne,SUV,Style,,,Ojeté,Sauto.cz,Ano,
Škoda Karoq 1.5 TSI,749000,48503,2024,Benzín,1.5,TSI,,110,Automatická,Ano,,,Ne,SUV,Sportline,,,Ojeté,Sauto.cz,Ano,
Škoda Karoq 1.5 TSI,599900,58916,2023,Nafta,2.0,TDI,,110,Automatická,Ano,,,Ano,SUV,Ambition,,,Ojeté,Sauto.cz,Ano,
Škoda Karoq 1.5 TSI,519900,34606,2022,Benzín,1.5,TSI,,110,Automatická,Ano,,,Ne,SUV,Ambition,,,Ojeté,Sauto.cz,Ano,
Škoda Karoq 1.5 TSI,700000,24421,2025,Benzín,1.5,TSI,PHEV,110,Automatická,,,,Ne,SUV,,,"Drive, Drive",Předváděcí,Sauto.cz,Ano,
Škoda Karoq 1.5 TSI,693000,26870,2025,Benzín,1.5,,,110,Automatická,,,,Ne,Kombi,TOP,,SEL TS 110 A7F,Ojeté,Sauto.cz,Ano,
Škoda Karoq 1.5 TSI,690000,38566,2023,Benzín,1.5,TSI,,110,Automatická,Ano,,,Ne,Kombi,,,Škoda Karoq Sport.,Ojeté,Sauto.cz,Ano,
Škoda Karoq 1.5 TSI,729000,19775,2025,Benzín,1.5,,,110,Automatická,,,,Ne,Kombi,,,SEL TS 110 A7F,Ojeté,Sauto.cz,Ano,
Škoda Karoq 1.5 TSI,564000,55613,2021,Benzín,1.5,TSI,,110,Automatická,Ano,,,Ne,SUV,Style,,PLUS,Ojeté,Sauto.cz,Ano,
Škoda Karoq 1.5 TSI,679900,17558,2025,Benzín,1.5,TSI,,110,Automatická,,,,Ne,SUV,Top Selection,,"1, 7DS",Ojeté,Sauto.cz,Ano,
Škoda Karoq 1.5 TSI,709000,28445,2025,Benzín,1.5,TSI,,110,Automatická,Ano,,,Ne,SUV,Top Selection,,,Ojeté,Sauto.cz,Ano,
Škoda Karoq 1.5 TSI,560000,44210,2024,Benzín,1.5,TSI,,110,Manuální,,,,Ne,SUV,,Ano,"Záruka, ČR,1.maj",Ojeté,Sauto.cz,Ano,
Škoda Karoq 1.5 TSI,668000,24996,2024,Benzín,1.5,TSI,PHEV,110,Manuální,,,,Ne,SUV,,,Drive Extra 6MP,Ojeté,Sauto.cz,Ano,
Škoda Karoq 1.5 TSI,699000,35314,2023,Benzín,1.5,TSI,,110,Automatická,Ano,,,Ne,SUV,Sportline,,,Ojeté,Sauto.cz,Ano,
Škoda Karoq 1.5 TSI,699000,66363,2023,Benzín,1.5,TSI,,110,Manuální,,,,Ne,SUV,Sportline,,6° MP,Ojeté,Sauto.cz,Ano,
"Škoda Kodiaq 1.5 TSI (Gen 2, 5 m.)",648000,57897,2022,Benzín,1.5,TSI,,110,Manuální,,,,Ne,SUV,Style,,Virtual Matrix,Odstraněno,Sauto.cz,Ano,https://www.sauto.cz/osobni/detail/skoda/kodiaq/208521260
"Škoda Kodiaq iV (Gen 2, PHEV)",698000,89439,2022,Nafta,2.0,TDI,,110,Automatická,Ano,,,Ne,SUV,Style,,LED Virtual,Odstraněno,Sauto.cz,Ano,https://www.sauto.cz/osobni/detail/skoda/kodiaq/209207913
"Škoda Kodiaq iV (Gen 2, PHEV)",729900,45682,2023,Nafta,2.0,TDI,,110,Automatická,Ano,,,Ne,SUV,Ambition,,,Odstraněno,Sauto.cz,Ano,https://www.sauto.cz/osobni/detail/skoda/kodiaq/209292663
"Škoda Kodiaq iV (Gen 2, PHEV)",749000,94873,2023,Nafta,2.0,TDI,PHEV,147,Automatická,Ano,,,Ano,SUV,Style,,,Odstraněno,Sauto.cz,Ano,https://www.sauto.cz/osobni/detail/skoda/kodiaq/209552418
"Škoda Kodiaq iV (Gen 2, PHEV)",599000,98140,2023,Nafta,2.0,TDI,,110,Automatická,Ano,,,Ano,SUV,Ambition,,,Ojeté,Sauto.cz,Ano,
"Škoda Kodiaq iV (Gen 2, PHEV)",720000,95290,2021,Nafta,2.0,TDI,,147,Automatická,,,,Ano,SUV,Style,,NOVÁ CENA,Odstraněno,Sauto.cz,Ano,https://www.sauto.cz/osobni/detail/skoda/kodiaq/209886774
"Škoda Kodiaq iV (Gen 2, PHEV)",715000,91919,2021,Nafta,2.0,TDI,,147,Automatická,,,,Ano,SUV,Style,,"Plus, NOVÁ CENA",Ojeté,Sauto.cz,Ano,
"Škoda Kodiaq iV (Gen 2, PHEV)",699888,72715,2022,Nafta,2.0,TDI,,110,Automatická,Ano,,,Ne,SUV,Style,,,Ojeté,Sauto.cz,Ano,
"Škoda Kodiaq iV (Gen 2, PHEV)",744999,99782,2021,Nafta,2.0,TDI,,147,Automatická,Ano,,,Ano,SUV,Scout,,CZ,Ojeté,Sauto.cz,Ano,
"Škoda Kodiaq iV (Gen 2, PHEV)",624999,97831,2021,Nafta,2.0,TDI,,110,Automatická,Ano,,,Ne,SUV,Style,,CZ,Odstraněno,Sauto.cz,Ano,https://www.sauto.cz/osobni/detail/skoda/kodiaq/210186257
"Škoda Kodiaq 1.5 TSI (Gen 2, 5 m.)",670000,60000,2023,Benzín,1.5,,,110,Automatická,,,,Ne,SUV,Sportline,,Automat,Odstraněno,Sauto.cz,Ano,https://www.sauto.cz/osobni/detail/skoda/kodiaq/210243059
"Škoda Kodiaq iV (Gen 2, PHEV)",748000,92662,2021,Nafta,2.0,TDI,,110,Automatická,Ano,,,Ano,SUV,Style,,Pl,Ojeté,Sauto.cz,Ano,
"Škoda Kodiaq iV (Gen 2, PHEV)",718999,97800,2022,Nafta,2.0,TDI,,110,Automatická,Ano,,,Ano,SUV,,,Clever DPH,Ojeté,Sauto.cz,Ano,
"Škoda Kodiaq iV (Gen 2, PHEV)",719990,92571,2023,Nafta,2.0,TDI,,147,Automatická,,,,Ano,SUV,Style,,,Odstraněno,Sauto.cz,Ano,https://www.sauto.cz/osobni/detail/skoda/kodiaq/210281537
"Škoda Kodiaq 1.5 TSI (Gen 2, 5 m.)",749900,49551,2021,Benzín,2.0,TSI,,140,Automatická,Ano,,,Ano,SUV,Style,,Plus,Odstraněno,Sauto.cz,Ano,https://www.sauto.cz/osobni/detail/skoda/kodiaq/210293036
"Škoda Kodiaq iV (Gen 2, PHEV)",649000,69000,2021,Nafta,2.0,TDI,,147,Automatická,,,,Ano,SUV,,,L&K TAŽNÉ CZ!,Odstraněno,Sauto.cz,Ano,https://www.sauto.cz/osobni/detail/skoda/kodiaq/210342923
"Škoda Kodiaq iV (Gen 2, PHEV)",670000,84284,2021,Nafta,2.0,TDI,,147,Automatická,,,,Ano,SUV,,,"Automat, ČR",Odstraněno,Sauto.cz,Ano,https://www.sauto.cz/osobni/detail/skoda/kodiaq/210344861
"Škoda Kodiaq iV (Gen 2, PHEV)",680000,98885,2022,Nafta,2.0,TDI,,110,Automatická,,,,Ne,SUV,,,"Automat, ČR,1.maj",Odstraněno,Sauto.cz,Ano,https://www.sauto.cz/osobni/detail/skoda/kodiaq/210356081
"Škoda Kodiaq 1.5 TSI (Gen 2, 5 m.)",739000,58355,2021,Benzín,2.0,TSI,,140,Automatická,Ano,,,Ano,SUV,Ambition,,,Odstraněno,Sauto.cz,Ano,https://www.sauto.cz/osobni/detail/skoda/kodiaq/210399767
"Škoda Kodiaq iV (Gen 2, PHEV)",704999,70354,2023,Nafta,2.0,TDI,,110,Automatická,,,,Ano,SUV,Ambition,,,Odstraněno,Sauto.cz,Ano,https://www.sauto.cz/osobni/detail/skoda/kodiaq/210418808
"Škoda Kodiaq iV (Gen 2, PHEV)",699000,92155,2022,Nafta,2.0,TDI,,110,Automatická,Ano,,,Ano,SUV,Ambition,,,Odstraněno,Sauto.cz,Ano,https://www.sauto.cz/osobni/detail/skoda/kodiaq/210424331
"Škoda Kodiaq 1.5 TSI (Gen 2, 5 m.)",699000,96665,2022,Benzín,2.0,TSI,,140,Automatická,Ano,,,Ano,SUV,Ambition,,,Odstraněno,Sauto.cz,Ano,https://www.sauto.cz/osobni/detail/skoda/kodiaq/210424337
"Škoda Kodiaq iV (Gen 2, PHEV)",739999,90894,2023,Nafta,2.0,TDI,,110,Automatická,Ano,,,Ano,SUV,Style,,CZ + DPH,Ojeté,Sauto.cz,Ano,
"Škoda Kodiaq iV (Gen 2, PHEV)",739000,86394,2021,Nafta,2.0,TDI,,147,Automatická,Ano,,,Ano,SUV,,,L&K,Ojeté,Sauto.cz,Ano,
"Škoda Kodiaq iV (Gen 2, PHEV)",600000,64254,2021,Nafta,2.0,TDI,,110,Automatická,Ano,,,Ano,SUV,Ambition,,,Odstraněno,Sauto.cz,Ano,https://www.sauto.cz/osobni/detail/skoda/kodiaq/210478295
"Škoda Kodiaq 1.5 TSI (Gen 2, 5 m.)",699000,78751,2021,Nafta,2.0,,,147,Automatická,,,,Ano,Kombi,Scout,,TD 147 A7A,Odstraněno,Sauto.cz,Ano,https://www.sauto.cz/osobni/detail/skoda/kodiaq/210484172
"Škoda Kodiaq 1.5 TSI (Gen 2, 5 m.)",709990,98759,2021,Benzín,2.0,TSI,,140,Automatická,,,,Ano,SUV,Style,,,Odstraněno,Sauto.cz,Ano,https://www.sauto.cz/osobni/detail/skoda/kodiaq/210492584
"Škoda Kodiaq iV (Gen 2, PHEV)",696000,89544,2022,Nafta,2.0,TDI,,110,Automatická,Ano,,,Ano,Kombi,Style,,Plus 1,Ojeté,Sauto.cz,Ano,
"Škoda Kodiaq iV (Gen 2, PHEV)",599900,54000,2021,Nafta,2.0,TDI,,110,Automatická,Ano,,,Ne,SUV,Ambition,,CZ,Ojeté,Sauto.cz,Ano,
"Škoda Kodiaq iV (Gen 2, PHEV)",738000,76769,2023,Nafta,2.0,TDI,,110,Automatická,,,,Ne,SUV,Style,,+*TAŽNÉ*ACC*ČR 1M,Ojeté,Sauto.cz,Ano,
Škoda Octavia Combi 1.5 TSI,729000,19173,2023,Benzín,1.5,TSI,,110,Manuální,,,,Ne,Kombi,Style,,Combi . Pl,Ojeté,Sauto.cz,Ano,
Škoda Octavia Liftback 1.5 TSI,629990,22495,2023,Nafta,2.0,TDI,,110,Automatická,,,,Ne,Liftback,Style,,Plus,Ojeté,Sauto.cz,Ano,
Škoda Octavia Liftback 1.5 TSI,579000,30681,2023,Benzín,1.5,TSI,,110,Manuální,,,,Ne,Liftback,Style,,Plus Navi,Odstraněno,Sauto.cz,Ano,https://www.sauto.cz/osobni/detail/skoda/octavia/206655189
Škoda Octavia Combi iV (PHEV),679000,50836,2023,Nafta,2.0,TDI,,110,Automatická,Ano,,,Ne,Kombi,Style,,Combi ..,Ojeté,Sauto.cz,Ano,
Škoda Octavia Combi iV (PHEV),699990,19019,2022,Nafta,2.0,TDI,,110,Automatická,,,,Ne,Kombi,Sportline,,,Ojeté,Sauto.cz,Ano,
Škoda Octavia Combi iV (PHEV),559989,75000,2023,Nafta,2.0,TDI,,110,Automatická,Ano,,,Ne,Kombi,Style,,Combi P,Odstraněno,Sauto.cz,Ano,https://www.sauto.cz/osobni/detail/skoda/octavia/207007368
Škoda Octavia Combi iV (PHEV),699990,33094,2023,Nafta,2.0,TDI,,110,Automatická,,,,Ne,Kombi,Sportline,,,Ojeté,Sauto.cz,Ano,
Škoda Octavia 4 Lim. Style 1.5 TSI,584900,13235,2023,Nafta,2.0,TDI,,110,Automatická,Ano,,,Ne,Sedan/limuzína,Style,,,Odstraněno,Sauto.cz,Ano,https://www.sauto.cz/osobni/detail/skoda/octavia/207108957
Škoda Octavia 4 Lim. Style 1.5 TSI,679000,34828,2023,Nafta,2.0,TDI,,110,Automatická,Ano,,,Ne,Sedan/limuzína,Style,,...,Ojeté,Sauto.cz,Ano,
Škoda Octavia Liftback 1.5 TSI,524990,17622,2023,Benzín,1.5,TSI,,110,Manuální,,,,Ne,Liftback,Ambition,,Plus,Ojeté,Sauto.cz,Ano,
Škoda Octavia 4 Lim. Style 1.5 TSI,577000,28000,2024,Nafta,2.0,TDI,,110,Automatická,Ano,,,Ne,Sedan/limuzína,Style,,,Odstraněno,Sauto.cz,Ano,https://www.sauto.cz/osobni/detail/skoda/octavia/207213855
Škoda Octavia Combi iV (PHEV),679990,16682,2023,Nafta,2.0,TDI,,110,Automatická,,,,Ne,Kombi,Sportline,,,Ojeté,Sauto.cz,Ano,
Škoda Octavia Combi iV (PHEV),699990,45140,2023,Nafta,2.0,TDI,,110,Automatická,,,,Ne,Kombi,Sportline,,,Ojeté,Sauto.cz,Ano,
Škoda Octavia Combi iV (PHEV),679990,35821,2023,Nafta,2.0,TDI,,110,Automatická,,,,Ne,Kombi,Style,,,Ojeté,Sauto.cz,Ano,
Škoda Octavia Combi iV (PHEV),699990,32733,2022,Nafta,2.0,TDI,,110,Automatická,,,,Ne,Kombi,Sportline,,,Ojeté,Sauto.cz,Ano,
Škoda Octavia Combi iV (PHEV),669990,84613,2021,Nafta,2.0,TDI,,147,Automatická,,,,Ano,Kombi,,,RS,Ojeté,Sauto.cz,Ano,
Škoda Octavia Combi iV (PHEV),629990,30007,2023,Nafta,2.0,TDI,,110,Automatická,,,,Ne,Kombi,Style,,Plus,Ojeté,Sauto.cz,Ano,
Škoda Octavia Combi iV (PHEV),699990,25825,2023,Nafta,2.0,TDI,,110,Automatická,,,,Ne,Kombi,Sportline,,,Ojeté,Sauto.cz,Ano,
Škoda Octavia 4 Lim. Style 1.5 TSI,569990,22184,2023,Benzín,1.5,TSI,,110,Manuální,,,,Ne,Sedan/limuzína,Style,,,Ojeté,Sauto.cz,Ano,
Škoda Octavia 4 Lim. Style 1.5 TSI,569990,22559,2023,Benzín,1.5,TSI,,110,Manuální,,,,Ne,Sedan/limuzína,Style,,,Ojeté,Sauto.cz,Ano,
Škoda Octavia Combi iV (PHEV),699990,39301,2023,Nafta,2.0,TDI,,110,Automatická,,,,Ne,Kombi,Sportline,,,Ojeté,Sauto.cz,Ano,
Škoda Octavia Liftback 1.5 TSI,569000,19891,2023,Benzín,1.5,TSI,,110,Manuální,,,,Ne,Liftback,Ambition,,6MP,Ojeté,Sauto.cz,Ano,
Škoda Octavia Combi iV (PHEV),699990,39282,2023,Nafta,2.0,TDI,,110,Automatická,,,,Ne,Kombi,Sportline,,,Ojeté,Sauto.cz,Ano,
Škoda Octavia Liftback 1.5 TSI,565000,36656,2023,Benzín,1.5,TSI,,110,Manuální,,,,Ne,Liftback,Style,,,Ojeté,Sauto.cz,Ano,
Škoda Octavia Combi iV (PHEV),679990,16211,2023,Nafta,2.0,TDI,,110,Automatická,,,,Ne,Kombi,Style,,,Ojeté,Sauto.cz,Ano,
Škoda Octavia Liftback 1.5 TSI,629990,12131,2023,Nafta,2.0,TDI,,110,Automatická,,,,Ne,Liftback,Style,,,Ojeté,Sauto.cz,Ano,
Škoda Octavia Liftback 1.5 TSI,637000,20690,2023,Benzín,1.5,TSI,,110,Automatická,Ano,,,Ne,Liftback,Style,,PLUS TA,Ojeté,Sauto.cz,Ano,
Škoda Octavia Combi iV (PHEV),659990,25735,2023,Nafta,2.0,TDI,,110,Automatická,,,,Ne,Kombi,Style,,,Ojeté,Sauto.cz,Ano,
Škoda Octavia Combi 1.5 TSI,715990,22000,2024,Benzín,1.5,TSI,,110,Manuální,,,,Ne,Kombi,Style,,Combi MT6,Odstraněno,Sauto.cz,Ano,https://www.sauto.cz/osobni/detail/skoda/octavia/207881824
Škoda Octavia Combi iV (PHEV),599989,58000,2024,Nafta,2.0,TDI,,110,Automatická,Ano,,,Ne,Kombi,Style,,Combi P,Odstraněno,Sauto.cz,Ano,https://www.sauto.cz/osobni/detail/skoda/octavia/207918067
Škoda Octavia Combi iV (PHEV),679990,33278,2023,Nafta,2.0,TDI,,110,Automatická,,,,Ne,Kombi,Sportline,,,Ojeté,Sauto.cz,Ano,
Škoda Octavia 4 Lim. Style 1.5 TSI,599900,725,2023,Nafta,2.0,TDI,,110,Manuální,,,,Ne,Sedan/limuzína,Style,,"ČR,1.MAJ",Odstraněno,Sauto.cz,Ano,https://www.sauto.cz/osobni/detail/skoda/octavia/207964285
Škoda Octavia Liftback 1.5 TSI,740000,9997,2023,Nafta,2.0,TDI,,110,Automatická,Ano,,,Ne,Liftback,Style,,150PS +,Ojeté,Sauto.cz,Ano,
Škoda Octavia Combi iV (PHEV),669990,22085,2023,Nafta,2.0,TDI,,110,Automatická,,,,Ne,Kombi,Style,,,Ojeté,Sauto.cz,Ano,
Škoda Octavia Combi 1.5 TSI,659000,15022,2024,Benzín,1.5,TSI,,110,Manuální,,,,Ne,Kombi,Style,,Combi . .,Ojeté,Sauto.cz,Ano,
Škoda Octavia Combi iV (PHEV),659990,55743,2024,Nafta,2.0,TDI,,110,Automatická,,,,Ne,Kombi,Sportline,,,Ojeté,Sauto.cz,Ano,
Škoda Octavia Combi 1.5 TSI,727700,19028,2024,Benzín,1.5,TSI,,110,Manuální,,,,Ne,Kombi,Style,,Combi Pre,Odstraněno,Sauto.cz,Ano,https://www.sauto.cz/osobni/detail/skoda/octavia/208073360
Škoda Octavia Liftback 1.5 TSI,499990,25000,2021,Benzín,1.5,TSI,,110,Manuální,,,,Ne,Liftback,Style,,+ NEHAVAR ČR,Ojeté,Sauto.cz,Ano,
Škoda Octavia Combi iV (PHEV),679990,20319,2023,Nafta,2.0,TDI,,110,Automatická,,,,Ne,Kombi,Sportline,,,Ojeté,Sauto.cz,Ano,
Škoda Octavia Combi iV (PHEV),659990,31301,2023,Nafta,2.0,TDI,,110,Automatická,,,,Ne,Kombi,Style,,,Ojeté,Sauto.cz,Ano,
Škoda Octavia Combi iV (PHEV),449000,38750,2022,Benzín,1.5,,PHEV,110,Manuální,,,,Ne,Kombi,Ambition,,OCTAVIA COMBI IV PLUS,Odstraněno,Sauto.cz,Ano,https://www.sauto.cz/osobni/detail/skoda/octavia/208135175
Škoda Octavia Combi iV (PHEV),679990,26227,2023,Nafta,2.0,TDI,,110,Automatická,,,,Ne,Kombi,Style,,,Ojeté,Sauto.cz,Ano,
Škoda Octavia Combi 1.5 TSI,682000,23300,2024,Benzín,1.5,TSI,,110,Manuální,,,,Ne,Kombi,Style,,COMBI,Ojeté,Sauto.cz,Ano,
Škoda Octavia Liftback 1.5 TSI,639000,9750,2024,Nafta,2.0,TDI,,110,Automatická,Ano,,,Ne,Liftback,Style,,| | |,Odstraněno,Sauto.cz,Ano,https://www.sauto.cz/osobni/detail/skoda/octavia/208277768
Škoda Octavia Combi iV (PHEV),699990,24709,2024,Nafta,2.0,TDI,,110,Automatická,,,,Ne,Kombi,Style,,,Ojeté,Sauto.cz,Ano,
Škoda Octavia Liftback 1.5 TSI,589900,25546,2023,Nafta,2.0,TDI,,110,Automatická,Ano,,,Ne,Liftback,Style,,"ZÁRUKA,ČR,+",Odstraněno,Sauto.cz,Ano,https://www.sauto.cz/osobni/detail/skoda/octavia/208281314
Škoda Octavia 4 Lim. Style 1.5 TSI,599900,18938,2024,Benzín,1.5,TSI,,110,Manuální,,,,Ne,Sedan/limuzína,Style,,,Odstraněno,Sauto.cz,Ano,https://www.sauto.cz/osobni/detail/skoda/octavia/208282283
Škoda Octavia Liftback 1.5 TSI,729900,390,2024,Benzín,1.5,TSI,,110,Manuální,,,,Ne,Liftback,Sportline,,+TAŽNÉ,Odstraněno,Sauto.cz,Ano,https://www.sauto.cz/osobni/detail/skoda/octavia/208289861
Škoda Octavia Liftback 1.5 TSI,609900,23895,2024,Nafta,2.0,TDI,,110,Automatická,Ano,,,Ne,Liftback,Style,,,Odstraněno,Sauto.cz,Ano,https://www.sauto.cz/osobni/detail/skoda/octavia/208315619
Škoda Octavia Combi 1.5 TSI,580000,19525,2024,Benzín,1.5,TSI,,110,Manuální,,,,Ne,Kombi,Ambition,,,Ojeté,Sauto.cz,Ano,
Škoda Octavia Combi iV (PHEV),679990,17245,2023,Nafta,2.0,TDI,,110,Automatická,,,,Ne,Kombi,Sportline,,,Ojeté,Sauto.cz,Ano,
Škoda Octavia Liftback 1.5 TSI,599000,28868,2024,Nafta,2.0,TDI,,110,Automatická,Ano,,,Ne,Liftback,Style,,,Ojeté,Sauto.cz,Ano,
Škoda Octavia Combi 1.5 TSI,685000,12890,2024,Benzín,1.5,TSI,,110,Manuální,,,,Ne,Kombi,Style,,Combi,Ojeté,Sauto.cz,Ano,
Škoda Octavia 4 Lim. Style 1.5 TSI,669000,35420,2024,Benzín,1.5,TSI,,110,Automatická,,,,Ne,Sedan/limuzína,Style,,M-HEV A7F,Odstraněno,Sauto.cz,Ano,https://www.sauto.cz/osobni/detail/skoda/octavia/208412396
Škoda Octavia Combi iV (PHEV),699000,47830,2024,Nafta,2.0,TDI,,110,Automatická,Ano,,,Ne,Kombi,,,Combi . .,Ojeté,Sauto.cz,Ano,
Škoda Octavia Combi 1.5 TSI,619000,12171,2024,Benzín,1.5,TSI,,110,Manuální,,,,Ne,Kombi,Ambition,,Combi ta,Ojeté,Sauto.cz,Ano,
Škoda Octavia Liftback 1.5 TSI,609000,14147,2024,Benzín,1.5,TSI,,110,Manuální,,,,Ne,Liftback,Style,,Plus,Ojeté,Sauto.cz,Ano,
Škoda Octavia Combi iV (PHEV),699990,15652,2024,Nafta,2.0,TDI,,110,Automatická,,,,Ne,Kombi,Style,,,Ojeté,Sauto.cz,Ano,
Škoda Octavia Combi iV (PHEV),699990,28670,2024,Nafta,2.0,TDI,,110,Automatická,,,,Ne,Kombi,Style,,,Ojeté,Sauto.cz,Ano,
Škoda Octavia Liftback 1.5 TSI,478900,30454,2021,Benzín,1.5,TSI,,110,Automatická,,,,Ne,Liftback,Style,,,Ojeté,Sauto.cz,Ano,
Škoda Octavia Combi 1.5 TSI,518900,57910,2022,Benzín,1.5,TSI,,110,Automatická,,,,Ne,Kombi,Style,,Combi,Ojeté,Sauto.cz,Ano,
Škoda Octavia Combi iV (PHEV),679990,14395,2023,Nafta,2.0,TDI,,110,Automatická,,,,Ne,Kombi,Style,,,Ojeté,Sauto.cz,Ano,
Škoda Octavia Combi iV (PHEV),699990,14140,2024,Nafta,2.0,TDI,,110,Automatická,,,,Ne,Kombi,Style,,,Ojeté,Sauto.cz,Ano,
Škoda Octavia Combi 1.5 TSI,695990,19500,2024,Benzín,1.5,TSI,,110,Manuální,,,,Ne,Kombi,Style,,Combi MT6,Odstraněno,Sauto.cz,Ano,https://www.sauto.cz/osobni/detail/skoda/octavia/208573493
Škoda Octavia 4 Lim. Style 1.5 TSI,679000,62300,2024,Nafta,2.0,TDI,,110,Automatická,,,,Ne,Sedan/limuzína,Style,,A7F Plus,Odstraněno,Sauto.cz,Ano,https://www.sauto.cz/osobni/detail/skoda/octavia/208576583
Škoda Octavia 4 Lim. Style 1.5 TSI,679000,15829,2024,Nafta,2.0,,,110,Automatická,,,,Ne,Sedan/limuzína,,,OCTAVIA STY TD 110 A7F,Odstraněno,Sauto.cz,Ano,https://www.sauto.cz/osobni/detail/skoda/octavia/208605812
Škoda Octavia Combi iV (PHEV),669990,32570,2024,Nafta,2.0,TDI,,110,Automatická,,,,Ne,Kombi,Style,,,Ojeté,Sauto.cz,Ano,
Škoda Octavia Combi iV (PHEV),699990,23424,2024,Nafta,2.0,TDI,,110,Automatická,,,,Ne,Kombi,Style,,,Ojeté,Sauto.cz,Ano,
Škoda Octavia Combi 1.5 TSI,685000,16257,2024,Benzín,1.5,TSI,,110,Manuální,,,,Ne,Kombi,Style,,Combi,Ojeté,Sauto.cz,Ano,
Škoda Octavia Liftback 1.5 TSI,508900,21265,2024,Benzín,1.5,TSI,,110,Manuální,,,,Ne,Hatchback,Ambition,,ZÁRUKA,Ojeté,Sauto.cz,Ano,
Škoda Octavia Liftback 1.5 TSI,629800,14573,2024,Benzín,1.5,TSI,,110,Manuální,,,,Ne,Liftback,Style,,Matrix To,Odstraněno,Sauto.cz,Ano,https://www.sauto.cz/osobni/detail/skoda/octavia/208688045
Škoda Octavia Combi 1.5 TSI,599000,18357,2024,Benzín,1.5,TSI,,110,Manuální,,,,Ne,Kombi,Selection,,Combi,Odstraněno,Sauto.cz,Ano,https://www.sauto.cz/osobni/detail/skoda/octavia/208694108
Škoda Octavia Combi 1.5 TSI,599000,90000,2022,Benzín,2.0,TSI,,140,Automatická,Ano,,,Ano,Kombi,,,+ Tažné,Ojeté,Sauto.cz,Ano,
Škoda Octavia Liftback 1.5 TSI,619000,20350,2024,Benzín,1.5,TSI,,110,Manuální,,,,Ne,Liftback,Top Selection,,,Ojeté,Sauto.cz,Ano,
Škoda Octavia Combi iV (PHEV),679990,18531,2023,Nafta,2.0,TDI,,110,Automatická,,,,Ne,Kombi,Sportline,,,Ojeté,Sauto.cz,Ano,
Škoda Octavia Combi iV (PHEV),719990,24383,2023,Nafta,2.0,TDI,,110,Automatická,,,,Ne,Kombi,Sportline,,,Ojeté,Sauto.cz,Ano,
Škoda Octavia Combi 1.5 TSI,679000,19634,2024,Benzín,1.5,TSI,,110,Manuální,,,,Ne,Kombi,,,Combi .TopSelection,Ojeté,Sauto.cz,Ano,
Škoda Octavia 4 Lim. Style 1.5 TSI,645000,19800,2024,Benzín,1.5,TSI,,110,Manuální,,,,Ne,Sedan/limuzína,Top Selection,,,Ojeté,Sauto.cz,Ano,
Škoda Octavia 4 Lim. Style 1.5 TSI,725000,13336,2024,Nafta,2.0,TDI,,110,Automatická,Ano,,,Ne,Sedan/limuzína,Style,,| | |,Odstraněno,Sauto.cz,Ano,https://www.sauto.cz/osobni/detail/skoda/octavia/208812468
Škoda Octavia Liftback 1.5 TSI,489999,48421,2022,Nafta,2.0,TDI,,110,Manuální,,,,Ne,Liftback,Style,,,Ojeté,Sauto.cz,Ano,
Škoda Octavia Combi iV (PHEV),744990,29500,2024,Nafta,2.0,TDI,,110,Automatická,,,,Ne,Kombi,Top Selection,,Combi 110,Odstraněno,Sauto.cz,Ano,https://www.sauto.cz/osobni/detail/skoda/octavia/208829394
Škoda Octavia Liftback 1.5 TSI,654900,21706,2024,Nafta,2.0,TDI,,110,Automatická,Ano,,,Ne,Liftback,TOP,,Selectio,Odstraněno,Sauto.cz,Ano,https://www.sauto.cz/osobni/detail/skoda/octavia/208844529
Škoda Octavia Liftback 1.5 TSI,518900,16213,2024,Benzín,1.5,TSI,,110,Manuální,,,,Ne,Liftback,Ambition,,,Ojeté,Sauto.cz,Ano,
Škoda Octavia 4 Lim. Style 1.5 TSI,589000,19391,2024,Benzín,1.5,,,110,Manuální,,,,Ne,Sedan/limuzína,,,OCTAVIA AMB TS 110 M6F,Odstraněno,Sauto.cz,Ano,https://www.sauto.cz/osobni/detail/skoda/octavia/208865310
Škoda Octavia Liftback 1.5 TSI,579900,28500,2024,Benzín,1.5,TSI,,110,Manuální,,,,Ne,Liftback,Selection,,,Ojeté,Sauto.cz,Ano,
Škoda Octavia Combi 1.5 TSI,488990,66300,2021,Benzín,1.5,TSI,PHEV,110,Manuální,,,,Ne,Kombi,Style,,"IV , Kessy DPH",Ojeté,Sauto.cz,Ano,
Škoda Octavia Liftback 1.5 TSI,699000,26750,2024,Nafta,2.0,TDI,,110,Automatická,Ano,,,Ne,Liftback,TOP,,SEL,Ojeté,Sauto.cz,Ano,
Škoda Octavia Combi iV (PHEV),689989,47000,2024,Nafta,2.0,TDI,,110,Automatická,,,,Ne,Kombi,Top Selection,,Combi 110,Odstraněno,Sauto.cz,Ano,https://www.sauto.cz/osobni/detail/skoda/octavia/208897281
Škoda Octavia Liftback 1.5 TSI,669000,33614,2024,Benzín,1.5,TSI,,110,Manuální,,,,Ne,Liftback,Style,,,Ojeté,Sauto.cz,Ano,
Škoda Octavia 4 Lim. Style 1.5 TSI,639000,21217,2024,Nafta,2.0,TDI,,110,Automatická,Ano,,,Ne,Sedan/limuzína,Selection,,,Ojeté,Sauto.cz,Ano,
Škoda Octavia Liftback 1.5 TSI,659000,10330,2024,Nafta,2.0,TDI,,110,Automatická,,,,Ne,Liftback,Top Selection,,DS,Ojeté,Sauto.cz,Ano,
Škoda Octavia Liftback 1.5 TSI,749000,15937,2024,Nafta,2.0,TDI,,110,Automatická,Ano,,,Ne,Hatchback,TOP,,SEL,Ojeté,Sauto.cz,Ano,
Škoda Octavia 4 Lim. Style 1.5 TSI,593000,15530,2024,Benzín,1.5,TSI,,110,Manuální,,,,Ne,Sedan/limuzína,Ambition,,,Ojeté,Sauto.cz,Ano,
Škoda Octavia Combi iV (PHEV),729990,20202,2024,Nafta,2.0,TDI,,110,Automatická,,,,Ne,Kombi,Top Selection,,,Ojeté,Sauto.cz,Ano,
Škoda Octavia Combi iV (PHEV),639999,53000,2023,Nafta,2.0,TDI,,147,Automatická,,,,Ne,Kombi,,,RS automat,Odstraněno,Sauto.cz,Ano,https://www.sauto.cz/osobni/detail/skoda/octavia/208995834
Škoda Octavia Liftback 1.5 TSI,630000,21440,2024,Nafta,2.0,TDI,,110,Automatická,Ano,,,Ne,Liftback,Top Selection,,,Odstraněno,Sauto.cz,Ano,https://www.sauto.cz/osobni/detail/skoda/octavia/209000313
Škoda Octavia 4 Lim. Style 1.5 TSI,649000,14800,2024,Benzín,1.5,TSI,,110,Manuální,,,,Ne,Sedan/limuzína,Style,,M6F,Odstraněno,Sauto.cz,Ano,https://www.sauto.cz/osobni/detail/skoda/octavia/209019444
Škoda Octavia Liftback 1.5 TSI,459999,29654,2023,Benzín,1.5,TSI,,110,Manuální,,,,Ne,Liftback,Style,,150PS CZ DPH,Ojeté,Sauto.cz,Ano,
Škoda Octavia Liftback 1.5 TSI,430000,53075,2023,Benzín,1.5,TSI,,110,Manuální,,,,Ne,Liftback,Ambition,,Plus,Ojeté,Sauto.cz,Ano,
Škoda Octavia Liftback 1.5 TSI,457900,90045,2021,Benzín,1.5,TSI,,110,Automatická,Ano,,,Ne,Liftback,Style,,,Ojeté,Sauto.cz,Ano,
Škoda Octavia Liftback 1.5 TSI,729000,9117,2024,Nafta,2.0,TDI,,110,Automatická,Ano,,,Ne,Liftback,TOP,,SEL,Ojeté,Sauto.cz,Ano,
Škoda Octavia Combi iV (PHEV),739000,45829,2024,Nafta,2.0,TDI,,110,Automatická,Ano,,,Ne,Kombi,Top Selection,,Combi 2,Odstraněno,Sauto.cz,Ano,https://www.sauto.cz/osobni/detail/skoda/octavia/209103318
Škoda Octavia Combi 1.5 TSI,659000,20079,2024,Benzín,1.5,TSI,,110,Manuální,,,,Ne,Kombi,Selection,,Combi,Ojeté,Sauto.cz,Ano,
Škoda Octavia Combi iV (PHEV),728900,18864,2024,Nafta,2.0,TDI,PHEV,110,Automatická,,,,Ne,Kombi,Exclusive,,Sel,Odstraněno,Sauto.cz,Ano,https://www.sauto.cz/osobni/detail/skoda/octavia/209124807
Škoda Octavia Combi iV (PHEV),579900,31950,2024,Nafta,2.0,TDI,,110,Manuální,,,,Ne,Kombi,Style,,COMBI,Ojeté,Sauto.cz,Ano,
Škoda Octavia Combi iV (PHEV),679990,36112,2023,Nafta,2.0,TDI,,110,Automatická,,,,Ne,Kombi,Style,,,Ojeté,Sauto.cz,Ano,
Škoda Octavia Liftback 1.5 TSI,729000,26120,2024,Nafta,2.0,TDI,,110,Automatická,,,,Ne,Liftback,,,A7 TopSelection,Odstraněno,Sauto.cz,Ano,https://www.sauto.cz/osobni/detail/skoda/octavia/209128407
Škoda Octavia 4 Lim. Style 1.5 TSI,629000,19347,2024,Benzín,1.5,TSI,,110,Manuální,,,,Ne,Sedan/limuzína,Selection,,.,Ojeté,Sauto.cz,Ano,
Škoda Octavia Liftback 1.5 TSI,673900,9653,2024,Benzín,1.5,TSI,,110,Manuální,,,,Ne,Liftback,,,TOPSelect+MATRIX,Odstraněno,Sauto.cz,Ano,https://www.sauto.cz/osobni/detail/skoda/octavia/209165811
Škoda Octavia Combi iV (PHEV),699000,20764,2024,Nafta,2.0,TDI,,110,Automatická,Ano,,,Ne,Kombi,TOP,,Combi Se,Ojeté,Sauto.cz,Ano,
Škoda Octavia Combi 1.5 TSI,659990,19872,2024,Benzín,1.5,TSI,,110,Manuální,,,,Ne,Kombi,Selection,,,Ojeté,Sauto.cz,Ano,
Škoda Octavia Liftback 1.5 TSI,458900,75740,2022,Benzín,1.5,TSI,,110,Automatická,Ano,,,Ne,Liftback,Style,,- Tažn,Ojeté,Sauto.cz,Ano,
Škoda Octavia Liftback 1.5 TSI,669000,9119,2024,Benzín,1.5,TSI,,110,Manuální,,,,Ne,Liftback,TOP,,M6F Selecti,Odstraněno,Sauto.cz,Ano,https://www.sauto.cz/osobni/detail/skoda/octavia/209225718
Škoda Octavia Liftback 1.5 TSI,694900,28905,2024,Benzín,1.5,TSI,,110,Manuální,,,,Ne,Liftback,,,6M TOPSEL+MATRIX,Odstraněno,Sauto.cz,Ano,https://www.sauto.cz/osobni/detail/skoda/octavia/209232945
Škoda Octavia Combi iV (PHEV),749000,16897,2024,Nafta,2.0,TDI,,110,Automatická,Ano,,,Ne,Kombi,Top Selection,,,Odstraněno,Sauto.cz,Ano,https://www.sauto.cz/osobni/detail/skoda/octavia/209233290
Škoda Octavia Combi iV (PHEV),729990,13055,2024,Nafta,2.0,TDI,,110,Automatická,,,,Ne,Kombi,Top Selection,,,Ojeté,Sauto.cz,Ano,
Škoda Octavia Combi iV (PHEV),658000,18252,2024,Nafta,2.0,TDI,,110,Automatická,Ano,,,Ne,Kombi,Selection,,,Odstraněno,Sauto.cz,Ano,https://www.sauto.cz/osobni/detail/skoda/octavia/209247273
Škoda Octavia Combi 1.5 TSI,715000,5000,2025,Benzín,1.5,TSI,,110,Automatická,Ano,,,Ne,Kombi,,,Combi,Odstraněno,Sauto.cz,Ano,https://www.sauto.cz/osobni/detail/skoda/octavia/209247279
Škoda Octavia 4 Lim. Style 1.5 TSI,569000,14156,2024,Benzín,1.5,TSI,,110,Manuální,,,,Ne,Sedan/limuzína,Selection,,M6F,Odstraněno,Sauto.cz,Ano,https://www.sauto.cz/osobni/detail/skoda/octavia/209252562
Škoda Octavia Liftback 1.5 TSI,609000,29950,2024,Benzín,1.5,TSI,,110,Manuální,,,,Ne,Liftback,Selection,,| | Man,Odstraněno,Sauto.cz,Ano,https://www.sauto.cz/osobni/detail/skoda/octavia/209264223
Škoda Octavia Combi 1.5 TSI,549000,70411,2023,Benzín,1.5,,,110,Automatická,,,,Ne,Kombi,Style,,Octavia M-HEV,Odstraněno,Sauto.cz,Ano,https://www.sauto.cz/osobni/detail/skoda/octavia/209269164
Škoda Octavia Liftback 1.5 TSI,501000,7206,2024,Benzín,1.5,TSI,,110,Manuální,,,,Ne,Liftback,Ambition,,"1.maj,ČR",Odstraněno,Sauto.cz,Ano,https://www.sauto.cz/osobni/detail/skoda/octavia/209273751
Škoda Octavia Combi 1.5 TSI,706000,13820,2024,Benzín,1.5,TSI,,110,Manuální,,,,Ne,Kombi,Top Selection,,Combi 11,Ojeté,Sauto.cz,Ano,
Škoda Octavia Combi 1.5 TSI,729990,13006,2024,Benzín,1.5,TSI,,110,Manuální,,,,Ne,Kombi,Top Selection,,,Ojeté,Sauto.cz,Ano,
Škoda Octavia Liftback 1.5 TSI,659000,18763,2024,Benzín,1.5,TSI,,110,Manuální,,,,Ne,Liftback,Top Selection,,,Odstraněno,Sauto.cz,Ano,https://www.sauto.cz/osobni/detail/skoda/octavia/209303652
Škoda Octavia Liftback 1.5 TSI,609000,29800,2024,Benzín,1.5,TSI,,110,Automatická,,,,Ne,Liftback,Top Selection,,D,Odstraněno,Sauto.cz,Ano,https://www.sauto.cz/osobni/detail/skoda/octavia/209323494
Škoda Octavia Liftback 1.5 TSI,550000,23816,2024,Benzín,1.5,eTSI,MHEV,110,Automatická,,,,Ne,Liftback,Top Selection,,,Odstraněno,Sauto.cz,Ano,https://www.sauto.cz/osobni/detail/skoda/octavia/209333931
Škoda Octavia Combi 1.5 TSI,640000,39774,2024,Benzín,1.5,TSI,MHEV,110,Automatická,,,,Ne,Kombi,Top Selection,,e-tec,Odstraněno,Sauto.cz,Ano,https://www.sauto.cz/osobni/detail/skoda/octavia/209336826
Škoda Octavia Combi iV (PHEV),739000,21039,2024,Nafta,2.0,TDI,,110,Automatická,,,,Ne,Kombi,Top Selection,,DS,Ojeté,Sauto.cz,Ano,
Škoda Octavia Liftback 1.5 TSI,588000,21901,2024,Benzín,1.5,TSI,,110,Manuální,,,,Ne,Liftback,Selection,,,Odstraněno,Sauto.cz,Ano,https://www.sauto.cz/osobni/detail/skoda/octavia/209364285
Škoda Octavia Combi 1.5 TSI,659990,20732,2024,Benzín,1.5,TSI,,110,Manuální,,,,Ne,Kombi,Top Selection,,,Ojeté,Sauto.cz,Ano,
Škoda Octavia Liftback 1.5 TSI,570000,24708,2024,Benzín,1.5,eTSI,MHEV,110,Automatická,,,,Ne,Liftback,Top Selection,,,Odstraněno,Sauto.cz,Ano,https://www.sauto.cz/osobni/detail/skoda/octavia/209381391
Škoda Octavia Liftback 1.5 TSI,684000,19914,2024,Nafta,2.0,TDI,,110,Automatická,Ano,,,Ne,Liftback,Selection,,,Odstraněno,Sauto.cz,Ano,https://www.sauto.cz/osobni/detail/skoda/octavia/209383110
Škoda Octavia Combi 1.5 TSI,599000,9323,2023,Benzín,1.5,TSI,,110,Automatická,,,,Ne,Kombi,Ambition,,PLUS DS,Ojeté,Sauto.cz,Ano,
Škoda Octavia Combi iV (PHEV),589990,56500,2023,Nafta,2.0,TDI,,110,Automatická,Ano,,,Ne,Kombi,Style,,Combi P,Odstraněno,Sauto.cz,Ano,https://www.sauto.cz/osobni/detail/skoda/octavia/209410293
Škoda Octavia Combi 1.5 TSI,640000,30090,2024,Benzín,1.5,TSI,MHEV,110,Automatická,,,,Ne,Kombi,Top Selection,,e-tec,Odstraněno,Sauto.cz,Ano,https://www.sauto.cz/osobni/detail/skoda/octavia/209410956
Škoda Octavia Liftback 1.5 TSI,469900,55520,2022,Benzín,1.5,TSI,,110,Manuální,,,,Ne,Liftback,Ambition,,Plus,Ojeté,Sauto.cz,Ano,
Škoda Octavia Liftback 1.5 TSI,619000,26845,2024,Benzín,1.5,TSI,,110,Manuální,,,,Ne,Liftback,Top Selection,,,Ojeté,Sauto.cz,Ano,
Škoda Octavia Combi 1.5 TSI,675500,29970,2024,Benzín,1.5,TSI,PHEV,110,Manuální,,,,Ne,Kombi,Selection,,IV FL Combi,Odstraněno,Sauto.cz,Ano,https://www.sauto.cz/osobni/detail/skoda/octavia/209420853
Škoda Octavia Liftback 1.5 TSI,499900,73724,2022,Benzín,1.5,TSI,,110,Manuální,,,,Ne,Liftback,Style,,Plus Navi T,Ojeté,Sauto.cz,Ano,
Škoda Octavia Liftback 1.5 TSI,569000,19986,2024,Benzín,1.5,TSI,,110,Manuální,,,,Ne,Liftback,Top Selection,,,Ojeté,Sauto.cz,Ano,
Škoda Octavia Combi iV (PHEV),650000,30106,2024,Nafta,2.0,TDI,,110,Automatická,,,,Ne,Kombi,Top Selection,,,Ojeté,Sauto.cz,Ano,
Škoda Octavia Liftback 1.5 TSI,649000,24229,2024,Benzín,1.5,TSI,,110,Manuální,,,,Ne,Liftback,Selection,,6° MP,Odstraněno,Sauto.cz,Ano,https://www.sauto.cz/osobni/detail/skoda/octavia/209475006
Škoda Octavia 4 Lim. Style 1.5 TSI,609000,19429,2024,Nafta,2.0,TDI,,110,Automatická,Ano,,,Ne,Sedan/limuzína,Selection,,,Ojeté,Sauto.cz,Ano,
Škoda Octavia 4 Lim. Style 1.5 TSI,699000,24432,2024,Benzín,1.5,TSI,,110,Manuální,,,,Ne,Sedan/limuzína,Top Selection,,.,Ojeté,Sauto.cz,Ano,
Škoda Octavia Combi iV (PHEV),709900,66550,2023,Nafta,2.0,TDI,,147,Automatická,Ano,,,Ne,Kombi,,,RS,Odstraněno,Sauto.cz,Ano,https://www.sauto.cz/osobni/detail/skoda/octavia/209517915
Škoda Octavia Combi 1.5 TSI,640000,31377,2024,Benzín,1.5,TSI,MHEV,110,Automatická,,,,Ne,Kombi,Top Selection,,e-tec,Odstraněno,Sauto.cz,Ano,https://www.sauto.cz/osobni/detail/skoda/octavia/209518932
Škoda Octavia Combi iV (PHEV),749990,37146,2024,Nafta,2.0,TDI,,110,Automatická,,,,Ne,Kombi,Top Selection,,,Ojeté,Sauto.cz,Ano,
Škoda Octavia 4 Lim. Style 1.5 TSI,709000,14492,2024,Nafta,2.0,TDI,,110,Automatická,,,,Ne,Sedan/limuzína,Top Selection,,,Ojeté,Sauto.cz,Ano,
Škoda Octavia Combi 1.5 TSI,624000,27945,2025,Benzín,1.5,TSI,,110,Manuální,,,,Ne,Kombi,Selection,,Combi,Odstraněno,Sauto.cz,Ano,https://www.sauto.cz/osobni/detail/skoda/octavia/209544678
Škoda Octavia Combi 1.5 TSI,599990,27329,2024,Benzín,1.5,TSI,,110,Manuální,,,,Ne,Kombi,Style,,,Ojeté,Sauto.cz,Ano,
Škoda Octavia Combi iV (PHEV),719990,32900,2025,Nafta,2.0,TDI,,110,Automatická,,,,Ne,Kombi,Top Selection,,Combi 110,Odstraněno,Sauto.cz,Ano,https://www.sauto.cz/osobni/detail/skoda/octavia/209557596
Škoda Octavia Liftback 1.5 TSI,679000,20361,2024,Benzín,1.5,,,110,Manuální,,,,Ne,Liftback,,,OCTAVIA STY TS 110 M6F,Odstraněno,Sauto.cz,Ano,https://www.sauto.cz/osobni/detail/skoda/octavia/209566380
Škoda Octavia Combi 1.5 TSI,599990,13662,2024,Benzín,1.5,TSI,,110,Manuální,,,,Ne,Kombi,Style,,,Ojeté,Sauto.cz,Ano,
Škoda Octavia Combi 1.5 TSI,518900,93922,2021,Benzín,1.5,TSI,,110,Automatická,Ano,,,Ne,Kombi,Style,,Combi,Ojeté,Sauto.cz,Ano,
Škoda Octavia Liftback 1.5 TSI,548000,18535,2024,Benzín,1.5,TSI,,110,Manuální,,,,Ne,Liftback,Selection,,,Odstraněno,Sauto.cz,Ano,https://www.sauto.cz/osobni/detail/skoda/octavia/209589108
Škoda Octavia Liftback 1.5 TSI,728700,18089,2024,Benzín,1.5,TSI,,110,Manuální,,,,Ne,Liftback,Top Selection,,,Ojeté,Sauto.cz,Ano,
Škoda Octavia Combi 1.5 TSI,739990,23233,2023,Benzín,1.5,TSI,,110,Automatická,,,,Ne,Kombi,Style,,,Ojeté,Sauto.cz,Ano,
Škoda Octavia Combi 1.5 TSI,739990,29944,2023,Benzín,1.5,TSI,,110,Automatická,,,,Ne,Kombi,Style,,,Ojeté,Sauto.cz,Ano,
Škoda Octavia Combi iV (PHEV),474000,94215,2022,Nafta,2.0,TDI,,110,Automatická,Ano,,,Ne,Kombi,Style,Ano,Záruka,Ojeté,Sauto.cz,Ano,
Škoda Octavia Liftback 1.5 TSI,565000,29910,2024,Benzín,1.5,TSI,,110,Manuální,,,,Ne,Liftback,Top Selection,,,Odstraněno,Sauto.cz,Ano,https://www.sauto.cz/osobni/detail/skoda/octavia/209624652
Škoda Octavia Combi 1.5 TSI,729990,10595,2024,Benzín,1.5,TSI,,110,Manuální,,,,Ne,Kombi,Top Selection,,,Ojeté,Sauto.cz,Ano,
Škoda Octavia Combi iV (PHEV),539000,52956,2022,Nafta,2.0,TDI,,110,Manuální,,,,Ne,Kombi,Style,,Plus combi,Ojeté,Sauto.cz,Ano,
Škoda Octavia Combi iV (PHEV),639900,10853,2024,Nafta,2.0,TDI,,110,Automatická,Ano,,,Ne,Kombi,Style,,combi,Ojeté,Sauto.cz,Ano,
Škoda Octavia Combi 1.5 TSI,668000,19880,2024,Benzín,1.5,TSI,,110,Manuální,,,,Ne,Kombi,Top Selection,,,Ojeté,Sauto.cz,Ano,
Škoda Octavia Liftback 1.5 TSI,679000,18340,2024,Benzín,1.5,TSI,,110,Manuální,,,,Ne,Liftback,Top Selection,,M6,Ojeté,Sauto.cz,Ano,
Škoda Octavia Combi iV (PHEV),699990,42264,2023,Nafta,2.0,TDI,,110,Manuální,,,,Ne,Kombi,Style,,,Ojeté,Sauto.cz,Ano,
Škoda Octavia Combi 1.5 TSI,649000,22706,2024,Benzín,1.5,,,110,Manuální,,,,Ne,Kombi,Top Selection,,OCT.COMBI TS,Odstraněno,Sauto.cz,Ano,https://www.sauto.cz/osobni/detail/skoda/octavia/209688909
Škoda Octavia Combi 1.5 TSI,749990,28888,2024,Benzín,1.5,TSI,,110,Manuální,,,,Ne,Kombi,Top Selection,,,Ojeté,Sauto.cz,Ano,
Škoda Octavia Combi 1.5 TSI,699900,26482,2024,Benzín,1.5,TSI,,110,Manuální,,,,Ne,Kombi,Top Selection,,COMBI 11,Odstraněno,Sauto.cz,Ano,https://www.sauto.cz/osobni/detail/skoda/octavia/209696679
Škoda Octavia Combi 1.5 TSI,529900,81953,2023,Benzín,1.5,TSI,,110,Manuální,,,,Ne,Kombi,Style,,,Odstraněno,Sauto.cz,Ano,https://www.sauto.cz/osobni/detail/skoda/octavia/209700087
Škoda Octavia Liftback 1.5 TSI,659900,26699,2025,Nafta,2.0,TDI,,110,Automatická,Ano,,,Ne,Liftback,Top Selection,,110,Odstraněno,Sauto.cz,Ano,https://www.sauto.cz/osobni/detail/skoda/octavia/209706261
Škoda Octavia Liftback 1.5 TSI,554900,21475,2024,Benzín,1.5,TSI,,110,Manuální,,,,Ne,Liftback,Selection,,,Ojeté,Sauto.cz,Ano,
Škoda Octavia Liftback 1.5 TSI,579989,15900,2025,Benzín,1.5,TSI,,110,Manuální,,,,Ne,Liftback,Selection,,110,Odstraněno,Sauto.cz,Ano,https://www.sauto.cz/osobni/detail/skoda/octavia/209738526
Škoda Octavia Liftback 1.5 TSI,589000,74980,2022,Benzín,2.0,TSI,,140,Automatická,,,,Ano,Liftback,Style,,Plus D,Ojeté,Sauto.cz,Ano,
Škoda Octavia Combi 1.5 TSI,729000,19781,2024,Benzín,1.5,TSI,,110,Manuální,,,,Ne,Kombi,TOP,,Combi . Selec,Ojeté,Sauto.cz,Ano,
Škoda Octavia Combi 1.5 TSI,599900,100000,2021,Nafta,2.0,,,147,Automatická,Ano,,,Ne,Kombi,,,"RS, ,HEAD-UP,CANTON",Odstraněno,Sauto.cz,Ano,https://www.sauto.cz/osobni/detail/skoda/octavia/209744082
Škoda Octavia Liftback 1.5 TSI,715000,20860,2024,Benzín,1.5,TSI,,110,Automatická,Ano,,,Ne,Liftback,Sportline,,,Odstraněno,Sauto.cz,Ano,https://www.sauto.cz/osobni/detail/skoda/octavia/209754270
Škoda Octavia Liftback 1.5 TSI,599900,17525,2024,Benzín,1.5,TSI,PHEV,110,Manuální,,,,Ne,Liftback,Selection,,IV FL,Odstraněno,Sauto.cz,Ano,https://www.sauto.cz/osobni/detail/skoda/octavia/209765535
Škoda Octavia Combi iV (PHEV),656000,73705,2023,Nafta,2.0,TDI,,110,Automatická,Ano,,,Ano,Kombi,Scout,,,Ojeté,Sauto.cz,Ano,
Škoda Octavia Liftback 1.5 TSI,550000,45633,2024,Benzín,1.5,eTSI,MHEV,110,Automatická,,,,Ne,Liftback,Style,Ano,Záruka,Odstraněno,Sauto.cz,Ano,https://www.sauto.cz/osobni/detail/skoda/octavia/209774253
Škoda Octavia Combi 1.5 TSI,599990,19732,2024,Benzín,1.5,TSI,,110,Manuální,,,,Ne,Kombi,Style,,,Ojeté,Sauto.cz,Ano,
Škoda Octavia Combi iV (PHEV),580000,97856,2021,Nafta,2.0,TDI,,147,Automatická,,,,Ano,Kombi,Scout,,NOVÁ CENA,Odstraněno,Sauto.cz,Ano,https://www.sauto.cz/osobni/detail/skoda/octavia/209789739
Škoda Octavia Combi iV (PHEV),749000,22420,2024,Nafta,2.0,TDI,,110,Automatická,,,,Ne,Kombi,,,First Edition Ultimate,Ojeté,Sauto.cz,Ano,
Škoda Octavia Liftback 1.5 TSI,544999,37098,2023,Benzín,1.5,TSI,,110,Manuální,,,,Ne,Liftback,Style,,,Ojeté,Sauto.cz,Ano,
Škoda Octavia Combi iV (PHEV),650000,40826,2022,Nafta,2.0,TDI,,110,Automatická,,,,Ano,Kombi,Scout,,NOVÁ CENA,Odstraněno,Sauto.cz,Ano,https://www.sauto.cz/osobni/detail/skoda/octavia/209817897
Škoda Octavia 4 Lim. Style 1.5 TSI,749000,22334,2024,Nafta,2.0,TDI,,110,Automatická,Ano,,,Ne,Sedan/limuzína,Top Selection,,110,Odstraněno,Sauto.cz,Ano,https://www.sauto.cz/osobni/detail/skoda/octavia/209825613
Škoda Octavia Liftback 1.5 TSI,665000,19620,2025,Nafta,2.0,TDI,,110,Automatická,Ano,,,Ne,Liftback,Top Selection,,,Odstraněno,Sauto.cz,Ano,https://www.sauto.cz/osobni/detail/skoda/octavia/209826153
Škoda Octavia Combi iV (PHEV),699990,43900,2025,Nafta,2.0,TDI,,110,Automatická,,,,Ne,Kombi,Top Selection,,Combi 110,Odstraněno,Sauto.cz,Ano,https://www.sauto.cz/osobni/detail/skoda/octavia/209826831
Škoda Octavia Liftback 1.5 TSI,679000,27315,2025,Nafta,2.0,TDI,,110,Automatická,Ano,,,Ne,Liftback,Top Selection,,,Odstraněno,Sauto.cz,Ano,https://www.sauto.cz/osobni/detail/skoda/octavia/209841585
Škoda Octavia Combi iV (PHEV),630000,90375,2022,Nafta,2.0,TDI,,147,Automatická,,,,Ne,Kombi,,,"RS , NOVÁ CENA, Automat",Ojeté,Sauto.cz,Ano,
Škoda Octavia Liftback 1.5 TSI,550000,18006,2024,Benzín,1.5,TSI,,110,Manuální,,,,Ne,Liftback,Selection,Ano,Záruka,Ojeté,Sauto.cz,Ano,
Škoda Octavia Combi 1.5 TSI,432000,95954,2022,Benzín,1.5,TSI,,110,Manuální,,,,Ne,Kombi,,,Combi,Ojeté,Sauto.cz,Ano,
Škoda Octavia 4 Lim. Style 1.5 TSI,549000,48318,2024,Benzín,1.5,TSI,,110,Manuální,,,,Ne,Sedan/limuzína,Selection,,6MP,Odstraněno,Sauto.cz,Ano,https://www.sauto.cz/osobni/detail/skoda/octavia/209877309
Škoda Octavia Combi iV (PHEV),664000,87100,2022,Nafta,2.0,TDI,,147,Automatická,Ano,,,Ano,Kombi,,,Combi Sco,Odstraněno,Sauto.cz,Ano,https://www.sauto.cz/osobni/detail/skoda/octavia/209877888
Škoda Octavia 4 Lim. Style 1.5 TSI,642000,91875,2023,Nafta,2.0,TDI,,147,Automatická,Ano,,,Ne,Sedan/limuzína,,,RS Sedan,Ojeté,Sauto.cz,Ano,
Škoda Octavia Combi iV (PHEV),719900,39805,2025,Nafta,2.0,TDI,,110,Automatická,Ano,,,Ne,Kombi,TOP,,Select,Odstraněno,Sauto.cz,Ano,https://www.sauto.cz/osobni/detail/skoda/octavia/209885529
Škoda Octavia 4 Lim. Style 1.5 TSI,729000,17786,2024,Benzín,1.5,TSI,MHEV,110,Manuální,Ano,,,Ne,Sedan/limuzína,,,e-TEC Sportl,Odstraněno,Sauto.cz,Ano,https://www.sauto.cz/osobni/detail/skoda/octavia/209887287
Škoda Octavia Combi 1.5 TSI,464000,19277,2021,Benzín,1.5,TSI,,110,Manuální,,,,Ne,Kombi,,,Combi ALU 16'',Ojeté,Sauto.cz,Ano,
Škoda Octavia 4 Lim. Style 1.5 TSI,438000,34306,2022,Benzín,1.5,TSI,,110,Manuální,,,,Ne,Sedan/limuzína,Ambition,,,Ojeté,Sauto.cz,Ano,
Škoda Octavia Liftback 1.5 TSI,629000,52055,2024,Nafta,2.0,TDI,,110,Automatická,,,,Ne,Liftback,Top Selection,,,Ojeté,Sauto.cz,Ano,
Škoda Octavia Combi iV (PHEV),489000,49301,2021,Nafta,2.0,TDI,,110,Automatická,Ano,,,Ne,Kombi,Style,,,Ojeté,Sauto.cz,Ano,
Škoda Octavia Combi iV (PHEV),609000,71411,2023,Nafta,2.0,TDI,,110,Automatická,Ano,,,Ne,Kombi,Sportline,,,Ojeté,Sauto.cz,Ano,
Škoda Octavia Liftback 1.5 TSI,654999,86693,2021,Benzín,2.0,TSI,,180,Automatická,Ano,,,Ne,Liftback,,,RS CZ,Ojeté,Sauto.cz,Ano,
Škoda Octavia Combi iV (PHEV),715000,74737,2024,Nafta,2.0,TDI,,147,Automatická,,,,Ano,Kombi,,,"RS , NOVÁ CENA",Odstraněno,Sauto.cz,Ano,https://www.sauto.cz/osobni/detail/skoda/octavia/209919627
Škoda Octavia Combi iV (PHEV),686000,66905,2023,Nafta,2.0,TDI,,147,Automatická,Ano,,,Ne,Kombi,,,RS Webasto,Ojeté,Sauto.cz,Ano,
Škoda Octavia 4 Lim. Style 1.5 TSI,695000,8300,2025,Nafta,2.0,TDI,,110,Automatická,Ano,,,Ne,Sedan/limuzína,,,SELECT,Ojeté,Sauto.cz,Ano,
Škoda Octavia Combi iV (PHEV),418800,99200,2021,Nafta,2.0,TDI,,110,Automatická,Ano,,,Ne,Kombi,Style,,ČR NOVÉ,Ojeté,Sauto.cz,Ano,
Škoda Octavia Liftback 1.5 TSI,639000,39377,2024,Nafta,2.0,TDI,,110,Automatická,,,,Ne,Liftback,Top Selection,,,Ojeté,Sauto.cz,Ano,
Škoda Octavia Liftback 1.5 TSI,599900,25792,2024,Benzín,1.5,TSI,,110,Manuální,,,,Ne,Liftback,Selection,,TAŽNÉ,Ojeté,Sauto.cz,Ano,
Škoda Octavia Combi 1.5 TSI,452000,85374,2022,Benzín,1.5,TSI,,110,Manuální,,,,Ne,Kombi,,,Combi Manual,Ojeté,Sauto.cz,Ano,
Škoda Octavia Combi 1.5 TSI,718999,56300,2022,Benzín,2.0,TSI,,180,Automatická,Ano,,,Ne,Kombi,,,RS Matrix DP,Ojeté,Sauto.cz,Ano,
Škoda Octavia Liftback 1.5 TSI,479000,49736,2022,Nafta,2.0,TDI,,110,Automatická,Ano,,,Ne,Liftback,Style,,,Ojeté,Sauto.cz,Ano,
Škoda Octavia 4 Lim. Style 1.5 TSI,499000,57385,2022,Benzín,2.0,TSI,,140,Automatická,,,,Ano,Sedan/limuzína,Style,,Plus,Odstraněno,Sauto.cz,Ano,https://www.sauto.cz/osobni/detail/skoda/octavia/209972718
Škoda Octavia Combi iV (PHEV),424900,86926,2022,Nafta,2.0,TDI,,110,,Ano,,,Ne,Kombi,Style,,,Ojeté,Sauto.cz,Ano,
Škoda Octavia Liftback 1.5 TSI,431000,88794,2023,Benzín,1.5,TSI,,110,Manuální,,,,Ne,Liftback,Style,,"LED,navi",Odstraněno,Sauto.cz,Ano,https://www.sauto.cz/osobni/detail/skoda/octavia/209980170
Škoda Octavia Combi iV (PHEV),499888,91828,2022,Nafta,2.0,TDI,,110,Automatická,,,,Ne,Kombi,Style,,Combi Plus,Ojeté,Sauto.cz,Ano,
Škoda Octavia Liftback 1.5 TSI,460000,69062,2021,Nafta,2.0,TDI,,110,Automatická,,,,Ne,Liftback,Style,Ano,Záruka,Odstraněno,Sauto.cz,Ano,https://www.sauto.cz/osobni/detail/skoda/octavia/209982249
Škoda Octavia Combi iV (PHEV),597999,50000,2022,Nafta,2.0,TDI,,110,Automatická,Ano,,,Ne,Kombi,,,combi -SPORT,Ojeté,Sauto.cz,Ano,
Škoda Octavia Liftback 1.5 TSI,509900,52595,2022,Benzín,1.5,TSI,,110,Manuální,,,,Ne,Liftback,Style,,,Odstraněno,Sauto.cz,Ano,https://www.sauto.cz/osobni/detail/skoda/octavia/209990499
Škoda Octavia Combi 1.5 TSI,399000,95900,2022,Benzín,1.5,TSI,,110,Manuální,,,,Ne,Kombi,Ambition,,,Ojeté,Sauto.cz,Ano,
Škoda Octavia Liftback 1.5 TSI,398000,99800,2022,Nafta,2.0,TDI,,110,Manuální,,,,Ne,Liftback,Style,,"ČR, DPH",Ojeté,Sauto.cz,Ano,
Škoda Octavia Combi 1.5 TSI,679000,18481,2025,Benzín,1.5,TSI,MHEV,110,Automatická,Ano,,,Ne,Kombi,,,Combi e-TEC,Ojeté,Sauto.cz,Ano,
Škoda Octavia 4 Lim. Style 1.5 TSI,611000,25041,2024,Benzín,1.5,TSI,MHEV,110,Automatická,Ano,,,Ne,Sedan/limuzína,,,e-TEC ALU,Ojeté,Sauto.cz,Ano,
Škoda Octavia Combi 1.5 TSI,649900,36646,2025,Benzín,1.5,TSI,,110,Manuální,,,,Ne,Kombi,Top Selection,,COMBI 11,Odstraněno,Sauto.cz,Ano,https://www.sauto.cz/osobni/detail/skoda/octavia/210009381
Škoda Octavia Combi 1.5 TSI,470000,57689,2022,Benzín,1.5,TSI,,110,Manuální,,,,Ne,Kombi,Style,,Serv.kniha,Odstraněno,Sauto.cz,Ano,https://www.sauto.cz/osobni/detail/skoda/octavia/210023448
Škoda Octavia 4 Lim. Style 1.5 TSI,438000,49998,2021,Benzín,1.5,TSI,,110,Manuální,,,,Ne,Sedan/limuzína,Ambition,,,Ojeté,Sauto.cz,Ano,
Škoda Octavia 4 Lim. Style 1.5 TSI,749000,32285,2024,Nafta,2.0,TDI,,110,Automatická,Ano,,,Ne,Sedan/limuzína,Top Selection,,11,Odstraněno,Sauto.cz,Ano,https://www.sauto.cz/osobni/detail/skoda/octavia/210033183
Škoda Octavia Combi iV (PHEV),699990,53300,2025,Nafta,2.0,TDI,,110,Automatická,,,,Ne,Kombi,Top Selection,,Combi 110,Odstraněno,Sauto.cz,Ano,https://www.sauto.cz/osobni/detail/skoda/octavia/210034425
Škoda Octavia Liftback 1.5 TSI,449000,97324,2023,Benzín,1.5,TSI,MHEV,110,Automatická,Ano,,,Ne,Liftback,Ambition,,E-Tec,Ojeté,Sauto.cz,Ano,
Škoda Octavia Combi iV (PHEV),749989,25000,2025,Nafta,2.0,TDI,,110,Automatická,,,,Ne,Kombi,Top Selection,,Combi 110,Odstraněno,Sauto.cz,Ano,https://www.sauto.cz/osobni/detail/skoda/octavia/210041466
Škoda Octavia Combi iV (PHEV),729989,42000,2025,Nafta,2.0,TDI,,110,Automatická,,,,Ne,Kombi,Top Selection,,Combi 110,Odstraněno,Sauto.cz,Ano,https://www.sauto.cz/osobni/detail/skoda/octavia/210041469
Škoda Octavia Combi 1.5 TSI,699000,29970,2025,Benzín,1.5,TSI,,110,Manuální,,,,Ne,Kombi,TOP,,Combi Selecti,Odstraněno,Sauto.cz,Ano,https://www.sauto.cz/osobni/detail/skoda/octavia/210048111
Škoda Octavia Liftback 1.5 TSI,717000,16535,2025,Benzín,1.5,TSI,,110,Automatická,Ano,,,Ne,Liftback,Top Selection,,,Odstraněno,Sauto.cz,Ano,https://www.sauto.cz/osobni/detail/skoda/octavia/210048138
Škoda Octavia Liftback 1.5 TSI,585000,21480,2025,Benzín,1.5,TSI,,110,Manuální,,,,Ne,Liftback,Selection,,,Odstraněno,Sauto.cz,Ano,https://www.sauto.cz/osobni/detail/skoda/octavia/210050736
Škoda Octavia Combi iV (PHEV),699000,49999,2025,Nafta,2.0,TDI,,110,Automatická,,,,Ne,Kombi,Selection,,,Ojeté,Sauto.cz,Ano,
Škoda Octavia Combi iV (PHEV),536000,54775,2021,Nafta,2.0,TDI,,110,Automatická,Ano,,,Ne,Kombi,Style,,Combi,Ojeté,Sauto.cz,Ano,
Škoda Octavia 4 Lim. Style 1.5 TSI,422000,90972,2022,Benzín,1.5,TSI,,110,Manuální,,,,Ne,Sedan/limuzína,Ambition,,,Ojeté,Sauto.cz,Ano,
Škoda Octavia Liftback 1.5 TSI,580000,11938,2024,Nafta,2.0,TDI,,110,Automatická,Ano,,,Ne,Liftback,Style,,1.maj,Ojeté,Sauto.cz,Ano,
Škoda Octavia Liftback 1.5 TSI,689900,33900,2023,Nafta,2.0,TDI,,110,Automatická,Ano,,,Ne,Liftback,Style,,+TAŽNÉ+MATR,Odstraněno,Sauto.cz,Ano,https://www.sauto.cz/osobni/detail/skoda/octavia/210075497
Škoda Octavia Liftback 1.5 TSI,628000,18230,2025,Benzín,1.5,TSI,,110,Manuální,,,,Ne,Liftback,Top Selection,,,Odstraněno,Sauto.cz,Ano,https://www.sauto.cz/osobni/detail/skoda/octavia/210076268
Škoda Octavia Liftback 1.5 TSI,699900,20500,2025,Benzín,1.5,TSI,,110,Manuální,,,,Ne,Liftback,Top Selection,,6M,Odstraněno,Sauto.cz,Ano,https://www.sauto.cz/osobni/detail/skoda/octavia/210079520
Škoda Octavia Combi iV (PHEV),749000,27346,2025,Nafta,2.0,TDI,,110,Automatická,Ano,,,Ne,Kombi,TOP,,Combi .. Se,Ojeté,Sauto.cz,Ano,
Škoda Octavia Liftback 1.5 TSI,626780,25961,2024,Benzín,1.5,TSI,,110,Manuální,,,,Ne,Liftback,Top Selection,,,Odstraněno,Sauto.cz,Ano,https://www.sauto.cz/osobni/detail/skoda/octavia/210083705
Škoda Octavia Combi 1.5 TSI,749000,17205,2025,Benzín,1.5,TSI,PHEV,110,Manuální,,,,Ne,Kombi,Exclusive,,Combi,Odstraněno,Sauto.cz,Ano,https://www.sauto.cz/osobni/detail/skoda/octavia/210083843
Škoda Octavia Liftback 1.5 TSI,659000,20150,2025,Benzín,1.5,TSI,,110,Manuální,,,,Ne,Liftback,Top Selection,,|,Odstraněno,Sauto.cz,Ano,https://www.sauto.cz/osobni/detail/skoda/octavia/210090692
Škoda Octavia Liftback 1.5 TSI,540000,39298,2023,Benzín,1.5,TSI,MHEV,110,Automatická,,,,Ne,Liftback,Style,,e-tec,Odstraněno,Sauto.cz,Ano,https://www.sauto.cz/osobni/detail/skoda/octavia/210091358
Škoda Octavia Combi iV (PHEV),519090,16132,2021,Nafta,2.0,TDI,,110,Automatická,Ano,,,Ne,Kombi,Ambition,,DPH,Odstraněno,Sauto.cz,Ano,https://www.sauto.cz/osobni/detail/skoda/octavia/210094133
Škoda Octavia Combi iV (PHEV),550000,47832,2023,Nafta,2.0,TDI,,110,Automatická,,,,Ne,Kombi,Style,,NOVÁ CENA,Ojeté,Sauto.cz,Ano,
Škoda Octavia Combi iV (PHEV),588999,38940,2022,Nafta,2.0,TDI,,110,Automatická,Ano,,,Ne,Kombi,Style,,DPH CZ,Ojeté,Sauto.cz,Ano,
Škoda Octavia Liftback 1.5 TSI,500000,79388,2022,Benzín,2.0,TSI,,140,Automatická,,,,Ano,Liftback,Style,,Automat,Odstraněno,Sauto.cz,Ano,https://www.sauto.cz/osobni/detail/skoda/octavia/210104003
Škoda Octavia Liftback 1.5 TSI,559999,22822,2023,Nafta,2.0,TDI,,110,Manuální,,,,Ne,Liftback,Style,,CZ DPH,Ojeté,Sauto.cz,Ano,
Škoda Octavia Liftback 1.5 TSI,618998,52572,2023,Nafta,2.0,TDI,,110,Automatická,Ano,,,Ne,Liftback,Style,,DPH CZ,Ojeté,Sauto.cz,Ano,
Škoda Octavia Combi iV (PHEV),629999,29289,2024,Nafta,2.0,TDI,,110,Automatická,Ano,,,Ne,Kombi,Style,,Combi,Ojeté,Sauto.cz,Ano,
Škoda Octavia Combi 1.5 TSI,519999,47732,2022,Benzín,1.5,TSI,,110,Automatická,Ano,,,Ne,Kombi,,,Combi Ambiti,Ojeté,Sauto.cz,Ano,
Škoda Octavia Combi iV (PHEV),599000,93316,2021,Nafta,2.0,TDI,,147,Automatická,Ano,,,Ano,Kombi,Scout,,,Ojeté,Sauto.cz,Ano,
Škoda Octavia Liftback 1.5 TSI,679000,17400,2025,Nafta,2.0,TDI,,110,Automatická,Ano,,,Ne,Liftback,Top Selection,,,Odstraněno,Sauto.cz,Ano,https://www.sauto.cz/osobni/detail/skoda/octavia/210105878
Škoda Octavia Liftback 1.5 TSI,520000,21289,2022,Benzín,1.5,TSI,MHEV,110,Automatická,,,,Ne,Liftback,Style,,e-tec,Odstraněno,Sauto.cz,Ano,https://www.sauto.cz/osobni/detail/skoda/octavia/210120500
Škoda Octavia Combi iV (PHEV),665500,23295,2023,Nafta,2.0,TDI,,110,Automatická,,,,Ne,Kombi,,,Combi A7F Sport,Odstraněno,Sauto.cz,Ano,https://www.sauto.cz/osobni/detail/skoda/octavia/210123043
Škoda Octavia Combi 1.5 TSI,639000,25329,2024,Benzín,1.5,TSI,MHEV,110,Automatická,,,,Ne,Kombi,Style,,Com. e-Tec 1,Odstraněno,Sauto.cz,Ano,https://www.sauto.cz/osobni/detail/skoda/octavia/210125846
Škoda Octavia Combi iV (PHEV),545000,92249,2023,Nafta,2.0,TDI,,110,Automatická,Ano,,,Ne,Kombi,Style,,LED,Ojeté,Sauto.cz,Ano,
Škoda Octavia Liftback 1.5 TSI,499000,69604,2022,Nafta,2.0,TDI,,110,Automatická,Ano,,,Ne,Liftback,Style,,,Ojeté,Sauto.cz,Ano,
Škoda Octavia Liftback 1.5 TSI,445000,70008,2021,Benzín,1.5,TSI,,110,Automatická,Ano,,,Ne,Liftback,Style,,,Odstraněno,Sauto.cz,Ano,https://www.sauto.cz/osobni/detail/skoda/octavia/210143822
Škoda Octavia Liftback 1.5 TSI,599000,54361,2023,Benzín,1.5,TSI,,110,Automatická,Ano,,,Ne,Liftback,Sportline,,,Ojeté,Sauto.cz,Ano,
Škoda Octavia 4 Lim. Style 1.5 TSI,626000,19717,2025,Benzín,1.5,TSI,MHEV,110,Automatická,Ano,,,Ne,Sedan/limuzína,,,e-TEC Select,Ojeté,Sauto.cz,Ano,
Škoda Octavia Liftback 1.5 TSI,731000,,2026,Benzín,1.5,TSI,,110,Automatická,,,,Ne,Liftback,,,M-HEV Classic,Odstraněno,Sauto.cz,Ano,https://www.sauto.cz/osobni/detail/skoda/octavia/210164897
Škoda Octavia Liftback 1.5 TSI,708000,,2026,Benzín,1.5,TSI,,110,Automatická,,,,Ne,Liftback,,,M-HEV Classic,Odstraněno,Sauto.cz,Ano,https://www.sauto.cz/osobni/detail/skoda/octavia/210165416
Škoda Octavia Liftback 1.5 TSI,713000,,2026,Benzín,1.5,TSI,,110,Manuální,,,,Ne,Liftback,,,Classic,Odstraněno,Sauto.cz,Ano,https://www.sauto.cz/osobni/detail/skoda/octavia/210165995
Škoda Octavia Combi iV (PHEV),749990,46976,2024,Nafta,2.0,TDI,,110,Automatická,,,,Ne,Kombi,Top Selection,,,Odstraněno,Sauto.cz,Ano,https://www.sauto.cz/osobni/detail/skoda/octavia/210166757
Škoda Octavia 4 Lim. Style 1.5 TSI,670000,72990,2022,Benzín,2.0,,,180,Automatická,,,,Ne,Sedan/limuzína,,,VRS sport. výfuk,Odstraněno,Sauto.cz,Ano,https://www.sauto.cz/osobni/detail/skoda/octavia/210166769
Škoda Octavia Combi 1.5 TSI,579000,23500,2025,Benzín,1.5,TSI,PHEV,110,Manuální,,,,Ne,Kombi,Selection,,IV.,Odstraněno,Sauto.cz,Ano,https://www.sauto.cz/osobni/detail/skoda/octavia/210169034
Škoda Octavia Combi iV (PHEV),739990,35423,2025,Nafta,2.0,TDI,,110,Automatická,,,,Ne,Kombi,Top Selection,,,Odstraněno,Sauto.cz,Ano,https://www.sauto.cz/osobni/detail/skoda/octavia/210176720
Škoda Octavia Combi iV (PHEV),739990,19684,2025,Nafta,2.0,TDI,,110,Automatická,,,,Ne,Kombi,Top Selection,,,Odstraněno,Sauto.cz,Ano,https://www.sauto.cz/osobni/detail/skoda/octavia/210176753
Škoda Octavia Combi 1.5 TSI,709000,,2026,Benzín,1.5,TSI,,110,Manuální,,,,Ne,Kombi,,,Classic,Odstraněno,Sauto.cz,Ano,https://www.sauto.cz/osobni/detail/skoda/octavia/210179153
Škoda Octavia Combi iV (PHEV),590000,92289,2021,Nafta,2.0,TDI,,110,Automatická,,,,Ano,Kombi,Scout,,NOVÁ CENA,Ojeté,Sauto.cz,Ano,
Škoda Octavia 4 Lim. Style 1.5 TSI,599000,26250,2024,Benzín,1.5,TSI,MHEV,110,Automatická,,,,Ne,Sedan/limuzína,TOP,,Selecti,Odstraněno,Sauto.cz,Ano,https://www.sauto.cz/osobni/detail/skoda/octavia/210180671
Škoda Octavia 4 Lim. Style 1.5 TSI,635326,35925,2021,Benzín,1.4,,,110,Automatická,,,,Ne,Sedan/limuzína,,,,Odstraněno,Sauto.cz,Ano,https://www.sauto.cz/osobni/detail/skoda/octavia/210180731
Škoda Octavia Liftback 1.5 TSI,659000,21460,2025,Benzín,1.5,TSI,,110,Manuální,,,,Ne,Liftback,Top Selection,,,Odstraněno,Sauto.cz,Ano,https://www.sauto.cz/osobni/detail/skoda/octavia/210180737
Škoda Octavia Combi 1.5 TSI,699900,25485,2024,Benzín,1.5,eTSI,,110,Manuální,,,,Ne,Kombi,Top Selection,,6m,Ojeté,Sauto.cz,Ano,
Škoda Octavia Combi 1.5 TSI,679000,13968,2024,Benzín,1.5,TSI,,110,Manuální,,,,Ne,Kombi,Top Selection,,,Odstraněno,Sauto.cz,Ano,https://www.sauto.cz/osobni/detail/skoda/octavia/210182030
Škoda Octavia Combi 1.5 TSI,709000,,2026,Benzín,1.5,TSI,,110,Manuální,,,,Ne,Kombi,,,Classic,Odstraněno,Sauto.cz,Ano,https://www.sauto.cz/osobni/detail/skoda/octavia/210182048
Škoda Octavia 4 Lim. Style 1.5 TSI,599000,53412,2022,Benzín,2.0,TSI,,140,Automatická,,,,Ano,Sedan/limuzína,Style,,Plus Dynamic 140,Odstraněno,Sauto.cz,Ano,https://www.sauto.cz/osobni/detail/skoda/octavia/210183320
Škoda Octavia Liftback 1.5 TSI,709990,34447,2024,Benzín,1.5,TSI,,110,Manuální,,,,Ne,Liftback,Top Selection,,,Odstraněno,Sauto.cz,Ano,https://www.sauto.cz/osobni/detail/skoda/octavia/210185288
Škoda Octavia Combi iV (PHEV),699990,42036,2023,Nafta,2.0,TDI,,110,Automatická,,,,Ne,Kombi,Sportline,,,Odstraněno,Sauto.cz,Ano,https://www.sauto.cz/osobni/detail/skoda/octavia/210185429
Škoda Octavia Combi iV (PHEV),580000,81445,2022,Nafta,2.0,TDI,,110,Automatická,,,,Ano,Kombi,Scout,,,Odstraněno,Sauto.cz,Ano,https://www.sauto.cz/osobni/detail/skoda/octavia/210187280
Škoda Octavia 4 Lim. Style 1.5 TSI,698900,11636,2025,Benzín,1.5,TSI,,110,Automatická,,,,Ne,Sedan/limuzína,Top Selection,,D,Odstraněno,Sauto.cz,Ano,https://www.sauto.cz/osobni/detail/skoda/octavia/210188495
Škoda Octavia Liftback 1.5 TSI,599000,10655,2025,Benzín,1.5,TSI,,110,Manuální,,,,Ne,Liftback,Top Selection,,,Ojeté,Sauto.cz,Ano,
Škoda Octavia Combi iV (PHEV),480000,69541,2022,Nafta,2.0,TDI,,110,Automatická,,,,Ne,Kombi,Ambition,,Automat,Odstraněno,Sauto.cz,Ano,https://www.sauto.cz/osobni/detail/skoda/octavia/210189404
Škoda Octavia Combi iV (PHEV),589000,72472,2024,Nafta,2.0,TDI,,110,Automatická,Ano,,,Ne,Kombi,,,Fresh 7°,Odstraněno,Sauto.cz,Ano,https://www.sauto.cz/osobni/detail/skoda/octavia/210190688
Škoda Octavia Liftback 1.5 TSI,569900,20100,2025,Benzín,1.5,TSI,,110,Manuální,,,,Ne,Liftback,Selection,,(ma,Odstraněno,Sauto.cz,Ano,https://www.sauto.cz/osobni/detail/skoda/octavia/210190910
Škoda Octavia Liftback 1.5 TSI,598999,41290,2022,Benzín,2.0,TSI,,140,Automatická,Ano,,,Ano,Liftback,,,CZ DPH,Ojeté,Sauto.cz,Ano,
Škoda Octavia Combi iV (PHEV),690000,45967,2024,Nafta,2.0,TDI,,110,Automatická,,,,Ne,Kombi,Top Selection,Ano,Záruka,Odstraněno,Sauto.cz,Ano,https://www.sauto.cz/osobni/detail/skoda/octavia/210193901
Škoda Octavia Combi 1.5 TSI,533900,64526,2022,Benzín,1.5,TSI,,110,Manuální,,,,Ne,Kombi,Style,,,Odstraněno,Sauto.cz,Ano,https://www.sauto.cz/osobni/detail/skoda/octavia/210194480
Škoda Octavia Combi iV (PHEV),489000,96760,2022,Nafta,2.0,TDI,,110,Automatická,Ano,,,Ne,Kombi,,,,Ojeté,Sauto.cz,Ano,
Škoda Octavia Liftback 1.5 TSI,629877,74200,2023,Nafta,2.0,TDI,,147,Automatická,Ano,,,Ne,Liftback,,,RS Challenge Plus,Odstraněno,Sauto.cz,Ano,https://www.sauto.cz/osobni/detail/skoda/octavia/210199490
Škoda Octavia Combi 1.5 TSI,709000,,2026,Benzín,1.5,TSI,,110,Manuální,,,,Ne,Kombi,,,Classic,Odstraněno,Sauto.cz,Ano,https://www.sauto.cz/osobni/detail/skoda/octavia/210201038
Škoda Octavia 4 Lim. Style 1.5 TSI,599000,29718,2024,Benzín,1.5,TSI,MHEV,110,Automatická,,,,Ne,Sedan/limuzína,TOP,,Selecti,Odstraněno,Sauto.cz,Ano,https://www.sauto.cz/osobni/detail/skoda/octavia/210201476
Škoda Octavia Combi 1.5 TSI,728000,,2026,Benzín,1.5,TSI,,110,Automatická,Ano,,,Ne,Kombi,,,Classic,Odstraněno,Sauto.cz,Ano,https://www.sauto.cz/osobni/detail/skoda/octavia/210201617
Škoda Octavia Combi 1.5 TSI,728000,,2026,Benzín,1.5,TSI,,110,Automatická,Ano,,,Ne,Kombi,,,Classic,Odstraněno,Sauto.cz,Ano,https://www.sauto.cz/osobni/detail/skoda/octavia/210201785
Škoda Octavia Combi 1.5 TSI,728000,,2026,Benzín,1.5,TSI,,110,Automatická,Ano,,,Ne,Kombi,,,Classic,Odstraněno,Sauto.cz,Ano,https://www.sauto.cz/osobni/detail/skoda/octavia/210202186
Škoda Octavia Combi iV (PHEV),729900,20677,2024,Nafta,2.0,TDI,,110,Automatická,,,,Ne,Kombi,Top Selection,,,Odstraněno,Sauto.cz,Ano,https://www.sauto.cz/osobni/detail/skoda/octavia/210205049
Škoda Octavia Combi 1.5 TSI,630000,93847,2021,Benzín,2.0,TSI,,180,Automatická,,,,Ne,Kombi,,,"RS , Automat",Odstraněno,Sauto.cz,Ano,https://www.sauto.cz/osobni/detail/skoda/octavia/210207854
Škoda Octavia Combi 1.5 TSI,666000,32155,2025,Benzín,1.5,,,110,Manuální,,,,Ne,Kombi,,,COM SELEC TS 110 M6F,Odstraněno,Sauto.cz,Ano,https://www.sauto.cz/osobni/detail/skoda/octavia/210210647
Škoda Octavia Combi 1.5 TSI,499900,71668,2022,Benzín,1.5,TSI,MHEV,110,Automatická,Ano,,,Ne,Kombi,Style,,e-TEC,Odstraněno,Sauto.cz,Ano,https://www.sauto.cz/osobni/detail/skoda/octavia/210210920
Škoda Octavia Combi 1.5 TSI,659990,28780,2025,Benzín,1.5,TSI,,110,Manuální,,,,Ne,Kombi,Selection,,,Odstraněno,Sauto.cz,Ano,https://www.sauto.cz/osobni/detail/skoda/octavia/210213170
Škoda Octavia 4 Lim. Style 1.5 TSI,589000,21500,2025,Benzín,1.5,TSI,,110,Manuální,,,,Ne,Sedan/limuzína,Selection,,,Odstraněno,Sauto.cz,Ano,https://www.sauto.cz/osobni/detail/skoda/octavia/210213605
Škoda Octavia Combi 1.5 TSI,528999,92995,2023,Benzín,1.5,TSI,,110,Automatická,Ano,,,Ne,Kombi,Style,,CZ 1.Maj DPH,Ojeté,Sauto.cz,Ano,
Škoda Octavia Liftback 1.5 TSI,665000,87124,2021,Benzín,2.0,TSI,,180,Automatická,Ano,,,Ne,Liftback,,,RS,Odstraněno,Sauto.cz,Ano,https://www.sauto.cz/osobni/detail/skoda/octavia/210215048
Škoda Octavia 4 Lim. Style 1.5 TSI,529000,20000,2024,Benzín,1.5,TSI,,110,Manuální,,,,Ne,Sedan/limuzína,,,RS Design ZÁRUKA,Ojeté,Sauto.cz,Ano,
Škoda Octavia Combi 1.5 TSI,620000,17150,2025,Benzín,1.5,TSI,,110,Manuální,,,,Ne,Kombi,Selection,,OCT.COMBI 11,Ojeté,Sauto.cz,Ano,
Škoda Octavia Liftback 1.5 TSI,589000,26283,2025,Benzín,1.5,TSI,,110,Manuální,,,,Ne,Liftback,Selection,,,Odstraněno,Sauto.cz,Ano,https://www.sauto.cz/osobni/detail/skoda/octavia/210218999
Škoda Octavia 4 Lim. Style 1.5 TSI,599900,27913,2024,Benzín,1.5,TSI,,110,Automatická,Ano,,,Ne,Sedan/limuzína,,,M-HEV SELECTI,Odstraněno,Sauto.cz,Ano,https://www.sauto.cz/osobni/detail/skoda/octavia/210219134
Škoda Octavia Liftback 1.5 TSI,519000,44269,2022,Benzín,1.5,e-TEC,MHEV,110,Automatická,Ano,,,Ne,Liftback,Style,,110,Odstraněno,Sauto.cz,Ano,https://www.sauto.cz/osobni/detail/skoda/octavia/210219308
Škoda Octavia Combi iV (PHEV),689900,29911,2024,Nafta,2.0,TDI,,110,Automatická,,,,Ne,Kombi,Selection,,,Odstraněno,Sauto.cz,Ano,https://www.sauto.cz/osobni/detail/skoda/octavia/210220553
Škoda Octavia Liftback 1.5 TSI,679900,29212,2024,Nafta,2.0,TDI,,110,Automatická,,,,Ne,Liftback,Selection,,,Odstraněno,Sauto.cz,Ano,https://www.sauto.cz/osobni/detail/skoda/octavia/210220613
Škoda Octavia Liftback 1.5 TSI,499000,86723,2022,Nafta,2.0,TDI,,110,Automatická,Ano,,,Ne,Liftback,Style,,,Ojeté,Sauto.cz,Ano,
Škoda Octavia Combi iV (PHEV),649900,45121,2024,Nafta,2.0,TDI,,110,Automatická,,,,Ano,Kombi,Ambition,,,Odstraněno,Sauto.cz,Ano,https://www.sauto.cz/osobni/detail/skoda/octavia/210221873
Škoda Octavia Liftback 1.5 TSI,589900,18755,2025,Benzín,1.5,TSI,,110,Manuální,,,,Ne,Liftback,Selection,,MATRIX,Odstraněno,Sauto.cz,Ano,https://www.sauto.cz/osobni/detail/skoda/octavia/210223655
Škoda Octavia 4 Lim. Style 1.5 TSI,739000,18284,2025,Nafta,2.0,,,110,Automatická,,,,Ne,Sedan/limuzína,,,SELEC TD 110 A7F,Odstraněno,Sauto.cz,Ano,https://www.sauto.cz/osobni/detail/skoda/octavia/210225872
Škoda Octavia 4 Lim. Style 1.5 TSI,669000,10863,2025,Benzín,1.5,TSI,PHEV,110,Manuální,,,,Ne,Sedan/limuzína,Exclusive,,,Odstraněno,Sauto.cz,Ano,https://www.sauto.cz/osobni/detail/skoda/octavia/210225902
Škoda Octavia Combi iV (PHEV),699000,53881,2024,Nafta,2.0,TDI,,110,Automatická,Ano,,,Ano,Kombi,,,Fresh,Odstraněno,Sauto.cz,Ano,https://www.sauto.cz/osobni/detail/skoda/octavia/210226445
Škoda Octavia 4 Lim. Style 1.5 TSI,459900,85540,2022,Benzín,1.5,TSI,,110,Manuální,,,,Ne,Sedan/limuzína,Ambition,,,Odstraněno,Sauto.cz,Ano,https://www.sauto.cz/osobni/detail/skoda/octavia/210226694
Škoda Octavia Combi iV (PHEV),649990,70607,2023,Nafta,2.0,TDI,,110,Automatická,,,,Ne,Kombi,Sportline,,,Odstraněno,Sauto.cz,Ano,https://www.sauto.cz/osobni/detail/skoda/octavia/210227234
Škoda Octavia Liftback 1.5 TSI,684000,20190,2025,Benzín,1.5,TSI,PHEV,110,Manuální,,,,Ne,Liftback,Exclusive,,Selecti,Odstraněno,Sauto.cz,Ano,https://www.sauto.cz/osobni/detail/skoda/octavia/210229619
Škoda Octavia Combi 1.5 TSI,470000,48191,2022,Benzín,1.5,TSI,,110,Manuální,,,,Ne,Kombi,Ambition,,NOVÁ CENA,Ojeté,Sauto.cz,Ano,
Škoda Octavia Combi iV (PHEV),659000,22243,2024,Nafta,2.0,TDI,PHEV,110,Automatická,,,,Ne,Sedan/limuzína,Exclusive,,Select,Odstraněno,Sauto.cz,Ano,https://www.sauto.cz/osobni/detail/skoda/octavia/210236093
Škoda Octavia Combi iV (PHEV),529000,97500,2021,Nafta,2.0,TDI,,110,Automatická,,,,Ano,Kombi,Style,,plus,Odstraněno,Sauto.cz,Ano,https://www.sauto.cz/osobni/detail/skoda/octavia/210239354
Škoda Octavia Combi iV (PHEV),689900,30495,2025,Nafta,2.0,TDI,,110,Automatická,,,,Ne,Kombi,Top Selection,,COMBI DS,Odstraněno,Sauto.cz,Ano,https://www.sauto.cz/osobni/detail/skoda/octavia/210239447
Škoda Octavia Combi iV (PHEV),739000,29487,2025,Nafta,2.0,TDI,,110,Automatická,Ano,,,Ne,Kombi,TOP,,SELECTIO,Odstraněno,Sauto.cz,Ano,https://www.sauto.cz/osobni/detail/skoda/octavia/210242729
Škoda Octavia Liftback 1.5 TSI,630000,28790,2025,Benzín,1.5,TSI,MHEV,110,Automatická,,,,Ne,Liftback,Selection,,e-tec,Ojeté,Sauto.cz,Ano,
Škoda Octavia Liftback 1.5 TSI,704999,14372,2025,Benzín,1.5,TSI,,110,Automatická,,,,Ne,Liftback,TOP,,M-HEV Sel,Odstraněno,Sauto.cz,Ano,https://www.sauto.cz/osobni/detail/skoda/octavia/210246497
Škoda Octavia Combi iV (PHEV),699000,23315,2025,Nafta,2.0,TDI,,110,Automatická,Ano,,,Ne,Kombi,Top Selection,,,Odstraněno,Sauto.cz,Ano,https://www.sauto.cz/osobni/detail/skoda/octavia/210246680
Škoda Octavia Liftback 1.5 TSI,729000,10121,2025,Benzín,1.5,TSI,,110,Automatická,,,,Ne,Liftback,Sportline,,,Odstraněno,Sauto.cz,Ano,https://www.sauto.cz/osobni/detail/skoda/octavia/210246857
Škoda Octavia Combi iV (PHEV),428800,86600,2021,Nafta,2.0,TDI,,110,Automatická,Ano,,,Ne,Kombi,Style,,ČR NOVÉ,Ojeté,Sauto.cz,Ano,
Škoda Octavia Combi iV (PHEV),579953,69000,2021,Nafta,2.0,TDI,,147,Automatická,,,,Ano,Kombi,Scout,,ČR,Odstraněno,Sauto.cz,Ano,https://www.sauto.cz/osobni/detail/skoda/octavia/210247823
Škoda Octavia Combi 1.5 TSI,464900,58067,2022,Benzín,1.5,TSI,,110,Manuální,,,,Ne,Kombi,Style,,,Odstraněno,Sauto.cz,Ano,https://www.sauto.cz/osobni/detail/skoda/octavia/210248237
Škoda Octavia 4 Lim. Style 1.5 TSI,599999,18294,2024,Benzín,1.5,TSI,,110,Automatická,Ano,,,Ne,Sedan/limuzína,Ambition,,,Ojeté,Sauto.cz,Ano,
Škoda Octavia 4 Lim. Style 1.5 TSI,669000,19416,2025,Benzín,1.5,,,110,Automatická,,,,Ne,Sedan/limuzína,,,OCTAVIA M-HEV SELEC TS 110,Odstraněno,Sauto.cz,Ano,https://www.sauto.cz/osobni/detail/skoda/octavia/210249563
Škoda Octavia Liftback 1.5 TSI,729000,25479,2025,Benzín,1.5,TSI,,110,Automatická,Ano,,,Ne,Liftback,Selection,,|,Odstraněno,Sauto.cz,Ano,https://www.sauto.cz/osobni/detail/skoda/octavia/210249602
Škoda Octavia Liftback 1.5 TSI,649000,18635,2024,Benzín,1.5,eTSI,,110,Automatická,Ano,,,Ne,Liftback,TOP,,Select,Odstraněno,Sauto.cz,Ano,https://www.sauto.cz/osobni/detail/skoda/octavia/210249614
Škoda Octavia Liftback 1.5 TSI,689000,13052,2025,Benzín,1.5,TSI,,110,Automatická,,,,Ne,Liftback,Top Selection,,MH,Ojeté,Sauto.cz,Ano,
Škoda Octavia Liftback 1.5 TSI,671550,21404,2025,Benzín,1.5,TSI,,110,Manuální,,,,Ne,Liftback,Sportline,,,Odstraněno,Sauto.cz,Ano,https://www.sauto.cz/osobni/detail/skoda/octavia/210251978
Škoda Octavia Liftback 1.5 TSI,719000,9308,2025,Nafta,2.0,,,110,Automatická,,,,Ne,Liftback,Top Selection,,TD,Odstraněno,Sauto.cz,Ano,https://www.sauto.cz/osobni/detail/skoda/octavia/210254324
Škoda Octavia Liftback 1.5 TSI,719000,10000,2025,Benzín,1.5,TSI,,110,Manuální,,,,Ne,Liftback,Top Selection,,,Odstraněno,Sauto.cz,Ano,https://www.sauto.cz/osobni/detail/skoda/octavia/210254522
Škoda Octavia Liftback 1.5 TSI,699380,20045,2025,Benzín,1.5,TSI,PHEV,110,Automatická,Ano,,,Ne,Liftback,,,7° Exclusiv,Odstraněno,Sauto.cz,Ano,https://www.sauto.cz/osobni/detail/skoda/octavia/210254720
Škoda Octavia Liftback 1.5 TSI,629000,22703,2025,Nafta,2.0,TDI,,110,Automatická,Ano,,,Ne,Liftback,Selection,,,Odstraněno,Sauto.cz,Ano,https://www.sauto.cz/osobni/detail/skoda/octavia/210256847
Škoda Octavia Liftback 1.5 TSI,686000,12580,2025,Benzín,1.5,TSI,PHEV,110,Manuální,,,,Ne,Liftback,Exclusive,,Selecti,Odstraněno,Sauto.cz,Ano,https://www.sauto.cz/osobni/detail/skoda/octavia/210256880
Škoda Octavia Combi iV (PHEV),719900,33685,2024,Nafta,2.0,TDI,,110,Automatická,,,,Ne,Kombi,Top Selection,,,Odstraněno,Sauto.cz,Ano,https://www.sauto.cz/osobni/detail/skoda/octavia/210257183
Škoda Octavia 4 Lim. Style 1.5 TSI,699000,9437,2024,Benzín,1.5,TSI,,110,Manuální,,,,Ne,Sedan/limuzína,Top Selection,,,Odstraněno,Sauto.cz,Ano,https://www.sauto.cz/osobni/detail/skoda/octavia/210258971
Škoda Octavia Liftback 1.5 TSI,579000,13011,2025,Benzín,1.5,TSI,,110,Manuální,,,,Ne,Liftback,Top Selection,,,Odstraněno,Sauto.cz,Ano,https://www.sauto.cz/osobni/detail/skoda/octavia/210262154
Škoda Octavia Liftback 1.5 TSI,729990,10216,2025,Benzín,1.5,TSI,,110,Manuální,,,,Ne,Liftback,Top Selection,,,Odstraněno,Sauto.cz,Ano,https://www.sauto.cz/osobni/detail/skoda/octavia/210268307
Škoda Octavia Combi iV (PHEV),619999,73365,2022,Nafta,2.0,TDI,,110,Automatická,Ano,,,Ano,Kombi,Scout,,HUD DPH,Ojeté,Sauto.cz,Ano,
Škoda Octavia Liftback 1.5 TSI,559999,52899,2023,Benzín,1.5,TSI,,110,Automatická,Ano,,,Ne,Liftback,Style,,Matrix DPH,Ojeté,Sauto.cz,Ano,
Škoda Octavia Liftback 1.5 TSI,654000,29567,2025,Nafta,2.0,TDI,,110,Automatická,Ano,,,Ne,Liftback,Selection,,MATRIX L,Odstraněno,Sauto.cz,Ano,https://www.sauto.cz/osobni/detail/skoda/octavia/210268838
Škoda Octavia Combi iV (PHEV),732000,61666,2023,Nafta,2.0,TDI,,110,Automatická,Ano,,,Ano,Kombi,Scout,,,Ojeté,Sauto.cz,Ano,
Škoda Octavia Liftback 1.5 TSI,539000,20140,2024,Benzín,1.5,TSI,,110,Manuální,,,,Ne,Liftback,Ambition,,,Odstraněno,Sauto.cz,Ano,https://www.sauto.cz/osobni/detail/skoda/octavia/210270755
Škoda Octavia 4 Lim. Style 1.5 TSI,535000,60552,2022,Nafta,2.0,TDI,,110,Automatická,Ano,,,Ano,Sedan/limuzína,Style,,,Odstraněno,Sauto.cz,Ano,https://www.sauto.cz/osobni/detail/skoda/octavia/210272156
Škoda Octavia Combi iV (PHEV),744000,59358,2023,Nafta,2.0,TDI,,110,Automatická,Ano,,,Ano,Kombi,Scout,,,Ojeté,Sauto.cz,Ano,
Škoda Octavia Liftback 1.5 TSI,550000,37481,2023,Nafta,2.0,TDI,,110,Manuální,,,,Ne,Liftback,Style,,LED Kessy,Ojeté,Sauto.cz,Ano,
Škoda Octavia Combi 1.5 TSI,499000,21100,2023,Benzín,1.5,TSI,,110,Manuální,,,,Ne,Kombi,Ambition,,Combi,Ojeté,Sauto.cz,Ano,
Škoda Octavia Combi iV (PHEV),719900,31957,2025,Nafta,2.0,TDI,,110,Automatická,,,,Ne,Kombi,Top Selection,,,Odstraněno,Sauto.cz,Ano,https://www.sauto.cz/osobni/detail/skoda/octavia/210279623
Škoda Octavia Combi 1.5 TSI,420000,97313,2021,Benzín,1.5,TSI,,110,Manuální,,,,Ne,Kombi,Style,,"TZ,navi",Odstraněno,Sauto.cz,Ano,https://www.sauto.cz/osobni/detail/skoda/octavia/210279677
Škoda Octavia Combi 1.5 TSI,599000,47835,2024,Benzín,1.5,TSI,,110,Automatická,Ano,,,Ne,Kombi,,,Fresh 7°,Odstraněno,Sauto.cz,Ano,https://www.sauto.cz/osobni/detail/skoda/octavia/210280385
Škoda Octavia Combi 1.5 TSI,599900,10938,2024,Benzín,1.5,TSI,,110,Automatická,Ano,,,Ne,Kombi,Style,,,Odstraněno,Sauto.cz,Ano,https://www.sauto.cz/osobni/detail/skoda/octavia/210280544
Škoda Octavia Liftback 1.5 TSI,684900,5,2025,Benzín,1.5,TSI,,110,Manuální,,,,Ne,Liftback,,,130let manual,Odstraněno,Sauto.cz,Ano,https://www.sauto.cz/osobni/detail/skoda/octavia/210281786
Škoda Octavia Combi iV (PHEV),739900,12283,2025,Nafta,2.0,TDI,,110,Automatická,,,,Ne,Kombi,Top Selection,,,Odstraněno,Sauto.cz,Ano,https://www.sauto.cz/osobni/detail/skoda/octavia/210283091
Škoda Octavia Liftback 1.5 TSI,460000,79609,2021,Nafta,2.0,TDI,,110,Automatická,,,,Ne,Liftback,,,"NOVÁ CENA, Automat",Odstraněno,Sauto.cz,Ano,https://www.sauto.cz/osobni/detail/skoda/octavia/210284648
Škoda Octavia Combi 1.5 TSI,465000,65000,2021,Benzín,1.5,TSI,,110,Manuální,,,,Ne,Kombi,Style,,Combi,Odstraněno,Sauto.cz,Ano,https://www.sauto.cz/osobni/detail/skoda/octavia/210286526
Škoda Octavia Liftback 1.5 TSI,589000,21068,2025,Benzín,1.5,TSI,,110,Manuální,,,,Ne,Liftback,Top Selection,,,Odstraněno,Sauto.cz,Ano,https://www.sauto.cz/osobni/detail/skoda/octavia/210290267
Škoda Octavia Liftback 1.5 TSI,679000,24212,2025,Nafta,2.0,TDI,,110,Automatická,Ano,,,Ne,Liftback,Top Selection,,,Odstraněno,Sauto.cz,Ano,https://www.sauto.cz/osobni/detail/skoda/octavia/210290276
Škoda Octavia 4 Lim. Style 1.5 TSI,589000,14313,2025,Benzín,1.5,TSI,,110,Manuální,,,,Ne,Sedan/limuzína,Selection,,M6F,Odstraněno,Sauto.cz,Ano,https://www.sauto.cz/osobni/detail/skoda/octavia/210290411
Škoda Octavia Combi 1.5 TSI,649900,12224,2025,Benzín,1.5,TSI,,110,Manuální,,,,Ne,Kombi,Selection,,COMBI MATRIX,Odstraněno,Sauto.cz,Ano,https://www.sauto.cz/osobni/detail/skoda/octavia/210292052
Škoda Octavia Combi iV (PHEV),579000,59451,2023,Nafta,2.0,TDI,,110,Manuální,,,,Ne,Kombi,Style,,Combi,Ojeté,Sauto.cz,Ano,
Škoda Octavia Combi 1.5 TSI,617000,4200,2025,Benzín,1.5,TSI,,110,Manuální,,,,Ne,Kombi,Selection,,Combi,Odstraněno,Sauto.cz,Ano,https://www.sauto.cz/osobni/detail/skoda/octavia/210292853
Škoda Octavia Liftback 1.5 TSI,568000,47650,2024,Benzín,1.5,TSI,,110,Manuální,,,,Ne,Liftback,Style,,,Odstraněno,Sauto.cz,Ano,https://www.sauto.cz/osobni/detail/skoda/octavia/210292862
Škoda Octavia Liftback 1.5 TSI,698000,24130,2025,Nafta,2.0,TDI,,110,Automatická,Ano,,,Ne,Liftback,Top Selection,,,Odstraněno,Sauto.cz,Ano,https://www.sauto.cz/osobni/detail/skoda/octavia/210293159
Škoda Octavia Liftback 1.5 TSI,615000,15310,2025,Benzín,1.5,TSI,,110,Manuální,,,,Ne,Liftback,Selection,,,Odstraněno,Sauto.cz,Ano,https://www.sauto.cz/osobni/detail/skoda/octavia/210293168
Škoda Octavia Liftback 1.5 TSI,719990,21768,2025,Benzín,1.5,TSI,,110,Manuální,,,,Ne,Liftback,Top Selection,,,Odstraněno,Sauto.cz,Ano,https://www.sauto.cz/osobni/detail/skoda/octavia/210294593
Škoda Octavia Combi iV (PHEV),749990,24358,2025,Nafta,2.0,TDI,,110,Automatická,,,,Ne,Kombi,Top Selection,,,Odstraněno,Sauto.cz,Ano,https://www.sauto.cz/osobni/detail/skoda/octavia/210297194
Škoda Octavia Combi iV (PHEV),749990,43759,2025,Nafta,2.0,TDI,,110,Automatická,,,,Ne,Kombi,Top Selection,,,Odstraněno,Sauto.cz,Ano,https://www.sauto.cz/osobni/detail/skoda/octavia/210297203
Škoda Octavia Combi 1.5 TSI,519900,38505,2022,Benzín,1.5,TSI,,110,Manuální,,,,Ne,Kombi,Style,,MAN6,Odstraněno,Sauto.cz,Ano,https://www.sauto.cz/osobni/detail/skoda/octavia/210297329
Škoda Octavia Combi 1.5 TSI,677900,27061,2025,Benzín,1.5,TSI,,110,Automatická,,,,Ne,Kombi,TOP,,Combi Select,Odstraněno,Sauto.cz,Ano,https://www.sauto.cz/osobni/detail/skoda/octavia/210298055
Škoda Octavia 4 Lim. Style 1.5 TSI,699000,13086,2025,Benzín,1.5,TSI,,110,Automatická,,,,Ne,Sedan/limuzína,TOP,,A7F M-HEV S,Odstraněno,Sauto.cz,Ano,https://www.sauto.cz/osobni/detail/skoda/octavia/210298148
Škoda Octavia 4 Lim. Style 1.5 TSI,449000,96839,2022,Benzín,1.5,TSI,,110,Manuální,,,,Ne,Sedan/limuzína,Style,,,Odstraněno,Sauto.cz,Ano,https://www.sauto.cz/osobni/detail/skoda/octavia/210298412
Škoda Octavia Liftback 1.5 TSI,599000,23269,2024,Benzín,1.5,TSI,,110,Automatická,Ano,,,Ne,Hatchback,,,M-HEV SELECTI,Ojeté,Sauto.cz,Ano,
Škoda Octavia Combi iV (PHEV),555000,49706,2023,Nafta,2.0,TDI,,110,Automatická,,,,Ne,Kombi,Style,,"Automat, ČR",Odstraněno,Sauto.cz,Ano,https://www.sauto.cz/osobni/detail/skoda/octavia/210298829
Škoda Octavia Combi 1.5 TSI,534247,95018,2021,Nafta,2.0,,,147,Automatická,,,,Ano,Kombi,,,,Odstraněno,Sauto.cz,Ano,https://www.sauto.cz/osobni/detail/skoda/octavia/210301190
Škoda Octavia Combi 1.5 TSI,669000,26594,2024,Benzín,1.5,,,110,Manuální,,,,Ne,Kombi,Top Selection,,OCT.COMBI TS,Odstraněno,Sauto.cz,Ano,https://www.sauto.cz/osobni/detail/skoda/octavia/210305963
Škoda Octavia Liftback 1.5 TSI,649000,29868,2024,Nafta,2.0,TDI,,110,Automatická,Ano,,,Ne,Liftback,,,First Edition,Ojeté,Sauto.cz,Ano,
Škoda Octavia Combi 1.5 TSI,699000,22912,2025,Benzín,1.5,TSI,,110,Manuální,,,,Ne,Kombi,Top Selection,,,Odstraněno,Sauto.cz,Ano,https://www.sauto.cz/osobni/detail/skoda/octavia/210307463
Škoda Octavia Liftback 1.5 TSI,683650,19954,2025,Benzín,1.5,TSI,,110,Manuální,,,,Ne,Liftback,Sportline,,,Odstraněno,Sauto.cz,Ano,https://www.sauto.cz/osobni/detail/skoda/octavia/210308900
Škoda Octavia Liftback 1.5 TSI,589000,18946,2025,Benzín,1.5,TSI,,110,Manuální,,,,Ne,Liftback,Selection,,,Odstraněno,Sauto.cz,Ano,https://www.sauto.cz/osobni/detail/skoda/octavia/210309014
Škoda Octavia Liftback 1.5 TSI,669900,29809,2024,Nafta,2.0,TDI,,110,Automatická,,,,Ne,Liftback,Selection,,,Odstraněno,Sauto.cz,Ano,https://www.sauto.cz/osobni/detail/skoda/octavia/210309284
Škoda Octavia Combi iV (PHEV),519000,81556,2022,Nafta,2.0,TDI,,110,Automatická,Ano,,,Ne,Kombi,Style,,Combi,Ojeté,Sauto.cz,Ano,
Škoda Octavia Liftback 1.5 TSI,449900,57014,2022,Benzín,1.5,TSI,MHEV,110,Automatická,Ano,,,Ne,Liftback,Style,,e-TEC,Odstraněno,Sauto.cz,Ano,https://www.sauto.cz/osobni/detail/skoda/octavia/210315179
Škoda Octavia Combi iV (PHEV),439999,90639,2022,Nafta,2.0,TDI,,110,Manuální,,,,Ne,Kombi,Ambition,,,Ojeté,Sauto.cz,Ano,
Škoda Octavia Combi 1.5 TSI,519999,60185,2022,Benzín,1.5,TSI,,110,Automatická,Ano,,,Ne,Kombi,Style,,CZ DPH,Ojeté,Sauto.cz,Ano,
Škoda Octavia Combi 1.5 TSI,749900,5700,2025,Benzín,1.5,,,110,Automatická,,,,Ne,Kombi,TOP,,M-HEV Select,Odstraněno,Sauto.cz,Ano,https://www.sauto.cz/osobni/detail/skoda/octavia/210316259
Škoda Octavia Liftback 1.5 TSI,729000,18086,2025,Nafta,2.0,TDI,,110,Automatická,Ano,,,Ne,Liftback,Top Selection,,,Odstraněno,Sauto.cz,Ano,https://www.sauto.cz/osobni/detail/skoda/octavia/210316268
Škoda Octavia Combi iV (PHEV),719900,33866,2025,Nafta,2.0,TDI,,110,Automatická,Ano,,,Ne,Kombi,TOP,,Combi S,Odstraněno,Sauto.cz,Ano,https://www.sauto.cz/osobni/detail/skoda/octavia/210317267
Škoda Octavia Liftback 1.5 TSI,714900,14738,2025,Benzín,1.5,TSI,,110,Automatická,Ano,,,Ne,Liftback,Top Selection,,,Ojeté,Sauto.cz,Ano,
Škoda Octavia Combi iV (PHEV),649000,16200,2024,Nafta,2.0,TDI,,110,Automatická,,,,Ne,Kombi,Top Selection,,COMBI 1,Odstraněno,Sauto.cz,Ano,https://www.sauto.cz/osobni/detail/skoda/octavia/210317303
Škoda Octavia Combi iV (PHEV),480000,73188,2022,Nafta,2.0,TDI,,110,Manuální,,,,Ne,Kombi,Style,,Serv.kniha,Odstraněno,Sauto.cz,Ano,https://www.sauto.cz/osobni/detail/skoda/octavia/210318317
Škoda Octavia Liftback 1.5 TSI,420000,80223,2021,Benzín,1.5,TSI,,110,Manuální,,,,Ne,Liftback,,,"Serv.kniha, Navi",Odstraněno,Sauto.cz,Ano,https://www.sauto.cz/osobni/detail/skoda/octavia/210318449
Škoda Octavia Liftback 1.5 TSI,714900,6618,2025,Nafta,2.0,TDI,,110,Automatická,,,,Ne,Liftback,Top Selection,,,Odstraněno,Sauto.cz,Ano,https://www.sauto.cz/osobni/detail/skoda/octavia/210322904
Škoda Octavia Liftback 1.5 TSI,639900,36528,2024,Nafta,2.0,TDI,,110,Automatická,,,,Ne,Liftback,Selection,,,Odstraněno,Sauto.cz,Ano,https://www.sauto.cz/osobni/detail/skoda/octavia/210322988
Škoda Octavia Combi iV (PHEV),500000,80512,2023,Nafta,2.0,TDI,,110,Automatická,,,,Ne,Kombi,Style,,"Automat, ČR",Odstraněno,Sauto.cz,Ano,https://www.sauto.cz/osobni/detail/skoda/octavia/210325703
Škoda Octavia Combi iV (PHEV),619000,82240,2021,Nafta,2.0,TDI,,147,Automatická,Ano,,,Ne,Kombi,,,RS,Odstraněno,Sauto.cz,Ano,https://www.sauto.cz/osobni/detail/skoda/octavia/210326612
Škoda Octavia Combi iV (PHEV),689900,34428,2025,Nafta,2.0,TDI,,110,Automatická,,,,Ne,Kombi,Top Selection,,COMBI DS,Odstraněno,Sauto.cz,Ano,https://www.sauto.cz/osobni/detail/skoda/octavia/210328952
Škoda Octavia Combi iV (PHEV),699900,42635,2025,Nafta,2.0,TDI,,110,Automatická,,,,Ne,Kombi,Top Selection,,,Odstraněno,Sauto.cz,Ano,https://www.sauto.cz/osobni/detail/skoda/octavia/210330125
Škoda Octavia Combi iV (PHEV),739900,17478,2025,Nafta,2.0,TDI,,110,Automatická,,,,Ne,Kombi,Top Selection,,,Odstraněno,Sauto.cz,Ano,https://www.sauto.cz/osobni/detail/skoda/octavia/210330134
Škoda Octavia Combi 1.5 TSI,740000,28252,2024,Benzín,1.5,TSI,,110,Automatická,,,,Ne,Kombi,Sportline,,,Odstraněno,Sauto.cz,Ano,https://www.sauto.cz/osobni/detail/skoda/octavia/210330173
Škoda Octavia Liftback 1.5 TSI,529000,94728,2023,Benzín,1.5,TSI,MHEV,110,Automatická,Ano,,,Ne,Liftback,Style,,E-Tec,Ojeté,Sauto.cz,Ano,
Škoda Octavia Combi iV (PHEV),749000,43311,2025,Nafta,2.0,TDI,,110,Automatická,Ano,,,Ne,Kombi,Sportline,,Co,Odstraněno,Sauto.cz,Ano,https://www.sauto.cz/osobni/detail/skoda/octavia/210335402
Škoda Octavia Combi iV (PHEV),729000,32462,2025,Nafta,2.0,TDI,,110,Automatická,,,,Ne,Kombi,Top Selection,,COMBI 11,Odstraněno,Sauto.cz,Ano,https://www.sauto.cz/osobni/detail/skoda/octavia/210339323
Škoda Octavia Liftback 1.5 TSI,569900,23160,2025,Benzín,1.5,TSI,,110,Manuální,,,,Ne,Liftback,Selection,,,Ojeté,Sauto.cz,Ano,
Škoda Octavia Liftback 1.5 TSI,589000,14446,2025,Benzín,1.5,TSI,,110,Manuální,,,,Ne,Liftback,Selection,,,Odstraněno,Sauto.cz,Ano,https://www.sauto.cz/osobni/detail/skoda/octavia/210339713
Škoda Octavia Liftback 1.5 TSI,568900,15690,2025,Benzín,1.5,TSI,,110,Manuální,,,,Ne,Liftback,Selection,,,Odstraněno,Sauto.cz,Ano,https://www.sauto.cz/osobni/detail/skoda/octavia/210339959
Škoda Octavia Combi iV (PHEV),399999,81369,2022,Nafta,2.0,TDI,,110,Manuální,,,,Ne,Kombi,Ambition,,,Ojeté,Sauto.cz,Ano,
Škoda Octavia 4 Lim. Style 1.5 TSI,675000,22260,2025,Benzín,1.5,TSI,,110,Manuální,,,,Ne,Sedan/limuzína,,,OCTAVIA,Ojeté,Sauto.cz,Ano,
Škoda Octavia Combi 1.5 TSI,714000,19800,2025,Benzín,1.5,TSI,,110,Manuální,,,,Ne,Kombi,TOP,,Combi Selec,Odstraněno,Sauto.cz,Ano,https://www.sauto.cz/osobni/detail/skoda/octavia/210341945
Škoda Octavia Combi 1.5 TSI,579000,46598,2023,Benzín,1.5,TSI,,110,Manuální,,,,Ne,Kombi,,,COMBI / M6F ST,Odstraněno,Sauto.cz,Ano,https://www.sauto.cz/osobni/detail/skoda/octavia/210342125
Škoda Octavia 4 Lim. Style 1.5 TSI,709000,15964,2025,Nafta,2.0,TDI,,110,Automatická,,,,Ne,Sedan/limuzína,Top Selection,,7DS,Ojeté,Sauto.cz,Ano,
Škoda Octavia Liftback 1.5 TSI,559900,38000,2025,Benzín,1.5,TSI,MHEV,110,Automatická,,,,Ne,Liftback,Selection,,D,Odstraněno,Sauto.cz,Ano,https://www.sauto.cz/osobni/detail/skoda/octavia/210342716
Škoda Octavia Combi iV (PHEV),499900,51108,2021,Nafta,2.0,TDI,,110,Manuální,,,,Ne,Kombi,Style,,COMBI,Odstraněno,Sauto.cz,Ano,https://www.sauto.cz/osobni/detail/skoda/octavia/210343493
Škoda Octavia Liftback 1.5 TSI,435000,67243,2022,Nafta,2.0,TDI,,110,Manuální,,,,Ne,Liftback,Style,,LED+PDC,Odstraněno,Sauto.cz,Ano,https://www.sauto.cz/osobni/detail/skoda/octavia/210343961
Škoda Octavia Combi iV (PHEV),749900,13099,2025,Nafta,2.0,TDI,,110,Automatická,Ano,,,Ne,Kombi,Top Selection,,,Odstraněno,Sauto.cz,Ano,https://www.sauto.cz/osobni/detail/skoda/octavia/210344624
Škoda Octavia 4 Lim. Style 1.5 TSI,719900,25214,2025,Benzín,1.5,TSI,,110,Automatická,Ano,,,Ne,Sedan/limuzína,TOP,,Selecti,Odstraněno,Sauto.cz,Ano,https://www.sauto.cz/osobni/detail/skoda/octavia/210345275
Škoda Octavia 4 Lim. Style 1.5 TSI,719888,25173,2025,Nafta,2.0,,,110,Automatická,Ano,,,Ne,Sedan/limuzína,,,First Edition Ultimate,Ojeté,Sauto.cz,Ano,
Škoda Octavia Combi 1.5 TSI,597000,21937,2023,Benzín,1.5,TSI,MHEV,110,Automatická,Ano,,,Ne,Kombi,,,e-TEC ALU,Ojeté,Sauto.cz,Ano,
Škoda Octavia Combi iV (PHEV),659999,88089,2022,Nafta,2.0,TDI,,147,Automatická,Ano,,,Ne,Kombi,,,RS Combi,Odstraněno,Sauto.cz,Ano,https://www.sauto.cz/osobni/detail/skoda/octavia/210346511
Škoda Octavia 4 Lim. Style 1.5 TSI,461077,96935,2021,Nafta,2.0,,,110,Automatická,,,,Ne,Sedan/limuzína,,,,Odstraněno,Sauto.cz,Ano,https://www.sauto.cz/osobni/detail/skoda/octavia/210346643
Škoda Octavia Liftback 1.5 TSI,565000,9637,2025,Benzín,1.5,TSI,,110,Manuální,,,,Ne,Liftback,Selection,,|,Odstraněno,Sauto.cz,Ano,https://www.sauto.cz/osobni/detail/skoda/octavia/210347165
Škoda Octavia Liftback 1.5 TSI,699900,16721,2025,Benzín,1.5,TSI,,110,Manuální,,,,Ne,Liftback,Sportline,,TAŽNÉ,Ojeté,Sauto.cz,Ano,
Škoda Octavia 4 Lim. Style 1.5 TSI,599000,24899,2025,Benzín,1.5,TSI,,110,Manuální,,,,Ne,Sedan/limuzína,Selection,,Business 110,Odstraněno,Sauto.cz,Ano,https://www.sauto.cz/osobni/detail/skoda/octavia/210348899
Škoda Octavia Liftback 1.5 TSI,609000,43675,2024,Benzín,1.5,TSI,,110,Automatická,,,,Ne,Liftback,Top Selection,,7,Odstraněno,Sauto.cz,Ano,https://www.sauto.cz/osobni/detail/skoda/octavia/210348929
Škoda Octavia Combi iV (PHEV),699000,56640,2025,Nafta,2.0,TDI,,110,Automatická,,,,Ne,Kombi,Top Selection,,7,Odstraněno,Sauto.cz,Ano,https://www.sauto.cz/osobni/detail/skoda/octavia/210349382
Škoda Octavia Liftback 1.5 TSI,639900,37852,2025,Benzín,1.5,TSI,,110,Automatická,Ano,,,Ne,Liftback,Top Selection,,ACC,Odstraněno,Sauto.cz,Ano,https://www.sauto.cz/osobni/detail/skoda/octavia/210350873
Škoda Octavia Liftback 1.5 TSI,587900,36584,2025,Benzín,1.5,TSI,,110,Automatická,,,,Ne,Liftback,Top Selection,,,Odstraněno,Sauto.cz,Ano,https://www.sauto.cz/osobni/detail/skoda/octavia/210351353
Škoda Octavia Liftback 1.5 TSI,579900,69306,2021,Nafta,2.0,TDI,,110,Automatická,,,,Ano,Liftback,Style,,PLUS DS,Odstraněno,Sauto.cz,Ano,https://www.sauto.cz/osobni/detail/skoda/octavia/210351473
Škoda Octavia Combi iV (PHEV),714900,42928,2025,Nafta,2.0,TDI,,110,Automatická,Ano,,,Ne,Kombi,Top Selection,,,Odstraněno,Sauto.cz,Ano,https://www.sauto.cz/osobni/detail/skoda/octavia/210351482
Škoda Octavia Combi iV (PHEV),739000,62413,2024,Nafta,2.0,TDI,,110,Automatická,Ano,,,Ne,Kombi,Sportline,,Co,Odstraněno,Sauto.cz,Ano,https://www.sauto.cz/osobni/detail/skoda/octavia/210352955
Škoda Octavia Combi 1.5 TSI,739000,22123,2021,Benzín,2.0,TSI,,180,Automatická,Ano,,,Ne,Kombi,,,"RS,Canton,ACC",Ojeté,Sauto.cz,Ano,
Škoda Octavia Liftback 1.5 TSI,689900,14352,2025,Benzín,1.5,TSI,,110,Automatická,,,,Ne,Liftback,Top Selection,,110,Odstraněno,Sauto.cz,Ano,https://www.sauto.cz/osobni/detail/skoda/octavia/210353681
Škoda Octavia Combi 1.5 TSI,475000,51298,2023,Benzín,1.5,TSI,,110,Manuální,,,,Ne,Kombi,,,Combi / Amb,Odstraněno,Sauto.cz,Ano,https://www.sauto.cz/osobni/detail/skoda/octavia/210353690
Škoda Octavia Combi iV (PHEV),599990,27796,2024,Nafta,2.0,TDI,,110,Automatická,,,,Ne,Kombi,,,,Odstraněno,Sauto.cz,Ano,https://www.sauto.cz/osobni/detail/skoda/octavia/210355007
Škoda Octavia Liftback 1.5 TSI,485900,44384,2023,Benzín,1.5,TSI,,110,Automatická,,,,Ne,Liftback,Ambition,,M-HEV,Odstraněno,Sauto.cz,Ano,https://www.sauto.cz/osobni/detail/skoda/octavia/210357917
Škoda Octavia Liftback 1.5 TSI,492900,27033,2023,Benzín,1.5,TSI,,110,Automatická,,,,Ne,Liftback,Ambition,,M-HEV,Odstraněno,Sauto.cz,Ano,https://www.sauto.cz/osobni/detail/skoda/octavia/210357926
Škoda Octavia Liftback 1.5 TSI,485900,33381,2023,Benzín,1.5,TSI,,110,Automatická,,,,Ne,Liftback,Ambition,,M-HEV,Odstraněno,Sauto.cz,Ano,https://www.sauto.cz/osobni/detail/skoda/octavia/210357929
Škoda Octavia Liftback 1.5 TSI,485900,35734,2023,Benzín,1.5,TSI,,110,Automatická,,,,Ne,Liftback,Ambition,,M-HEV,Odstraněno,Sauto.cz,Ano,https://www.sauto.cz/osobni/detail/skoda/octavia/210357932
Škoda Octavia Combi iV (PHEV),459900,87957,2021,Nafta,2.0,TDI,,110,Automatická,,,,Ne,Kombi,Style,,"CZ,1Maj,DPH,AT",Odstraněno,Sauto.cz,Ano,https://www.sauto.cz/osobni/detail/skoda/octavia/210360545
Škoda Octavia Combi iV (PHEV),659900,43370,2024,Nafta,2.0,TDI,,110,Automatická,,,,Ano,Kombi,Ambition,,,Odstraněno,Sauto.cz,Ano,https://www.sauto.cz/osobni/detail/skoda/octavia/210361346
Škoda Octavia Combi 1.5 TSI,650000,72958,2022,Benzín,2.0,TSI,,180,Automatická,,,,Ne,Kombi,,,"RS , Automat",Ojeté,Sauto.cz,Ano,
Škoda Octavia 4 Lim. Style 1.5 TSI,519000,88171,2023,Nafta,2.0,TDI,,110,Automatická,Ano,,,Ne,Sedan/limuzína,Style,,Plus,Odstraněno,Sauto.cz,Ano,https://www.sauto.cz/osobni/detail/skoda/octavia/210362186
Škoda Octavia 4 Lim. Style 1.5 TSI,719900,8134,2025,Nafta,2.0,,,110,Automatická,,,,Ne,Sedan/limuzína,,,SELEC TD 110 A7F,Odstraněno,Sauto.cz,Ano,https://www.sauto.cz/osobni/detail/skoda/octavia/210362216
Škoda Octavia Liftback 1.5 TSI,599000,31044,2024,Nafta,2.0,TDI,,110,Manuální,,,,Ne,Liftback,,,Fresh,Odstraněno,Sauto.cz,Ano,https://www.sauto.cz/osobni/detail/skoda/octavia/210362501
Škoda Octavia Combi 1.5 TSI,689000,21160,2025,Benzín,1.5,TSI,MHEV,110,Automatická,,,,Ne,Kombi,TOP,,Selecti,Odstraněno,Sauto.cz,Ano,https://www.sauto.cz/osobni/detail/skoda/octavia/210364169
Škoda Octavia Liftback 1.5 TSI,499900,52054,2022,Benzín,1.5,TSI,,110,Manuální,,,,Ne,Liftback,Style,,,Odstraněno,Sauto.cz,Ano,https://www.sauto.cz/osobni/detail/skoda/octavia/210364199
Škoda Octavia 4 Lim. Style 1.5 TSI,541325,93328,2021,Benzín,1.5,,,110,Automatická,,,,Ne,Sedan/limuzína,,,,Odstraněno,Sauto.cz,Ano,https://www.sauto.cz/osobni/detail/skoda/octavia/210365405
Škoda Octavia 4 Lim. Style 1.5 TSI,699000,14623,2025,Benzín,1.5,TSI,,110,Automatická,,,,Ne,Sedan/limuzína,Top Selection,,A7F,Odstraněno,Sauto.cz,Ano,https://www.sauto.cz/osobni/detail/skoda/octavia/210367086
Škoda Octavia 4 Lim. Style 1.5 TSI,719900,17815,2025,Benzín,1.5,TSI,,110,Manuální,,,,Ne,Sedan/limuzína,Sportline,,FL,Odstraněno,Sauto.cz,Ano,https://www.sauto.cz/osobni/detail/skoda/octavia/210368060
Škoda Octavia Liftback 1.5 TSI,519990,32173,2022,Nafta,2.0,TDI,,110,Manuální,,,,Ne,Hatchback,Style,,,Odstraněno,Sauto.cz,Ano,https://www.sauto.cz/osobni/detail/skoda/octavia/210370064
Škoda Octavia Liftback 1.5 TSI,529900,60002,2024,Benzín,1.5,TSI,,110,Manuální,,,,Ne,Liftback,Style,,,Ojeté,Sauto.cz,Ano,
Škoda Octavia Liftback 1.5 TSI,689900,13600,2025,Benzín,1.5,TSI,,110,Manuální,,,,Ne,Liftback,Sportline,,M6,Odstraněno,Sauto.cz,Ano,https://www.sauto.cz/osobni/detail/skoda/octavia/210371792
Škoda Octavia Liftback 1.5 TSI,580800,55979,2023,Benzín,1.5,TSI,,110,Automatická,Ano,,,Ne,Hatchback,,,Octávie 4,Odstraněno,Sauto.cz,Ano,https://www.sauto.cz/osobni/detail/skoda/octavia/210375386
Škoda Octavia 4 Lim. Style 1.5 TSI,749900,27982,2025,Benzín,1.5,TSI,,110,Automatická,Ano,,,Ne,Sedan/limuzína,Sportline,,,Odstraněno,Sauto.cz,Ano,https://www.sauto.cz/osobni/detail/skoda/octavia/210376463
Škoda Octavia 4 Lim. Style 1.5 TSI,599000,29143,2024,Benzín,1.5,TSI,,110,Automatická,,,,Ne,Sedan/limuzína,TOP,,M-Hev Select,Ojeté,Sauto.cz,Ano,
Škoda Octavia Liftback 1.5 TSI,729000,23865,2025,Benzín,1.5,TSI,,110,Automatická,,,,Ne,Liftback,Sportline,,M-HEV,Odstraněno,Sauto.cz,Ano,https://www.sauto.cz/osobni/detail/skoda/octavia/210378719
Škoda Octavia Combi iV (PHEV),479000,63332,2021,Nafta,2.0,TDI,,110,Automatická,Ano,,,Ne,Kombi,Style,,Combi,Ojeté,Sauto.cz,Ano,
Škoda Octavia Combi iV (PHEV),519999,82982,2022,Nafta,2.0,TDI,,110,Automatická,Ano,,,Ano,Kombi,Style,,CZ DPH,Ojeté,Sauto.cz,Ano,
Škoda Octavia Liftback 1.5 TSI,487900,73213,2023,Benzín,1.5,TSI,,110,Manuální,,,,Ne,Liftback,Style,,,Odstraněno,Sauto.cz,Ano,https://www.sauto.cz/osobni/detail/skoda/octavia/210379487
Škoda Octavia Combi iV (PHEV),649000,74612,2024,Nafta,2.0,TDI,,110,Automatická,Ano,,,Ne,Kombi,Top Selection,,Comb,Ojeté,Sauto.cz,Ano,
Škoda Octavia Liftback 1.5 TSI,460000,90480,2021,Benzín,1.5,TSI,MHEV,110,Automatická,,,,Ne,Liftback,Style,,"e-tec, Automat",Odstraněno,Sauto.cz,Ano,https://www.sauto.cz/osobni/detail/skoda/octavia/210382802
Škoda Octavia Liftback 1.5 TSI,589000,32020,2024,Benzín,1.5,TSI,,110,Manuální,,,,Ne,Liftback,Style,,Plus 6°MP,Odstraněno,Sauto.cz,Ano,https://www.sauto.cz/osobni/detail/skoda/octavia/210383144
Škoda Octavia Combi 1.5 TSI,629000,24686,2025,Benzín,1.5,TSI,,110,Manuální,,,,Ne,Kombi,Top Selection,,Com,Odstraněno,Sauto.cz,Ano,https://www.sauto.cz/osobni/detail/skoda/octavia/210383150
Škoda Octavia Liftback 1.5 TSI,489000,97400,2023,Benzín,1.5,TSI,MHEV,110,Automatická,,,,Ne,Liftback,Style,,e-TEC,Odstraněno,Sauto.cz,Ano,https://www.sauto.cz/osobni/detail/skoda/octavia/210383192
Škoda Octavia Liftback 1.5 TSI,686070,20666,2025,Benzín,1.5,TSI,,110,Manuální,,,,Ne,Liftback,Sportline,,,Odstraněno,Sauto.cz,Ano,https://www.sauto.cz/osobni/detail/skoda/octavia/210383261
Škoda Octavia Liftback 1.5 TSI,529000,36000,2024,Benzín,1.5,TSI,,110,Manuální,,,,Ne,Liftback,Selection,,,Odstraněno,Sauto.cz,Ano,https://www.sauto.cz/osobni/detail/skoda/octavia/210383333
Škoda Octavia Combi 1.5 TSI,415000,90561,2022,Benzín,1.5,TSI,,110,Manuální,,,,Ne,Kombi,,,Combi / Amb,Odstraněno,Sauto.cz,Ano,https://www.sauto.cz/osobni/detail/skoda/octavia/210385640
Škoda Octavia Liftback 1.5 TSI,749990,9457,2025,Benzín,1.5,TSI,,110,Automatická,,,,Ne,Liftback,Selection,,,Odstraněno,Sauto.cz,Ano,https://www.sauto.cz/osobni/detail/skoda/octavia/210386249
Škoda Octavia Combi iV (PHEV),719900,81419,2023,Nafta,2.0,TDI,,147,Automatická,,,,Ano,Kombi,,,,Odstraněno,Sauto.cz,Ano,https://www.sauto.cz/osobni/detail/skoda/octavia/210387893
Škoda Octavia Combi iV (PHEV),699990,49303,2023,Nafta,2.0,TDI,,110,Automatická,,,,Ne,Kombi,Sportline,,,Ojeté,Sauto.cz,Ano,
Škoda Octavia Liftback 1.5 TSI,480000,64229,2022,Nafta,2.0,TDI,,147,Automatická,,,,Ne,Liftback,Style,,"Automat, ČR",Odstraněno,Sauto.cz,Ano,https://www.sauto.cz/osobni/detail/skoda/octavia/210391148
Škoda Octavia Combi iV (PHEV),679900,27743,2024,Nafta,2.0,TDI,,110,Automatická,,,,Ne,Kombi,Selection,,,Odstraněno,Sauto.cz,Ano,https://www.sauto.cz/osobni/detail/skoda/octavia/210391367
Škoda Octavia 4 Lim. Style 1.5 TSI,479900,35651,2023,Benzín,1.5,TSI,,110,Automatická,,,,Ne,Sedan/limuzína,Ambition,,,Odstraněno,Sauto.cz,Ano,https://www.sauto.cz/osobni/detail/skoda/octavia/210395135
Škoda Octavia Combi 1.5 TSI,535000,30687,2022,Benzín,1.5,TSI,,110,Manuální,,,,Ne,Kombi,Style,,Combi,Ojeté,Sauto.cz,Ano,
Škoda Octavia Liftback 1.5 TSI,579000,30830,2023,Nafta,2.0,TDI,,110,Automatická,Ano,,,Ne,Liftback,Style,,,Odstraněno,Sauto.cz,Ano,https://www.sauto.cz/osobni/detail/skoda/octavia/210398072
Škoda Octavia Combi iV (PHEV),485000,59132,2022,Nafta,2.0,TDI,,110,Automatická,Ano,,,Ne,Kombi,Style,,Combi LED,Odstraněno,Sauto.cz,Ano,https://www.sauto.cz/osobni/detail/skoda/octavia/210398525
Škoda Octavia Combi iV (PHEV),525000,67300,2022,Nafta,2.0,TDI,,110,Automatická,Ano,,,Ne,Kombi,Style,,Head U,Odstraněno,Sauto.cz,Ano,https://www.sauto.cz/osobni/detail/skoda/octavia/210399080
Škoda Octavia 4 Lim. Style 1.5 TSI,709900,28843,2025,Benzín,1.5,TSI,,110,Manuální,,,,Ne,Sedan/limuzína,Sportline,,,Odstraněno,Sauto.cz,Ano,https://www.sauto.cz/osobni/detail/skoda/octavia/210399614
Škoda Octavia Combi 1.5 TSI,647900,16233,2025,Benzín,1.5,TSI,,110,Manuální,,,,Ne,Kombi,Selection,,Combi,Odstraněno,Sauto.cz,Ano,https://www.sauto.cz/osobni/detail/skoda/octavia/210399647
Škoda Octavia Combi 1.5 TSI,739900,10979,2025,Benzín,1.5,,,110,Automatická,,,,Ne,Kombi,Top Selection,,OCT.COMBI TS,Odstraněno,Sauto.cz,Ano,https://www.sauto.cz/osobni/detail/skoda/octavia/210399734
Škoda Octavia Combi iV (PHEV),748000,25480,2025,Nafta,2.0,TDI,PHEV,110,Automatická,Ano,,,Ne,Liftback,Exclusive,,Sel,Odstraněno,Sauto.cz,Ano,https://www.sauto.cz/osobni/detail/skoda/octavia/210399935
Škoda Octavia Liftback 1.5 TSI,689990,17205,2025,Benzín,1.5,TSI,,110,Manuální,,,,Ne,Liftback,Top Selection,,,Odstraněno,Sauto.cz,Ano,https://www.sauto.cz/osobni/detail/skoda/octavia/210400109
Škoda Octavia Liftback 1.5 TSI,629990,3833,2024,Benzín,1.5,TSI,,110,Manuální,,,,Ne,Liftback,Selection,,,Odstraněno,Sauto.cz,Ano,https://www.sauto.cz/osobni/detail/skoda/octavia/210401657
Škoda Octavia Liftback 1.5 TSI,649990,53098,2021,Nafta,2.0,TDI,,147,Automatická,,,,Ne,Liftback,,,RS,Odstraněno,Sauto.cz,Ano,https://www.sauto.cz/osobni/detail/skoda/octavia/210401675
Škoda Octavia Liftback 1.5 TSI,475000,80723,2023,Benzín,1.5,TSI,,110,Manuální,,,,Ne,Liftback,Style,,LED+PDC,Odstraněno,Sauto.cz,Ano,https://www.sauto.cz/osobni/detail/skoda/octavia/210403871
Škoda Octavia Liftback 1.5 TSI,580000,52870,2022,Benzín,1.5,TSI,,110,Automatická,Ano,,,Ne,Liftback,Sportline,,ACC,Odstraněno,Sauto.cz,Ano,https://www.sauto.cz/osobni/detail/skoda/octavia/210403874
Škoda Octavia Liftback 1.5 TSI,445000,56752,2023,Benzín,1.5,TSI,,110,Manuální,,,,Ne,Liftback,Ambition,,Plus KESSY,Odstraněno,Sauto.cz,Ano,https://www.sauto.cz/osobni/detail/skoda/octavia/210403877
Škoda Octavia 4 Lim. Style 1.5 TSI,599000,27648,2024,Benzín,1.5,TSI,,110,Automatická,,,,Ne,Sedan/limuzína,TOP,,M-Hev Selecti,Ojeté,Sauto.cz,Ano,
Škoda Octavia 4 Lim. Style 1.5 TSI,719900,15000,2026,Benzín,1.5,TSI,,110,Manuální,,,,Ne,Sedan/limuzína,Top Selection,,.,Předváděcí,Sauto.cz,Ano,
Škoda Octavia Combi 1.5 TSI,605000,52924,2023,Benzín,1.5,TSI,PHEV,110,Automatická,Ano,,,Ne,Kombi,,,Octavia IV Combi,Odstraněno,Sauto.cz,Ano,https://www.sauto.cz/osobni/detail/skoda/octavia/210406934
Škoda Octavia Combi iV (PHEV),569000,44313,2022,Nafta,2.0,TDI,,110,Automatická,Ano,,,Ne,Kombi,Style,,Plus c,Ojeté,Sauto.cz,Ano,
Škoda Octavia Combi iV (PHEV),699000,13095,2024,Nafta,2.0,TDI,,110,Automatická,Ano,,,Ne,Kombi,TOP,,Combi Sel,Odstraněno,Sauto.cz,Ano,https://www.sauto.cz/osobni/detail/skoda/octavia/210407906
Škoda Octavia Combi iV (PHEV),517000,89662,2023,Nafta,2.0,TDI,,110,Automatická,Ano,,,Ne,Kombi,Style,,,Ojeté,Sauto.cz,Ano,
Škoda Octavia Combi 1.5 TSI,749900,14315,2025,Benzín,1.5,TSI,,110,Automatická,,,,Ne,Kombi,Top Selection,,,Odstraněno,Sauto.cz,Ano,https://www.sauto.cz/osobni/detail/skoda/octavia/210408842
Škoda Octavia 4 Lim. Style 1.5 TSI,639000,23431,2025,Benzín,1.5,TSI,,110,Manuální,,,,Ne,Sedan/limuzína,Top Selection,,,Ojeté,Sauto.cz,Ano,
Škoda Octavia Combi 1.5 TSI,749900,11238,2025,Benzín,1.5,TSI,,110,Manuální,,,,Ne,Kombi,Top Selection,,Co,Odstraněno,Sauto.cz,Ano,https://www.sauto.cz/osobni/detail/skoda/octavia/210410513
Škoda Octavia Liftback 1.5 TSI,699900,59122,2022,Benzín,2.0,TSI,,180,Automatická,Ano,,,Ne,Liftback,,,RS Edition 120 let,Odstraněno,Sauto.cz,Ano,https://www.sauto.cz/osobni/detail/skoda/octavia/210412886
Škoda Octavia Combi 1.5 TSI,698170,12724,2025,Benzín,1.5,TSI,,110,Manuální,,,,Ne,Kombi,Sportline,,,Odstraněno,Sauto.cz,Ano,https://www.sauto.cz/osobni/detail/skoda/octavia/210414236
Škoda Octavia 4 Lim. Style 1.5 TSI,615000,28062,2025,Benzín,1.5,TSI,MHEV,110,Automatická,Ano,,,Ne,Sedan/limuzína,Selection,,e-TEC,Ojeté,Sauto.cz,Ano,
Škoda Octavia Liftback 1.5 TSI,697000,22200,2025,Benzín,1.5,TSI,,110,Manuální,,,,Ne,Liftback,Sportline,,,Odstraněno,Sauto.cz,Ano,https://www.sauto.cz/osobni/detail/skoda/octavia/210416411
Škoda Octavia Combi iV (PHEV),449000,98300,2021,Nafta,2.0,TDI,,110,Manuální,,,,Ne,Kombi,Style,,"DPH,TZ,ČR",Ojeté,Sauto.cz,Ano,
Škoda Octavia Liftback 1.5 TSI,550000,25623,2021,Nafta,2.0,TDI,,110,Automatická,Ano,,,Ne,Liftback,Style,,"ČR,. LED",Ojeté,Sauto.cz,Ano,
Škoda Octavia Combi 1.5 TSI,599000,46644,2024,Benzín,1.5,,,110,Automatická,,,,Ne,Kombi,,,OCTAVIA COM M-HEV AMB TS 110 1,Odstraněno,Sauto.cz,Ano,https://www.sauto.cz/osobni/detail/skoda/octavia/210421643
Škoda Octavia Combi 1.5 TSI,619000,7630,2025,Benzín,1.5,TSI,,110,Manuální,,,,Ne,Kombi,Selection,,,Odstraněno,Sauto.cz,Ano,https://www.sauto.cz/osobni/detail/skoda/octavia/210422330
Škoda Octavia Combi 1.5 TSI,619000,4651,2025,Benzín,1.5,TSI,,110,Manuální,,,,Ne,Kombi,Selection,,,Odstraněno,Sauto.cz,Ano,https://www.sauto.cz/osobni/detail/skoda/octavia/210422336
Škoda Octavia Combi iV (PHEV),479999,93600,2022,Nafta,2.0,TDI,,110,Automatická,Ano,,,Ne,Kombi,,,Matrix DPH,Odstraněno,Sauto.cz,Ano,https://www.sauto.cz/osobni/detail/skoda/octavia/210423185
Škoda Octavia 4 Lim. Style 1.5 TSI,700000,88000,2022,Nafta,2.0,,,147,Automatická,,,,Ano,Sedan/limuzína,,,RS FULL,Ojeté,Sauto.cz,Ano,
Škoda Octavia Combi iV (PHEV),728000,28760,2025,Nafta,2.0,TDI,,110,Automatická,Ano,,,Ne,Kombi,TOP,,Combi Sel,Odstraněno,Sauto.cz,Ano,https://www.sauto.cz/osobni/detail/skoda/octavia/210424490
Škoda Octavia Combi 1.5 TSI,599900,19815,2025,Benzín,1.5,TSI,,110,Manuální,,,,Ne,Kombi,Selection,,,Odstraněno,Sauto.cz,Ano,https://www.sauto.cz/osobni/detail/skoda/octavia/210424508
Škoda Octavia Combi 1.5 TSI,489000,59016,2023,Benzín,1.5,TSI,,110,Manuální,,,,Ne,Kombi,Style,,combi,Odstraněno,Sauto.cz,Ano,https://www.sauto.cz/osobni/detail/skoda/octavia/210426311
Škoda Octavia Liftback 1.5 TSI,634000,12305,2025,Benzín,1.5,TSI,,110,Manuální,,,,Ne,Liftback,Top Selection,,,Odstraněno,Sauto.cz,Ano,https://www.sauto.cz/osobni/detail/skoda/octavia/210426827
Škoda Octavia Liftback 1.5 TSI,695000,12610,2025,Benzín,1.5,TSI,,110,Automatická,Ano,,,Ne,Liftback,Top Selection,,,Odstraněno,Sauto.cz,Ano,https://www.sauto.cz/osobni/detail/skoda/octavia/210426833
Škoda Octavia Liftback 1.5 TSI,549000,85250,2023,Benzín,1.5,TSI,MHEV,110,Manuální,Ano,,,Ne,Liftback,Style,,E-Tec,Ojeté,Sauto.cz,Ano,
Škoda Octavia Combi 1.5 TSI,525900,39000,2023,Benzín,1.5,TSI,,110,Manuální,,,,Ne,Kombi,Style,,CZ DPH,Odstraněno,Sauto.cz,Ano,https://www.sauto.cz/osobni/detail/skoda/octavia/210427502
Škoda Octavia Combi 1.5 TSI,669000,47500,2024,Benzín,1.5,TSI,MHEV,110,Automatická,,,,Ne,Kombi,Sportline,,e-TEC,Odstraněno,Sauto.cz,Ano,https://www.sauto.cz/osobni/detail/skoda/octavia/210427706
Škoda Octavia Liftback 1.5 TSI,485000,81805,2023,Benzín,1.5,TSI,,110,Manuální,,,,Ne,Liftback,Style,,LED+AutoAC+PDC,Odstraněno,Sauto.cz,Ano,https://www.sauto.cz/osobni/detail/skoda/octavia/210428639
Škoda Octavia 4 Lim. Style 1.5 TSI,619900,14754,2025,Benzín,1.5,TSI,,110,Manuální,,,,Ne,Sedan/limuzína,Top Selection,,,Odstraněno,Sauto.cz,Ano,https://www.sauto.cz/osobni/detail/skoda/octavia/210428774
Škoda Octavia Combi 1.5 TSI,539900,67035,2022,Benzín,1.5,eTSI,,110,Automatická,Ano,,,Ne,Kombi,Style,,COMBI,Odstraněno,Sauto.cz,Ano,https://www.sauto.cz/osobni/detail/skoda/octavia/210429608
Škoda Octavia Liftback 1.5 TSI,735000,18220,2025,Benzín,1.5,TSI,PHEV,110,Automatická,Ano,,,Ne,Liftback,Exclusive,,Sel,Odstraněno,Sauto.cz,Ano,https://www.sauto.cz/osobni/detail/skoda/octavia/210431276
Škoda Octavia 4 Lim. Style 1.5 TSI,569000,20801,2025,Benzín,1.5,TSI,,110,Manuální,,,,Ne,Sedan/limuzína,Selection,,,Odstraněno,Sauto.cz,Ano,https://www.sauto.cz/osobni/detail/skoda/octavia/210432128
Škoda Octavia Combi iV (PHEV),450000,92045,2023,Nafta,2.0,TDI,,110,Automatická,,,,Ne,Kombi,Style,,"Automat, ČR",Odstraněno,Sauto.cz,Ano,https://www.sauto.cz/osobni/detail/skoda/octavia/210432455
Škoda Octavia Combi iV (PHEV),460000,99371,2021,Nafta,2.0,TDI,,110,Manuální,,,,Ne,Kombi,Style,,Serv.kniha,Odstraněno,Sauto.cz,Ano,https://www.sauto.cz/osobni/detail/skoda/octavia/210433667
Škoda Octavia Liftback 1.5 TSI,460000,56596,2023,Benzín,1.5,TSI,MHEV,110,Automatická,,,,Ne,Liftback,,,"e-tec, Automat",Odstraněno,Sauto.cz,Ano,https://www.sauto.cz/osobni/detail/skoda/octavia/210434096
Škoda Octavia Liftback 1.5 TSI,660000,35143,2024,Nafta,2.0,TDI,,110,Automatická,,,,Ne,Liftback,Selection,,Automat,Odstraněno,Sauto.cz,Ano,https://www.sauto.cz/osobni/detail/skoda/octavia/210436817
Škoda Octavia Combi 1.5 TSI,699990,17346,2025,Benzín,1.5,TSI,,110,Manuální,,,,Ne,Kombi,Selection,,,Odstraněno,Sauto.cz,Ano,https://www.sauto.cz/osobni/detail/skoda/octavia/210437705
Škoda Octavia Liftback 1.5 TSI,679000,6852,2025,Benzín,1.5,TSI,,110,Automatická,,,,Ne,Liftback,TOP,,A7F M-HEV S,Odstraněno,Sauto.cz,Ano,https://www.sauto.cz/osobni/detail/skoda/octavia/210438437
Škoda Octavia 4 Lim. Style 1.5 TSI,679000,29485,2024,Benzín,1.5,TSI,,110,Automatická,Ano,,,Ne,Sedan/limuzína,Sportline,,,Ojeté,Sauto.cz,Ano,
Škoda Octavia Combi 1.5 TSI,669900,88215,2022,Benzín,2.0,TSI,,140,Automatická,Ano,,,Ano,Kombi,Sportline,,,Ojeté,Sauto.cz,Ano,
Škoda Octavia Liftback 1.5 TSI,580000,31795,2025,Benzín,1.5,TSI,,110,Manuální,,,,Ne,Liftback,Selection,,,Odstraněno,Sauto.cz,Ano,https://www.sauto.cz/osobni/detail/skoda/octavia/210452366
Škoda Octavia 4 Lim. Style 1.5 TSI,596000,36870,2025,Benzín,1.5,TSI,MHEV,110,Automatická,,,,Ne,Sedan/limuzína,Selection,,e-TEC,Ojeté,Sauto.cz,Ano,
Škoda Octavia 4 Lim. Style 1.5 TSI,598000,44314,2025,Benzín,1.5,TSI,MHEV,110,Automatická,Ano,,,Ne,Sedan/limuzína,,,e-TEC,Ojeté,Sauto.cz,Ano,
Škoda Octavia Combi iV (PHEV),627000,50000,2025,Nafta,2.0,TDI,,110,Automatická,Ano,,,Ne,Kombi,,,2x sada ALU,Ojeté,Sauto.cz,Ano,
Škoda Octavia Combi iV (PHEV),730000,26471,2025,Nafta,2.0,TDI,PHEV,110,Automatická,Ano,,,Ne,Kombi,Exclusive,,,Ojeté,Sauto.cz,Ano,
Škoda Octavia Combi 1.5 TSI,668000,7738,2025,Benzín,1.5,TSI,,110,Manuální,,,,Ne,Kombi,Top Selection,,,Ojeté,Sauto.cz,Ano,
Škoda Octavia 4 Lim. Style 1.5 TSI,641000,29632,2025,Benzín,1.5,TSI,MHEV,110,Automatická,Ano,,,Ne,Sedan/limuzína,,,e-TEC,Ojeté,Sauto.cz,Ano,
Škoda Octavia Combi iV (PHEV),559000,86485,2023,Nafta,2.0,TDI,PHEV,110,Automatická,Ano,,,Ne,Kombi,Style,,IV.,Ojeté,Sauto.cz,Ano,
Škoda Octavia Combi iV (PHEV),679990,25433,2023,Nafta,2.0,TDI,,110,Automatická,,,,Ne,Kombi,Style,,,Ojeté,Sauto.cz,Ano,
Škoda Octavia Combi iV (PHEV),515000,86015,2023,Nafta,2.0,TDI,,110,,,,,Ne,Kombi,Style,,110,Odstraněno,Sauto.cz,Ano,https://www.sauto.cz/osobni/detail/skoda/octavia/210475148
Škoda Octavia Liftback 1.5 TSI,527900,35071,2023,Benzín,1.5,TSI,,110,Manuální,,,,Ne,Liftback,Style,,PLUS,Odstraněno,Sauto.cz,Ano,https://www.sauto.cz/osobni/detail/skoda/octavia/210476396
Škoda Octavia Liftback 1.5 TSI,460000,42265,2021,Benzín,1.5,TSI,,110,Manuální,,,,Ne,Liftback,Style,,"ČR,1.maj",Odstraněno,Sauto.cz,Ano,https://www.sauto.cz/osobni/detail/skoda/octavia/210477845
Škoda Octavia Combi iV (PHEV),529900,92236,2023,Nafta,2.0,TDI,,110,Automatická,Ano,,,Ne,Kombi,Style,,Combi,Odstraněno,Sauto.cz,Ano,https://www.sauto.cz/osobni/detail/skoda/octavia/210477968
Škoda Octavia Liftback 1.5 TSI,749900,15178,2025,Benzín,1.5,TSI,MHEV,110,Automatická,Ano,,,Ne,Liftback,TOP,,Se,Ojeté,Sauto.cz,Ano,
Škoda Octavia Liftback 1.5 TSI,599000,9182,2024,Benzín,1.5,TSI,,110,Automatická,,,,Ne,Liftback,,,,Odstraněno,Sauto.cz,Ano,https://www.sauto.cz/osobni/detail/skoda/octavia/210484058
Škoda Octavia Combi 1.5 TSI,559900,22070,2024,Benzín,1.4,TSI,PHEV,150,Automatická,,,,Ne,Kombi,Style,,iV P-HEV,Odstraněno,Sauto.cz,Ano,https://www.sauto.cz/osobni/detail/skoda/octavia/210484199
Škoda Octavia Combi 1.5 TSI,719900,10477,2025,Benzín,1.5,TSI,,110,Automatická,,,,Ne,Kombi,Top Selection,,M-HEV,Odstraněno,Sauto.cz,Ano,https://www.sauto.cz/osobni/detail/skoda/octavia/210484370
Škoda Octavia Liftback 1.5 TSI,599999,15674,2025,Benzín,1.5,TSI,,110,Manuální,,,,Ne,Liftback,Selection,,,Odstraněno,Sauto.cz,Ano,https://www.sauto.cz/osobni/detail/skoda/octavia/210484832
Škoda Octavia Combi 1.5 TSI,739000,14100,2025,Benzín,1.5,TSI,,110,Manuální,,,,Ne,Kombi,TOP,,Combi Selecti,Odstraněno,Sauto.cz,Ano,https://www.sauto.cz/osobni/detail/skoda/octavia/210488033
Škoda Octavia Liftback 1.5 TSI,699000,16485,2025,Benzín,1.5,TSI,PHEV,110,Manuální,,,,Ne,Liftback,Exclusive,,Selecti,Odstraněno,Sauto.cz,Ano,https://www.sauto.cz/osobni/detail/skoda/octavia/210488036
Škoda Octavia Liftback 1.5 TSI,649900,87750,2022,Benzín,2.0,TSI,,180,Manuální,,,,Ne,Liftback,,,"RS , - REZERVACE",Ojeté,Sauto.cz,Ano,
Škoda Octavia 4 Lim. Style 1.5 TSI,629000,22820,2025,Benzín,1.5,TSI,,110,Automatická,,,,Ne,Sedan/limuzína,Top Selection,,D,Odstraněno,Sauto.cz,Ano,https://www.sauto.cz/osobni/detail/skoda/octavia/210490541
Škoda Octavia Combi 1.5 TSI,439000,76521,2021,Benzín,1.5,TSI,,110,Manuální,,,,Ne,Kombi,Style,,Combi,Odstraněno,Sauto.cz,Ano,https://www.sauto.cz/osobni/detail/skoda/octavia/210490544
Škoda Octavia 4 Lim. Style 1.5 TSI,559000,34577,2024,Benzín,1.5,TSI,,110,Automatická,Ano,,,Ne,Sedan/limuzína,Style,,,Odstraněno,Sauto.cz,Ano,https://www.sauto.cz/osobni/detail/skoda/octavia/210490550
Škoda Octavia Liftback 1.5 TSI,679000,26364,2025,Nafta,2.0,TDI,,110,Automatická,Ano,,,Ne,Liftback,Top Selection,,,Odstraněno,Sauto.cz,Ano,https://www.sauto.cz/osobni/detail/skoda/octavia/210490577
Škoda Octavia 4 Lim. Style 1.5 TSI,599900,59600,2025,Benzín,1.5,TSI,,110,Automatická,,,,Ne,Sedan/limuzína,Top Selection,,M-HEV D,Odstraněno,Sauto.cz,Ano,https://www.sauto.cz/osobni/detail/skoda/octavia/210490592
Škoda Octavia Combi iV (PHEV),499000,93750,2023,Nafta,2.0,TDI,,110,Automatická,Ano,,,Ano,Kombi,Style,,Combi,Odstraněno,Sauto.cz,Ano,https://www.sauto.cz/osobni/detail/skoda/octavia/210490724
Škoda Octavia Combi 1.5 TSI,669000,24760,2024,Benzín,1.5,TSI,,110,Manuální,,,,Ne,Kombi,Style,,Combi,Odstraněno,Sauto.cz,Ano,https://www.sauto.cz/osobni/detail/skoda/octavia/210490757
Škoda Octavia Combi 1.5 TSI,668000,2515,2025,Benzín,1.5,TSI,,110,Manuální,,,,Ne,Kombi,TOP,,Combi Selecti,Odstraněno,Sauto.cz,Ano,https://www.sauto.cz/osobni/detail/skoda/octavia/210490811
Škoda Octavia Liftback 1.5 TSI,609000,46077,2024,Benzín,1.5,TSI,,110,Automatická,,,,Ne,Liftback,Top Selection,,7,Odstraněno,Sauto.cz,Ano,https://www.sauto.cz/osobni/detail/skoda/octavia/210497906
Škoda Octavia Liftback 1.5 TSI,555000,55847,2023,Nafta,2.0,TDI,,110,Automatická,Ano,,,Ne,Liftback,Style,,,Ojeté,Sauto.cz,Ano,
Škoda Octavia Liftback 1.5 TSI,649000,85308,2023,Nafta,2.0,TDI,,147,Automatická,Ano,,,Ne,Liftback,,,RS,Ojeté,Sauto.cz,Ano,
Škoda Octavia Combi 1.5 TSI,649888,78483,2022,Benzín,2.0,TSI,,140,Automatická,Ano,,,Ano,Kombi,Sportline,,Combi,Ojeté,Sauto.cz,Ano,
Škoda Octavia Combi 1.5 TSI,529900,27691,2023,Benzín,1.5,TSI,,110,Automatická,Ano,,,Ne,Kombi,Ambition,,ČR,Ojeté,Sauto.cz,Ano,
Škoda Octavia Combi 1.5 TSI,650000,65500,2022,Benzín,2.0,TSI,,180,Automatická,,,,Ne,Kombi,,,Škoda octavia 4 RS,Ojeté,Sauto.cz,Ano,
Škoda Octavia Liftback 1.5 TSI,669990,77372,2022,Benzín,2.0,TSI,,180,Automatická,Ano,,,Ne,Liftback,,,"RS,DPH,NEHAV",Ojeté,Sauto.cz,Ano,
Škoda Octavia Combi 1.5 TSI,485000,70780,2023,Benzín,1.5,TSI,,110,Manuální,,,,Ne,Kombi,Style,,Combi Plus NAVI,Ojeté,Sauto.cz,Ano,
Škoda Octavia Combi iV (PHEV),525000,77965,2023,Nafta,2.0,TDI,,110,Automatická,Ano,,,Ne,Kombi,Style,,combi Plus,Ojeté,Sauto.cz,Ano,
Škoda Octavia Combi iV (PHEV),689999,81754,2023,Nafta,2.0,TDI,,147,Automatická,,,,Ano,Kombi,Scout,,HUD Matri,Ojeté,Sauto.cz,Ano,
Škoda Octavia Combi 1.5 TSI,499000,67549,2023,Benzín,1.5,TSI,,110,Automatická,Ano,,,Ne,Kombi,Ambition,,TECH,Ojeté,Sauto.cz,Ano,
Škoda Octavia Liftback 1.5 TSI,567000,17778,2025,Benzín,1.5,TSI,,110,Manuální,,,,Ne,Liftback,Selection,,OCTAVIA 110,Ojeté,Sauto.cz,Ano,
Škoda Octavia 4 Lim. Style 1.5 TSI,678000,13985,2025,Benzín,1.5,TSI,,110,Manuální,,,,Ne,Sedan/limuzína,Top Selection,,,Ojeté,Sauto.cz,Ano,
Škoda Octavia Liftback 1.5 TSI,499000,57317,2023,Benzín,1.5,TSI,,110,Manuální,,,,Ne,Liftback,Style,,,Ojeté,Sauto.cz,Ano,
Škoda Octavia 4 Lim. Style 1.5 TSI,749000,11388,2025,Benzín,1.5,TSI,,110,Manuální,,,,Ne,Sedan/limuzína,Sportline,,6man -,Ojeté,Sauto.cz,Ano,
Škoda Octavia Liftback 1.5 TSI,620000,93957,2021,Nafta,2.0,TDI,,147,Automatická,,,,Ne,Liftback,,,"RS , Automat",Ojeté,Sauto.cz,Ano,
Škoda Octavia Combi 1.5 TSI,660000,61564,2021,Benzín,2.0,TSI,,180,Automatická,,,,Ne,Kombi,,,"RS , Automat",Ojeté,Sauto.cz,Ano,
Škoda Octavia 4 Lim. Style 1.5 TSI,620000,33788,2024,Benzín,1.5,TSI,,110,Manuální,,,,Ne,Sedan/limuzína,Sportline,,,Ojeté,Sauto.cz,Ano,
Škoda Octavia Liftback 1.5 TSI,679737,81229,2021,Benzín,2.0,,,180,Automatická,,,,Ne,Liftback,,,,Ojeté,Sauto.cz,Ano,
Škoda Octavia Combi 1.5 TSI,540000,20084,2024,Benzín,1.5,TSI,,110,Manuální,,,,Ne,Kombi,,Ano,"Záruka, ČR,1.maj",Ojeté,Sauto.cz,Ano,
Škoda Octavia Liftback 1.5 TSI,749990,27551,2025,Benzín,1.5,TSI,PHEV,110,Automatická,,,,Ne,Liftback,Exclusive,,11,Ojeté,Sauto.cz,Ano,
Škoda Octavia 4 Lim. Style 1.5 TSI,679000,26467,2024,Nafta,2.0,TDI,,110,Automatická,,,,Ne,Sedan/limuzína,Style,,110 A7F,Ojeté,Sauto.cz,Ano,
Škoda Octavia Combi 1.5 TSI,585000,28145,2023,Benzín,1.5,TSI,,110,Automatická,Ano,,,Ne,Kombi,,,AMB TAŽNÉ,Ojeté,Sauto.cz,Ano,
Škoda Octavia Liftback 1.5 TSI,626000,18063,2025,Benzín,1.5,TSI,PHEV,110,Manuální,,,,Ne,Liftback,TOP,,"IV - , Selec",Ojeté,Sauto.cz,Ano,
Škoda Octavia 4 Lim. Style 1.5 TSI,529990,64017,2023,Benzín,1.5,TSI,,110,Manuální,,,,Ne,Sedan/limuzína,Style,,M6 ACC LED,Ojeté,Sauto.cz,Ano,
Škoda Octavia Combi 1.5 TSI,540000,34908,2024,Benzín,1.5,TSI,,110,Automatická,,,,Ne,Kombi,,Ano,"Fresh, Záruka",Ojeté,Sauto.cz,Ano,
Škoda Octavia Liftback 1.5 TSI,674000,22995,2025,Benzín,1.5,TSI,PHEV,110,Manuální,,,,Ne,Liftback,Exclusive,,Selecti,Ojeté,Sauto.cz,Ano,
Škoda Octavia Combi 1.5 TSI,569000,53975,2023,Benzín,1.5,TSI,,110,Manuální,,,,Ne,Kombi,Style,,Plus combi,Ojeté,Sauto.cz,Ano,
Škoda Octavia Liftback 1.5 TSI,589000,40690,2023,Benzín,1.5,TSI,MHEV,110,Automatická,Ano,,,Ne,Liftback,Style,,E-Tec,Ojeté,Sauto.cz,Ano,
Škoda Octavia Combi 1.5 TSI,709000,15561,2025,Benzín,1.5,TSI,,110,Automatická,,,,Ne,Kombi,Top Selection,,COMBI M-,Ojeté,Sauto.cz,Ano,
Škoda Octavia Combi 1.5 TSI,729900,13733,2025,Benzín,1.5,TSI,,110,Automatická,,,,Ne,Kombi,Top Selection,,M-HEV,Ojeté,Sauto.cz,Ano,
Škoda Octavia 4 Lim. Style 1.5 TSI,749000,19210,2025,Benzín,1.5,,,110,Automatická,,,,Ne,Sedan/limuzína,Selection,,M-HEV TS 110 A7F,Ojeté,Sauto.cz,Ano,
Škoda Octavia Liftback 1.5 TSI,647900,60277,2024,Benzín,1.5,TSI,,110,Automatická,Ano,,,Ne,Liftback,Sportline,,,Ojeté,Sauto.cz,Ano,
Škoda Octavia Combi iV (PHEV),649000,42068,2024,Nafta,2.0,TDI,PHEV,110,Automatická,Ano,,,Ne,Liftback,Style,,110,Ojeté,Sauto.cz,Ano,
Škoda Octavia 4 Lim. Style 1.5 TSI,409000,71022,2021,Benzín,1.5,TSI,,110,Manuální,,,,Ne,Sedan/limuzína,Style,,,Odstraněno,Sauto.cz,Ano,https://www.sauto.cz/osobni/detail/skoda/octavia/210545036
Škoda Octavia Combi iV (PHEV),533000,77442,2022,Nafta,2.0,TDI,,110,Automatická,Ano,,,Ne,Kombi,Style,,Combi,Ojeté,Sauto.cz,Ano,
Škoda Octavia Liftback 1.5 TSI,444990,95000,2023,Benzín,1.5,TSI,PHEV,110,Manuální,,,,Ne,Liftback,,,IV.(LB)()AmbitExtra,Ojeté,Sauto.cz,Ano,
Škoda Octavia Liftback 1.5 TSI,599000,21034,2025,Benzín,1.5,TSI,,110,Manuální,,,,Ne,Hatchback,Selection,,,Ojeté,Sauto.cz,Ano,
Škoda Octavia Liftback 1.5 TSI,735680,23907,2025,Benzín,1.5,TSI,,110,Automatická,Ano,,,Ne,Liftback,TOP,,Selectio,Ojeté,Sauto.cz,Ano,
Škoda Scala 1.0 TSI,489990,30356,2023,Benzín,1.5,TSI,,110,Automatická,,,,Ne,Hatchback,Style,,,Ojeté,Sauto.cz,Ano,
Škoda Scala 1.0 TSI,518500,44630,2023,Benzín,1.5,TSI,,110,Manuální,,,,Ne,Hatchback,Monte Carlo,,,Ojeté,Sauto.cz,Ano,
Škoda Scala 1.0 TSI,539990,17153,2024,Benzín,1.5,TSI,,110,Automatická,,,,Ne,Hatchback,Monte Carlo,,,Ojeté,Sauto.cz,Ano,
Škoda Scala 1.0 TSI,479990,18095,2023,Benzín,1.5,TSI,,110,Manuální,,,,Ne,Hatchback,Style,,,Ojeté,Sauto.cz,Ano,
Škoda Scala 1.0 TSI,349999,99944,2022,Benzín,1.5,TSI,,110,Manuální,,,,Ne,Hatchback,Style,,1.MAJ. ČR,Ojeté,Sauto.cz,Ano,
Škoda Scala 1.0 TSI,499000,19476,2024,Benzín,1.5,TSI,,110,Manuální,,,,Ne,Hatchback,Selection,,| | | M,Odstraněno,Sauto.cz,Ano,https://www.sauto.cz/osobni/detail/skoda/scala/208900443
Škoda Scala 1.0 TSI,439000,79200,2021,Benzín,1.5,TSI,,110,Manuální,,,,Ne,Hatchback,Monte Carlo,,DPH,Odstraněno,Sauto.cz,Ano,https://www.sauto.cz/osobni/detail/skoda/scala/209309955
Škoda Scala 1.0 TSI,559000,23102,2024,Benzín,1.5,TSI,,110,Automatická,Ano,,,Ne,Hatchback,Selection,,,Odstraněno,Sauto.cz,Ano,https://www.sauto.cz/osobni/detail/skoda/scala/209395602
Škoda Scala 1.0 TSI,458900,50061,2021,Benzín,1.5,TSI,,110,Manuální,,,,Ne,Hatchback,Monte Carlo,,,Ojeté,Sauto.cz,Ano,
Škoda Scala 1.0 TSI,409000,23122,2023,Benzín,1.5,TSI,,110,Manuální,,,,Ne,Hatchback,Ambition,,,Ojeté,Sauto.cz,Ano,
Škoda Scala 1.0 TSI,589900,29,2024,Benzín,1.5,TSI,,110,Automatická,Ano,,,Ne,Hatchback,Monte Carlo,,,Ojeté,Sauto.cz,Ano,
Škoda Scala 1.0 TSI,565000,24628,2024,Benzín,1.5,TSI,,110,Automatická,Ano,,,Ne,Hatchback,Monte Carlo,,,Odstraněno,Sauto.cz,Ano,https://www.sauto.cz/osobni/detail/skoda/scala/209638710
Škoda Scala 1.0 TSI,420000,51276,2021,Benzín,1.5,TSI,,110,Manuální,,,,Ne,Hatchback,Monte Carlo,,,Ojeté,Sauto.cz,Ano,
Škoda Scala 1.0 TSI,549990,29654,2023,Benzín,1.5,TSI,,110,Automatická,,,,Ne,Hatchback,Monte Carlo,,,Ojeté,Sauto.cz,Ano,
Škoda Scala 1.0 TSI,490000,46846,2023,Benzín,1.5,TSI,,110,Automatická,,,,Ne,Hatchback,Monte Carlo,,Automat,Ojeté,Sauto.cz,Ano,
Škoda Scala 1.0 TSI,498000,40890,2025,Benzín,1.5,TSI,,110,Automatická,Ano,,,Ne,Hatchback,Top Selection,,,Odstraněno,Sauto.cz,Ano,https://www.sauto.cz/osobni/detail/skoda/scala/209979759
Škoda Scala 1.0 TSI,410000,87234,2021,Benzín,1.5,TSI,,110,Automatická,,,,Ne,Hatchback,Style,,NOVÁ CENA,Odstraněno,Sauto.cz,Ano,https://www.sauto.cz/osobni/detail/skoda/scala/209982618
Škoda Scala 1.0 TSI,380000,87294,2021,Benzín,1.5,TSI,,110,Manuální,,,,Ne,Hatchback,Style,,"ČR,1.maj, Kůže",Odstraněno,Sauto.cz,Ano,https://www.sauto.cz/osobni/detail/skoda/scala/210023316
Škoda Scala 1.0 TSI,530000,28105,2025,Benzín,1.5,TSI,PHEV,110,Automatická,,,,Ne,Hatchback,,,"Drive, Drive, FullLed",Odstraněno,Sauto.cz,Ano,https://www.sauto.cz/osobni/detail/skoda/scala/210025848
Škoda Scala 1.0 TSI,498900,36113,2023,Benzín,1.5,TSI,,110,Manuální,,,,Ne,Hatchback,Monte Carlo,,,Odstraněno,Sauto.cz,Ano,https://www.sauto.cz/osobni/detail/skoda/scala/210030975
Škoda Scala 1.0 TSI,568989,5000,2025,Benzín,1.5,TSI,,110,Automatická,Ano,,,Ne,Hatchback,Top Selection,,,Odstraněno,Sauto.cz,Ano,https://www.sauto.cz/osobni/detail/skoda/scala/210034461
Škoda Scala 1.0 TSI,704900,5,2026,Benzín,1.5,TSI,,110,Automatická,,,,Ne,Hatchback,Monte Carlo,,,Odstraněno,Sauto.cz,Ano,https://www.sauto.cz/osobni/detail/skoda/scala/210042066
Škoda Scala 1.0 TSI,415000,80000,2022,Benzín,1.5,TSI,,110,Automatická,,,,Ne,Hatchback,,,2022 75tkm,Ojeté,Sauto.cz,Ano,
Škoda Scala 1.0 TSI,510000,40100,2024,Benzín,1.5,TSI,,110,Manuální,,,,Ne,Hatchback,Monte Carlo,Ano,Záruka,Ojeté,Sauto.cz,Ano,
Škoda Scala 1.0 TSI,400000,58198,2022,Benzín,1.5,TSI,,110,Manuální,,,,Ne,Hatchback,Style,,"NOVÁ CENA, ČR",Odstraněno,Sauto.cz,Ano,https://www.sauto.cz/osobni/detail/skoda/scala/210068687
Škoda Scala 1.0 TSI,420000,58372,2022,Benzín,1.5,TSI,,110,Manuální,,,,Ne,Hatchback,Monte Carlo,Ano,Záruka,Ojeté,Sauto.cz,Ano,
Škoda Scala 1.0 TSI,445000,38680,2024,Benzín,1.5,TSI,,110,Automatická,Ano,,,Ne,Hatchback,,,Fresh AutoAC+PDC,Odstraněno,Sauto.cz,Ano,https://www.sauto.cz/osobni/detail/skoda/scala/210094472
Škoda Scala 1.0 TSI,480000,14472,2024,Benzín,1.5,TSI,,110,Manuální,,,,Ne,Hatchback,Top Selection,,,Ojeté,Sauto.cz,Ano,
Škoda Scala 1.0 TSI,569000,16860,2025,Benzín,1.5,TSI,,110,Automatická,Ano,,,Ne,Hatchback,TOP,,. . Select,Ojeté,Sauto.cz,Ano,
Škoda Scala 1.0 TSI,371000,53000,2021,Benzín,1.5,TSI,,110,,,,,Ne,Hatchback,,,.,Odstraněno,Sauto.cz,Ano,https://www.sauto.cz/osobni/detail/skoda/scala/210151799
Škoda Scala 1.0 TSI,399000,32504,2023,Benzín,1.5,TSI,,110,Manuální,,,,Ne,Hatchback,Style,,,Odstraněno,Sauto.cz,Ano,https://www.sauto.cz/osobni/detail/skoda/scala/210155234
Škoda Scala 1.0 TSI,378000,78207,2021,Benzín,1.5,TSI,,110,Manuální,,,,Ne,Hatchback,Style,,,Ojeté,Sauto.cz,Ano,
Škoda Scala 1.0 TSI,400000,44698,2021,Benzín,1.5,TSI,,110,Manuální,,,,Ne,Hatchback,Style,,Serv.kniha,Odstraněno,Sauto.cz,Ano,https://www.sauto.cz/osobni/detail/skoda/scala/210161021
Škoda Scala 1.0 TSI,460000,22415,2021,Benzín,1.5,TSI,,110,Automatická,,,,Ne,Hatchback,Style,,"2.maj,ČR",Odstraněno,Sauto.cz,Ano,https://www.sauto.cz/osobni/detail/skoda/scala/210163730
Škoda Scala 1.0 TSI,535999,20399,2024,Benzín,1.5,TSI,,110,Manuální,,,,Ne,Hatchback,Monte Carlo,,,Odstraněno,Sauto.cz,Ano,https://www.sauto.cz/osobni/detail/skoda/scala/210167201
Škoda Scala 1.0 TSI,469000,19133,2024,Benzín,1.5,TSI,,110,Manuální,,,,Ne,Hatchback,Top Selection,,,Odstraněno,Sauto.cz,Ano,https://www.sauto.cz/osobni/detail/skoda/scala/210180638
Škoda Scala 1.0 TSI,554000,25985,2025,Benzín,1.5,TSI,,110,Manuální,,,,Ne,Hatchback,Monte Carlo,,M,Odstraněno,Sauto.cz,Ano,https://www.sauto.cz/osobni/detail/skoda/scala/210180800
Škoda Scala 1.0 TSI,539000,11442,2025,Benzín,1.5,TSI,,110,Manuální,,,,Ne,Hatchback,,,SCALA SELEC 110 M6F,Odstraněno,Sauto.cz,Ano,https://www.sauto.cz/osobni/detail/skoda/scala/210182111
Škoda Scala 1.0 TSI,469900,38955,2024,Benzín,1.5,TSI,,110,Manuální,,,,Ne,Hatchback,Style,,,Odstraněno,Sauto.cz,Ano,https://www.sauto.cz/osobni/detail/skoda/scala/210183266
Škoda Scala 1.0 TSI,520000,33225,2024,Benzín,1.5,TSI,,110,Automatická,,,,Ne,Hatchback,Top Selection,,,Ojeté,Sauto.cz,Ano,
Škoda Scala 1.0 TSI,429990,83862,2022,Benzín,1.5,TSI,,110,Manuální,,,,Ne,Hatchback,Monte Carlo,,,Odstraněno,Sauto.cz,Ano,https://www.sauto.cz/osobni/detail/skoda/scala/210190481
Škoda Scala 1.0 TSI,445000,42765,2022,Benzín,1.5,TSI,,110,Automatická,Ano,,,Ne,Hatchback,Style,,PLUS,Odstraněno,Sauto.cz,Ano,https://www.sauto.cz/osobni/detail/skoda/scala/210190745
Škoda Scala 1.0 TSI,499000,65950,2024,Benzín,1.5,TSI,,110,Automatická,,,,Ne,Hatchback,,,"First Edition,1.maj",Odstraněno,Sauto.cz,Ano,https://www.sauto.cz/osobni/detail/skoda/scala/210194177
Škoda Scala 1.0 TSI,418999,60965,2021,Benzín,1.5,TSI,,110,Manuální,,,,Ne,Hatchback,Monte Carlo,,CZ,Ojeté,Sauto.cz,Ano,
Škoda Scala 1.0 TSI,647900,800,2025,Benzín,1.5,TSI,,110,Manuální,,,,Ne,Hatchback,,,MontCarlo 6st.man,Odstraněno,Sauto.cz,Ano,https://www.sauto.cz/osobni/detail/skoda/scala/210218069
Škoda Scala 1.0 TSI,665000,10,2026,Benzín,1.5,TSI,,110,Automatická,Ano,,,Ne,Hatchback,,,KAMERA TAŽNÉ,Odstraněno,Sauto.cz,Ano,https://www.sauto.cz/osobni/detail/skoda/scala/210221552
Škoda Scala 1.0 TSI,479990,26300,2023,Benzín,1.5,TSI,,110,Automatická,Ano,,,Ne,Hatchback,,,TAŽNÉ NAVI KAMERA,Odstraněno,Sauto.cz,Ano,https://www.sauto.cz/osobni/detail/skoda/scala/210221579
Škoda Scala 1.0 TSI,599990,21890,2023,Benzín,1.5,TSI,,110,Automatická,,,,Ne,Hatchback,Monte Carlo,,,Odstraněno,Sauto.cz,Ano,https://www.sauto.cz/osobni/detail/skoda/scala/210224087
Škoda Scala 1.0 TSI,618820,16028,2025,Benzín,1.5,TSI,,110,Automatická,Ano,,,Ne,Hatchback,Monte Carlo,,110,Odstraněno,Sauto.cz,Ano,https://www.sauto.cz/osobni/detail/skoda/scala/210228614
Škoda Scala 1.0 TSI,639000,265,2025,Benzín,1.5,TSI,,110,Automatická,Ano,,,Ne,Hatchback,Monte Carlo,,,Odstraněno,Sauto.cz,Ano,https://www.sauto.cz/osobni/detail/skoda/scala/210239144
Škoda Scala 1.0 TSI,445000,59886,2021,Benzín,1.5,TSI,,110,Automatická,Ano,,,Ne,Hatchback,,,ČR,Odstraněno,Sauto.cz,Ano,https://www.sauto.cz/osobni/detail/skoda/scala/210250421
Škoda Scala 1.0 TSI,519990,45763,2025,Benzín,1.5,TSI,,110,Manuální,,,,Ne,Hatchback,Monte Carlo,,,Odstraněno,Sauto.cz,Ano,https://www.sauto.cz/osobni/detail/skoda/scala/210253526
Škoda Scala 1.0 TSI,559900,10698,2025,Benzín,1.5,TSI,,110,Automatická,,,,Ne,Hatchback,Top Selection,,1. 7DS,Odstraněno,Sauto.cz,Ano,https://www.sauto.cz/osobni/detail/skoda/scala/210262097
Škoda Scala 1.0 TSI,559900,9787,2025,Benzín,1.5,TSI,,110,Automatická,,,,Ne,Hatchback,Top Selection,,1. 7DS,Odstraněno,Sauto.cz,Ano,https://www.sauto.cz/osobni/detail/skoda/scala/210262100
Škoda Scala 1.0 TSI,440000,67961,2021,Benzín,1.5,TSI,,110,Automatická,,,,Ne,Hatchback,Style,Ano,Záruka,Odstraněno,Sauto.cz,Ano,https://www.sauto.cz/osobni/detail/skoda/scala/210290684
Škoda Scala 1.0 TSI,329000,79412,2023,Benzín,1.5,TSI,,110,Manuální,,,,Ne,Hatchback,Ambition,,() MA,Odstraněno,Sauto.cz,Ano,https://www.sauto.cz/osobni/detail/skoda/scala/210294845
Škoda Scala 1.0 TSI,549900,24900,2025,Benzín,1.5,TSI,,110,Manuální,,,,Ne,Hatchback,Monte Carlo,,,Odstraněno,Sauto.cz,Ano,https://www.sauto.cz/osobni/detail/skoda/scala/210296453
Škoda Scala 1.0 TSI,449900,83368,2021,Benzín,1.5,TSI,,110,Automatická,Ano,,,Ne,Hatchback,Style,,Ext,Odstraněno,Sauto.cz,Ano,https://www.sauto.cz/osobni/detail/skoda/scala/210300953
Škoda Scala 1.0 TSI,559900,9167,2025,Benzín,1.5,TSI,,110,Automatická,Ano,,,Ne,Hatchback,Top Selection,,,Odstraněno,Sauto.cz,Ano,https://www.sauto.cz/osobni/detail/skoda/scala/210306236
Škoda Scala 1.0 TSI,559900,8965,2025,Benzín,1.5,TSI,,110,Automatická,,,,Ne,Hatchback,Top Selection,,"1, 7DS",Odstraněno,Sauto.cz,Ano,https://www.sauto.cz/osobni/detail/skoda/scala/210306242
Škoda Scala 1.0 TSI,489000,42963,2022,Benzín,1.5,TSI,,110,Automatická,,,,Ne,Hatchback,Monte Carlo,,,Ojeté,Sauto.cz,Ano,
Škoda Scala 1.0 TSI,549900,11224,2025,Benzín,1.5,TSI,,110,Automatická,Ano,,,Ne,Hatchback,Top Selection,,,Odstraněno,Sauto.cz,Ano,https://www.sauto.cz/osobni/detail/skoda/scala/210316196
Škoda Scala 1.0 TSI,423000,78463,2023,Benzín,1.5,TSI,,110,Manuální,,,,Ne,Hatchback,Style,,,Odstraněno,Sauto.cz,Ano,https://www.sauto.cz/osobni/detail/skoda/scala/210317294
Škoda Scala 1.0 TSI,400000,86092,2023,Benzín,1.5,TSI,,110,Manuální,,,,Ne,Hatchback,Style,,"ČR,1.maj",Odstraněno,Sauto.cz,Ano,https://www.sauto.cz/osobni/detail/skoda/scala/210318389
Škoda Scala 1.0 TSI,560000,29062,2025,Benzín,1.5,TSI,PHEV,110,Automatická,,,,Ne,Hatchback,,,"Drive, Drive",Ojeté,Sauto.cz,Ano,
Škoda Scala 1.0 TSI,599990,23470,2025,Benzín,1.5,TSI,,110,Automatická,Ano,,,Ne,Hatchback,Monte Carlo,,,Odstraněno,Sauto.cz,Ano,https://www.sauto.cz/osobni/detail/skoda/scala/210324728
Škoda Scala 1.0 TSI,329000,98724,2022,Benzín,1.5,TSI,,110,Manuální,,,,Ne,Hatchback,Ambition,,,Odstraněno,Sauto.cz,Ano,https://www.sauto.cz/osobni/detail/skoda/scala/210326477
Škoda Scala 1.0 TSI,630000,5,2026,Benzín,1.5,TSI,,110,,Ano,,,Ne,Hatchback,Monte Carlo,,,Odstraněno,Sauto.cz,Ano,https://www.sauto.cz/osobni/detail/skoda/scala/210335096
Škoda Scala 1.0 TSI,589900,10122,2025,Benzín,1.5,TSI,,110,Manuální,,,,Ne,Hatchback,Top Selection,,LED,Odstraněno,Sauto.cz,Ano,https://www.sauto.cz/osobni/detail/skoda/scala/210339401
Škoda Scala 1.0 TSI,398900,95052,2023,Benzín,1.5,TSI,,110,Manuální,,,,Ne,Hatchback,Style,,,Odstraněno,Sauto.cz,Ano,https://www.sauto.cz/osobni/detail/skoda/scala/210341618
Škoda Scala 1.0 TSI,588000,23300,2025,Benzín,1.5,TSI,,110,Automatická,Ano,,,Ne,Hatchback,Monte Carlo,,,Odstraněno,Sauto.cz,Ano,https://www.sauto.cz/osobni/detail/skoda/scala/210342614
Škoda Scala 1.0 TSI,499990,60805,2023,Benzín,1.5,TSI,,110,Automatická,,,,Ne,Hatchback,Monte Carlo,,,Odstraněno,Sauto.cz,Ano,https://www.sauto.cz/osobni/detail/skoda/scala/210350243
Škoda Scala 1.0 TSI,440000,28047,2023,Benzín,1.5,TSI,,110,Manuální,,,,Ne,Hatchback,,,"NOVÁ CENA, ČR,1.maj",Ojeté,Sauto.cz,Ano,
Škoda Scala 1.0 TSI,430000,56942,2022,Benzín,1.5,TSI,,110,Manuální,,,,Ne,Hatchback,,,Kůže,Odstraněno,Sauto.cz,Ano,https://www.sauto.cz/osobni/detail/skoda/scala/210362774
Škoda Scala 1.0 TSI,549900,13598,2025,Benzín,1.5,TSI,,110,Automatická,Ano,,,Ne,Hatchback,Top Selection,,,Odstraněno,Sauto.cz,Ano,https://www.sauto.cz/osobni/detail/skoda/scala/210367700
Škoda Scala 1.0 TSI,449000,39185,2021,Benzín,1.5,TSI,,110,Automatická,Ano,,,Ne,Hatchback,,,"ČR,SYTLE,125 LET",Ojeté,Sauto.cz,Ano,
Škoda Scala 1.0 TSI,539000,18777,2025,Benzín,1.5,TSI,,110,Automatická,,,,Ne,Hatchback,Top Selection,,DS,Odstraněno,Sauto.cz,Ano,https://www.sauto.cz/osobni/detail/skoda/scala/210371702
Škoda Scala 1.0 TSI,435000,59983,2021,Benzín,1.5,TSI,,110,Manuální,,,,Ne,Hatchback,Monte Carlo,,,Ojeté,Sauto.cz,Ano,
Škoda Scala 1.0 TSI,545000,8550,2025,Benzín,1.5,TSI,,110,Manuální,,,,Ne,Hatchback,TOP,,SELEC 110 M6F,Odstraněno,Sauto.cz,Ano,https://www.sauto.cz/osobni/detail/skoda/scala/210371795
Škoda Scala 1.0 TSI,622900,10,2026,Benzín,1.5,TSI,,110,Manuální,,,,Ne,Hatchback,Monte Carlo,,,Odstraněno,Sauto.cz,Ano,https://www.sauto.cz/osobni/detail/skoda/scala/210374732
Škoda Scala 1.0 TSI,537900,13571,2025,Benzín,1.5,TSI,,110,Automatická,,,,Ne,Hatchback,,,130 let Premi,Odstraněno,Sauto.cz,Ano,https://www.sauto.cz/osobni/detail/skoda/scala/210375887
Škoda Scala 1.0 TSI,518000,16927,2025,Benzín,1.5,TSI,,110,Manuální,,,,Ne,Hatchback,Top Selection,,,Ojeté,Sauto.cz,Ano,
Škoda Scala 1.0 TSI,539000,16189,2025,Benzín,1.5,TSI,,110,Automatická,,,,Ne,Hatchback,Top Selection,,DS,Odstraněno,Sauto.cz,Ano,https://www.sauto.cz/osobni/detail/skoda/scala/210376775
Škoda Scala 1.0 TSI,549990,19794,2025,Benzín,1.5,TSI,,110,Automatická,,,,Ne,Hatchback,Top Selection,,,Odstraněno,Sauto.cz,Ano,https://www.sauto.cz/osobni/detail/skoda/scala/210378848
Škoda Scala 1.0 TSI,559900,14652,2025,Benzín,1.5,TSI,,110,Automatická,Ano,,,Ne,Hatchback,Top Selection,,,Odstraněno,Sauto.cz,Ano,https://www.sauto.cz/osobni/detail/skoda/scala/210378869
Škoda Scala 1.0 TSI,559900,33692,2024,Benzín,1.5,TSI,,110,Automatická,Ano,,,Ne,Hatchback,,,MonteCarlo,Odstraněno,Sauto.cz,Ano,https://www.sauto.cz/osobni/detail/skoda/scala/210378923
Škoda Scala 1.0 TSI,549000,18875,2024,Benzín,1.5,TSI,,110,Manuální,,,,Ne,Hatchback,Monte Carlo,,,Ojeté,Sauto.cz,Ano,
Škoda Scala 1.0 TSI,606860,5,2026,Benzín,1.5,TSI,,110,Automatická,,,,Ne,Hatchback,TOP,,Selec.,Odstraněno,Sauto.cz,Ano,https://www.sauto.cz/osobni/detail/skoda/scala/210382157
Škoda Scala 1.0 TSI,397900,75644,2021,Benzín,1.5,TSI,,110,Automatická,,,,Ne,Hatchback,Style,,6MP,Odstraněno,Sauto.cz,Ano,https://www.sauto.cz/osobni/detail/skoda/scala/210388016
Škoda Scala 1.0 TSI,430000,78628,2023,Benzín,1.5,TSI,,110,Manuální,,,,Ne,Hatchback,Monte Carlo,,"ČR,1.maj",Ojeté,Sauto.cz,Ano,
Škoda Scala 1.0 TSI,580000,19087,2025,Benzín,1.5,TSI,,110,Automatická,,,,Ne,Hatchback,Monte Carlo,Ano,Záruka,Předváděcí,Sauto.cz,Ano,
Škoda Scala 1.0 TSI,439900,75003,2021,Benzín,1.5,TSI,,110,Manuální,,,,Ne,Hatchback,Monte Carlo,,1,Odstraněno,Sauto.cz,Ano,https://www.sauto.cz/osobni/detail/skoda/scala/210399809
Škoda Scala 1.0 TSI,613000,17100,2025,Benzín,1.5,TSI,,110,Automatická,Ano,,,Ne,Hatchback,Monte Carlo,,,Odstraněno,Sauto.cz,Ano,https://www.sauto.cz/osobni/detail/skoda/scala/210405677
Škoda Scala 1.0 TSI,575000,17405,2025,Benzín,1.5,TSI,,110,Automatická,Ano,,,Ne,Hatchback,Monte Carlo,,,Odstraněno,Sauto.cz,Ano,https://www.sauto.cz/osobni/detail/skoda/scala/210407921
Škoda Scala 1.0 TSI,629000,9595,2025,Benzín,1.5,TSI,,110,Automatická,Ano,,,Ne,Hatchback,Monte Carlo,,,Odstraněno,Sauto.cz,Ano,https://www.sauto.cz/osobni/detail/skoda/scala/210407933
Škoda Scala 1.0 TSI,499000,18728,2024,Benzín,1.5,TSI,,110,Automatická,,,,Ne,Hatchback,Style,,odp. DPH,Ojeté,Sauto.cz,Ano,
Škoda Scala 1.0 TSI,598950,16985,2025,Benzín,1.5,TSI,,110,Automatická,Ano,,,Ne,Hatchback,,,7° Monte Ca,Odstraněno,Sauto.cz,Ano,https://www.sauto.cz/osobni/detail/skoda/scala/210416651
Škoda Scala 1.0 TSI,549900,13473,2025,Benzín,1.5,TSI,,110,Automatická,Ano,,,Ne,Hatchback,Top Selection,,,Odstraněno,Sauto.cz,Ano,https://www.sauto.cz/osobni/detail/skoda/scala/210422762
Škoda Scala 1.0 TSI,420000,64173,2023,Benzín,1.5,TSI,,110,Manuální,,,,Ne,Hatchback,Style,,,Odstraněno,Sauto.cz,Ano,https://www.sauto.cz/osobni/detail/skoda/scala/210424865
Škoda Scala 1.0 TSI,498900,61734,2022,Benzín,1.5,TSI,,110,Automatická,,,,Ne,Hatchback,Monte Carlo,,,Odstraněno,Sauto.cz,Ano,https://www.sauto.cz/osobni/detail/skoda/scala/210425075
Škoda Scala 1.0 TSI,479901,38637,2023,Benzín,1.5,TSI,,110,Automatická,Ano,,,Ne,Hatchback,Style,,Plus,Odstraněno,Sauto.cz,Ano,https://www.sauto.cz/osobni/detail/skoda/scala/210426425
Škoda Scala 1.0 TSI,539900,16470,2025,Benzín,1.5,TSI,,110,Automatická,Ano,,,Ne,Hatchback,Top Selection,,,Odstraněno,Sauto.cz,Ano,https://www.sauto.cz/osobni/detail/skoda/scala/210426524
Škoda Scala 1.0 TSI,574900,18918,2025,Benzín,1.5,TSI,,110,Automatická,Ano,,,Ne,Hatchback,Monte Carlo,,,Odstraněno,Sauto.cz,Ano,https://www.sauto.cz/osobni/detail/skoda/scala/210426584
Škoda Scala 1.0 TSI,628000,9030,2025,Benzín,1.5,TSI,,110,Automatická,Ano,,,Ne,Hatchback,Monte Carlo,,,Odstraněno,Sauto.cz,Ano,https://www.sauto.cz/osobni/detail/skoda/scala/210426821
Škoda Scala 1.0 TSI,559000,21780,2024,Benzín,1.5,TSI,,110,Automatická,,,,Ne,Hatchback,Top Selection,,| |,Odstraněno,Sauto.cz,Ano,https://www.sauto.cz/osobni/detail/skoda/scala/210431261
Škoda Scala 1.0 TSI,519000,20310,2023,Benzín,1.5,TSI,,110,Automatická,Ano,,,Ne,Hatchback,Monte Carlo,,,Odstraněno,Sauto.cz,Ano,https://www.sauto.cz/osobni/detail/skoda/scala/210431270
Škoda Scala 1.0 TSI,530000,6517,2023,Benzín,1.5,TSI,,110,Automatická,,,,Ne,Hatchback,Monte Carlo,,Automat,Odstraněno,Sauto.cz,Ano,https://www.sauto.cz/osobni/detail/skoda/scala/210432341
Škoda Scala 1.0 TSI,529900,12120,2022,Benzín,1.5,TSI,,110,Automatická,,,,Ne,Hatchback,Monte Carlo,,Tažné,Ojeté,Sauto.cz,Ano,
Škoda Scala 1.0 TSI,570000,18985,2025,Benzín,1.5,TSI,PHEV,110,Automatická,,,,Ne,Hatchback,,,"Drive, Drive",Odstraněno,Sauto.cz,Ano,https://www.sauto.cz/osobni/detail/skoda/scala/210435140
Škoda Scala 1.0 TSI,329000,74430,2023,Benzín,1.5,TSI,,110,Manuální,,,,Ne,Hatchback,Ambition,,() MA,Odstraněno,Sauto.cz,Ano,https://www.sauto.cz/osobni/detail/skoda/scala/210438536
Škoda Scala 1.0 TSI,359000,22999,2023,Benzín,1.5,TSI,,110,Manuální,,,,Ne,Hatchback,Ambition,,() MA,Odstraněno,Sauto.cz,Ano,https://www.sauto.cz/osobni/detail/skoda/scala/210439118
Škoda Scala 1.0 TSI,350000,45042,2023,Benzín,1.5,TSI,,110,Manuální,,,,Ne,Hatchback,Ambition,,() MA,Odstraněno,Sauto.cz,Ano,https://www.sauto.cz/osobni/detail/skoda/scala/210439121
Škoda Scala 1.0 TSI,327000,80654,2023,Benzín,1.5,TSI,,110,Manuální,,,,Ne,Hatchback,Ambition,,() MA,Odstraněno,Sauto.cz,Ano,https://www.sauto.cz/osobni/detail/skoda/scala/210439130
Škoda Scala 1.0 TSI,534000,27800,2025,Benzín,1.5,TSI,,110,Manuální,,,,Ne,Hatchback,Monte Carlo,,,Odstraněno,Sauto.cz,Ano,https://www.sauto.cz/osobni/detail/skoda/scala/210488042
Škoda Scala 1.0 TSI,579900,10150,2025,Benzín,1.5,TSI,,110,Automatická,Ano,,,Ne,Hatchback,Monte Carlo,,,Odstraněno,Sauto.cz,Ano,https://www.sauto.cz/osobni/detail/skoda/scala/210488147
Škoda Scala 1.0 TSI,559000,24079,2024,Benzín,1.5,TSI,,110,Automatická,,,,Ne,Hatchback,Monte Carlo,,,Odstraněno,Sauto.cz,Ano,https://www.sauto.cz/osobni/detail/skoda/scala/210489944
Škoda Scala 1.0 TSI,499000,26589,2023,Benzín,1.5,TSI,,110,Manuální,,,,Ne,Hatchback,Monte Carlo,,,Ojeté,Sauto.cz,Ano,
Škoda Scala 1.0 TSI,579900,10787,2025,Benzín,1.5,TSI,,110,Automatická,Ano,,,Ne,Hatchback,Monte Carlo,,,Ojeté,Sauto.cz,Ano,
Škoda Scala 1.0 TSI,639900,9367,2025,Benzín,1.5,TSI,,110,Automatická,Ano,,,Ne,Hatchback,Monte Carlo,,,Ojeté,Sauto.cz,Ano,
Škoda Scala 1.0 TSI,599900,14971,2025,Benzín,1.5,TSI,,110,Automatická,Ano,,,Ne,Hatchback,Monte Carlo,,,Odstraněno,Sauto.cz,Ano,https://www.sauto.cz/osobni/detail/skoda/scala/210521288
Škoda Scala 1.0 TSI,719000,6923,2025,Benzín,1.5,TSI,,110,Automatická,Ano,,,Ne,Hatchback,Monte Carlo,,NAVI,Ojeté,Sauto.cz,Ano,
Škoda Scala 1.0 TSI,499900,14744,2022,Benzín,1.0,TSI,,110,Manuální,,,,Ne,Hatchback,Monte Carlo,,,Ojeté,Sauto.cz,Ano,
Škoda Scala 1.0 TSI,629900,19775,2025,Benzín,1.5,TSI,,110,Automatická,Ano,,,Ne,Hatchback,Monte Carlo,,,Ojeté,Sauto.cz,Ano,
Škoda Scala 1.0 TSI,529990,21297,2023,Benzín,1.5,TSI,,110,Automatická,,,,Ne,Hatchback,Style,,,Ojeté,Sauto.cz,Ano,
Škoda Scala 1.0 TSI,499000,62385,2021,Benzín,1.5,TSI,,110,Automatická,,,,Ne,Hatchback,Style,,SCALA Extra 11,Ojeté,Sauto.cz,Ano,
Škoda Scala 1.0 TSI,599000,20045,2025,Benzín,1.5,TSI,,110,Automatická,Ano,,,Ne,Hatchback,Monte Carlo,,,Ojeté,Sauto.cz,Ano,
Škoda Scala 1.0 TSI,539000,12148,2025,Benzín,1.5,TSI,,110,Manuální,,,,Ne,Hatchback,Monte Carlo,,110 M6F,Ojeté,Sauto.cz,Ano,
Škoda Scala 1.0 TSI,549900,11566,2025,Benzín,1.5,TSI,,110,Automatická,,,,Ne,Hatchback,Top Selection,,1,Ojeté,Sauto.cz,Ano,
Škoda Scala 1.0 TSI,577000,16450,2025,Benzín,1.5,TSI,,110,Automatická,Ano,,,Ne,Hatchback,Monte Carlo,,,Ojeté,Sauto.cz,Ano,
Škoda Superb 3 Combi Style 2.0 TDI,649989,52500,2023,Nafta,2.0,TDI,,147,Automatická,Ano,,,Ne,Kombi,Style,,Combi P,Odstraněno,Sauto.cz,Ano,https://www.sauto.cz/osobni/detail/skoda/superb/207429717
Škoda Superb 3 Combi Style 2.0 TDI,599000,51639,2023,Nafta,2.0,TDI,,110,Automatická,Ano,,,Ne,Liftback,,,,Ojeté,Sauto.cz,Ano,
Škoda Superb 3 Combi Style 2.0 TDI,569000,63242,2023,Nafta,2.0,TDI,,110,Automatická,Ano,,,Ne,Liftback,,,,Ojeté,Sauto.cz,Ano,
Škoda Superb Liftback 1.5 TSI (Gen 4),728900,22264,2024,Benzín,1.5,TSI,,110,Automatická,,,,Ne,Liftback,Selection,,,Ojeté,Sauto.cz,Ano,
Škoda Superb Liftback 1.5 TSI (Gen 4),688900,41700,2021,Benzín,2.0,TSI,,140,Automatická,,,,Ne,Liftback,,,L&K,Ojeté,Sauto.cz,Ano,
Škoda Superb 3 Combi Style 2.0 TDI,744900,28323,2024,Nafta,2.0,TDI,,110,Automatická,Ano,,,Ne,Kombi,Style,,Combi,Odstraněno,Sauto.cz,Ano,https://www.sauto.cz/osobni/detail/skoda/superb/208743689
Škoda Superb 3 Combi Style 2.0 TDI,609900,77009,2022,Nafta,2.0,TDI,,147,Automatická,Ano,,,Ne,Kombi,Style,,COMBI,Ojeté,Sauto.cz,Ano,
Škoda Superb Liftback 1.5 TSI (Gen 4),569900,72777,2022,Benzín,1.5,TSI,,110,Automatická,Ano,,,Ne,Liftback,Style,,"III , ...",Ojeté,Sauto.cz,Ano,
Škoda Superb Liftback 1.5 TSI (Gen 4),749000,24290,2024,Benzín,1.5,TSI,,110,Automatická,Ano,,,Ne,Liftback,Selection,,,Odstraněno,Sauto.cz,Ano,https://www.sauto.cz/osobni/detail/skoda/superb/209025225
Škoda Superb 3 Combi Style 2.0 TDI,739000,29000,2023,Nafta,2.0,TDI,,110,Manuální,,,,Ne,Liftback,Style,,Plus,Ojeté,Sauto.cz,Ano,
Škoda Superb 3 Combi Style 2.0 TDI,659990,63000,2023,Nafta,2.0,TDI,,147,Automatická,Ano,,,Ne,Kombi,Style,,Combi P,Odstraněno,Sauto.cz,Ano,https://www.sauto.cz/osobni/detail/skoda/superb/209045313
Škoda Superb 3 Combi Style 2.0 TDI,679888,87547,2022,Nafta,2.0,TDI,,147,Automatická,Ano,,,Ano,Kombi,,,Combi L&K,Ojeté,Sauto.cz,Ano,
Škoda Superb 3 Combi Style 2.0 TDI,749000,87089,2022,Nafta,2.0,TDI,,147,Automatická,Ano,,,Ano,Kombi,Sportline,,LED,Ojeté,Sauto.cz,Ano,
Škoda Superb 3 Combi Style 2.0 TDI,659500,87232,2023,Nafta,2.0,,,110,Automatická,,,,Ne,Kombi,Style,,"+, ACC, Virtual, Kame",Odstraněno,Sauto.cz,Ano,https://www.sauto.cz/osobni/detail/skoda/superb/209345943
Škoda Superb Liftback 1.5 TSI (Gen 4),550000,79687,2023,Benzín,2.0,TSI,,140,Automatická,,,,Ne,Liftback,Style,,NOVÁ CENA,Odstraněno,Sauto.cz,Ano,https://www.sauto.cz/osobni/detail/skoda/superb/209352582
Škoda Superb 3 Combi Style 2.0 TDI,729999,51429,2023,Nafta,2.0,TDI,,147,Automatická,Ano,,,Ne,Kombi,Sportline,,Combi,Ojeté,Sauto.cz,Ano,
Škoda Superb 3 Combi Style 2.0 TDI,639000,48882,2023,Nafta,2.0,TDI,,110,Automatická,Ano,,,Ne,Kombi,Ambition,,Plu,Ojeté,Sauto.cz,Ano,
Škoda Superb 3 Combi Style 2.0 TDI,557999,90000,2021,Nafta,2.0,,,110,Manuální,,,,Ne,Kombi,,,Superb combi-1.maj-ČR-NEHAV-TZ,Ojeté,Sauto.cz,Ano,
Škoda Superb 3 Combi Style 2.0 TDI,628000,91134,2024,Nafta,2.0,TDI,,110,Automatická,,,,Ne,Kombi,Style,,DSG ČR1.MAJ,Ojeté,Sauto.cz,Ano,
Škoda Superb 3 Combi Style 2.0 TDI,709999,82881,2022,Nafta,2.0,TDI,,110,Automatická,Ano,,,Ne,Liftback,,,DPH CZ,Odstraněno,Sauto.cz,Ano,https://www.sauto.cz/osobni/detail/skoda/superb/209633658
Škoda Superb 3 Combi Style 2.0 TDI,559900,99556,2021,Nafta,2.0,TDI,,110,Automatická,Ano,,,Ne,Liftback,Sportline,,,Ojeté,Sauto.cz,Ano,
Škoda Superb 3 Combi Style 2.0 TDI,715000,58400,2024,Nafta,2.0,TDI,,110,Automatická,Ano,,,Ne,Kombi,Style,,,Odstraněno,Sauto.cz,Ano,https://www.sauto.cz/osobni/detail/skoda/superb/209673267
Škoda Superb 3 Combi Style 2.0 TDI,634999,41233,2023,Nafta,2.0,TDI,,110,Automatická,Ano,,,Ne,Sedan/limuzína,Style,,,Ojeté,Sauto.cz,Ano,
Škoda Superb 3 Combi Style 2.0 TDI,515000,87939,2022,Nafta,2.0,TDI,,110,Automatická,,,,Ne,Liftback,Style,,NOVÁ CENA,Odstraněno,Sauto.cz,Ano,https://www.sauto.cz/osobni/detail/skoda/superb/209756637
Škoda Superb 3 Combi Style 2.0 TDI,686000,89367,2022,Nafta,2.0,TDI,,147,Automatická,Ano,,,Ano,Kombi,,,,Ojeté,Sauto.cz,Ano,
Škoda Superb 3 Combi Style 2.0 TDI,596000,100000,2023,Nafta,2.0,TDI,,147,Automatická,Ano,,,Ne,Kombi,,,Matrix,Ojeté,Sauto.cz,Ano,
Škoda Superb 3 Combi Style 2.0 TDI,713999,43580,2023,Nafta,2.0,TDI,,147,Automatická,Ano,,,Ano,Liftback,Style,,CZ,Ojeté,Sauto.cz,Ano,
Škoda Superb 3 Combi Style 2.0 TDI,636400,84423,2024,Nafta,2.0,TDI,,110,Automatická,,,,Ne,Kombi,,,"VIRTUAL,KAMERA,1.MAJ.",Odstraněno,Sauto.cz,Ano,https://www.sauto.cz/osobni/detail/skoda/superb/209859390
Škoda Superb 3 Combi Style 2.0 TDI,687000,72782,2022,Nafta,2.0,TDI,,147,Automatická,Ano,,,Ne,Sedan/limuzína,Premium,,,Ojeté,Sauto.cz,Ano,
Škoda Superb 3 Combi Style 2.0 TDI,646000,98666,2023,Nafta,2.0,TDI,,147,Automatická,Ano,,,Ano,Kombi,Style,,,Ojeté,Sauto.cz,Ano,
Škoda Superb Combi 1.5 TSI (Gen 4),450000,99960,2021,Benzín,1.5,TSI,,110,Manuální,,,,Ne,Kombi,Style,,"ČR,1.Maj.",Ojeté,Sauto.cz,Ano,
Škoda Superb 3 Combi Style 2.0 TDI,650000,61707,2023,Nafta,2.0,TDI,,110,Automatická,,,,Ne,Kombi,Sportline,,NOVÁ CENA,Ojeté,Sauto.cz,Ano,
Škoda Superb 3 Combi Style 2.0 TDI,699000,89824,2024,Nafta,2.0,TDI,,147,Automatická,Ano,,,Ano,Kombi,Sportline,,Comb,Ojeté,Sauto.cz,Ano,
Škoda Superb Liftback 1.5 TSI (Gen 4),485000,70190,2022,Benzín,1.5,TSI,,110,Automatická,Ano,,,Ne,Liftback,Style,,TAŽNÉ+ACC,Odstraněno,Sauto.cz,Ano,https://www.sauto.cz/osobni/detail/skoda/superb/210053477
Škoda Superb 3 Combi Style 2.0 TDI,519000,81704,2022,Nafta,2.0,TDI,,110,Automatická,Ano,,,Ne,Liftback,,,Ambiente,Ojeté,Sauto.cz,Ano,
Škoda Superb 3 Combi Style 2.0 TDI,580000,35184,2023,Nafta,2.0,TDI,,110,Automatická,,,,Ne,Kombi,Ambition,,NOVÁ CENA,Ojeté,Sauto.cz,Ano,
Škoda Superb 3 Combi Style 2.0 TDI,569000,86781,2023,Nafta,2.0,TDI,,147,Automatická,Ano,,,Ano,Kombi,Style,,ČR,Ojeté,Sauto.cz,Ano,
Škoda Superb Combi 1.5 TSI (Gen 4),599000,78599,2022,Benzín,2.0,TSI,,140,Automatická,Ano,,,Ne,Kombi,Style,,Combi,Ojeté,Sauto.cz,Ano,
Škoda Superb 3 Combi Style 2.0 TDI,679000,37000,2023,Nafta,2.0,TDI,,110,Automatická,,,,Ne,Sedan/limuzína,Style,,plus,Ojeté,Sauto.cz,Ano,
Škoda Superb Combi 1.5 TSI (Gen 4),639999,70212,2021,Benzín,2.0,TSI,,140,Automatická,Ano,,,Ne,Kombi,Style,,Combi,Ojeté,Sauto.cz,Ano,
Škoda Superb 3 Combi Style 2.0 TDI,539000,93995,2022,Nafta,2.0,TDI,,110,Automatická,Ano,,,Ne,Kombi,Style,,Combi,Ojeté,Sauto.cz,Ano,
Škoda Superb Liftback 1.5 TSI (Gen 4),569000,72820,2022,Benzín,2.0,TSI,,140,Automatická,Ano,,,Ne,Liftback,Style,,,Ojeté,Sauto.cz,Ano,
Škoda Superb 3 Combi Style 2.0 TDI,519000,88234,2022,Nafta,2.0,TDI,,110,Automatická,Ano,,,Ne,Kombi,Style,,Combi,Ojeté,Sauto.cz,Ano,
Škoda Superb 3 Combi Style 2.0 TDI,618999,70357,2023,Nafta,2.0,TDI,,110,Automatická,Ano,,,Ne,Kombi,,,CZ 1.Maj DPH,Ojeté,Sauto.cz,Ano,
Škoda Superb Combi 1.5 TSI (Gen 4),629000,75033,2022,Benzín,2.0,TSI,,140,Automatická,Ano,,,Ne,Kombi,Style,,Combi,Ojeté,Sauto.cz,Ano,
Škoda Superb Combi 1.5 TSI (Gen 4),672000,62770,2022,Benzín,2.0,TSI,,140,Automatická,Ano,,,Ne,Kombi,Style,,,Ojeté,Sauto.cz,Ano,
Škoda Superb 3 Combi Style 2.0 TDI,637000,82597,2021,Nafta,2.0,TDI,,110,Automatická,Ano,,,Ne,Kombi,Style,,Combi,Odstraněno,Sauto.cz,Ano,https://www.sauto.cz/osobni/detail/skoda/superb/210188396
Škoda Superb Combi 1.5 TSI (Gen 4),524990,48747,2021,Benzín,1.5,TSI,,110,Automatická,,,,Ne,Kombi,Ambition,,Plus,Ojeté,Sauto.cz,Ano,
Škoda Superb 3 Combi Style 2.0 TDI,600000,61219,2021,Nafta,2.0,TDI,,110,Automatická,,,,Ne,Liftback,,,"NOVÁ CENA, Automat",Ojeté,Sauto.cz,Ano,
Škoda Superb Combi 1.5 TSI (Gen 4),629000,82843,2022,Benzín,2.0,TSI,,140,Automatická,Ano,,,Ne,Kombi,Style,,Combi,Ojeté,Sauto.cz,Ano,
Škoda Superb Combi 1.5 TSI (Gen 4),629000,91723,2022,Benzín,2.0,TSI,,140,Automatická,Ano,,,Ne,Kombi,Style,,Combi,Ojeté,Sauto.cz,Ano,
Škoda Superb 3 Combi Style 2.0 TDI,679990,31058,2023,Nafta,2.0,,,110,Automatická,Ano,,,Ne,Sedan/limuzína,,,2023 / VIRTUAL DPH,Odstraněno,Sauto.cz,Ano,https://www.sauto.cz/osobni/detail/skoda/superb/210211361
Škoda Superb 3 Combi Style 2.0 TDI,629999,87510,2022,Nafta,2.0,TDI,,147,Automatická,Ano,,,Ne,Kombi,Style,,CZ DPH,Ojeté,Sauto.cz,Ano,
Škoda Superb 3 Combi Style 2.0 TDI,729000,79458,2023,Nafta,2.0,TDI,,147,Automatická,Ano,,,Ano,Liftback,,,L&K,Ojeté,Sauto.cz,Ano,
Škoda Superb 3 Combi Style 2.0 TDI,684900,95455,2022,Nafta,2.0,TDI,,147,Automatická,Ano,,,Ne,Kombi,Sportline,,,Odstraněno,Sauto.cz,Ano,https://www.sauto.cz/osobni/detail/skoda/superb/210218024
Škoda Superb Liftback 1.5 TSI (Gen 4),629000,84970,2022,Benzín,2.0,TSI,,140,Automatická,Ano,,,Ne,Liftback,Style,,,Ojeté,Sauto.cz,Ano,
Škoda Superb Liftback 1.5 TSI (Gen 4),629000,69799,2022,Benzín,2.0,TSI,,140,Automatická,Ano,,,Ne,Liftback,Style,,,Ojeté,Sauto.cz,Ano,
Škoda Superb Liftback 1.5 TSI (Gen 4),749000,15809,2023,Benzín,1.4,TSI,PHEV,160,Automatická,,,,Ne,Sedan/limuzína,,,iV L&K,Odstraněno,Sauto.cz,Ano,https://www.sauto.cz/osobni/detail/skoda/superb/210228884
Škoda Superb 3 Combi Style 2.0 TDI,729000,63119,2023,Nafta,2.0,TDI,,147,Automatická,Ano,,,Ano,Kombi,Style,,Combi,Ojeté,Sauto.cz,Ano,
Škoda Superb Liftback 1.5 TSI (Gen 4),479900,99900,2021,Benzín,1.5,TSI,,110,,,,,Ne,Liftback,Style,,NEZ.TOPENÍ,Ojeté,Sauto.cz,Ano,
Škoda Superb 3 Combi Style 2.0 TDI,519000,96980,2022,Nafta,2.0,TDI,,110,Automatická,Ano,,,Ne,Liftback,Ambition,,ČR,Ojeté,Sauto.cz,Ano,
Škoda Superb Liftback 1.5 TSI (Gen 4),470000,100000,2021,Benzín,1.5,TSI,,110,Automatická,,,,Ne,Sedan/limuzína,,,"Matrix LED,ojeté",Ojeté,Sauto.cz,Ano,
Škoda Superb Combi 1.5 TSI (Gen 4),649900,66759,2021,Benzín,1.5,TSI,,110,Automatická,,,,Ne,Kombi,Sportline,,COMBI,Odstraněno,Sauto.cz,Ano,https://www.sauto.cz/osobni/detail/skoda/superb/210256610
Škoda Superb Liftback 1.5 TSI (Gen 4),649000,62177,2022,Benzín,2.0,TSI,,140,Automatická,Ano,,,Ne,Liftback,Style,,,Ojeté,Sauto.cz,Ano,
Škoda Superb 3 Combi Style 2.0 TDI,729000,67153,2023,Nafta,2.0,TDI,,147,Automatická,Ano,,,Ano,Kombi,Style,,Combi,Ojeté,Sauto.cz,Ano,
Škoda Superb 3 Combi Style 2.0 TDI,541000,70922,2021,Nafta,2.0,TDI,,110,Automatická,Ano,,,Ne,Kombi,Style,,,Ojeté,Sauto.cz,Ano,
Škoda Superb 3 Combi Style 2.0 TDI,581997,57313,2023,Nafta,2.0,,,110,Automatická,,,,Ne,Kombi,,,,Odstraněno,Sauto.cz,Ano,https://www.sauto.cz/osobni/detail/skoda/superb/210284849
Škoda Superb Liftback 1.5 TSI (Gen 4),629000,45257,2022,Benzín,2.0,TSI,,140,Automatická,Ano,,,Ne,Liftback,Style,,,Ojeté,Sauto.cz,Ano,
Škoda Superb Combi 1.5 TSI (Gen 4),679000,54300,2022,Benzín,2.0,TSI,,140,Automatická,Ano,,,Ne,Kombi,Style,,Combi,Ojeté,Sauto.cz,Ano,
Škoda Superb 3 Combi Style 2.0 TDI,616000,90567,2022,Nafta,2.0,TDI,,110,Manuální,,,,Ne,Sedan/limuzína,,,SUPERB L&K,Ojeté,Sauto.cz,Ano,
Škoda Superb Combi 1.5 TSI (Gen 4),539999,76003,2021,Benzín,2.0,TSI,,140,Automatická,Ano,,,Ne,Kombi,Style,,CZ 1.Maj DPH,Ojeté,Sauto.cz,Ano,
Škoda Superb Combi 1.5 TSI (Gen 4),519000,92955,2021,Benzín,1.5,TSI,,110,Automatická,Ano,,,Ne,Kombi,Style,,COMBI,Ojeté,Sauto.cz,Ano,
Škoda Superb Combi 1.5 TSI (Gen 4),649000,76562,2022,Benzín,2.0,TSI,,140,Automatická,Ano,,,Ne,Kombi,Style,,Combi,Ojeté,Sauto.cz,Ano,
Škoda Superb 3 Combi Style 2.0 TDI,579999,91980,2023,Nafta,2.0,TDI,,110,Manuální,,,,Ne,Liftback,,,Virtual Matrix Webasto,Ojeté,Sauto.cz,Ano,
Škoda Superb 3 Combi Style 2.0 TDI,599500,90235,2022,Nafta,2.0,TDI,,147,Automatická,Ano,,,Ano,Kombi,,,kůže ČR 1.maj,Odstraněno,Sauto.cz,Ano,https://www.sauto.cz/osobni/detail/skoda/superb/210318602
Škoda Superb Liftback 1.5 TSI (Gen 4),699000,96203,2021,Benzín,2.0,TSI,,206,Automatická,Ano,,,Ano,Sedan/limuzína,,,L&K,Ojeté,Sauto.cz,Ano,
Škoda Superb 3 Combi Style 2.0 TDI,729000,54793,2023,Nafta,2.0,TDI,,147,Automatická,Ano,,,Ano,Kombi,Style,,Combi,Ojeté,Sauto.cz,Ano,
Škoda Superb 3 Combi Style 2.0 TDI,720000,82902,2024,Nafta,2.0,TDI,,147,Automatická,,,,Ne,Kombi,,Ano,"Záruka, Automat, ČR",Ojeté,Sauto.cz,Ano,
Škoda Superb Combi 1.5 TSI (Gen 4),729000,90817,2023,Benzín,2.0,TSI,,206,Automatická,Ano,,,Ano,Kombi,Style,,Combi,Ojeté,Sauto.cz,Ano,
Škoda Superb Combi 1.5 TSI (Gen 4),749900,63219,2021,Benzín,2.0,TSI,,200,Automatická,Ano,,,Ano,Kombi,Sportline,,,Odstraněno,Sauto.cz,Ano,https://www.sauto.cz/osobni/detail/skoda/superb/210344528
Škoda Superb Liftback 1.5 TSI (Gen 4),739900,92018,2021,Benzín,2.0,TSI,,206,Automatická,Ano,,,Ano,Liftback,Sportline,,,Odstraněno,Sauto.cz,Ano,https://www.sauto.cz/osobni/detail/skoda/superb/210344645
Škoda Superb 3 Combi Style 2.0 TDI,499000,97300,2021,Nafta,2.0,TDI,,110,Automatická,,,,Ne,Kombi,Style,,-TAŽNÉ EL-KAMERA,Odstraněno,Sauto.cz,Ano,https://www.sauto.cz/osobni/detail/skoda/superb/210360695
Škoda Superb 3 Combi Style 2.0 TDI,739900,64148,2024,Nafta,2.0,TDI,,147,Automatická,Ano,,,Ano,Sedan/limuzína,Style,,,Odstraněno,Sauto.cz,Ano,https://www.sauto.cz/osobni/detail/skoda/superb/210362048
Škoda Superb 3 Combi Style 2.0 TDI,718000,44327,2024,Nafta,2.0,TDI,,110,Automatická,Ano,,,Ne,Kombi,Style,Ano,Záruk,Ojeté,Sauto.cz,Ano,
Škoda Superb 3 Combi Style 2.0 TDI,568000,65384,2022,Nafta,2.0,TDI,,110,Automatická,Ano,,,Ne,Kombi,Style,Ano,Záruk,Ojeté,Sauto.cz,Ano,
Škoda Superb Combi 1.5 TSI (Gen 4),600000,97370,2021,Benzín,1.5,TSI,,110,Automatická,,,,Ne,Kombi,,,Laurin&Klement,Odstraněno,Sauto.cz,Ano,https://www.sauto.cz/osobni/detail/skoda/superb/210376988
Škoda Superb 3 Combi Style 2.0 TDI,538000,94465,2022,Nafta,2.0,TDI,,110,Automatická,,,,Ne,Kombi,,,,Odstraněno,Sauto.cz,Ano,https://www.sauto.cz/osobni/detail/skoda/superb/210380543
Škoda Superb Combi 1.5 TSI (Gen 4),649999,80048,2023,Benzín,1.5,TSI,,110,Automatická,Ano,,,Ne,Kombi,Style,,Combi,Ojeté,Sauto.cz,Ano,
Škoda Superb Combi 1.5 TSI (Gen 4),619000,81608,2022,Benzín,2.0,TSI,,140,Automatická,Ano,,,Ne,Kombi,Style,,Combi,Ojeté,Sauto.cz,Ano,
Škoda Superb 3 Combi Style 2.0 TDI,583000,75000,2022,Nafta,2.0,TDI,,110,Automatická,Ano,,,Ne,Kombi,Style,,,Ojeté,Sauto.cz,Ano,
Škoda Superb 3 Combi Style 2.0 TDI,579000,46981,2021,Nafta,2.0,TDI,,110,Manuální,,,,Ne,Kombi,Style,,Combi,Ojeté,Sauto.cz,Ano,
Škoda Superb 3 Combi Style 2.0 TDI,689000,75318,2022,Nafta,2.0,TDI,,147,Automatická,Ano,,,Ano,Liftback,Style,,,Ojeté,Sauto.cz,Ano,
Škoda Superb 3 Combi Style 2.0 TDI,624999,67364,2022,Nafta,2.0,TDI,,147,Automatická,Ano,,,Ano,Sedan/limuzína,Style,,CZ DPH,Ojeté,Sauto.cz,Ano,
Škoda Superb Combi 1.5 TSI (Gen 4),739000,63718,2022,Benzín,2.0,TSI,,140,Automatická,Ano,,,Ne,Kombi,Style,,Combi,Ojeté,Sauto.cz,Ano,
Škoda Superb Combi 1.5 TSI (Gen 4),630000,90176,2023,Benzín,1.5,TSI,,110,Automatická,,,,Ne,Kombi,,,Laurin&Klement,Ojeté,Sauto.cz,Ano,
Škoda Superb 3 Combi Style 2.0 TDI,739000,42065,2024,Nafta,2.0,TDI,,110,Automatická,Ano,,,Ne,Kombi,Style,,Extra,Odstraněno,Sauto.cz,Ano,https://www.sauto.cz/osobni/detail/skoda/superb/210413996
Škoda Superb 3 Combi Style 2.0 TDI,659000,97927,2022,Nafta,2.0,TDI,,147,Automatická,Ano,,,Ano,Kombi,Scout,,"TAŽNÉ,ČR",Ojeté,Sauto.cz,Ano,
"Škoda Superb Combi iV (PHEV, Gen 4)",579000,39000,2023,Nafta,2.0,TDI,PHEV,110,Manuální,,,,Ne,Liftback,,,IV,Odstraněno,Sauto.cz,Ano,https://www.sauto.cz/osobni/detail/skoda/superb/210416045
Škoda Superb 3 Combi Style 2.0 TDI,629000,56381,2021,Nafta,2.0,TDI,,110,Automatická,Ano,,,Ne,Kombi,Style,,Combi,Ojeté,Sauto.cz,Ano,
Škoda Superb 3 Combi Style 2.0 TDI,579900,73097,2021,Nafta,2.0,TDI,,147,Automatická,Ano,,,Ano,Liftback,Style,,TAŽ,Odstraněno,Sauto.cz,Ano,https://www.sauto.cz/osobni/detail/skoda/superb/210426587
Škoda Superb 3 Combi Style 2.0 TDI,719000,84257,2022,Nafta,2.0,TDI,,147,Automatická,Ano,,,Ano,Liftback,,,Laurin&Klement,Odstraněno,Sauto.cz,Ano,https://www.sauto.cz/osobni/detail/skoda/superb/210431141
Škoda Superb 3 Combi Style 2.0 TDI,688000,70742,2023,Nafta,2.0,TDI,,110,Automatická,Ano,,,Ne,Kombi,Sportline,,,Ojeté,Sauto.cz,Ano,
Škoda Superb 3 Combi Style 2.0 TDI,630000,99456,2023,Nafta,2.0,TDI,,110,Automatická,,,,Ne,Kombi,Sportline,,Automat,Ojeté,Sauto.cz,Ano,
Škoda Superb 3 Combi Style 2.0 TDI,630000,79167,2021,Nafta,2.0,TDI,,147,Automatická,,,,Ano,Kombi,Scout,,Automat,Ojeté,Sauto.cz,Ano,
Škoda Superb 3 Combi Style 2.0 TDI,619990,93773,2022,Nafta,2.0,,,110,Automatická,Ano,,,Ne,Kombi,Sportline,,Combi 19AL,Odstraněno,Sauto.cz,Ano,https://www.sauto.cz/osobni/detail/skoda/superb/210440033
Škoda Superb 3 Combi Style 2.0 TDI,619000,20000,2021,Nafta,2.0,TDI,,110,Automatická,,,,Ne,Kombi,Style,,"ČR,DPH!!!",Ojeté,Sauto.cz,Ano,
Škoda Superb 3 Combi Style 2.0 TDI,690000,95815,2023,Nafta,2.0,TDI,,147,Automatická,,,,Ano,Liftback,,,Laurin&Klement,Ojeté,Sauto.cz,Ano,
Škoda Superb Liftback 1.5 TSI (Gen 4),499000,38981,2022,Benzín,1.5,TSI,,110,Automatická,Ano,,,Ne,Sedan/limuzína,Ambition,,,Ojeté,Sauto.cz,Ano,
Škoda Superb 3 Combi Style 2.0 TDI,740000,31302,2024,Nafta,2.0,TDI,,110,Automatická,,,,Ne,Kombi,Selection,,,Odstraněno,Sauto.cz,Ano,https://www.sauto.cz/osobni/detail/skoda/superb/210466364
Škoda Superb 3 Combi Style 2.0 TDI,630000,99797,2021,Nafta,2.0,TDI,,147,Automatická,,,,Ano,Liftback,,,"Automat, Kůže",Ojeté,Sauto.cz,Ano,
Škoda Superb 3 Combi Style 2.0 TDI,555000,90048,2021,Nafta,2.0,TDI,,147,Automatická,Ano,,,Ano,Kombi,Style,,TZ,Ojeté,Sauto.cz,Ano,
Škoda Superb 3 Combi Style 2.0 TDI,489000,79229,2021,Nafta,2.0,TDI,,110,Manuální,,,,Ne,Kombi,Style,,110,Odstraněno,Sauto.cz,Ano,https://www.sauto.cz/osobni/detail/skoda/superb/210475187
Škoda Superb 3 Combi Style 2.0 TDI,705000,80365,2023,Nafta,2.0,TDI,,110,Automatická,,,,Ne,Sedan/limuzína,,,110 L&K AT,Odstraněno,Sauto.cz,Ano,https://www.sauto.cz/osobni/detail/skoda/superb/210475193
Škoda Superb Liftback 1.5 TSI (Gen 4),739000,75768,2022,Benzín,2.0,TSI,,206,Automatická,,,,Ano,Sedan/limuzína,,,206 L&K,Odstraněno,Sauto.cz,Ano,https://www.sauto.cz/osobni/detail/skoda/superb/210475202
Škoda Superb 3 Combi Style 2.0 TDI,639000,87825,2022,Nafta,2.0,TDI,,147,Automatická,Ano,,,Ano,Liftback,Style,,,Odstraněno,Sauto.cz,Ano,https://www.sauto.cz/osobni/detail/skoda/superb/210475205
Škoda Superb 3 Combi Style 2.0 TDI,611996,81098,2023,Nafta,2.0,,,110,Automatická,,,,Ne,Kombi,,,---ZÁLOHOVÁNO---,Ojeté,Sauto.cz,Ano,
Škoda Superb 3 Combi Style 2.0 TDI,745000,45800,2024,Nafta,2.0,TDI,,110,Automatická,Ano,,,Ne,Kombi,Style,,EXTRA,Odstraněno,Sauto.cz,Ano,https://www.sauto.cz/osobni/detail/skoda/superb/210476453
Škoda Superb 3 Combi Style 2.0 TDI,550000,98746,2021,Nafta,2.0,TDI,,110,Manuální,,,,Ne,Sedan/limuzína,Style,,+,Ojeté,Sauto.cz,Ano,
Škoda Superb 3 Combi Style 2.0 TDI,749900,50599,2023,Nafta,2.0,TDI,,147,Automatická,,,,Ano,Kombi,,,,Odstraněno,Sauto.cz,Ano,https://www.sauto.cz/osobni/detail/skoda/superb/210482831
Škoda Superb Combi 1.5 TSI (Gen 4),499000,68600,2021,Benzín,1.5,TSI,,110,Manuální,,,,Ne,Kombi,Ambition,,combi,Odstraněno,Sauto.cz,Ano,https://www.sauto.cz/osobni/detail/skoda/superb/210484145
Škoda Superb 3 Combi Style 2.0 TDI,525000,36288,2021,Nafta,2.0,TDI,,110,Manuální,,,,Ne,Kombi,Style,,110,Ojeté,Sauto.cz,Ano,
Škoda Superb 3 Combi Style 2.0 TDI,639000,87217,2022,Nafta,2.0,TDI,,147,Automatická,,,,Ano,Liftback,Style,,147,Ojeté,Sauto.cz,Ano,
Škoda Superb 3 Combi Style 2.0 TDI,519000,86601,2022,Nafta,2.0,TDI,,110,Automatická,,,,Ne,Kombi,Ambition,,110,Ojeté,Sauto.cz,Ano,
Škoda Superb 3 Combi Style 2.0 TDI,519000,93396,2021,Nafta,2.0,TDI,,147,Automatická,Ano,,,Ne,Kombi,Style,,147,Ojeté,Sauto.cz,Ano,
Škoda Superb 3 Combi Style 2.0 TDI,600000,89125,2021,Nafta,2.0,TDI,,147,Automatická,,,,Ano,Liftback,,,Laurin&Klement,Ojeté,Sauto.cz,Ano,
Škoda Superb 3 Combi Style 2.0 TDI,725900,72000,2021,Nafta,2.0,TDI,,147,Automatická,Ano,,,Ano,Kombi,Scout,,CZ,Ojeté,Sauto.cz,Ano,
Škoda Superb 3 Combi Style 2.0 TDI,699999,74512,2022,Nafta,2.0,TDI,,147,Automatická,Ano,,,Ano,Kombi,,,L&K DPH,Ojeté,Sauto.cz,Ano,
Škoda Superb 3 Combi Style 2.0 TDI,661000,75000,2022,Nafta,2.0,TDI,,110,Automatická,Ano,,,Ne,Kombi,Sportline,,,Ojeté,Sauto.cz,Ano,
Škoda Superb 3 Combi Style 2.0 TDI,590000,100000,2023,Nafta,2.0,TDI,,147,Automatická,Ano,,,Ne,Kombi,Style,,ALU,Ojeté,Sauto.cz,Ano,
Škoda Superb 3 Combi Style 2.0 TDI,669000,92957,2021,Nafta,2.0,TDI,,147,Automatická,Ano,,,Ano,Kombi,Sportline,,LED,Ojeté,Sauto.cz,Ano,
Škoda Superb 3 Combi Style 2.0 TDI,499000,95700,2023,Nafta,2.0,TDI,,110,Automatická,,,,Ne,Kombi,Style,,,Ojeté,Sauto.cz,Ano,
Škoda Superb 3 Combi Style 2.0 TDI,649900,37422,2022,Nafta,2.0,TDI,,110,Automatická,Ano,,,Ne,Sedan/limuzína,Style,,,Ojeté,Sauto.cz,Ano,
Škoda Superb Combi 1.5 TSI (Gen 4),659900,59170,2023,Benzín,2.0,TSI,,140,Automatická,,,,Ne,Kombi,Style,,TAŽNÉ ČR,Ojeté,Sauto.cz,Ano,
Škoda Superb 3 Combi Style 2.0 TDI,609900,89897,2022,Nafta,2.0,TDI,,147,Automatická,Ano,,,Ano,Liftback,Style,,,Ojeté,Sauto.cz,Ano,
Škoda Superb 3 Combi Style 2.0 TDI,540000,86933,2022,Nafta,2.0,TDI,,110,Automatická,,,,Ne,Kombi,Ambition,,"2.maj,ČR",Ojeté,Sauto.cz,Ano,
Škoda Superb 3 Combi Style 2.0 TDI,559990,27398,2024,Nafta,2.0,TDI,,110,Automatická,Ano,,,Ne,Kombi,,,III MATRIX VIRTUAL,Ojeté,Sauto.cz,Ano,
Škoda Superb 3 Combi Style 2.0 TDI,699900,70713,2024,Nafta,2.0,TDI,,110,Automatická,,,,Ne,Kombi,Style,,COMBI PLUS 110 k,Ojeté,Sauto.cz,Ano,
Škoda Superb Combi 1.5 TSI (Gen 4),569000,61282,2022,Benzín,2.0,TSI,,140,Automatická,Ano,,,Ne,Kombi,Style,,,Ojeté,Sauto.cz,Ano,
Škoda Superb 3 Combi Style 2.0 TDI,679000,94567,2022,Nafta,2.0,TDI,,147,Automatická,Ano,,,Ano,Liftback,Sportline,,,Ojeté,Sauto.cz,Ano,
KGM Korando 1.5 GDI-T 2WD,546600,10,2026,Benzín,1.5,GDI,,120,Automatická,,,,Ne,SUV,,,Turbo 2WD 6AT SLEVA,Odstraněno,Sauto.cz,Ano,https://www.sauto.cz/osobni/detail/ssangyong/korando/208735127
KGM Korando 1.5 GDI-T 2WD,536700,10,2025,Benzín,1.5,GDI,,120,Automatická,,,,Ne,SUV,,,Turbo 2WD 6AT SLEVA,Odstraněno,Sauto.cz,Ano,https://www.sauto.cz/osobni/detail/ssangyong/korando/208735589
KGM Korando 1.5 GDI-T 2WD,536700,10,2025,Benzín,1.5,GDI,,120,Automatická,,,,Ne,SUV,,,Turbo 2WD 6AT SLEVA,Odstraněno,Sauto.cz,Ano,https://www.sauto.cz/osobni/detail/ssangyong/korando/208735679
KGM Korando 1.5 GDI-T 2WD,549000,5842,2024,Benzín,1.5,GDI,,120,Automatická,,,,Ne,SUV,Premium,,FWD A6,Ojeté,Sauto.cz,Ano,
KGM Korando 1.5 GDI-T 2WD,546600,10,2026,Benzín,1.5,GDI,,120,Automatická,,,,Ne,SUV,,,Turbo 2WD 6AT SLEVA,Odstraněno,Sauto.cz,Ano,https://www.sauto.cz/osobni/detail/ssangyong/korando/208950717
KGM Korando 1.5 GDI-T 2WD,523800,10,2025,Benzín,1.5,GDI,,120,Automatická,,,,Ne,SUV,,,Turbo 2WD 6AT SLEVA,Odstraněno,Sauto.cz,Ano,https://www.sauto.cz/osobni/detail/ssangyong/korando/208950747
KGM Korando 1.5 GDI-T 2WD,536700,10,2025,Benzín,1.5,GDI,,120,Automatická,,,,Ne,SUV,,,Turbo 2WD 6AT SLEVA,Odstraněno,Sauto.cz,Ano,https://www.sauto.cz/osobni/detail/ssangyong/korando/208951011
KGM Korando 1.5 GDI-T 2WD,536700,10,2025,Benzín,1.5,GDI,,120,Automatická,,,,Ne,SUV,,,Turbo 2WD 6AT SLEVA,Odstraněno,Sauto.cz,Ano,https://www.sauto.cz/osobni/detail/ssangyong/korando/208951080
KGM Korando 1.5 GDI-T 2WD,533700,10,2025,Benzín,1.5,GDI,,120,Automatická,,,,Ne,SUV,,,Turbo 2WD 6AT SLEVA,Odstraněno,Sauto.cz,Ano,https://www.sauto.cz/osobni/detail/ssangyong/korando/208951214
KGM Korando 1.5 GDI-T 2WD,459000,21608,2024,Benzín,1.5,GDI,,120,Automatická,,,,Ne,SUV,,,Clever,Předváděcí,Sauto.cz,Ano,
KGM Korando 1.5 GDI-T 2WD,450000,23066,2023,Benzín,1.5,T-GDI,,120,Automatická,,,,Ne,SUV,Style,,Automat,Odstraněno,Sauto.cz,Ano,https://www.sauto.cz/osobni/detail/ssangyong/korando/209334282
KGM Korando 1.5 GDI-T 2WD,475000,26203,2023,Benzín,1.5,,,120,Manuální,,,,Ano,SUV,Style,,TOVÁRNÍ ZÁRUKA,Odstraněno,Sauto.cz,Ano,https://www.sauto.cz/osobni/detail/ssangyong/korando/209531841
KGM Korando 1.5 GDI-T 2WD,399900,15204,2023,Benzín,1.5,T-GDI,,120,Manuální,,,,Ne,SUV,Style,,ČR,Odstraněno,Sauto.cz,Ano,https://www.sauto.cz/osobni/detail/ssangyong/korando/209561262
KGM Korando 1.5 GDI-T 2WD,409900,45917,2022,Benzín,1.5,T-GDI,,120,Automatická,,,,Ne,SUV,Style,,Automat,Odstraněno,Sauto.cz,Ano,https://www.sauto.cz/osobni/detail/ssangyong/korando/209940228
KGM Korando 1.5 GDI-T 2WD,489000,25282,2024,Benzín,1.5,TGDI,,120,Automatická,,,,Ne,SUV,Style,,+ !AT!,Ojeté,Sauto.cz,Ano,
KGM Korando 1.5 GDI-T 2WD,630000,12447,2024,Benzín,1.5,T-GDI,,120,Automatická,,,,Ano,SUV,Premium,,Automat,Odstraněno,Sauto.cz,Ano,https://www.sauto.cz/osobni/detail/ssangyong/korando/210116693
KGM Korando 1.5 GDI-T 2WD,389900,25328,2022,Benzín,1.5,T-GDI,,120,Manuální,,,,Ne,SUV,Style,,ČR,Odstraněno,Sauto.cz,Ano,https://www.sauto.cz/osobni/detail/ssangyong/korando/210146567
KGM Korando 1.5 GDI-T 2WD,448999,17760,2023,Benzín,1.5,,,120,Manuální,,,,Ne,SUV,,,I Aut.klima,Ojeté,Sauto.cz,Ano,
KGM Korando 1.5 GDI-T 2WD,496678,65168,2022,Benzín,1.5,,,120,Automatická,,,,Ano,SUV,,,,Odstraněno,Sauto.cz,Ano,https://www.sauto.cz/osobni/detail/ssangyong/korando/210170174
KGM Korando 1.5 GDI-T 2WD,415321,64569,2021,Benzín,1.5,,,120,Manuální,,,,Ne,SUV,,,,Odstraněno,Sauto.cz,Ano,https://www.sauto.cz/osobni/detail/ssangyong/korando/210180362
KGM Korando 1.5 GDI-T 2WD,399300,64020,2022,Benzín,1.5,T-GDI,,120,Automatická,,,,Ne,SUV,,,"AUT,1.maj,DPH",Ojeté,Sauto.cz,Ano,
KGM Korando 1.5 GDI-T 2WD,390000,60220,2022,Benzín,1.5,T-GDI,,120,Manuální,,,,Ne,SUV,Style,Ano,"Záruka, ČR",Odstraněno,Sauto.cz,Ano,https://www.sauto.cz/osobni/detail/ssangyong/korando/210207701
KGM Korando 1.5 GDI-T 2WD,440000,13791,2022,Benzín,1.5,T-GDI,,120,Manuální,,,,Ne,SUV,,,"ČR,1.maj",Odstraněno,Sauto.cz,Ano,https://www.sauto.cz/osobni/detail/ssangyong/korando/210211487
KGM Korando 1.5 GDI-T 2WD,367000,57652,2022,Benzín,1.5,TGDI,,120,Manuální,,,,Ne,SUV,,,1. Maj.,Odstraněno,Sauto.cz,Ano,https://www.sauto.cz/osobni/detail/ssangyong/korando/210241166
KGM Korando 1.5 GDI-T 2WD,530000,13301,2024,Benzín,1.5,,,120,Automatická,,,,Ano,SUV,,,"TGTID 4x.maj,ČR,AT",Odstraněno,Sauto.cz,Ano,https://www.sauto.cz/osobni/detail/ssangyong/korando/210248672
KGM Korando 1.5 GDI-T 2WD,439999,53310,2021,Benzín,1.5,TGDI,,120,Automatická,,,,Ano,SUV,,,Aut. CZ,Ojeté,Sauto.cz,Ano,
KGM Korando 1.5 GDI-T 2WD,546601,,2026,Benzín,1.5,GDI,,120,Automatická,,,,Ne,SUV,Style,,AT 2WD +ACC,Odstraněno,Sauto.cz,Ano,https://www.sauto.cz/osobni/detail/ssangyong/korando/210252914
KGM Korando 1.5 GDI-T 2WD,602400,8,2026,Benzín,14,GDI,,120,Automatická,,,,Ne,SUV,Style,,AT 2WD +TECH+BLAC,Odstraněno,Sauto.cz,Ano,https://www.sauto.cz/osobni/detail/ssangyong/korando/210252926
KGM Korando 1.5 GDI-T 2WD,450000,25091,2022,Benzín,1.5,T-GDI,,120,Automatická,,,,Ne,SUV,,,"1.maj,ČR,AT",Odstraněno,Sauto.cz,Ano,https://www.sauto.cz/osobni/detail/ssangyong/korando/210257126
KGM Korando 1.5 GDI-T 2WD,533700,8,2026,Benzín,1.5,GDI,,120,Automatická,,,,Ne,SUV,Style,,AT 2WD + ACC,Odstraněno,Sauto.cz,Ano,https://www.sauto.cz/osobni/detail/ssangyong/korando/210269660
KGM Korando 1.5 GDI-T 2WD,550000,5554,2025,Benzín,1.5,T-GDI,,120,Automatická,,,,Ano,SUV,,Ano,"Crystal, Záruka",Odstraněno,Sauto.cz,Ano,https://www.sauto.cz/osobni/detail/ssangyong/korando/210283331
KGM Korando 1.5 GDI-T 2WD,490000,38470,2023,Benzín,1.5,T-GDI,,120,Automatická,,,,Ano,SUV,,,NOVÁ CENA,Odstraněno,Sauto.cz,Ano,https://www.sauto.cz/osobni/detail/ssangyong/korando/210283520
KGM Korando 1.5 GDI-T 2WD,430000,32100,2023,Benzín,1.5,,,120,Manuální,,,,Ano,SUV,,,SsangYong Korando,Odstraněno,Sauto.cz,Ano,https://www.sauto.cz/osobni/detail/ssangyong/korando/210316973
KGM Korando 1.5 GDI-T 2WD,440000,34165,2024,Benzín,1.5,T-GDI,,120,Manuální,,,,Ne,SUV,,Ano,"Záruka, NOVÁ CENA",Odstraněno,Sauto.cz,Ano,https://www.sauto.cz/osobni/detail/ssangyong/korando/210322283
KGM Korando 1.5 GDI-T 2WD,589500,,2026,Benzín,1.5,GDI,,120,Automatická,,,,Ne,SUV,Style,,2WD AT +TECH+BLAK,Odstraněno,Sauto.cz,Ano,https://www.sauto.cz/osobni/detail/ssangyong/korando/210335441
KGM Korando 1.5 GDI-T 2WD,380000,56421,2022,Benzín,1.5,T-GDI,,120,Manuální,,,,Ne,SUV,,,"ČR,1.maj",Odstraněno,Sauto.cz,Ano,https://www.sauto.cz/osobni/detail/ssangyong/korando/210335801
KGM Korando 1.5 GDI-T 2WD,487156,32201,2021,Benzín,1.5,,,120,Automatická,,,,Ano,SUV,,,,Odstraněno,Sauto.cz,Ano,https://www.sauto.cz/osobni/detail/ssangyong/korando/210340085
KGM Korando 1.5 GDI-T 2WD,450000,23013,2023,Benzín,1.5,T-GDI,,120,Automatická,,,,Ne,SUV,,,"Automat, ČR,1.maj",Odstraněno,Sauto.cz,Ano,https://www.sauto.cz/osobni/detail/ssangyong/korando/210341822
KGM Korando 1.5 GDI-T 2WD,380000,77314,2022,Benzín,1.5,T-GDI,,120,Manuální,,,,Ne,SUV,,,"ČR,1.maj",Odstraněno,Sauto.cz,Ano,https://www.sauto.cz/osobni/detail/ssangyong/korando/210342791
KGM Korando 1.5 GDI-T 2WD,400000,85570,2021,Benzín,1.5,T-GDI,,120,Automatická,,,,Ano,SUV,,,"Automat, ČR",Odstraněno,Sauto.cz,Ano,https://www.sauto.cz/osobni/detail/ssangyong/korando/210346949
KGM Korando 1.5 GDI-T 2WD,553600,5,2026,Benzín,1.5,,,120,Manuální,,,,Ne,SUV,Style,,+ č.obj 68615,Odstraněno,Sauto.cz,Ano,https://www.sauto.cz/osobni/detail/ssangyong/korando/210347492
KGM Korando 1.5 GDI-T 2WD,460000,52000,2022,Benzín,1.5,T-GDI,,120,Automatická,,,,Ano,SUV,,Ano,Záruka,Odstraněno,Sauto.cz,Ano,https://www.sauto.cz/osobni/detail/ssangyong/korando/210349106
KGM Korando 1.5 GDI-T 2WD,370000,46735,2021,Benzín,1.5,T-GDI,,120,Manuální,,,,Ne,SUV,,,Serv.kniha,Odstraněno,Sauto.cz,Ano,https://www.sauto.cz/osobni/detail/ssangyong/korando/210349739
KGM Korando 1.5 GDI-T 2WD,419999,79462,2025,Benzín,1.5,T-GDI,,120,Automatická,,,,Ne,SUV,,,Quartz 4x2 AUTOMAT,Odstraněno,Sauto.cz,Ano,https://www.sauto.cz/osobni/detail/ssangyong/korando/210404765
KGM Korando 1.5 GDI-T 2WD,470000,16872,2023,Benzín,1.5,T-GDI,,120,Automatická,,,,Ne,SUV,Style,Ano,"Plus, Záruka",Odstraněno,Sauto.cz,Ano,https://www.sauto.cz/osobni/detail/ssangyong/korando/210408392
KGM Korando 1.5 GDI-T 2WD,459000,71300,2023,Benzín,1.5,,,120,Manuální,,,,Ano,SUV,,,"1,MAJITELKA NOVÉ V ČR",Odstraněno,Sauto.cz,Ano,https://www.sauto.cz/osobni/detail/ssangyong/korando/210415106
KGM Korando 1.5 GDI-T 2WD,440000,18650,2023,Benzín,1.5,T-GDI,,120,Automatická,,,,Ne,SUV,,,"Automat, ČR,1.maj",Odstraněno,Sauto.cz,Ano,https://www.sauto.cz/osobni/detail/ssangyong/korando/210422921
KGM Korando 1.5 GDI-T 2WD,449900,45285,2021,Benzín,1.5,T-GDI,,120,Automatická,,,,Ano,SUV,,,,Odstraněno,Sauto.cz,Ano,https://www.sauto.cz/osobni/detail/ssangyong/korando/210424109
KGM Korando 1.5 GDI-T 2WD,420000,35481,2021,Benzín,1.5,T-GDI,,120,Automatická,,,,Ne,SUV,,,"1.maj,ČR,AT,LED",Odstraněno,Sauto.cz,Ano,https://www.sauto.cz/osobni/detail/ssangyong/korando/210431954
KGM Korando 1.5 GDI-T 2WD,430000,45730,2021,Benzín,1.5,,,120,Manuální,,,,Ano,Kombi,,,servisováno,Odstraněno,Sauto.cz,Ano,https://www.sauto.cz/osobni/detail/ssangyong/korando/210484256
KGM Korando 1.5 GDI-T 2WD,380000,67984,2022,Benzín,1.5,T-GDI,,120,Automatická,,,,Ne,SUV,Style,Ano,"Plus, Záruka",Ojeté,Sauto.cz,Ano,
SsangYong Rexton 2.2 e-XDI (5místná verze),700000,60703,2022,Nafta,2.2,,,149,Automatická,,,,Ano,SUV,,,"Diesel, Automat",Odstraněno,Sauto.cz,Ano,https://www.sauto.cz/osobni/detail/ssangyong/rexton/210212123
SsangYong Rexton 2.2 e-XDI (5místná verze),582477,93128,2021,Nafta,2.2,,,148,Automatická,,,,Ano,SUV,,,,Odstraněno,Sauto.cz,Ano,https://www.sauto.cz/osobni/detail/ssangyong/rexton/210345674
SsangYong Rexton 2.2 e-XDI (5místná verze),700000,58756,2021,Nafta,2.2,,,149,Automatická,,,,Ano,SUV,,Ano,"Diesel, Záruka",Odstraněno,Sauto.cz,Ano,https://www.sauto.cz/osobni/detail/ssangyong/rexton/210350510
SsangYong Rexton 2.2 e-XDI (5místná verze),680000,98030,2022,Nafta,2.2,CRDi,,148,Automatická,,,,Ano,Kombi,,,*4WD *PANORAMA *A T,Odstraněno,Sauto.cz,Ano,https://www.sauto.cz/osobni/detail/ssangyong/rexton/210384116
KGM Tivoli 1.5 GDI-T (Kompaktní),432700,,2026,Benzín,1.5,GDI,,120,Manuální,,,,Ne,SUV,Style,,MT 2WD,Nové,Sauto.cz,Ano,
KGM Tivoli 1.5 GDI-T (Kompaktní),340000,36500,2022,Benzín,1.5,T-GDI,,120,Manuální,,,,Ne,Kombi,,,120 + DRUHÁ ALU KOLA,Ojeté,Sauto.cz,Ano,
KGM Tivoli 1.5 GDI-T (Kompaktní),359900,23286,2024,Benzín,1.5,,,120,Manuální,,,,Ne,SUV,Style,,"ČR, 1.MAJ, 18ALU",Odstraněno,Sauto.cz,Ano,https://www.sauto.cz/osobni/detail/ssangyong/tivoli/210341252
KGM Tivoli 1.5 GDI-T (Kompaktní),399900,21936,2024,Benzín,1.5,T-GDI,,120,Manuální,,,,Ne,Hatchback,Style,,,Odstraněno,Sauto.cz,Ano,https://www.sauto.cz/osobni/detail/ssangyong/tivoli/210391241
KGM Tivoli 1.5 GDI-T (Kompaktní),350000,71802,2023,Benzín,1.5,T-GDI,,120,Automatická,,,,Ne,SUV,,,"Automat, ČR,1.maj",Odstraněno,Sauto.cz,Ano,https://www.sauto.cz/osobni/detail/ssangyong/tivoli/210404981
KGM Tivoli 1.5 GDI-T (Kompaktní),329990,85391,2022,Benzín,1.5,TGDI,,120,Manuální,,,,Ano,Kombi,Style,,M6 +,Ojeté,Sauto.cz,Ano,
KGM Torres 1.5 GDI-T 2WD (Benzín),520000,43053,2023,Benzín,1.5,T-GDI,,120,Manuální,,,,Ne,SUV,,Ano,"Club, Záruka",Odstraněno,Sauto.cz,Ano,https://www.sauto.cz/osobni/detail/ssangyong/torres/208896330
KGM Torres 1.5 GDI-T 2WD (Benzín),735500,8,2025,Benzín,1.5,GDI,,120,Automatická,,,,Ne,SUV,Style,,2WD AT EL.5DVEŘE,Odstraněno,Sauto.cz,Ano,https://www.sauto.cz/osobni/detail/ssangyong/torres/209366328
KGM Torres 1.5 GDI-T 2WD (Benzín),750000,8,2025,Benzín,1.5,GDI,,120,Automatická,,,,Ne,SUV,Style,,2WD AT EL.5DVEŘE,Odstraněno,Sauto.cz,Ano,https://www.sauto.cz/osobni/detail/ssangyong/torres/209501499
KGM Torres 1.5 GDI-T 2WD (Benzín),590000,47640,2023,Benzín,1.5,T-GDI,,120,Automatická,,,,Ne,SUV,,,"NOVÁ CENA, Automat",Odstraněno,Sauto.cz,Ano,https://www.sauto.cz/osobni/detail/ssangyong/torres/210169364
KGM Torres 1.5 GDI-T 2WD (Benzín),619900,35941,2023,Benzín,1.5,,,120,Automatická,,,,Ano,SUV,Style,,"T AT, 1.MAJ,ČR",Odstraněno,Sauto.cz,Ano,https://www.sauto.cz/osobni/detail/ssangyong/torres/210189269
KGM Torres 1.5 GDI-T 2WD (Benzín),529900,44800,2023,Benzín,1.5,,,120,Manuální,,,,Ne,SUV,,,i,Odstraněno,Sauto.cz,Ano,https://www.sauto.cz/osobni/detail/ssangyong/torres/210197339
KGM Torres 1.5 GDI-T 2WD (Benzín),749999,23479,2024,Benzín,1.5,GDI,,120,Automatická,,,,Ano,SUV,,,Turbo Clever,Ojeté,Sauto.cz,Ano,
KGM Torres 1.5 GDI-T 2WD (Benzín),599000,19730,2024,Benzín,1.5,TGDI,,120,Manuální,,,,Ne,SUV,Style,,,Odstraněno,Sauto.cz,Ano,https://www.sauto.cz/osobni/detail/ssangyong/torres/210267281
KGM Torres 1.5 GDI-T 2WD (Benzín),530000,38855,2023,Benzín,1.5,T-GDI,,120,Manuální,,,,Ne,SUV,,Ano,"Club, Záruka",Odstraněno,Sauto.cz,Ano,https://www.sauto.cz/osobni/detail/ssangyong/torres/210327527
KGM Torres 1.5 GDI-T 2WD (Benzín),580000,24280,2024,Benzín,1.5,T-GDI,,120,Automatická,,,,Ne,SUV,,,"Automat, Serv.kniha",Odstraněno,Sauto.cz,Ano,https://www.sauto.cz/osobni/detail/ssangyong/torres/210397856
Subaru Forester 2.0i e-Boxer,669900,41466,2022,Benzín,2.0,,,110,Automatická,,,,Ano,SUV,,,"i 1.MAJ,A T,ZÁRUKA",Ojeté,Sauto.cz,Ano,
Subaru Forester 2.0i e-Boxer,749000,65000,2021,Benzín,2.5,,,136,Automatická,,,,Ano,Terénní,,,"SPORT , REZERVACE",Odstraněno,Sauto.cz,Ano,https://www.sauto.cz/osobni/detail/subaru/forester/210251192
Subaru Impreza 2.0,509990,90620,2021,Benzín,2.0,,PHEV,110,Automatická,,,,Ano,Hatchback,,,i EXECUTIVE,Ojeté,Sauto.cz,Ano,
Subaru XV 1.6i Petrol,545000,66300,2021,Benzín,2.0,,,110,Automatická,,,,Ano,Hatchback,Comfort,,i CVT e-Boxer CZ,Ojeté,Sauto.cz,Ano,
Subaru XV 1.6i Petrol,619990,21500,2021,Benzín,2.0,,,110,Automatická,,,,Ano,MPV,,,"e-Boxer Sport, zánovní stav",Odstraněno,Sauto.cz,Ano,https://www.sauto.cz/osobni/detail/subaru/xv/210483074
Subaru XV 1.6i Petrol,599900,58699,2022,Benzín,2.0,,PHEV,110,Automatická,,,,Ano,Kombi,,,i Executive ES Lineartroni,Ojeté,Sauto.cz,Ano,
Subaru XV 1.6i Petrol,509900,89000,2021,Benzín,2.0,,,110,Automatická,,,,Ne,SUV,Comfort,,Boxer FB20 CVT,Ojeté,Sauto.cz,Ano,
SWM G1 PRO 1.5 Turbo,699000,10,2026,Benzín,1.5,Turbo,,133,Automatická,,,,Ne,Kombi,,,i A T,Nové,Sauto.cz,Ano,
SWM G1 PRO 1.5,689000,2100,2026,Benzín,1.5,,,133,Automatická,,,,Ne,SUV,,Ano,T - AKCE + plná záruka,Odstraněno,Sauto.cz,Ano,https://www.sauto.cz/osobni/detail/swm/g1-pro/210290531
SWM G5 PRO 1.5 Turbo,549000,5,2025,Benzín,1.5,Turbo,,102,Manuální,,,,Ne,SUV,,,G05 Pro 6st.man 7mís,Nové,Sauto.cz,Ano,
SWM G5 PRO 1.5 Turbo,490000,14577,2025,Benzín,1.5,Turbo,,102,Manuální,,,,Ne,SUV,,Ano,"Záruka, ČR",Odstraněno,Sauto.cz,Ano,https://www.sauto.cz/osobni/detail/swm/g5-pro/210174359
Toyota C-HR 1.8,639000,,2025,Benzín,1.8,,,103,Automatická,,,,Ne,SUV,Comfort,,HEV 140k,Odstraněno,Sauto.cz,Ano,https://www.sauto.cz/osobni/detail/toyota/c-hr/210413807
Toyota C-HR 1.8,694900,,2026,Benzín,1.8,,,103,Automatická,,,,Ne,SUV,Comfort,,HEV BUSINESS,Odstraněno,Sauto.cz,Ano,https://www.sauto.cz/osobni/detail/toyota/c-hr/210485144
Toyota Corolla TS Kombi 2.0 Hybrid,638890,57095,2023,Benzín,2.0,,HEV,112,Automatická,,,,Ne,SUV,,,Hybrid e-CVT Comfo,Odstraněno,Sauto.cz,Ano,https://www.sauto.cz/osobni/detail/toyota/corolla-cross/210228548
Toyota Corolla TS Kombi 2.0 Hybrid,709900,,2026,Benzín,1.8,,,103,Automatická,,,,Ne,Kombi,Comfort,,HEV TECH,Odstraněno,Sauto.cz,Ano,https://www.sauto.cz/osobni/detail/toyota/corolla/210254822
Toyota Corolla TS Kombi 2.0 Hybrid,738500,10,2026,Benzín,1.8,,,103,Automatická,,,,Ne,Kombi,Comfort,,Tech,Odstraněno,Sauto.cz,Ano,https://www.sauto.cz/osobni/detail/toyota/corolla/210262112
Toyota Corolla TS Kombi 2.0 Hybrid,738500,10,2025,Benzín,1.8,,,103,Automatická,,,,Ne,Kombi,Comfort,,MC23 Tech,Odstraněno,Sauto.cz,Ano,https://www.sauto.cz/osobni/detail/toyota/corolla/210263027
Toyota Corolla Hatchback 1.8 Hybrid,548999,82509,2022,Benzín,2.0,,,112,Automatická,,,,Ne,Hatchback,,,HSD Team Deutschland,Ojeté,Sauto.cz,Ano,
Toyota Corolla TS Kombi 2.0 Hybrid,666900,10,2026,Benzín,1.8,,HEV,103,Automatická,,,,Ne,Kombi,Comfort,,Hybrid,Odstraněno,Sauto.cz,Ano,https://www.sauto.cz/osobni/detail/toyota/corolla/210359450
Toyota Corolla TS Kombi 2.0 Hybrid,729900,,2025,Benzín,1.8,,HEV,103,Automatická,,,,Ne,Kombi,,,".8 Hybrid (140 k), e-CVT, Com",Odstraněno,Sauto.cz,Ano,https://www.sauto.cz/osobni/detail/toyota/corolla/210412232
Toyota Corolla TS Kombi 2.0 Hybrid,699900,1,2026,Benzín,1.8,,HEV,104,Automatická,,,,Ne,Kombi,Comfort,,Tech Hybrid (140 k,Odstraněno,Sauto.cz,Ano,https://www.sauto.cz/osobni/detail/toyota/corolla/210417026
Toyota Corolla TS Kombi 2.0 Hybrid,699900,44915,2024,Benzín,2.0,,PHEV,144,Automatická,,,,Ne,Kombi,,,HEV Executive e-CVT,Odstraněno,Sauto.cz,Ano,https://www.sauto.cz/osobni/detail/toyota/corolla/210419327
Toyota Corolla TS Kombi 2.0 Hybrid,689900,1,2026,Benzín,1.8,,,103,Automatická,,,,Ne,Kombi,Comfort,,TS TECH HEV,Odstraněno,Sauto.cz,Ano,https://www.sauto.cz/osobni/detail/toyota/corolla/210433226
Toyota Proace 2.0,699000,81945,2023,Nafta,2.0,,,106,Manuální,,,,Ne,VAN,,,"D-4D , Webasto, ČR, 1",Odstraněno,Sauto.cz,Ano,https://www.sauto.cz/osobni/detail/toyota/proace-verso/210381875
Toyota Proace 2.0,705000,67200,2021,Nafta,2.0,,,110,Manuální,,,,Ne,MPV,,,Toyota Proace Verso D,Odstraněno,Sauto.cz,Ano,https://www.sauto.cz/osobni/detail/toyota/proace/210273389
Toyota Proace 2.0,600000,60000,2023,Nafta,2.0,,,106,Manuální,,,,Ne,Kombi,,,D-4D L2 ČR DPH,Odstraněno,Sauto.cz,Ano,https://www.sauto.cz/osobni/detail/toyota/proace/210315494
Toyota Proace 2.0,719900,34300,2023,Nafta,2.0,,,106,Manuální,,,,Ne,Hatchback,,,"D-4D , L2, ČR, TZ",Odstraněno,Sauto.cz,Ano,https://www.sauto.cz/osobni/detail/toyota/proace/210423146
Toyota Rav4 2.5 Hybrid (HEV),649900,72505,2021,Benzín,2.0,,,129,Automatická,,,,Ne,SUV,Comfort,,i AT,Odstraněno,Sauto.cz,Ano,https://www.sauto.cz/osobni/detail/toyota/rav4/210229823
Toyota Rav4 2.5 Hybrid (HEV),620543,49272,2023,Benzín,2.0,,,129,Manuální,,,,Ne,SUV,,,,Odstraněno,Sauto.cz,Ano,https://www.sauto.cz/osobni/detail/toyota/rav4/210320951
Toyota Rav4 2.5 Hybrid (HEV),606757,56200,2022,Benzín,2.0,,,129,Manuální,,,,Ne,SUV,,,,Odstraněno,Sauto.cz,Ano,https://www.sauto.cz/osobni/detail/toyota/rav4/210335924
Toyota Rav4 2.5 Plug-In Hybrid (PHEV),730000,88468,2022,Benzín,2.0,,PHEV,129,Automatická,,,,Ano,SUV,,,"Valvematic, Executive",Ojeté,Sauto.cz,Ano,
VW Arteon Shooting Brake 2.0 TDI,679000,94104,2021,Nafta,2.0,TDI,,110,Automatická,Ano,,,Ne,Kombi,R-Line,,*VIRTUAL*TA,Odstraněno,Sauto.cz,Ano,https://www.sauto.cz/osobni/detail/volkswagen/arteon-shooting-brake/208744259
VW Arteon Shooting Brake 2.0 TDI,669000,51508,2021,Nafta,2.0,TDI,,147,Automatická,Ano,,,Ano,Kombi,R-Line,,ARTEON SB,Ojeté,Sauto.cz,Ano,
VW Arteon Shooting Brake 2.0 TDI,720000,44347,2023,Nafta,2.0,TDI,,110,Automatická,Ano,,,Ne,Kombi,Elegance,,Tažn,Ojeté,Sauto.cz,Ano,
VW Arteon Shooting Brake 2.0 TDI,710000,98498,2021,Nafta,2.0,TDI,,147,Automatická,Ano,,,Ne,Kombi,R-Line,,Tažné,Ojeté,Sauto.cz,Ano,
VW Arteon Shooting Brake 2.0 TDI,734999,91227,2022,Nafta,2.0,TDI,,147,Automatická,Ano,,,Ano,Kombi,R-Line,,DPH,Ojeté,Sauto.cz,Ano,
VW Arteon Shooting Brake 2.0 TDI,669000,48965,2023,Nafta,2.0,TDI,,110,Automatická,Ano,,,Ne,Kombi,R-Line,,ACC,Odstraněno,Sauto.cz,Ano,https://www.sauto.cz/osobni/detail/volkswagen/arteon-shooting-brake/209988282
VW Arteon Shooting Brake 2.0 TDI,698000,74650,2021,Nafta,2.0,TDI,,147,Automatická,Ano,,,Ano,Kombi,R-Line,,,Ojeté,Sauto.cz,Ano,
VW Arteon Shooting Brake 2.0 TDI,719900,42469,2022,Nafta,2.0,TDI,,110,Automatická,Ano,,,Ne,Kombi,R-Line,,SB,Odstraněno,Sauto.cz,Ano,https://www.sauto.cz/osobni/detail/volkswagen/arteon-shooting-brake/210105848
VW Arteon Shooting Brake 2.0 TDI,699000,65030,2023,Nafta,2.0,TDI,,110,Automatická,Ano,,,Ne,Kombi,R-Line,,,Odstraněno,Sauto.cz,Ano,https://www.sauto.cz/osobni/detail/volkswagen/arteon-shooting-brake/210168986
VW Arteon Shooting Brake 2.0 TDI,668000,87450,2021,Nafta,2.0,TDI,,147,Automatická,Ano,,,Ano,Kombi,,,Eleg,Ojeté,Sauto.cz,Ano,
VW Arteon Liftback 2.0 TSI,694000,51481,2023,Benzín,2.0,TSI,,140,Automatická,Ano,,,Ne,Kombi,R-Line,,ACC,Odstraněno,Sauto.cz,Ano,https://www.sauto.cz/osobni/detail/volkswagen/arteon-shooting-brake/210237476
VW Arteon Liftback 2.0 TSI,669000,91728,2022,Benzín,2.0,TSI,,140,Automatická,Ano,,,Ne,Kombi,R-Line,,Full-LED,Odstraněno,Sauto.cz,Ano,https://www.sauto.cz/osobni/detail/volkswagen/arteon-shooting-brake/210245951
VW Arteon Shooting Brake 2.0 TDI,680000,53527,2022,Nafta,2.0,TDI,,147,Automatická,,,,Ne,Kombi,Elegance,,NOVÁ CENA,Odstraněno,Sauto.cz,Ano,https://www.sauto.cz/osobni/detail/volkswagen/arteon-shooting-brake/210258440
VW Arteon Shooting Brake 2.0 TDI,620000,69449,2022,Nafta,2.0,TDI,,110,Automatická,,,,Ne,Kombi,Elegance,,"Automat, ČR",Odstraněno,Sauto.cz,Ano,https://www.sauto.cz/osobni/detail/volkswagen/arteon-shooting-brake/210330098
VW Arteon Liftback 2.0 TSI,698000,74570,2022,Benzín,2.0,TSI,,140,Automatická,Ano,,,Ne,Kombi,Elegance,,,Ojeté,Sauto.cz,Ano,
VW Arteon Shooting Brake 2.0 TDI,750000,97427,2021,Nafta,2.0,TDI,,147,Automatická,,,,Ano,Kombi,R-Line,,,Odstraněno,Sauto.cz,Ano,https://www.sauto.cz/osobni/detail/volkswagen/arteon-shooting-brake/210366281
VW Arteon Shooting Brake 2.0 TDI,669000,39902,2023,Nafta,2.0,TDI,,110,Automatická,Ano,,,Ne,Kombi,Elegance,,,Ojeté,Sauto.cz,Ano,
VW Arteon Shooting Brake 2.0 TDI,660000,82214,2021,Nafta,2.0,TDI,,110,Automatická,,,,Ne,Kombi,R-Line,,Automat,Ojeté,Sauto.cz,Ano,
VW Arteon Liftback 2.0 TSI,549000,99303,2021,Benzín,1.5,TSI,,110,Manuální,,,,Ne,Hatchback,Elegance,,,Ojeté,Sauto.cz,Ano,
VW Arteon Shooting Brake 2.0 TDI,720000,61814,2023,Nafta,2.0,TDI,,110,Automatická,,,,Ne,Kupé,R-Line,,,Ojeté,Sauto.cz,Ano,
VW Arteon Liftback 2.0 TSI,748999,77568,2021,Benzín,2.0,TSI,,206,Automatická,,,,Ano,Kombi,R-Line,,4M DPH C,Ojeté,Sauto.cz,Ano,
VW Arteon Shooting Brake 2.0 TDI,699000,39334,2022,Nafta,2.0,TDI,,147,Automatická,Ano,,,Ano,Kombi,R-Line,,,Odstraněno,Sauto.cz,Ano,https://www.sauto.cz/osobni/detail/volkswagen/arteon/210208070
VW Arteon Liftback 2.0 TSI,735000,97756,2022,Benzín,2.0,TSI,,206,Automatická,,,,Ano,Hatchback,R-Line,,WEBA+TZ,Odstraněno,Sauto.cz,Ano,https://www.sauto.cz/osobni/detail/volkswagen/arteon/210212924
VW Arteon Liftback 2.0 TSI,689900,19786,2021,Benzín,2.0,TSI,,140,Automatická,,,,Ne,Kombi,R-Line,,SB,Odstraněno,Sauto.cz,Ano,https://www.sauto.cz/osobni/detail/volkswagen/arteon/210221465
VW Arteon Shooting Brake 2.0 TDI,699000,24992,2022,Nafta,2.0,TDI,,110,Automatická,,,,Ne,Kombi,Elegance,,Shooting Brake,Odstraněno,Sauto.cz,Ano,https://www.sauto.cz/osobni/detail/volkswagen/arteon/210226502
VW Arteon Liftback 2.0 TSI,669000,91728,2022,Benzín,2.0,TSI,,140,Automatická,Ano,,,Ne,Kombi,R-Line,,Full-LED,Odstraněno,Sauto.cz,Ano,https://www.sauto.cz/osobni/detail/volkswagen/arteon/210245942
VW Arteon Shooting Brake 2.0 TDI,650000,99945,2021,Nafta,2.0,TDI,,147,Automatická,,,,Ano,Sedan/limuzína,R-Line,,,Odstraněno,Sauto.cz,Ano,https://www.sauto.cz/osobni/detail/volkswagen/arteon/210279446
VW Arteon Liftback 2.0 TSI,669000,79551,2022,Benzín,2.0,TSI,,140,Automatická,Ano,,,Ne,Kombi,R-Line,,,Odstraněno,Sauto.cz,Ano,https://www.sauto.cz/osobni/detail/volkswagen/arteon/210343778
VW Arteon Liftback 2.0 TSI,599000,46843,2022,Benzín,1.5,TSI,,110,Manuální,,,,Ne,Hatchback,Elegance,,,Odstraněno,Sauto.cz,Ano,https://www.sauto.cz/osobni/detail/volkswagen/arteon/210347891
VW Arteon Shooting Brake 2.0 TDI,679999,52922,2023,Nafta,2.0,TDI,,110,Automatická,Ano,,,Ne,Kombi,R-Line,,1. MAJ ČR,Odstraněno,Sauto.cz,Ano,https://www.sauto.cz/osobni/detail/volkswagen/arteon/210392159
VW Arteon Liftback 2.0 TSI,645000,42325,2022,Benzín,2.0,TSI,,140,Automatická,Ano,,,Ne,Kombi,Elegance,,,Odstraněno,Sauto.cz,Ano,https://www.sauto.cz/osobni/detail/volkswagen/arteon/210411017
VW Arteon Liftback 2.0 TSI,649000,93111,2023,Benzín,2.0,TSI,,140,Automatická,Ano,,,Ne,Hatchback,R-Line,,,Odstraněno,Sauto.cz,Ano,https://www.sauto.cz/osobni/detail/volkswagen/arteon/210424028
VW Arteon Liftback 2.0 TSI,629000,45500,2021,Benzín,2.0,TSI,,140,Automatická,,,,Ne,Hatchback,Elegance,,"-, FULL LED",Odstraněno,Sauto.cz,Ano,https://www.sauto.cz/osobni/detail/volkswagen/arteon/210476111
VW Arteon Liftback 2.0 TSI,729000,65072,2022,Benzín,2.0,TSI,,140,Automatická,Ano,,,Ne,Kombi,R-Line,,ČR DPH,Odstraněno,Sauto.cz,Ano,https://www.sauto.cz/osobni/detail/volkswagen/arteon/210485099
VW Arteon Shooting Brake 2.0 TDI,664999,60445,2022,Nafta,2.0,TDI,,147,Automatická,Ano,,,Ne,Kombi,Elegance,,1.MAJ. CZ,Ojeté,Sauto.cz,Ano,
VW Arteon Shooting Brake 2.0 TDI,675000,58854,2023,Nafta,2.0,TDI,,110,Automatická,,,,Ne,Kombi,R-Line,,SB,Ojeté,Sauto.cz,Ano,
VW Arteon Liftback 2.0 TSI,588000,57500,2022,Benzín,1.5,TSI,,110,Manuální,,,,Ne,Liftback,R-Line,,,Ojeté,Sauto.cz,Ano,
VW Golf Variant 1.5 eTSI (Gen 8),569990,41750,2022,Benzín,1.5,TSI,,110,Automatická,,,,Ne,Kombi,Life,,,Ojeté,Sauto.cz,Ano,
VW Golf Variant 1.5 eTSI (Gen 8),549000,92174,2024,Nafta,2.0,TDI,,110,Automatická,Ano,,,Ne,Kombi,Life,,( 150k),Odstraněno,Sauto.cz,Ano,https://www.sauto.cz/osobni/detail/volkswagen/golf-variant/210182837
VW Golf Variant 1.5 eTSI (Gen 8),729000,16893,2024,Benzín,1.5,TSI,,110,Manuální,,,,Ne,Kombi,R-Line,,Golf Variant 11,Odstraněno,Sauto.cz,Ano,https://www.sauto.cz/osobni/detail/volkswagen/golf-variant/210258137
VW Golf Variant 1.5 eTSI (Gen 8),730840,73300,2023,Benzín,2.0,TSI,,140,Automatická,Ano,,,Ne,Kombi,R-Line,,VIII *Navi*,Odstraněno,Sauto.cz,Ano,https://www.sauto.cz/osobni/detail/volkswagen/golf-variant/210338135
VW Golf Variant 1.5 eTSI (Gen 8),559000,56929,2024,Benzín,1.5,eTSI,MHEV,110,Automatická,Ano,,,Ne,Kombi,Style,,,Odstraněno,Sauto.cz,Ano,https://www.sauto.cz/osobni/detail/volkswagen/golf-variant/210342068
VW Golf Variant 1.5 eTSI (Gen 8),549990,44875,2023,Benzín,1.5,TSI,,110,Manuální,,,,Ne,Kombi,Style,,,Odstraněno,Sauto.cz,Ano,https://www.sauto.cz/osobni/detail/volkswagen/golf-variant/210368177
VW Golf Variant 1.5 eTSI (Gen 8),669900,29609,2025,Benzín,1.5,TSI,MHEV,110,Automatická,Ano,,,Ne,Kombi,Style,,Varia,Odstraněno,Sauto.cz,Ano,https://www.sauto.cz/osobni/detail/volkswagen/golf-variant/210378857
VW Golf Variant 1.5 eTSI (Gen 8),535000,79353,2023,Benzín,1.5,TSI,,110,Manuální,,,,Ne,Kombi,Style,,M6G,Odstraněno,Sauto.cz,Ano,https://www.sauto.cz/osobni/detail/volkswagen/golf-variant/210378944
VW Golf Variant 1.5 eTSI (Gen 8),549900,34455,2023,Benzín,1.5,eTSI,MHEV,110,Automatická,Ano,,,Ne,Kombi,Style,,,Odstraněno,Sauto.cz,Ano,https://www.sauto.cz/osobni/detail/volkswagen/golf-variant/210488048
VW Golf Variant 1.5 eTSI (Gen 8),430000,72000,2021,Nafta,2.0,TDI,,110,Manuální,,,,Ne,Kombi,Style,,,Odstraněno,Sauto.cz,Ano,https://www.sauto.cz/osobni/detail/volkswagen/golf/209199123
VW Golf Variant 1.5 eTSI (Gen 8),498000,89874,2024,Nafta,2.0,TDI,,110,Automatická,Ano,,,Ne,Kombi,,,1.Maj DPH TZ,Ojeté,Sauto.cz,Ano,
VW Golf Hatchback 1.5 TSI (Gen 8),563000,22434,2023,Benzín,1.5,eTSI,,110,Automatická,Ano,,,Ne,Hatchback,Style,,,Odstraněno,Sauto.cz,Ano,https://www.sauto.cz/osobni/detail/volkswagen/golf/209526942
VW Golf Hatchback 1.5 TSI (Gen 8),599000,68014,2022,Benzín,2.0,TSI,,180,Manuální,,,,Ne,Hatchback,,,GTI,Ojeté,Sauto.cz,Ano,
VW Golf Hatchback 1.5 TSI (Gen 8),457000,83944,2022,Nafta,2.0,,,110,Automatická,,,,Ne,Hatchback,,Ano,zdarma,Ojeté,Sauto.cz,Ano,
VW Golf Hatchback 1.5 TSI (Gen 8),596000,8102,2025,Benzín,1.5,,,110,Manuální,,,,Ne,Hatchback,,,---ZÁLOHOVÁNO---,Ojeté,Sauto.cz,Ano,
VW Golf Variant 1.5 eTSI (Gen 8),495000,87717,2022,Nafta,2.0,,,110,Automatická,,,,Ne,Kombi,,Ano,zdarma,Ojeté,Sauto.cz,Ano,
VW Golf Variant 1.5 eTSI (Gen 8),430000,53038,2023,Benzín,1.5,eTSI,,110,Automatická,Ano,,,Ne,Kombi,Life,,KESSY Varia,Odstraněno,Sauto.cz,Ano,https://www.sauto.cz/osobni/detail/volkswagen/golf/209844234
VW Golf Variant 1.5 eTSI (Gen 8),420000,79962,2023,Benzín,1.5,eTSI,,110,Automatická,Ano,,,Ne,Kombi,Life,,ACC Variant,Odstraněno,Sauto.cz,Ano,https://www.sauto.cz/osobni/detail/volkswagen/golf/209852538
VW Golf Variant 1.5 eTSI (Gen 8),449999,95300,2023,Benzín,1.5,TSI,MHEV,110,Automatická,,,,Ne,Kombi,Life,,EVO DS,Ojeté,Sauto.cz,Ano,
VW Golf Hatchback 1.5 TSI (Gen 8),520000,93500,2021,Benzín,1.5,TSI,,110,Automatická,,,,Ne,Hatchback,R-Line,,EVO BMT,Odstraněno,Sauto.cz,Ano,https://www.sauto.cz/osobni/detail/volkswagen/golf/210073382
VW Golf Hatchback 1.5 TSI (Gen 8),725000,50044,2023,Benzín,2.0,TSI,,180,Automatická,Ano,,,Ne,Hatchback,,,GTI,Ojeté,Sauto.cz,Ano,
VW Golf Hatchback 1.5 TSI (Gen 8),699000,50018,2022,Benzín,2.0,TSI,,180,Manuální,,,,Ne,Hatchback,,,GTi,Ojeté,Sauto.cz,Ano,
VW Golf Variant 1.5 eTSI (Gen 8),649900,19004,2024,Benzín,1.5,eTSI,,110,Automatická,Ano,,,Ne,Kombi,Life,,Tov.zá,Odstraněno,Sauto.cz,Ano,https://www.sauto.cz/osobni/detail/volkswagen/golf/210179666
VW Golf Hatchback 1.5 TSI (Gen 8),686900,,2026,Benzín,1.5,eTSI,,110,Automatická,,,,Ne,Hatchback,,,,Odstraněno,Sauto.cz,Ano,https://www.sauto.cz/osobni/detail/volkswagen/golf/210211055
VW Golf Variant 1.5 eTSI (Gen 8),619900,15000,2025,Benzín,1.5,TSI,,110,Manuální,,,,Ne,Kombi,Life,Ano,Tov.záruka,Odstraněno,Sauto.cz,Ano,https://www.sauto.cz/osobni/detail/volkswagen/golf/210220196
VW Golf Hatchback 1.5 TSI (Gen 8),749000,52754,2021,Benzín,2.0,,,221,Automatická,,,,Ne,Hatchback,,,GTi Clubsport *VIRTUAL*IQ,Odstraněno,Sauto.cz,Ano,https://www.sauto.cz/osobni/detail/volkswagen/golf/210224639
VW Golf Hatchback 1.5 TSI (Gen 8),619999,55900,2023,Benzín,2.0,TSI,,180,Manuální,,,,Ne,Hatchback,,,GTI Virtual DPH,Ojeté,Sauto.cz,Ano,
VW Golf Variant 1.5 eTSI (Gen 8),699900,36662,2024,Nafta,2.0,TDI,,110,Automatická,Ano,,,Ne,Kombi,R-Line,,,Odstraněno,Sauto.cz,Ano,https://www.sauto.cz/osobni/detail/volkswagen/golf/210232085
VW Golf Hatchback 1.5 TSI (Gen 8),739000,15000,2026,Benzín,1.5,TSI,MHEV,110,Automatická,Ano,,,Ne,Hatchback,,,People,Předváděcí,Sauto.cz,Ano,
VW Golf Hatchback 1.5 TSI (Gen 8),669000,37260,2023,Benzín,2.0,TSI,,180,Manuální,,,,Ne,Hatchback,,,GTI Business Pr,Odstraněno,Sauto.cz,Ano,https://www.sauto.cz/osobni/detail/volkswagen/golf/210243461
VW Golf Variant 1.5 eTSI (Gen 8),630000,20667,2024,Nafta,2.0,TDI,,110,Automatická,,,,Ne,Kombi,Life,Ano,"Záruka, Automat",Odstraněno,Sauto.cz,Ano,https://www.sauto.cz/osobni/detail/volkswagen/golf/210245270
VW Golf Variant 1.5 eTSI (Gen 8),659900,10850,2024,Benzín,1.5,eTSI,,110,Automatická,Ano,,,Ne,Kombi,Life,,Tov.zá,Odstraněno,Sauto.cz,Ano,https://www.sauto.cz/osobni/detail/volkswagen/golf/210263384
VW Golf Variant 1.5 eTSI (Gen 8),667900,29684,2025,Benzín,1.5,TSI,MHEV,110,Automatická,Ano,,,Ne,Kombi,Style,,Varia,Odstraněno,Sauto.cz,Ano,https://www.sauto.cz/osobni/detail/volkswagen/golf/210284033
VW Golf Hatchback 1.5 TSI (Gen 8),694300,5,2026,Benzín,1.5,eTSI,MHEV,110,Automatická,,,,Ne,Hatchback,,,People,Odstraněno,Sauto.cz,Ano,https://www.sauto.cz/osobni/detail/volkswagen/golf/210328232
VW Golf Hatchback 1.5 TSI (Gen 8),499900,64592,2021,Benzín,1.5,eTSI,,110,Automatická,Ano,,,Ne,Hatchback,Style,,,Odstraněno,Sauto.cz,Ano,https://www.sauto.cz/osobni/detail/volkswagen/golf/210334454
VW Golf Hatchback 1.5 TSI (Gen 8),479988,63291,2023,Benzín,1.5,TSI,,110,Manuální,,,,Ne,Hatchback,Life,,EVO BMT ČR,Ojeté,Sauto.cz,Ano,
VW Golf Variant 1.5 eTSI (Gen 8),650000,25352,2023,Benzín,1.5,TSI,,110,Automatická,,,,Ne,Kombi,R-Line,,"Automat, ČR",Odstraněno,Sauto.cz,Ano,https://www.sauto.cz/osobni/detail/volkswagen/golf/210354377
VW Golf Hatchback 1.5 TSI (Gen 8),530000,34912,2023,Benzín,1.5,eTSI,,110,Automatická,,,,Ne,Hatchback,Style,,NOVÁ CENA,Odstraněno,Sauto.cz,Ano,https://www.sauto.cz/osobni/detail/volkswagen/golf/210362084
VW Golf Variant 1.5 eTSI (Gen 8),689000,54407,2025,Benzín,1.5,eTSI,,110,Automatická,Ano,,,Ne,Kombi,R-Line,,VIII,Odstraněno,Sauto.cz,Ano,https://www.sauto.cz/osobni/detail/volkswagen/golf/210364106
VW Golf Variant 1.5 eTSI (Gen 8),698000,,2026,Benzín,1.5,TSI,,110,Automatická,,,,Ne,Kombi,,,6G,Odstraněno,Sauto.cz,Ano,https://www.sauto.cz/osobni/detail/volkswagen/golf/210367174
VW Golf Hatchback 1.5 TSI (Gen 8),465000,51400,2022,Benzín,1.5,TSI,,110,Manuální,,,,Ne,Hatchback,,,Matrix,Odstraněno,Sauto.cz,Ano,https://www.sauto.cz/osobni/detail/volkswagen/golf/210369146
VW Golf Hatchback 1.5 TSI (Gen 8),497900,36122,2022,Benzín,1.5,TSI,,110,Automatická,,,,Ne,Hatchback,Style,,,Ojeté,Sauto.cz,Ano,
VW Golf Hatchback 1.5 TSI (Gen 8),684900,2000,2026,Benzín,1.5,,,110,Automatická,,,,Ne,Hatchback,,,Golf,Odstraněno,Sauto.cz,Ano,https://www.sauto.cz/osobni/detail/volkswagen/golf/210380897
VW Golf Hatchback 1.5 TSI (Gen 8),635000,17100,2025,Benzín,1.5,TSI,,110,Manuální,,,,Ne,Hatchback,R-Line,,DPH,Odstraněno,Sauto.cz,Ano,https://www.sauto.cz/osobni/detail/volkswagen/golf/210384659
VW Golf Variant 1.5 eTSI (Gen 8),599000,8470,2024,Benzín,1.5,TSI,,110,Automatická,Ano,,,Ne,Kombi,,,VW Golf 8 ZÁRUKA,Odstraněno,Sauto.cz,Ano,https://www.sauto.cz/osobni/detail/volkswagen/golf/210400397
VW Golf Variant 1.5 eTSI (Gen 8),548000,35892,2023,Benzín,1.5,TSI,,110,Manuální,,,,Ne,Kombi,Style,,,Ojeté,Sauto.cz,Ano,
VW Golf Variant 1.5 eTSI (Gen 8),669900,18354,2025,Benzín,1.5,eTSI,,110,Automatická,,,,Ne,Kombi,Style,,"1, Variant DS",Odstraněno,Sauto.cz,Ano,https://www.sauto.cz/osobni/detail/volkswagen/golf/210431150
VW Golf Variant 1.5 eTSI (Gen 8),620000,42512,2024,Benzín,1.5,TSI,,110,Automatická,Ano,,,Ne,Kombi,Life,,"e-,ČR",Ojeté,Sauto.cz,Ano,
VW Golf Variant 1.5 eTSI (Gen 8),549000,49565,2023,Nafta,2.0,TDI,,110,Manuální,,,,Ne,Kombi,Life,Ano,záruka,Ojeté,Sauto.cz,Ano,
VW Golf Hatchback 1.5 TSI (Gen 8),629000,68461,2021,Benzín,2.0,,,180,Automatická,,,,Ne,Hatchback,,,GTI Servis 68tkm,Ojeté,Sauto.cz,Ano,
VW Golf Variant 1.5 eTSI (Gen 8),505900,69880,2023,Benzín,1.5,TSI,,110,Automatická,Ano,,,Ne,Kombi,Style,,E- 7,Odstraněno,Sauto.cz,Ano,https://www.sauto.cz/osobni/detail/volkswagen/golf/210484397
VW Golf Variant 1.5 eTSI (Gen 8),729900,58000,2024,Benzín,2.0,TDI,,110,Automatická,,,,Ne,Kombi,R-Line,,Variant ČR,Ojeté,Sauto.cz,Ano,
VW Golf Hatchback 1.5 TSI (Gen 8),669000,5000,2025,Benzín,1.5,TSI,,110,Manuální,,,,Ne,Hatchback,,,6G People,Předváděcí,Sauto.cz,Ano,
VW Golf Hatchback 1.5 TSI (Gen 8),499000,46810,2021,Benzín,1.5,TSI,,110,Automatická,,,,Ne,Hatchback,,,"ČR,AT",Ojeté,Sauto.cz,Ano,
VW Golf Variant 1.5 eTSI (Gen 8),450000,94000,2023,Benzín,1.5,eTSI,,110,Automatická,,,,Ne,Kombi,,,Variant,Ojeté,Sauto.cz,Ano,
VW DSG 2.0,539900,79633,2021,Nafta,2.0,,,110,Automatická,,,,Ne,Kombi,,,,Odstraněno,Sauto.cz,Ne,https://www.sauto.cz/osobni/detail/volkswagen/ostatni/207766414
VW Passat B8 Variant Elegance 2.0 TDI,639000,53717,2022,Nafta,2.0,TDI,,147,Automatická,Ano,,,Ne,Kombi,Elegance,,,Ojeté,Sauto.cz,Ano,
VW Passat Variant 1.5 eTSI (B9),579000,68407,2022,Benzín,1.5,TSI,,110,Automatická,Ano,,,Ne,Kombi,,,Business,Odstraněno,Sauto.cz,Ano,https://www.sauto.cz/osobni/detail/volkswagen/passat-variant/209785947
VW Passat Variant 1.5 eTSI (B9),499900,69680,2023,Benzín,1.5,TSI,,110,Automatická,Ano,,,Ne,Kombi,Elegance,,,Odstraněno,Sauto.cz,Ano,https://www.sauto.cz/osobni/detail/volkswagen/passat-variant/210061259
VW Passat Variant 1.5 eTSI (B9),628852,29000,2023,Benzín,1.4,,,115,Automatická,,,,Ne,Kombi,,,,Odstraněno,Sauto.cz,Ano,https://www.sauto.cz/osobni/detail/volkswagen/passat-variant/210177560
VW Passat B8 Variant Elegance 2.0 TDI,687000,62040,2021,Benzín,2.0,TSI,,206,Automatická,Ano,,,Ano,Kombi,Elegance,,,Ojeté,Sauto.cz,Ano,
VW Passat Variant 1.5 eTSI (B9),529000,92826,2022,Benzín,1.5,TSI,,110,Automatická,Ano,,,Ne,Kombi,Elegance,,EVO BMT V,Odstraněno,Sauto.cz,Ano,https://www.sauto.cz/osobni/detail/volkswagen/passat-variant/210221504
VW Passat Variant 1.5 eTSI (B9),529000,94933,2023,Benzín,1.5,TSI,,110,Automatická,Ano,,,Ne,Kombi,Elegance,,EVO BMT V,Odstraněno,Sauto.cz,Ano,https://www.sauto.cz/osobni/detail/volkswagen/passat-variant/210221507
VW Passat B8 Variant Elegance 2.0 TDI,688000,60677,2023,Nafta,2.0,TDI,,147,Automatická,Ano,,,Ano,Kombi,,,,Odstraněno,Sauto.cz,Ano,https://www.sauto.cz/osobni/detail/volkswagen/passat-variant/210361553
VW Passat Variant 1.5 eTSI (B9),499900,85496,2022,Benzín,1.5,TSI,,110,Automatická,Ano,,,Ne,Kombi,Elegance,,EVO BMT V,Ojeté,Sauto.cz,Ano,
VW Passat Variant 1.5 eTSI (B9),499900,92536,2023,Benzín,1.5,TSI,,110,Automatická,Ano,,,Ne,Kombi,Elegance,,EVO BMT V,Odstraněno,Sauto.cz,Ano,https://www.sauto.cz/osobni/detail/volkswagen/passat-variant/210378797
VW Passat B8 Variant Elegance 2.0 TDI,628000,65456,2023,Nafta,2.0,TDI,,110,Automatická,Ano,,,Ne,Kombi,,,"LED,CZ",Odstraněno,Sauto.cz,Ano,https://www.sauto.cz/osobni/detail/volkswagen/passat-variant/210420326
VW Passat B8 Variant Elegance 2.0 TDI,616000,99409,2023,Nafta,2.0,,,147,Automatická,,,,Ano,Kombi,,,---ZÁLOHOVÁNO---,Ojeté,Sauto.cz,Ano,
VW Passat B8 Variant Elegance 2.0 TDI,739000,29815,2022,Nafta,2.0,TDI,,147,Automatická,Ano,,,Ano,Kombi,Alltrack,,4Mo,Odstraněno,Sauto.cz,Ano,https://www.sauto.cz/osobni/detail/volkswagen/passat/207158364
VW Passat B8 Variant Elegance 2.0 TDI,739000,28522,2022,Nafta,2.0,TDI,,147,Automatická,Ano,,,Ano,Kombi,Alltrack,,4Mo,Odstraněno,Sauto.cz,Ano,https://www.sauto.cz/osobni/detail/volkswagen/passat/207178179
VW Passat B8 Variant Elegance 2.0 TDI,599000,39694,2022,Nafta,2.0,TDI,,110,Automatická,Ano,,,Ne,Kombi,,,Variant,Ojeté,Sauto.cz,Ano,
VW Passat B8 Variant Elegance 2.0 TDI,598999,83271,2023,Nafta,2.0,TDI,,110,Automatická,Ano,,,Ne,Kombi,,,Matrix Virtual DPH,Ojeté,Sauto.cz,Ano,
VW Passat B8 Variant Elegance 2.0 TDI,499900,87536,2021,Benzín,2.0,TSI,,140,Manuální,,,,Ne,Kombi,Elegance,,Var. 140 AT,Ojeté,Sauto.cz,Ano,
VW Passat Variant 1.5 eTSI (B9),739000,42842,2024,Benzín,1.5,eTSI,,110,Automatická,,,,Ne,Kombi,,,Business NezTop 2xAlu,Ojeté,Sauto.cz,Ano,
VW Passat B8 Variant Elegance 2.0 TDI,669999,46852,2022,Nafta,2.0,TDI,,147,Automatická,Ano,,,Ne,Kombi,,,Matrix DPH,Ojeté,Sauto.cz,Ano,
VW Passat B8 Variant Elegance 2.0 TDI,626000,90413,2022,Nafta,2.0,TDI,,147,Automatická,Ano,,,Ne,Kombi,R-Line,,,Ojeté,Sauto.cz,Ano,
VW Passat B8 Variant Elegance 2.0 TDI,515000,98652,2021,Nafta,2.0,TDI,,110,Automatická,Ano,,,Ne,Kombi,,,Tažné Webasto,Ojeté,Sauto.cz,Ano,
VW Passat Variant 1.5 eTSI (B9),588000,95850,2022,Benzín,1.5,TSI,,110,Automatická,Ano,,,Ne,Kombi,,,Variant Eleg,Ojeté,Sauto.cz,Ano,
VW Passat B8 Variant Elegance 2.0 TDI,596000,66758,2022,Nafta,2.0,TDI,,110,Automatická,Ano,,,Ne,Kombi,Elegance,,,Ojeté,Sauto.cz,Ano,
VW Passat B8 Variant Elegance 2.0 TDI,589000,92600,2024,Nafta,2.0,TDI,,110,Automatická,,,,Ne,Kombi,,,ELEGENCE,Odstraněno,Sauto.cz,Ano,https://www.sauto.cz/osobni/detail/volkswagen/passat/209984313
VW Passat B8 Variant Elegance 2.0 TDI,644999,94684,2021,Benzín,2.0,TSI,,206,Automatická,Ano,,,Ano,Kombi,,,CZ DPH,Ojeté,Sauto.cz,Ano,
VW Passat Variant 1.5 eTSI (B9),699000,52900,2025,Benzín,1.5,eTSI,,110,Automatická,,,,Ne,Kombi,,,Business,Odstraněno,Sauto.cz,Ano,https://www.sauto.cz/osobni/detail/volkswagen/passat/210066860
VW Passat Variant 1.5 eTSI (B9),564000,57855,2023,Benzín,1.5,TSI,,110,Automatická,Ano,,,Ne,Kombi,,,Variant Business,Ojeté,Sauto.cz,Ano,
VW Passat Variant 1.5 eTSI (B9),528999,72090,2022,Benzín,1.5,TSI,,110,Automatická,Ano,,,Ne,Kombi,,,Business DPH,Ojeté,Sauto.cz,Ano,
VW Passat Variant 1.5 eTSI (B9),598999,62119,2024,Benzín,1.5,TSI,,110,Automatická,Ano,,,Ne,Kombi,,,Business DPH,Ojeté,Sauto.cz,Ano,
VW Passat Variant 1.5 eTSI (B9),558999,68457,2023,Benzín,1.5,TSI,,110,Automatická,Ano,,,Ne,Kombi,,,Business DPH,Ojeté,Sauto.cz,Ano,
VW Passat Variant 1.5 eTSI (B9),498000,90659,2023,Benzín,1.5,TSI,,110,Manuální,,,,Ne,Kombi,,,150PS Business M T,Ojeté,Sauto.cz,Ano,
VW Passat B8 Variant Elegance 2.0 TDI,599900,54666,2023,Nafta,2.0,TDI,,110,Automatická,Ano,,,Ne,Kombi,,,150PS Automat,Odstraněno,Sauto.cz,Ano,https://www.sauto.cz/osobni/detail/volkswagen/passat/210169775
VW Passat B8 Variant Elegance 2.0 TDI,599900,90232,2023,Nafta,2.0,TDI,,147,Automatická,Ano,,,Ne,Kombi,Elegance,,,Ojeté,Sauto.cz,Ano,
VW Passat B8 Variant Elegance 2.0 TDI,535000,73698,2023,Nafta,2.0,TDI,,103,Manuální,Ano,,,Ne,Kombi,,,Business Variant,Odstraněno,Sauto.cz,Ano,https://www.sauto.cz/osobni/detail/volkswagen/passat/210220208
VW Passat B8 Variant Elegance 2.0 TDI,579999,48800,2023,Nafta,2.0,TDI,,110,Automatická,,,,Ne,Kombi,R-Line,,1.majitel CZ,Ojeté,Sauto.cz,Ano,
VW Passat Variant 1.5 eTSI (B9),494000,88107,2022,Benzín,1.5,,,110,Automatická,,,,Ne,Kombi,Elegance,,PASSAT VARIANT TS,Ojeté,Sauto.cz,Ano,
VW Passat Variant 1.5 eTSI (B9),589900,52720,2024,Benzín,1.5,TSI,,110,Automatická,Ano,,,Ne,Kombi,,,BUSINESS EVO,Odstraněno,Sauto.cz,Ano,https://www.sauto.cz/osobni/detail/volkswagen/passat/210269864
VW Passat B8 Variant Elegance 2.0 TDI,549900,78905,2022,Nafta,2.0,TDI,,110,Automatická,Ano,,,Ne,Kombi,Elegance,,EVO,Odstraněno,Sauto.cz,Ano,https://www.sauto.cz/osobni/detail/volkswagen/passat/210298214
VW Passat B8 Variant Elegance 2.0 TDI,579000,74805,2022,Nafta,2.0,TDI,,110,Automatická,Ano,,,Ne,Sedan/limuzína,Elegance,,Plu,Ojeté,Sauto.cz,Ano,
VW Passat Variant 1.5 eTSI (B9),509900,75929,2022,Benzín,1.5,TSI,,110,Automatická,Ano,,,Ne,Sedan/limuzína,Elegance,,ACC,Odstraněno,Sauto.cz,Ano,https://www.sauto.cz/osobni/detail/volkswagen/passat/210362609
VW Passat B8 Variant Elegance 2.0 TDI,588000,92548,2024,Nafta,2.0,TDI,,110,Automatická,Ano,,,Ne,Kombi,,,Business Zá,Ojeté,Sauto.cz,Ano,
VW Passat B8 Variant Elegance 2.0 TDI,524900,96475,2023,Nafta,2.0,TDI,,110,Automatická,Ano,,,Ne,Kombi,,,BMT Business,Odstraněno,Sauto.cz,Ano,https://www.sauto.cz/osobni/detail/volkswagen/passat/210378341
VW Passat B8 Variant Elegance 2.0 TDI,689000,83250,2021,Nafta,2.0,TDI,,147,Automatická,Ano,,,Ano,Kombi,Alltrack,,4Mo Matrix,Odstraněno,Sauto.cz,Ano,https://www.sauto.cz/osobni/detail/volkswagen/passat/210397085
VW Passat B8 Variant Elegance 2.0 TDI,640000,67916,2021,Nafta,2.0,TDI,,147,Automatická,,,,Ano,Kombi,Alltrack,,,Odstraněno,Sauto.cz,Ano,https://www.sauto.cz/osobni/detail/volkswagen/passat/210398972
VW Passat B8 Variant Elegance 2.0 TDI,639900,68966,2021,Nafta,2.0,TDI,,147,Automatická,Ano,,,Ano,Kombi,,,Var.,Odstraněno,Sauto.cz,Ano,https://www.sauto.cz/osobni/detail/volkswagen/passat/210407558
VW Passat B8 Variant Elegance 2.0 TDI,489900,76788,2022,Nafta,2.0,TDI,,110,Automatická,Ano,,,Ne,Kombi,,,LED,Odstraněno,Sauto.cz,Ano,https://www.sauto.cz/osobni/detail/volkswagen/passat/210417170
VW Passat B8 Variant Elegance 2.0 TDI,630000,87000,2022,Nafta,2.0,TDI,,147,Automatická,Ano,,,Ano,Kombi,,,"R Line,2x sada AL",Ojeté,Sauto.cz,Ano,
VW Passat Variant 1.5 eTSI (B9),529000,59817,2021,Benzín,1.5,TSI,,110,Automatická,Ano,,,Ne,Kombi,,,Business Variant,Ojeté,Sauto.cz,Ano,
VW Passat B8 Variant Elegance 2.0 TDI,599900,90710,2021,Nafta,2.0,TDI,,147,Automatická,Ano,,,Ano,Kombi,Elegance,,4M,Ojeté,Sauto.cz,Ano,
VW Passat Variant 1.5 eTSI (B9),589000,64453,2024,Benzín,1.5,TSI,,110,Automatická,Ano,,,Ne,Kombi,,,Business,Odstraněno,Sauto.cz,Ano,https://www.sauto.cz/osobni/detail/volkswagen/passat/210431144
VW Passat B8 Variant Elegance 2.0 TDI,618000,86064,2022,Benzín,2.0,TSI,,140,Automatická,Ano,,,Ne,Kombi,Elegance,,,Ojeté,Sauto.cz,Ano,
VW Passat B8 Variant Elegance 2.0 TDI,618900,53930,2023,Nafta,2.0,TDI,,110,Automatická,Ano,,,Ne,Kombi,Elegance,,53tkm.ČR,Ojeté,Sauto.cz,Ano,
VW Passat Variant 1.5 eTSI (B9),509900,69000,2021,Benzín,1.5,TSI,,110,Automatická,Ano,,,Ne,Kombi,,,BUSINESS CZ,Odstraněno,Sauto.cz,Ano,https://www.sauto.cz/osobni/detail/volkswagen/passat/210483971
VW Passat B8 Variant Elegance 2.0 TDI,549000,72049,2021,Nafta,2.0,TDI,,147,Automatická,Ano,,,Ano,Kombi,,,Eleg,Ojeté,Sauto.cz,Ano,
VW Passat B8 Variant Elegance 2.0 TDI,569900,84000,2022,Benzín,2.0,TSI,,110,Manuální,Ano,,,Ne,Kombi,Elegance,,CZ,Ojeté,Sauto.cz,Ano,
VW Passat Variant 1.5 eTSI (B9),479000,94403,2021,Benzín,1.5,TSI,,110,Automatická,Ano,,,Ne,Kombi,,,"LED,navi",Ojeté,Sauto.cz,Ano,
VW Polo 1.0 TSI,559000,20291,2022,Benzín,2.0,TSI,,152,Automatická,Ano,,,Ne,Hatchback,,,GTI Virtual,Ojeté,Sauto.cz,Ano,
VW Polo 1.0 TSI,498932,53706,2022,Benzín,2.0,,,152,Automatická,,,,Ne,Hatchback,,,,Odstraněno,Sauto.cz,Ano,https://www.sauto.cz/osobni/detail/volkswagen/polo/210180146
VW Polo 1.0 TSI,680000,2610,2025,Benzín,2.0,,,152,Automatická,,,,Ne,Hatchback,,Ano,"GTI, Záruka, Automat, ČR",Odstraněno,Sauto.cz,Ano,https://www.sauto.cz/osobni/detail/volkswagen/polo/210354557
VW Polo 1.0 TSI,559000,73233,2022,Benzín,2.0,TSI,,152,Automatická,Ano,,,Ne,Hatchback,,,GTI,Odstraněno,Sauto.cz,Ano,https://www.sauto.cz/osobni/detail/volkswagen/polo/210376760
VW Polo 1.0 TSI,529888,76518,2023,Benzín,2.0,TSI,,152,Automatická,Ano,,,Ne,Hatchback,,,GTI,Ojeté,Sauto.cz,Ano,
VW Polo 1.0 TSI,519000,81570,2022,Benzín,2.0,,,152,Automatická,Ano,,,Ne,Hatchback,,,"GTI,KAMERA,LED",Odstraněno,Sauto.cz,Ano,https://www.sauto.cz/osobni/detail/volkswagen/polo/210440141
VW Sharan 2.0 TDI (5místná verze),650000,72800,2022,Benzín,1.4,TSI,,110,Automatická,,,,Ne,MPV,,,Comfortline,Odstraněno,Sauto.cz,Ano,https://www.sauto.cz/osobni/detail/volkswagen/sharan/207908047
VW Sharan 2.0 TDI (5místná verze),578000,97052,2021,Benzín,1.4,TSI,,110,Automatická,,,,Ne,MPV,,,2XALU NAVI KAMERA TAŽNÉ,Odstraněno,Sauto.cz,Ano,https://www.sauto.cz/osobni/detail/volkswagen/sharan/209159970
VW Sharan 2.0 TDI (5místná verze),664900,79795,2022,Benzín,1.4,TSI,,110,Automatická,,,,Ne,MPV,Highline,,,Ojeté,Sauto.cz,Ano,
VW T-Cross 1.0 TSI,745000,1000,2026,Benzín,1.5,TSI,,110,Automatická,,,,Ne,SUV,R-Line,,People 7D,Odstraněno,Sauto.cz,Ano,https://www.sauto.cz/osobni/detail/volkswagen/t-cross/209398932
VW T-Cross 1.0 TSI,540000,33174,2022,Benzín,1.5,TSI,,110,Automatická,,,,Ne,SUV,R-Line,,"Automat, ČR",Odstraněno,Sauto.cz,Ano,https://www.sauto.cz/osobni/detail/volkswagen/t-cross/210435428
VW T-Cross 1.0 TSI,704825,41656,2024,Benzín,1.5,TSI,,110,Automatická,Ano,,,Ne,SUV,R-Line,,*Matrix*Led*,Odstraněno,Sauto.cz,Ano,https://www.sauto.cz/osobni/detail/volkswagen/t-cross/210437906
VW T-Cross 1.0 TSI,645000,5,2026,Benzín,1.0,TSI,,110,Manuální,Ano,,,Ne,CUV,,,People,Nové,Sauto.cz,Ano,
VW T-Roc 1.5 TSI,529900,64776,2021,Benzín,1.5,TSI,,110,Automatická,Ano,,,Ne,SUV,Style,,,Odstraněno,Sauto.cz,Ano,https://www.sauto.cz/osobni/detail/volkswagen/t-roc/209349840
VW T-Roc 1.5 TSI,545000,38000,2022,Benzín,1.5,TSI,,110,Automatická,Ano,,,Ne,SUV,,,ACC 6 2022,Ojeté,Sauto.cz,Ano,
VW T-Roc 1.5 TSI,542000,22800,2022,Benzín,1.5,TSI,,110,Manuální,,,,Ne,SUV,,Ano,záruka,Ojeté,Sauto.cz,Ano,
VW T-Roc 1.5 TSI,648999,59173,2022,Nafta,2.0,TDI,,110,Automatická,Ano,,,Ano,SUV,R-Line,,LED,Ojeté,Sauto.cz,Ano,
VW T-Roc 1.5 TSI,533477,84420,2022,Benzín,1.5,,,110,Automatická,,,,Ne,SUV,,,,Odstraněno,Sauto.cz,Ano,https://www.sauto.cz/osobni/detail/volkswagen/t-roc/210179855
VW T-Roc 1.5 TSI,699000,5803,2025,Benzín,1.5,TSI,,110,Automatická,Ano,,,Ne,Kombi,,,People,Odstraněno,Sauto.cz,Ano,https://www.sauto.cz/osobni/detail/volkswagen/t-roc/210261299
VW T-Roc 1.5 TSI,599900,38253,2023,Benzín,1.5,TSI,,110,Automatická,Ano,,,Ne,SUV,Life,,Tov.zár,Odstraněno,Sauto.cz,Ano,https://www.sauto.cz/osobni/detail/volkswagen/t-roc/210270500
VW T-Roc 1.5 TSI,699000,1000,2026,Benzín,1.5,TSI,,110,Automatická,Ano,,,Ne,SUV,,,FRIENDS 7,Odstraněno,Sauto.cz,Ano,https://www.sauto.cz/osobni/detail/volkswagen/t-roc/210333914
VW T-Roc 1.5 TSI,665000,22586,2023,Benzín,1.5,TSI,,110,Automatická,Ano,,,Ne,Kombi,R-Line,,7,Odstraněno,Sauto.cz,Ano,https://www.sauto.cz/osobni/detail/volkswagen/t-roc/210397658
VW T-Roc 1.5 TSI,479990,24600,2022,Nafta,2.0,TDI,,110,Automatická,Ano,,,Ne,SUV,,,MATRIX ACC,Ojeté,Sauto.cz,Ano,
VW T-Roc 1.5 TSI,649000,26137,2024,Benzín,1.5,TSI,,110,Automatická,Ano,,,Ne,SUV,Life,,,Odstraněno,Sauto.cz,Ano,https://www.sauto.cz/osobni/detail/volkswagen/t-roc/210416009
VW T-Roc 1.5 TSI,679000,18383,2023,Benzín,1.5,TSI,,110,Automatická,Ano,,,Ne,Kombi,R-Line,,,Odstraněno,Sauto.cz,Ano,https://www.sauto.cz/osobni/detail/volkswagen/t-roc/210416441
VW T-Roc 1.5 TSI,499000,46399,2022,Benzín,1.5,TSI,,110,Automatická,Ano,,,Ne,SUV,,,Sport,Ojeté,Sauto.cz,Ano,
VW T-Roc 1.5 TSI,730000,80273,2022,Benzín,2.0,TSI,,221,Automatická,,,,Ano,SUV,,,R,Odstraněno,Sauto.cz,Ano,https://www.sauto.cz/osobni/detail/volkswagen/t-roc/210429179
VW T-Roc 1.5 TSI,629900,33015,2023,Benzín,1.5,TSI,,110,Automatická,Ano,,,Ne,SUV,R-Line,,,Odstraněno,Sauto.cz,Ano,https://www.sauto.cz/osobni/detail/volkswagen/t-roc/210430955
VW T-Roc 1.5 TSI,688490,17338,2024,Benzín,1.5,TSI,,110,Manuální,,,,Ne,SUV,R-Line,,*Kamera*Navi*,Odstraněno,Sauto.cz,Ano,https://www.sauto.cz/osobni/detail/volkswagen/t-roc/210437657
VW T-Roc 1.5 TSI,650000,10010,2023,Benzín,1.4,TSI,,110,Automatická,,,,Ne,SUV,Style,,VW T-Roc (Ukr),Odstraněno,Sauto.cz,Ano,https://www.sauto.cz/osobni/detail/volkswagen/t-roc/210491093
VW T-Roc 1.5 TSI,629000,53547,2023,Benzín,1.5,TSI,,110,Automatická,Ano,,,Ne,Hatchback,Style,,,Ojeté,Sauto.cz,Ano,
VW T-Roc 1.5 TSI,599990,34227,2023,Benzín,1.5,TSI,,110,Automatická,,,,Ne,SUV,Life,,,Ojeté,Sauto.cz,Ano,
VW T-Roc 1.5 TSI,549000,40626,2021,Benzín,1.5,TSI,,110,Automatická,Ano,,,Ne,SUV,,,Maraton Edition,Ojeté,Sauto.cz,Ano,
VW Taigo 1.0 TSI,554000,21258,2024,Benzín,1.5,TSI,,110,Automatická,Ano,,,Ne,Hatchback,Style,,,Ojeté,Sauto.cz,Ano,
VW Taigo 1.0 TSI,739000,2,2025,Benzín,1.5,TSI,,110,Automatická,Ano,,,Ne,SUV,R-Line,,,Nové,Sauto.cz,Ano,
VW Taigo 1.0 TSI,749000,15000,2026,Benzín,1.5,TSI,,110,Automatická,Ano,,,Ne,SUV,R-Line,,People,Předváděcí,Sauto.cz,Ano,
VW Taigo 1.0 TSI,739000,3,2025,Benzín,1.5,TSI,,110,Automatická,Ano,,,Ne,SUV,R-Line,,,Nové,Sauto.cz,Ano,
VW Taigo 1.0 TSI,729000,15000,2026,Benzín,1.5,TSI,,110,Automatická,Ano,,,Ne,SUV,R-Line,,,Předváděcí,Sauto.cz,Ano,
VW Taigo 1.0 TSI,542000,92341,2023,Benzín,2.0,TSI,,110,Automatická,Ano,,,Ne,SUV,R-Line,,,Ojeté,Sauto.cz,Ano,
VW Taigo 1.0 TSI,712900,,2026,Benzín,1.5,TSI,,110,Automatická,,,,Ne,SUV,R-Line,,People,Odstraněno,Sauto.cz,Ano,https://www.sauto.cz/osobni/detail/volkswagen/taigo/210211136
VW Taigo 1.0 TSI,689900,100,2026,Benzín,1.5,TSI,,110,Automatická,Ano,,,Ne,SUV,R-Line,,People,Odstraněno,Sauto.cz,Ano,https://www.sauto.cz/osobni/detail/volkswagen/taigo/210313751
VW Taigo 1.0 TSI,499000,33366,2022,Benzín,1.5,TSI,,110,Automatická,Ano,,,Ne,SUV,,,,Odstraněno,Sauto.cz,Ano,https://www.sauto.cz/osobni/detail/volkswagen/taigo/210343976
VW Taigo 1.0 TSI,609900,39245,2024,Benzín,1.5,TSI,,110,Automatická,Ano,,,Ne,SUV,R-Line,,,Odstraněno,Sauto.cz,Ano,https://www.sauto.cz/osobni/detail/volkswagen/taigo/210384776
VW Taigo 1.0 TSI,579000,44721,2023,Benzín,1.5,TSI,,110,Automatická,Ano,,,Ne,SUV,,,"( 150k) , R-Li",Odstraněno,Sauto.cz,Ano,https://www.sauto.cz/osobni/detail/volkswagen/taigo/210398081
VW Taigo 1.0 TSI,657030,16572,2024,Benzín,1.5,TSI,,110,Automatická,Ano,,,Ne,SUV,R-Line,,*Navi*Kamera,Odstraněno,Sauto.cz,Ano,https://www.sauto.cz/osobni/detail/volkswagen/taigo/210438272
VW Taigo 1.0 TSI,479000,98810,2022,Benzín,1.5,TSI,,110,Automatická,Ano,,,Ne,SUV,Style,,DPH,Ojeté,Sauto.cz,Ano,
VW Taigo 1.0 TSI,522000,74556,2022,Benzín,1.5,TSI,,110,Automatická,Ano,,,Ne,SUV,R-Line,,,Ojeté,Sauto.cz,Ano,
VW Taigo 1.0 TSI,579900,9754,2023,Benzín,1.5,TSI,,110,Automatická,Ano,,,Ne,SUV,R-Line,,,Odstraněno,Sauto.cz,Ano,https://www.sauto.cz/osobni/detail/volkswagen/taigo/210483485
VW Taigo 1.0 TSI,600000,29503,2024,Benzín,1.5,TSI,,110,Automatická,,,,Ne,SUV,R-Line,Ano,Záruka,Ojeté,Sauto.cz,Ano,
VW Tiguan Life 1.5 TSI (Gen 2),658000,89960,2022,Benzín,1.5,TSI,,110,Automatická,Ano,,,Ne,SUV,Life,,IQ Light ACC,Ojeté,Sauto.cz,Ano,
VW Tiguan Allspace 2.0 TDI (5místná verze),712000,82768,2021,Nafta,2.0,,,147,Automatická,,,,Ano,SUV,Highline,,Allspace,Ojeté,Sauto.cz,Ano,
VW Tiguan Allspace 2.0 TDI (5místná verze),742999,90177,2022,Benzín,2.0,TSI,,140,Automatická,,,,Ano,SUV,,,DPH TZ,Ojeté,Sauto.cz,Ano,
VW Tiguan Life 1.5 TSI (Gen 2),739000,53494,2024,Benzín,1.5,TSI,,110,Automatická,Ano,,,Ne,Kombi,Life,,,Odstraněno,Sauto.cz,Ano,https://www.sauto.cz/osobni/detail/volkswagen/tiguan-allspace/209993679
VW Tiguan Life 1.5 TSI (Gen 2),599900,88500,2023,Benzín,1.5,TSI,,110,Automatická,Ano,,,Ne,SUV,Life,,1.maj.,Odstraněno,Sauto.cz,Ano,https://www.sauto.cz/osobni/detail/volkswagen/tiguan-allspace/210027804
VW Tiguan Allspace 2.0 TDI (5místná verze),689000,90533,2022,Benzín,2.0,TSI,,140,Automatická,Ano,,,Ano,Kombi,Life,,BMT,Odstraněno,Sauto.cz,Ano,https://www.sauto.cz/osobni/detail/volkswagen/tiguan-allspace/210050496
VW Tiguan Allspace 2.0 TDI (5místná verze),669900,73162,2022,Nafta,2.0,TDI,,110,Automatická,Ano,,,Ano,SUV,,,BMT,Ojeté,Sauto.cz,Ano,
VW Tiguan Life 1.5 TSI (Gen 2),698000,48500,2022,Benzín,1.5,TSI,,110,Automatická,Ano,,,Ne,SUV,Elegance,,,Ojeté,Sauto.cz,Ano,
VW Tiguan Allspace 2.0 TDI (5místná verze),750000,84091,2022,Nafta,2.0,TDI,,147,Automatická,,,,Ano,SUV,Elegance,,NOVÁ CENA,Odstraněno,Sauto.cz,Ano,https://www.sauto.cz/osobni/detail/volkswagen/tiguan-allspace/210203011
VW Tiguan Life 1.5 TSI (Gen 2),727900,38962,2024,Benzín,1.5,TSI,,110,Automatická,Ano,,,Ne,SUV,Life,,,Odstraněno,Sauto.cz,Ano,https://www.sauto.cz/osobni/detail/volkswagen/tiguan-allspace/210208715
VW Tiguan Allspace 2.0 TDI (5místná verze),690000,92337,2022,Nafta,2.0,TDI,,110,Automatická,Ano,,,Ne,SUV,Elegance,,4M NAV+TZ,Odstraněno,Sauto.cz,Ano,https://www.sauto.cz/osobni/detail/volkswagen/tiguan-allspace/210212936
VW Tiguan Life 1.5 TSI (Gen 2),719999,53567,2023,Benzín,1.5,TSI,,110,Automatická,Ano,,,Ne,SUV,Life,,CZ DPH,Ojeté,Sauto.cz,Ano,
VW Tiguan Allspace 2.0 TDI (5místná verze),680000,55000,2021,Nafta,2.0,TDI,,147,Automatická,,,,Ano,Kombi,Highline,,,Ojeté,Sauto.cz,Ano,
VW Tiguan Life 1.5 TSI (Gen 2),658900,35382,2023,Benzín,1.5,TSI,,110,Automatická,Ano,,,Ne,SUV,Life,,,Odstraněno,Sauto.cz,Ano,https://www.sauto.cz/osobni/detail/volkswagen/tiguan-allspace/210344360
VW Tiguan Allspace 2.0 TDI (5místná verze),639900,69410,2022,Nafta,2.0,TDI,,110,Automatická,Ano,,,Ne,SUV,Life,,,Odstraněno,Sauto.cz,Ano,https://www.sauto.cz/osobni/detail/volkswagen/tiguan-allspace/210370109
VW Tiguan Life 1.5 TSI (Gen 2),659000,89290,2023,Benzín,1.5,TSI,,110,Automatická,Ano,,,Ne,SUV,Elegance,,ACC+PDC,Odstraněno,Sauto.cz,Ano,https://www.sauto.cz/osobni/detail/volkswagen/tiguan-allspace/210375245
VW Tiguan Life 1.5 TSI (Gen 2),680000,94573,2023,Benzín,1.5,TSI,,110,Automatická,,,,Ne,SUV,Life,,"Automat, ČR",Odstraněno,Sauto.cz,Ano,https://www.sauto.cz/osobni/detail/volkswagen/tiguan-allspace/210387380
VW Tiguan Allspace 2.0 TDI (5místná verze),696195,50466,2023,Benzín,2.0,,,137,Automatická,,,,Ne,SUV,,,,Odstraněno,Sauto.cz,Ano,https://www.sauto.cz/osobni/detail/volkswagen/tiguan-allspace/210425156
VW Tiguan Allspace 2.0 TDI (5místná verze),749000,88511,2023,Nafta,2.0,TDI,,110,Automatická,Ano,,,Ano,SUV,R-Line,,DPH,Ojeté,Sauto.cz,Ano,
VW Tiguan Allspace 2.0 TDI (5místná verze),669000,82979,2021,Nafta,2.0,TDI,,147,Automatická,,,,Ano,SUV,,,Webasto,Ojeté,Sauto.cz,Ano,
VW Tiguan Life 1.5 TSI (Gen 2),519000,95500,2023,Benzín,1.5,TSI,,110,Manuální,,,,Ne,SUV,Life,,,Odstraněno,Sauto.cz,Ano,https://www.sauto.cz/osobni/detail/volkswagen/tiguan/208389233
VW Tiguan Allspace 2.0 TDI (5místná verze),509000,98761,2022,Nafta,2.0,TDI,,110,Manuální,,,,Ne,SUV,Elegance,,,Odstraněno,Sauto.cz,Ano,https://www.sauto.cz/osobni/detail/volkswagen/tiguan/208577042
VW Tiguan Life 1.5 TSI (Gen 2),679900,36155,2023,Benzín,1.5,TSI,,110,Automatická,Ano,,,Ne,SUV,Life,,EVO,Ojeté,Sauto.cz,Ano,
VW Tiguan Allspace 2.0 TDI (5místná verze),689000,80127,2023,Nafta,2.0,TDI,,110,Manuální,,,,Ne,SUV,Life,Ano,záruka,Ojeté,Sauto.cz,Ano,
VW Tiguan Life 1.5 TSI (Gen 2),567000,79421,2022,Benzín,1.5,TSI,,110,Automatická,,,,Ne,SUV,,Ano,- záruka Autodraft,Ojeté,Sauto.cz,Ano,
VW Tiguan Life 1.5 TSI (Gen 2),580000,52324,2022,Benzín,1.5,TSI,,110,Automatická,,,,Ne,SUV,Elegance,,NOVÁ CENA,Ojeté,Sauto.cz,Ano,
VW Tiguan Allspace 2.0 TDI (5místná verze),716000,97629,2022,Nafta,2.0,TDI,,147,Automatická,Ano,,,Ano,SUV,Elegance,,,Ojeté,Sauto.cz,Ano,
VW Tiguan Allspace 2.0 TDI (5místná verze),698000,97880,2023,Nafta,2.0,TDI,,110,Automatická,Ano,,,Ne,SUV,Elegance,,,Ojeté,Sauto.cz,Ano,
VW Tiguan Life 1.5 TSI (Gen 2),559000,36916,2021,Benzín,1.5,TSI,,110,Automatická,Ano,,,Ne,SUV,Life,,,Ojeté,Sauto.cz,Ano,
VW Tiguan Life 1.5 TSI (Gen 2),634000,45121,2022,Benzín,1.5,TSI,,110,Automatická,Ano,,,Ne,SUV,Life,,,Ojeté,Sauto.cz,Ano,
VW Tiguan Allspace 2.0 TDI (5místná verze),647999,92688,2021,Nafta,2.0,TDI,,110,Automatická,Ano,,,Ano,SUV,,,Matrix DPH,Ojeté,Sauto.cz,Ano,
VW Tiguan Life 1.5 TSI (Gen 2),589999,71911,2023,Benzín,1.5,TSI,,110,Automatická,,,,Ne,SUV,,,LED Tažné CZ,Ojeté,Sauto.cz,Ano,
VW Tiguan 1.5 eTSI (Gen 3),519800,84370,2022,Benzín,1.5,,,110,Manuální,,,,Ne,Kombi,,,VW Tiguan 6G,Odstraněno,Sauto.cz,Ano,https://www.sauto.cz/osobni/detail/volkswagen/tiguan/210210503
VW Tiguan Allspace 2.0 TDI (5místná verze),615000,80583,2022,Nafta,2.0,TDI,,110,Automatická,Ano,,,Ne,SUV,,,"LED, tažné",Odstraněno,Sauto.cz,Ano,https://www.sauto.cz/osobni/detail/volkswagen/tiguan/210211376
VW Tiguan Life 1.5 TSI (Gen 2),664900,62805,2023,Benzín,1.5,TSI,,110,Automatická,,,,Ne,SUV,Elegance,,,Odstraněno,Sauto.cz,Ano,https://www.sauto.cz/osobni/detail/volkswagen/tiguan/210218603
VW Tiguan Allspace 2.0 TDI (5místná verze),549000,99997,2022,Nafta,2.0,TDI,,110,Manuální,,,,Ne,SUV,,,,Ojeté,Sauto.cz,Ano,
VW Tiguan Life 1.5 TSI (Gen 2),654900,53998,2023,Benzín,1.5,TSI,,110,Automatická,,,,Ne,SUV,,,Allspace,Odstraněno,Sauto.cz,Ano,https://www.sauto.cz/osobni/detail/volkswagen/tiguan/210221462
VW Tiguan Allspace 2.0 TDI (5místná verze),691737,51400,2023,Nafta,2.0,,,110,Automatická,,,,Ano,SUV,,,,Odstraněno,Sauto.cz,Ano,https://www.sauto.cz/osobni/detail/volkswagen/tiguan/210225356
VW Tiguan Life 1.5 TSI (Gen 2),699000,40468,2022,Benzín,1.5,TSI,,110,Automatická,Ano,,,Ne,Kombi,Elegance,,,Odstraněno,Sauto.cz,Ano,https://www.sauto.cz/osobni/detail/volkswagen/tiguan/210248045
VW Tiguan Life 1.5 TSI (Gen 2),699000,61792,2023,Benzín,1.5,TSI,,110,Automatická,Ano,,,Ne,Kombi,Elegance,,,Odstraněno,Sauto.cz,Ano,https://www.sauto.cz/osobni/detail/volkswagen/tiguan/210248048
VW Tiguan Allspace 2.0 TDI (5místná verze),599000,93663,2023,Nafta,2.0,TDI,,110,Automatická,Ano,,,Ne,SUV,Life,,,Odstraněno,Sauto.cz,Ano,https://www.sauto.cz/osobni/detail/volkswagen/tiguan/210276590
VW Tiguan Life 1.5 TSI (Gen 2),659000,57067,2023,Benzín,1.5,TSI,,110,Automatická,Ano,,,Ne,SUV,Life,,,Odstraněno,Sauto.cz,Ano,https://www.sauto.cz/osobni/detail/volkswagen/tiguan/210291917
VW Tiguan Life 1.5 TSI (Gen 2),709000,51903,2023,Benzín,1.5,TSI,,110,Automatická,Ano,,,Ne,SUV,R-Line,,,Ojeté,Sauto.cz,Ano,
VW Tiguan Life 1.5 TSI (Gen 2),659900,65014,2023,Benzín,1.5,TSI,,110,Automatická,,,,Ne,SUV,,,Allspace,Odstraněno,Sauto.cz,Ano,https://www.sauto.cz/osobni/detail/volkswagen/tiguan/210303758
VW Tiguan Allspace 2.0 TDI (5místná verze),549000,94000,2021,Nafta,2.0,TDI,,110,Automatická,Ano,,,Ne,SUV,,,,Odstraněno,Sauto.cz,Ano,https://www.sauto.cz/osobni/detail/volkswagen/tiguan/210314465
VW Tiguan Allspace 2.0 TDI (5místná verze),749429,83386,2022,Benzín,2.0,,,140,Automatická,,,,Ano,SUV,,,,Odstraněno,Sauto.cz,Ano,https://www.sauto.cz/osobni/detail/volkswagen/tiguan/210335966
VW Tiguan Allspace 2.0 TDI (5místná verze),749000,44128,2021,Benzín,2.0,TSI,,140,Automatická,Ano,,,Ano,SUV,R-Line,,4MOTI,Odstraněno,Sauto.cz,Ano,https://www.sauto.cz/osobni/detail/volkswagen/tiguan/210351593
VW Tiguan Life 1.5 TSI (Gen 2),654900,67306,2023,Benzín,1.5,TSI,,110,Automatická,,,,Ne,SUV,,,Allspace,Odstraněno,Sauto.cz,Ano,https://www.sauto.cz/osobni/detail/volkswagen/tiguan/210353684
VW Tiguan Life 1.5 TSI (Gen 2),680000,84000,2022,Benzín,1.5,TSI,,110,Automatická,,,,Ne,SUV,,Ano,1. majitel--CZ-záruka,Odstraněno,Sauto.cz,Ano,https://www.sauto.cz/osobni/detail/volkswagen/tiguan/210356276
VW Tiguan Life 1.5 TSI (Gen 2),729000,24512,2024,Benzín,1.5,TSI,,110,Automatická,Ano,,,Ne,SUV,Life,,,Odstraněno,Sauto.cz,Ano,https://www.sauto.cz/osobni/detail/volkswagen/tiguan/210384332
VW Tiguan Life 1.5 TSI (Gen 2),689000,48876,2023,Benzín,1.5,TSI,,110,Automatická,Ano,,,Ne,SUV,Life,,,Ojeté,Sauto.cz,Ano,
VW Tiguan Life 1.5 TSI (Gen 2),559900,48316,2021,Benzín,1.5,TSI,,110,Automatická,Ano,,,Ne,Kombi,Life,,+ ČR,Odstraněno,Sauto.cz,Ano,https://www.sauto.cz/osobni/detail/volkswagen/tiguan/210411401
VW Tiguan Life 1.5 TSI (Gen 2),649990,96992,2022,Benzín,1.5,TSI,,110,Automatická,,,,Ne,SUV,Highline,,,Odstraněno,Sauto.cz,Ano,https://www.sauto.cz/osobni/detail/volkswagen/tiguan/210427040
VW Tiguan Life 1.5 TSI (Gen 2),599900,78000,2023,Benzín,1.5,TSI,,110,Manuální,,,,Ne,Kombi,Life,,EVO,Odstraněno,Sauto.cz,Ano,https://www.sauto.cz/osobni/detail/volkswagen/tiguan/210428585
VW Tiguan Life 1.5 TSI (Gen 2),639000,91795,2022,Benzín,1.5,TSI,,110,Automatická,,,,Ne,SUV,Elegance,,110,Odstraněno,Sauto.cz,Ano,https://www.sauto.cz/osobni/detail/volkswagen/tiguan/210475226
VW Tiguan Life 1.5 TSI (Gen 2),685000,55812,2022,Benzín,1.5,TSI,,110,Automatická,Ano,,,Ne,SUV,Elegance,,110,Odstraněno,Sauto.cz,Ano,https://www.sauto.cz/osobni/detail/volkswagen/tiguan/210475232
VW Tiguan Life 1.5 TSI (Gen 2),588000,48303,2021,Benzín,1.5,TSI,,110,Manuální,,,,Ne,SUV,Life,,,Ojeté,Sauto.cz,Ano,
VW Tiguan Life 1.5 TSI (Gen 2),530000,71200,2023,Benzín,1.5,TSI,,110,Manuální,,,,Ne,SUV,,,LED manuál,Odstraněno,Sauto.cz,Ano,https://www.sauto.cz/osobni/detail/volkswagen/tiguan/210485960
VW Tiguan Life 1.5 TSI (Gen 2),649000,52033,2022,Benzín,1.5,TSI,,110,Automatická,Ano,,,Ne,SUV,Life,,,Ojeté,Sauto.cz,Ano,
VW Tiguan Life 1.5 TSI (Gen 2),619000,32179,2022,Benzín,1.5,TSI,,110,Automatická,,,,Ne,SUV,Life,,,Ojeté,Sauto.cz,Ano,
VW Tiguan Life 1.5 TSI (Gen 2),675000,50123,2023,Benzín,1.5,TSI,,110,Automatická,,,,Ne,SUV,,,Allspace,Ojeté,Sauto.cz,Ano,
VW Tiguan Allspace 2.0 TDI (5místná verze),699900,96845,2024,Nafta,2.0,TDI,,110,Automatická,Ano,,,Ano,Kombi,Life,,,Ojeté,Sauto.cz,Ano,
VW Touran 1.5 TSI (5místná verze),669000,25400,2024,Benzín,1.5,TSI,,110,Manuální,,,,Ne,MPV,,,7MÍST,Odstraněno,Sauto.cz,Ano,https://www.sauto.cz/osobni/detail/volkswagen/touran/208712330
VW Touran 1.5 TSI (5místná verze),729000,11789,2022,Benzín,1.5,TSI,,110,Automatická,Ano,,,Ne,Kombi,Highline,,EVO BMT,Odstraněno,Sauto.cz,Ano,https://www.sauto.cz/osobni/detail/volkswagen/touran/209173845
VW Touran 1.5 TSI (5místná verze),639000,88500,2024,Nafta,2.0,TDI,,110,Automatická,Ano,,,Ne,MPV,,,DPH,Ojeté,Sauto.cz,Ano,
VW Touran 1.5 TSI (5místná verze),659999,98834,2022,Nafta,2.0,TDI,,110,Automatická,Ano,,,Ne,MPV,Highline,,DPH,Ojeté,Sauto.cz,Ano,
VW Touran 1.5 TSI (5místná verze),539900,85200,2021,Nafta,2.0,TDI,,110,Automatická,Ano,,,Ne,MPV,,,NAVIGACE KAMERA ACC,Odstraněno,Sauto.cz,Ano,https://www.sauto.cz/osobni/detail/volkswagen/touran/210221003
VW Touran 1.5 TSI (5místná verze),589000,95705,2021,Nafta,2.0,TDI,,110,Automatická,Ano,,,Ne,MPV,R-Line,,,Ojeté,Sauto.cz,Ano,
VW Touran 1.5 TSI (5místná verze),614559,45321,2022,Benzín,1.5,TSI,,110,Automatická,Ano,,,Ne,Kombi,,,Touran HL EVO,Ojeté,Sauto.cz,Ano,
VW Touran 1.5 TSI (5místná verze),680000,50510,2023,Benzín,1.5,TSI,,110,Automatická,,,,Ne,MPV,,,"Automat, Navi",Odstraněno,Sauto.cz,Ano,https://www.sauto.cz/osobni/detail/volkswagen/touran/210290330
VW Touran 1.5 TSI (5místná verze),649000,56966,2022,Benzín,1.5,TSI,,110,Automatická,Ano,,,Ne,Kombi,Highline,,EVO BMT,Ojeté,Sauto.cz,Ano,
VW Touran 1.5 TSI (5místná verze),599000,92662,2023,Nafta,2.0,TDI,,110,Automatická,Ano,,,Ne,MPV,,,ALU 16'',Ojeté,Sauto.cz,Ano,
VW Touran 1.5 TSI (5místná verze),620000,77480,2022,Benzín,1.5,TSI,,110,Automatická,,,,Ne,MPV,,,"Automat, ČR",Odstraněno,Sauto.cz,Ano,https://www.sauto.cz/osobni/detail/volkswagen/touran/210354506
VW Touran 1.5 TSI (5místná verze),723900,63568,2024,Nafta,2.0,TDI,,110,Automatická,Ano,,,Ne,MPV,Highline,,,Odstraněno,Sauto.cz,Ano,https://www.sauto.cz/osobni/detail/volkswagen/touran/210368006
VW Touran 1.5 TSI (5místná verze),689000,76500,2023,Benzín,1.5,TSI,,110,Automatická,Ano,,,Ne,MPV,Highline,,,Odstraněno,Sauto.cz,Ano,https://www.sauto.cz/osobni/detail/volkswagen/touran/210430139
VW Touran 1.5 TSI (5místná verze),589000,62378,2021,Benzín,1.5,TSI,,110,Manuální,,,,Ne,MPV,Highline,,"ALU 17""",Ojeté,Sauto.cz,Ano,
VW Touran 1.5 TSI (5místná verze),570000,73273,2022,Nafta,2.0,,,110,Automatická,,,,Ne,MPV,,,,Odstraněno,Sauto.cz,Ano,https://www.sauto.cz/osobni/detail/volkswagen/touran/210479240
VW Touran 1.5 TSI (5místná verze),598000,93853,2023,Nafta,2.0,TDI,,110,Automatická,Ano,,,Ne,MPV,,,ALU 16'',Ojeté,Sauto.cz,Ano,
VW Touran 1.5 TSI (5místná verze),599900,73036,2022,Nafta,2.0,TDI,,110,Automatická,Ano,,,Ne,MPV,Highline,,,Ojeté,Sauto.cz,Ano,
VW Touran 1.5 TSI (5místná verze),629900,27207,2022,Benzín,1.5,TSI,,110,Manuální,,,,Ne,Kombi,,,ME,Ojeté,Sauto.cz,Ano,
VW Touran 1.5 TSI (5místná verze),549000,98580,2022,Nafta,2.0,TDI,,110,Automatická,Ano,,,Ne,MPV,Highline,,,Ojeté,Sauto.cz,Ano,
Volvo V60 2.0,685000,40825,2021,Benzín,2.0,,,184,Automatická,,,,Ano,Kombi,,,Cross Country B5 DPH ČR,Ojeté,Sauto.cz,Ano,
Volvo V60 2.0,729999,96450,2024,Benzín,2.0,,,145,Automatická,Ano,,,Ne,Kombi,,,B4 benzin Plus Dark,Ojeté,Sauto.cz,Ano,
Volvo V90 2.0,679999,74443,2021,Nafta,2.0,,MHEV,140,Automatická,,,,Ano,Kombi,,,B4 aut. Momentum Pro,Ojeté,Sauto.cz,Ano,
Volvo V90 2.0,679000,81116,2021,Nafta,2.0,,,145,Automatická,,,,Ne,Kombi,,,B4 MOMENTUM AUT,Odstraněno,Sauto.cz,Ano,https://www.sauto.cz/osobni/detail/volvo/v90/210216650
Volvo XC40 B3 MHEV,684000,13800,2023,Benzín,2.0,,,120,Automatická,,,,Ne,SUV,,,"PLUS DARK B3, HARMAN KARDON",Ojeté,Sauto.cz,Ano,
Volvo XC40 B3 MHEV,679999,35550,2023,Benzín,2.0,,,120,Automatická,,,,Ne,SUV,,,B3 Plus Bezklíč,Ojeté,Sauto.cz,Ano,
Volvo XC40 B3 MHEV,714999,51885,2023,Benzín,2.0,,,120,Automatická,,,,Ne,SUV,,,B3 Bright Plus aut.,Ojeté,Sauto.cz,Ano,
Volvo XC40 B3 MHEV,684999,42727,2023,Benzín,2.0,,MHEV,120,Automatická,,,,Ne,SUV,,,B3 Core aut.,Ojeté,Sauto.cz,Ano,
Volvo XC40 B3 MHEV,664999,39086,2023,Benzín,2.0,,MHEV,120,Automatická,,,,Ne,SUV,,,B3 Core aut.,Ojeté,Sauto.cz,Ano,
Volvo XC40 B3 MHEV,679999,45385,2022,Benzín,2.0,,,145,Automatická,Ano,,,Ne,SUV,,,B4 FWD Core,Ojeté,Sauto.cz,Ano,
Volvo XC40 B3 MHEV,729999,33526,2023,Benzín,2.0,,,120,Automatická,Ano,,,Ne,SUV,,,B3 PLUS DARK,Ojeté,Sauto.cz,Ano,
Volvo XC40 B3 MHEV,694999,68711,2023,Benzín,2.0,,,120,Automatická,Ano,,,Ne,SUV,,,B3 PLUS DARK,Ojeté,Sauto.cz,Ano,
Volvo XC40 B3 MHEV,599000,58560,2021,Benzín,2.0,,,145,Automatická,,,,Ne,SUV,,,"B4 R-desing bezklíč,adapt",Ojeté,Sauto.cz,Ano,
Volvo XC40 B3 MHEV,644999,59312,2022,Benzín,2.0,,,120,Automatická,Ano,,,Ne,SUV,,,B3 Core,Ojeté,Sauto.cz,Ano,
Volvo XC40 B3 MHEV,684999,97250,2021,Benzín,2.0,,,145,Automatická,,,,Ano,SUV,,,B4 R-design BLIS,Ojeté,Sauto.cz,Ano,
Volvo XC40 B3 MHEV,664000,28863,2023,Benzín,2.0,,,120,Automatická,,,,Ne,SUV,,,"CORE B3, kamera, 19""",Ojeté,Sauto.cz,Ano,
Volvo XC40 B3 MHEV,684999,70018,2023,Benzín,2.0,,,120,Automatická,,,,Ne,SUV,,,B3 PLUS DARK,Ojeté,Sauto.cz,Ano,
Volvo XC40 B3 MHEV,659999,92259,2021,Benzín,2.0,,,145,Automatická,,,,Ano,SUV,,,B4 R-Design,Ojeté,Sauto.cz,Ano,
Volvo XC40 B3 MHEV,599000,95616,2022,Benzín,2.0,,,145,Automatická,,,,Ne,SUV,,,B4 FWD / tažné zařízení,Odstraněno,Sauto.cz,Ano,https://www.sauto.cz/osobni/detail/volvo/xc40/210105164
Volvo XC40 B3 MHEV,549000,85869,2021,Nafta,2.0,,,110,Manuální,,,,Ne,SUV,,,D3 MOMENTUM,Odstraněno,Sauto.cz,Ano,https://www.sauto.cz/osobni/detail/volvo/xc40/210166649
Volvo XC40 B3 MHEV,699000,41595,2021,Benzín,2.0,,,145,Automatická,,,,Ano,SUV,,,B4 R-DESIGN REZERVACE,Odstraněno,Sauto.cz,Ano,https://www.sauto.cz/osobni/detail/volvo/xc40/210287732
Volvo XC40 B3 MHEV,739998,48583,2023,Benzín,2.0,,,120,Automatická,,,,Ne,SUV,,,B3 Plus Dark Bezklíč,Ojeté,Sauto.cz,Ano,
Volvo XC40 B3 MHEV,614999,60699,2023,Benzín,2.0,,,145,Automatická,,,,Ne,SUV,,,B4 NAVI KAMERA VÝHŘEV ČR,Odstraněno,Sauto.cz,Ano,https://www.sauto.cz/osobni/detail/volvo/xc40/210416666
Volvo XC40 B3 MHEV,579900,69309,2021,Benzín,1.5,,,120,Automatická,,,,Ne,SUV,,,"T3 R-Design A T, ...",Odstraněno,Sauto.cz,Ano,https://www.sauto.cz/osobni/detail/volvo/xc40/210439268
Volvo XC40 B3 MHEV,729900,31499,2023,Benzín,2.0,,,120,Automatická,,,,Ne,SUV,,,B3 FWD Plus Dark AT7,Ojeté,Sauto.cz,Ano,
Volvo XC40 B3 MHEV,729900,31550,2023,Benzín,2.0,,,120,Automatická,,,,Ne,SUV,,,B3 FWD PLUS DARK,Ojeté,Sauto.cz,Ano,
Volvo XC40 B3 MHEV,740000,20241,2021,Benzín,2.0,,,145,Automatická,,,,Ano,SUV,,,"B4 , R-Design",Ojeté,Sauto.cz,Ano,
Volvo XC60 2.0,750000,78901,2021,Nafta,2.0,,,145,Automatická,,,,Ano,SUV,,,"B4 , Momentum, NOVÁ CENA",Ojeté,Sauto.cz,Ano,
Volvo XC60 2.0,699900,83000,2021,Nafta,2.0,,,145,Automatická,,,,Ano,SUV,,,B4 MOMENTUM AUT CZ nebour.,Ojeté,Sauto.cz,Ano,
Volvo XC60 2.0,750000,45857,2021,Nafta,2.0,,,145,Automatická,,,,Ano,SUV,,,"B4 , Automat",Ojeté,Sauto.cz,Ano,
Volvo XC60 2.0,719998,54735,2021,Nafta,2.0,,,145,Automatická,,,,Ano,SUV,,,B4 Momentum Bezklíč,Odstraněno,Sauto.cz,Ano,https://www.sauto.cz/osobni/detail/volvo/xc60/210350624
Volvo XC60 2.0,699000,92801,2021,Nafta,2.0,,,145,Automatická,,,,Ano,SUV,,,B4 MOMENTUM AUT CZ,Odstraněno,Sauto.cz,Ano,https://www.sauto.cz/osobni/detail/volvo/xc60/210439847
Volvo XC60 2.0,739000,91908,2022,Benzín,2.0,,MHEV,145,Automatická,,,,Ne,SUV,,,FWD AUT mild hybrid momentum,Ojeté,Sauto.cz,Ano,
Audi A5 2.0 TFSI,745000,22650,2021,Benzín,2.0,TFSI,,150,Automatická,,,,Ano,Hatchback,S Line,,40 DPH,Ojeté,Sauto.cz,Ano,https://www.sauto.cz/osobni/detail/audi/a5/210146954
Audi Q2 35 TFSI (Pohon předních kol),416000,86326,2021,Benzín,1.5,TFSI,,110,Automatická,,,,Ne,SUV,,,"35 , Automat, Serv.kniha",Ojeté,Sauto.cz,Ano,https://www.sauto.cz/osobni/detail/audi/q2/210521927
Audi Q3 45 TFSI e (PHEV),670000,79221,2021,Benzín,1.5,,,110,Automatická,,,,Ne,Hatchback,,,Audi Q3 Sportback,Ojeté,Sauto.cz,Ano,https://www.sauto.cz/osobni/detail/audi/q3/210451334
Audi Q3 35 TFSI (Standardní SUV),729000,85000,2022,Nafta,2.0,TDI,,110,Automatická,,,,Ne,SUV,S-Line,,35,Ojeté,Sauto.cz,Ano,https://www.sauto.cz/osobni/detail/audi/q3/210534305
BAIC X3 1.5T 6MT,493000,13837,2025,Benzín,1.5,,,100,Manuální,,,,Ne,SUV,,Ano,"T, Záruka, Serv.kniha, Kůže",Předváděcí,Sauto.cz,Ano,https://www.sauto.cz/osobni/detail/baic/x3/210511871
BAIC Beijing X55 1.5 Turbo 7DCT,679900,,2026,Benzín,1.5,,,130,Automatická,Ano,,,Ne,SUV,,,T 4x2 ALL IN MY2,Nové,Sauto.cz,Ano,https://www.sauto.cz/osobni/detail/baic/x55/210535094
BAIC X7 1.5,699900,4500,2025,Benzín,1.5,,,130,Automatická,Ano,,,Ne,SUV,,,T 4x2 ALL IN,Předváděcí,Sauto.cz,Ano,https://www.sauto.cz/osobni/detail/baic/x7/209940363
BAIC X7 1.5,749900,8,2025,Benzín,1.5,,,130,Automatická,Ano,,,Ne,SUV,,,4x2 T+,Nové,Sauto.cz,Ano,https://www.sauto.cz/osobni/detail/baic/x7/210092990
BMW 1 1.5,488000,79200,2021,Benzín,1.5,,,103,Automatická,,,,Ne,Hatchback,,,118i,Ojeté,Sauto.cz,Ano,https://www.sauto.cz/osobni/detail/bmw/rada-1/210498734
BMW 1 1.5,469000,88673,2021,Benzín,1.5,,,100,Automatická,,,,Ne,Hatchback,Sportline,,118i AUT**FullLED*DPH,Ojeté,Sauto.cz,Ano,https://www.sauto.cz/osobni/detail/bmw/rada-1/210538574
BMW 2 1.5,499000,82058,2021,Benzín,1.5,,,100,Automatická,,,,Ne,Sedan/limuzína,,,BMW 218i Gran Coupe+plná nádrž,Ojeté,Sauto.cz,Ano,https://www.sauto.cz/osobni/detail/bmw/rada-2/210454472
BMW 2 1.5,620000,70650,2022,Benzín,1.5,,,133,Automatická,,,,Ne,Sedan/limuzína,,,BMW 218i Gran Coupé LuxuryLine,Ojeté,Sauto.cz,Ano,https://www.sauto.cz/osobni/detail/bmw/rada-2/210521831
BMW 3 2.0,459900,90000,2022,Nafta,2.0,,,110,Manuální,,,,Ne,Kombi,,,318D TOURING NOVÉ ČR,Ojeté,Sauto.cz,Ano,https://www.sauto.cz/osobni/detail/bmw/rada-3/210275009
BMW 3 2.0,739000,42880,2023,Benzín,2.0,,,115,Automatická,,,,Ne,Kombi,,,318i Touring,Ojeté,Sauto.cz,Ano,https://www.sauto.cz/osobni/detail/bmw/rada-3/210510482
BMW 3 2.0,699900,91020,2022,Nafta,2.0,,PHEV,140,Automatická,,,,Ano,Kombi,Luxury,,"d LINE, PANORAMA",Ojeté,Sauto.cz,Ano,https://www.sauto.cz/osobni/detail/bmw/rada-3/210510554
BMW 3 2.0,749990,66700,2022,Nafta,2.0,,PHEV,140,Automatická,,,,Ano,Kombi,,,320d DPH Nebourané Serv,Ojeté,Sauto.cz,Ano,https://www.sauto.cz/osobni/detail/bmw/rada-3/210512501
BMW 3 2.0,698000,54526,2022,Nafta,2.0,,PHEV,140,Automatická,,,,Ano,Kombi,,,"M-packet ,X drive,TZ,ACC",Ojeté,Sauto.cz,Ano,https://www.sauto.cz/osobni/detail/bmw/rada-3/210540284
BMW 5 2.0,750000,97000,2021,Nafta,2.0,,PHEV,140,Automatická,,,,Ano,Sedan/limuzína,,,520D X DRIVE M PACKET -DPH,Ojeté,Sauto.cz,Ano,https://www.sauto.cz/osobni/detail/bmw/rada-5/209281329
"BMW X1 xDrive30e (PHEV, U11)",549000,89000,2021,Nafta,2.0,,PHEV,110,Automatická,,,,Ne,Kombi,,,"BMW X1, 18d sDrive, M-packet",Ojeté,Sauto.cz,Ano,https://www.sauto.cz/osobni/detail/bmw/x1/210456041
"BMW X1 xDrive30e (PHEV, U11)",699999,42057,2023,Benzín,1.5,,PHEV,100,Automatická,,,,Ne,SUV,,,sDrive 18i,Ojeté,Sauto.cz,Ano,https://www.sauto.cz/osobni/detail/bmw/x1/210491801
"BMW X1 xDrive30e (PHEV, U11)",579999,62335,2022,Nafta,2.0,,PHEV,110,Automatická,,,,Ano,SUV,,,18d AT CZ,Ojeté,Sauto.cz,Ano,https://www.sauto.cz/osobni/detail/bmw/x1/210523859
"BMW X1 sDrive18i (Benzín, U11)",749000,15000,2024,Benzín,1.5,,,100,Automatická,,,,Ne,SUV,,,18i LED KAMERA CZ,Ojeté,Sauto.cz,Ano,https://www.sauto.cz/osobni/detail/bmw/x1/210527492
"BMW X2 sDrive20i (Crossover, U10)",549000,84100,2021,Benzín,1.5,,PHEV,100,Automatická,,,,Ne,Hatchback,,,sDrive i Automat HeadUp,Ojeté,Sauto.cz,Ano,https://www.sauto.cz/osobni/detail/bmw/x2/210447683
"BMW X2 sDrive20i (Crossover, U10)",659000,59681,2021,Nafta,2.0,,,140,Automatická,,,,Ano,SUV,,,"D xD,AT,park. kamera",Ojeté,Sauto.cz,Ano,https://www.sauto.cz/osobni/detail/bmw/x2/210518393
"BMW X2 sDrive20i (Crossover, U10)",699000,51000,2021,Nafta,2.0,,,140,Automatická,,,,Ano,SUV,,,"M-packet ,TZ,head-up",Ojeté,Sauto.cz,Ano,https://www.sauto.cz/osobni/detail/bmw/x2/210540437
Cadillac XT4 2.0,500000,56000,2023,Benzín,2.0,,,169,Automatická,,,,Ano,SUV,,,,Ojeté,Sauto.cz,Ne,https://www.sauto.cz/osobni/detail/cadillac/xt4/210259379
Chery Tiggo 7 Pro 1.5T (Benzín),659000,2,2026,Benzín,1.6,T-GDI,,108,Automatická,,,,Ne,SUV,Luxury,,,Nové,Sauto.cz,Ano,https://www.sauto.cz/osobni/detail/chery/tiggo-7/210506393
Chery Tiggo 7 Pro 1.5T (Benzín),650000,2115,2026,Benzín,1.6,TGDI,,108,Automatická,,,,Ne,SUV,Luxury,,,Předváděcí,Sauto.cz,Ano,https://www.sauto.cz/osobni/detail/chery/tiggo-7/210537776
Chery Tiggo 7 Pro 1.5T (Benzín),600000,2133,2026,Benzín,1.6,TGDI,,108,Automatická,,,,Ne,SUV,Comfort,,,Předváděcí,Sauto.cz,Ano,https://www.sauto.cz/osobni/detail/chery/tiggo-7/210545750
Chery Tiggo 7 Pro 1.5T (Benzín),650000,2358,2026,Benzín,1.6,TGDI,,108,Automatická,,,,Ne,SUV,Luxury,,,Předváděcí,Sauto.cz,Ano,https://www.sauto.cz/osobni/detail/chery/tiggo-7/210550709
Chery Tiggo 7 Pro 1.5T (Benzín),600000,2347,2026,Benzín,1.6,TGDI,,108,Automatická,,,,Ne,SUV,Comfort,,,Předváděcí,Sauto.cz,Ano,https://www.sauto.cz/osobni/detail/chery/tiggo-7/210551285
Chery Tiggo 7 Pro 1.5T (Benzín),600000,2543,2026,Benzín,1.6,TGDI,,108,Automatická,,,,Ne,SUV,Comfort,,,Předváděcí,Sauto.cz,Ano,https://www.sauto.cz/osobni/detail/chery/tiggo-7/210551534
Chery Tiggo 7 Pro 1.5T (Benzín),600000,2467,2026,Benzín,1.6,TGDI,,108,Automatická,,,,Ne,SUV,Comfort,,,Předváděcí,Sauto.cz,Ano,https://www.sauto.cz/osobni/detail/chery/tiggo-7/210552680
Citroën C5 Aircross 1.2 MHEV,585000,18830,2025,Benzín,1.2,,HEV,100,Automatická,,,,Ne,SUV,,,MAX Hybrid 136 ë-DCS6,Ojeté,Sauto.cz,Ano,https://www.sauto.cz/osobni/detail/citroen/c5-aircross/210517598
Citroën C5 Aircross 1.2 MHEV,641750,6,2026,Benzín,1.2,,HEV,107,Automatická,,,,Ne,SUV,,,YOU Hybrid 145k Automatic,Nové,Sauto.cz,Ano,https://www.sauto.cz/osobni/detail/citroen/c5-aircross/210551498
Citroën C5 Aircross Plug-In Hybrid,549000,77410,2022,Benzín,1.6,,,132,Automatická,,,,Ne,Hatchback,,,SHINE PACK ZÁRUKA ČR,Ojeté,Sauto.cz,Ano,https://www.sauto.cz/osobni/detail/citroen/c5-x/207538985
Citroën Grand C4 SpaceTourer 2.0 BlueHDi,509000,37000,2022,Nafta,2.0,,,120,Automatická,,,,Ne,MPV,,,nafta,Ojeté,Sauto.cz,Ano,https://www.sauto.cz/osobni/detail/citroen/grand-c4-spacetourer/210513830
Cupra Ateca 2.0 TSI 4Drive (Pohon všech kol),698000,91643,2024,Benzín,2.0,TSI,,221,Automatická,Ano,,,Ano,SUV,,,VZ 1.Maj DPH,Ojeté,Sauto.cz,Ano,https://www.sauto.cz/osobni/detail/cupra/ateca/210503441
Cupra Ateca 2.0 TSI 4Drive (Pohon všech kol),698000,88465,2023,Benzín,2.0,TSI,,221,Automatická,Ano,,,Ano,SUV,,,1.Maj DPH TZ,Ojeté,Sauto.cz,Ano,https://www.sauto.cz/osobni/detail/cupra/ateca/210503714
Cupra Formentor 1.5 TSI,699990,14500,2025,Benzín,1.5,TSI,,110,Automatická,,,,Ne,SUV,,,TOVÁRNÍ ZÁRUKA,Ojeté,Sauto.cz,Ano,https://www.sauto.cz/osobni/detail/cupra/formentor/210207641
Cupra Formentor 1.5 TSI,499000,46226,2022,Benzín,1.5,TSI,,110,Manuální,,,,Ne,SUV,,,Kamera Kessy ACC,Ojeté,Sauto.cz,Ano,https://www.sauto.cz/osobni/detail/cupra/formentor/210492887
Cupra Formentor 1.5 TSI,618000,37523,2024,Benzín,1.5,TSI,,110,Automatická,Ano,,,Ne,SUV,,,,Ojeté,Sauto.cz,Ano,https://www.sauto.cz/osobni/detail/cupra/formentor/210499232
Cupra Formentor 1.5 TSI,549900,56683,2024,Benzín,1.5,TSI,,110,Automatická,Ano,,,Ne,Kombi,,,FORMENTOR 150K,Ojeté,Sauto.cz,Ano,https://www.sauto.cz/osobni/detail/cupra/formentor/210500861
Cupra Formentor 1.4 e-Hybrid (PHEV),700000,55542,2021,Benzín,2.0,TSI,PHEV,228,Automatická,,,,Ano,SUV,,,"VZ 4Drive, Formentor",Ojeté,Sauto.cz,Ano,https://www.sauto.cz/osobni/detail/cupra/formentor/210503063
Cupra Formentor 1.5 TSI,519000,43600,2022,Benzín,1.5,TSI,,110,Automatická,Ano,,,Ne,SUV,,,,Ojeté,Sauto.cz,Ano,https://www.sauto.cz/osobni/detail/cupra/formentor/210509483
Cupra Formentor 1.5 TSI,590000,61418,2023,Benzín,1.5,TSI,,110,Automatická,,,,Ne,SUV,,,AT,Ojeté,Sauto.cz,Ano,https://www.sauto.cz/osobni/detail/cupra/formentor/210511235
Cupra Formentor 1.5 TSI,739900,20993,2025,Benzín,1.5,TSI,,110,Automatická,,,,Ne,SUV,,,"150kDSG MATRIX LED,ACC",Ojeté,Sauto.cz,Ano,https://www.sauto.cz/osobni/detail/cupra/formentor/210527270
Cupra Formentor 1.5 TSI,572900,24105,2023,Benzín,1.5,TSI,,110,Automatická,Ano,,,Ne,SUV,,,,Ojeté,Sauto.cz,Ano,https://www.sauto.cz/osobni/detail/cupra/formentor/210527408
Cupra Formentor 1.5 TSI,629900,44800,2024,Benzín,1.5,TSI,,110,Automatická,Ano,,,Ne,SUV,,,FORMENTOR 150K,Ojeté,Sauto.cz,Ano,https://www.sauto.cz/osobni/detail/cupra/formentor/210537437
Cupra Formentor 1.5 TSI,585000,53519,2023,Benzín,1.5,TSI,,110,Automatická,Ano,,,Ne,Kombi,,,,Ojeté,Sauto.cz,Ano,https://www.sauto.cz/osobni/detail/cupra/formentor/210537458
Cupra Formentor 1.5 TSI,689900,29917,2023,Benzín,2.0,TSI,,140,Automatická,Ano,,,Ano,SUV,,,Nehavar.Tov.Zá,Ojeté,Sauto.cz,Ano,https://www.sauto.cz/osobni/detail/cupra/formentor/210538205
Cupra Formentor 1.5 TSI,697700,49674,2024,Benzín,2.0,TSI,,140,Automatická,Ano,,,Ano,SUV,,,Nehavar.Tov.Zá,Ojeté,Sauto.cz,Ano,https://www.sauto.cz/osobni/detail/cupra/formentor/210538556
Cupra Formentor 1.5 TSI,589000,32495,2024,Benzín,1.5,TSI,,110,Automatická,Ano,,,Ne,SUV,,,,Ojeté,Sauto.cz,Ano,https://www.sauto.cz/osobni/detail/cupra/formentor/210539816
Cupra Formentor 1.5 TSI,734900,,2026,Benzín,1.5,TSI,,110,Manuální,,,,Ne,SUV,,,,Nové,Sauto.cz,Ano,https://www.sauto.cz/osobni/detail/cupra/formentor/210540341
Cupra Formentor 1.4 e-Hybrid (PHEV),645000,8829,2024,Benzín,2.0,TSI,PHEV,140,Automatická,Ano,,,Ano,SUV,,,4Drive,Ojeté,Sauto.cz,Ano,https://www.sauto.cz/osobni/detail/cupra/formentor/210540821
Cupra Formentor 1.4 e-Hybrid (PHEV),719999,91327,2021,Benzín,2.0,TSI,PHEV,228,Automatická,Ano,,,Ano,SUV,,,VZ 4Drive DP,Ojeté,Sauto.cz,Ano,https://www.sauto.cz/osobni/detail/cupra/formentor/210541772
Cupra Formentor 1.5 TSI,569000,28235,2024,Benzín,1.5,TSI,,110,Automatická,Ano,,,Ne,SUV,,,,Ojeté,Sauto.cz,Ano,https://www.sauto.cz/osobni/detail/cupra/formentor/210549488
Cupra Formentor 1.5 TSI,529000,44023,2023,Benzín,1.5,TSI,,110,Manuální,,,,Ne,SUV,,,,Ojeté,Sauto.cz,Ano,https://www.sauto.cz/osobni/detail/cupra/formentor/210551345
Dacia Bigster 1.2 TCe,599000,9582,2025,Benzín,1.2,TCe,,103,Manuální,,,,Ne,Hatchback,,,Journey,Ojeté,Sauto.cz,Ano,https://www.sauto.cz/osobni/detail/dacia/bigster/210453938
Dacia Bigster 1.2,590000,19984,2025,Benzín,1.2,,MHEV,103,Manuální,,,,Ne,SUV,,Ano,"Expression, Záruka",Předváděcí,Sauto.cz,Ano,https://www.sauto.cz/osobni/detail/dacia/bigster/210500513
Dacia Bigster 1.2,546900,1,2025,Benzín,1.2,,MHEV,103,Manuální,,,,Ne,SUV,,,Essential Mild Hybrid 140,Nové,Sauto.cz,Ano,https://www.sauto.cz/osobni/detail/dacia/bigster/210500693
Dacia Bigster 1.2,580000,4200,2025,LPG + benzín,1.2,,,103,Manuální,,,,Ne,SUV,,,"LPG, Journey, LPG, ČR",Předváděcí,Sauto.cz,Ano,https://www.sauto.cz/osobni/detail/dacia/bigster/210512441
Dacia Bigster 1.2,599900,1,2026,LPG + benzín,1.2,,,103,Manuální,,,,Ne,SUV,,,LPG NEJVYŠŠÍ VÝBAVA EL. KUFR,Nové,Sauto.cz,Ano,https://www.sauto.cz/osobni/detail/dacia/bigster/210534761
Dacia Bigster 1.2,724800,6,2026,LPG + benzín,1.2,,HEV,113,Automatická,,,,Ano,SUV,,,hybrid-G 150 Expression,Nové,Sauto.cz,Ano,https://www.sauto.cz/osobni/detail/dacia/bigster/210555269
Dacia Duster ECO-G 100 LPG (Gen 3),489900,1,2026,Benzín,1.2,,,103,Manuální,,,,Ne,SUV,,,140PS NAVI KAMERA ODBĚR IHNED,Nové,Sauto.cz,Ano,https://www.sauto.cz/osobni/detail/dacia/duster/210416384
Dacia Duster ECO-G 100 LPG (Gen 3),535000,1,2026,Benzín,1.8,,,115,Automatická,,,,Ne,SUV,,,155 PS AUTOMAT KAMERA ČERVEN,Nové,Sauto.cz,Ano,https://www.sauto.cz/osobni/detail/dacia/duster/210494864
Dacia Duster ECO-G 100 LPG (Gen 3),430000,19145,2022,Benzín,1.3,TCe,,110,Automatická,,,,Ne,SUV,,Ano,"Záruka, Automat",Ojeté,Sauto.cz,Ano,https://www.sauto.cz/osobni/detail/dacia/duster/210513917
Dacia Duster ECO-G 100 LPG (Gen 3),699400,6,2026,LPG + benzín,1.2,,HEV,113,Automatická,,,,Ano,SUV,,,hybrid-G 150 Extreme,Nové,Sauto.cz,Ano,https://www.sauto.cz/osobni/detail/dacia/duster/210554870
Dacia Duster ECO-G 100 LPG (Gen 3),551800,6,2026,Benzín,1.2,,MHEV,103,Manuální,,,,Ne,SUV,,,mild hybrid 140 Expression,Nové,Sauto.cz,Ano,https://www.sauto.cz/osobni/detail/dacia/duster/210554873
Dacia Duster ECO-G 100 LPG (Gen 3),555800,6,2026,Benzín,1.2,,MHEV,103,Manuální,,,,Ne,SUV,,,mild hybrid 140 Expression,Nové,Sauto.cz,Ano,https://www.sauto.cz/osobni/detail/dacia/duster/210554876
Dodge Charger 3.6,689000,64060,2022,Benzín,3.6,,,218,Automatická,,,,Ne,Sedan/limuzína,,,V6 - DPH - SRT vzhled,Ojeté,Sauto.cz,Ano,https://www.sauto.cz/osobni/detail/dodge/charger/209455083
Dongfeng DF 6 2.3 dCi,699000,27300,2024,Nafta,2.3,,,120,Automatická,,,,Ano,Pick-up,,,nafta ZÁRUKA,Ojeté,Sauto.cz,Ano,https://www.sauto.cz/osobni/detail/dongfeng/df-6/210495269
Dongfeng Fengon 5 1.5 Turbo,382000,78952,2024,Benzín,1.5,Turbo,,101,Automatická,,,,Ne,SUV,,,"Classic +, Automat",Ojeté,Sauto.cz,Ano,https://www.sauto.cz/osobni/detail/dongfeng/fengon-5/210523334
Dongfeng Forthing T5 EVO 1.5T,704990,,2026,Benzín,1.5,,,130,Automatická,,,,Ne,SUV,,,"DRAGON Edition, TÝDEN DONGFENG",Nové,Sauto.cz,Ano,https://www.sauto.cz/osobni/detail/dongfeng/t5-evo/210537470
Dongfeng U-Tour 1.5T Petrol (Magna),719990,1,2026,Benzín,1.5,,PHEV,130,Automatická,,,,Ne,MPV,FR,,TÝDEN DONGFENG,Nové,Sauto.cz,Ano,https://www.sauto.cz/osobni/detail/dongfeng/u-tour/210536780
Dongfeng U-Tour 1.5T Petrol (Magna),719990,1,2026,Benzín,1.5,,PHEV,130,Automatická,,,,Ne,MPV,FR,,TÝDEN DONGFENG,Nové,Sauto.cz,Ano,https://www.sauto.cz/osobni/detail/dongfeng/u-tour/210536783
Dongfeng U-Tour 1.5T Petrol (Magna),719990,1,2026,Benzín,1.5,,PHEV,130,Automatická,,,,Ne,MPV,FR,,TÝDEN DONGFENG,Nové,Sauto.cz,Ano,https://www.sauto.cz/osobni/detail/dongfeng/u-tour/210536786
DR DR 1.4 Turbo,581900,9,2026,Benzín,1.4,Turbo,,116,Automatická,Ano,,,Ne,SUV,,,GT Nový vůz,Nové,Sauto.cz,Ne,https://www.sauto.cz/osobni/detail/dr/dr-50/210506405
Ford Focus Kombi 1.0 EcoBoost,345000,36000,2022,Benzín,1.0,,,114,Manuální,,,,Ne,Kombi,Titanium,,"EB ,.1.maj ČR",Ojeté,Sauto.cz,Ano,https://www.sauto.cz/osobni/detail/ford/focus/210156812
Ford Focus Kombi 1.0 EcoBoost,489900,39152,2024,Benzín,1.0,EcoBoost,,114,Automatická,,,,Ne,Kombi,Titanium,,"A T , LED",Ojeté,Sauto.cz,Ano,https://www.sauto.cz/osobni/detail/ford/focus/210501389
Ford Focus Kombi 1.0 EcoBoost,499900,36525,2024,Benzín,1.0,EcoBoost,,114,Automatická,,,,Ne,Kombi,Titanium,,"A T , NA",Ojeté,Sauto.cz,Ano,https://www.sauto.cz/osobni/detail/ford/focus/210501395
Ford Focus Kombi 1.0 EcoBoost,429000,42512,2024,Benzín,1.0,,MHEV,114,Manuální,,,,Ne,Kombi,ST-Line,,"ČR, 1.",Ojeté,Sauto.cz,Ano,https://www.sauto.cz/osobni/detail/ford/focus/210501839
Ford Focus Kombi 1.0 EcoBoost,480000,17906,2023,Benzín,1.0,,MHEV,114,Manuální,,,,Ne,Kombi,ST-Line,,"ČR,1.maj",Ojeté,Sauto.cz,Ano,https://www.sauto.cz/osobni/detail/ford/focus/210518315
Ford Kuga 1.5 EcoBoost (Benzín),499000,47425,2023,Benzín,1.5,EcoBoost,,110,Manuální,,,,Ne,SUV,Titanium,,,Ojeté,Sauto.cz,Ano,https://www.sauto.cz/osobni/detail/ford/kuga/210534221
Ford Kuga 1.5 EcoBoost (Benzín),529900,14319,2024,Benzín,1.5,EcoBoost,,110,Manuální,,,,Ne,SUV,ST-Line,,Manu,Ojeté,Sauto.cz,Ano,https://www.sauto.cz/osobni/detail/ford/kuga/210534293
Ford Kuga 2.5 Duratec FHEV (Full-Hybrid),688800,25000,2023,Benzín,2.5,,,165,Automatická,,,,Ne,SUV,ST-Line,,KŮŽE LED DPH,Ojeté,Sauto.cz,Ano,https://www.sauto.cz/osobni/detail/ford/kuga/210534455
Ford S-MAX 2.5 Duratec FHEV (Hybrid),455000,84000,2021,Nafta,2.0,dCi,,110,Manuální,,,,Ne,MPV,Titanium,,"T,ČR,DPH,!",Ojeté,Sauto.cz,Ano,https://www.sauto.cz/osobni/detail/ford/s-max/210464009
Honda Civic Hatchback 2.0 e:HEV (Gen 11),297000,69752,2021,Benzín,1.5,,,134,Automatická,,,,Ne,Hatchback,,,,Ojeté,Sauto.cz,Ano,https://www.sauto.cz/osobni/detail/honda/civic/210512834
Honda CR-V 1.5,518000,80000,2021,Benzín,1.5,,,127,Manuální,,,,Ne,SUV,,,- - 173PS,Ojeté,Sauto.cz,Ano,https://www.sauto.cz/osobni/detail/honda/cr-v/210496637
Hyundai i20 1.6 T-GDI,655000,29787,2024,Benzín,1.6,T-GDI,,150,Manuální,,,,Ne,Hatchback,Premium,,N,Ojeté,Sauto.cz,Ano,https://www.sauto.cz/osobni/detail/hyundai/i20/210550793
Hyundai i30 Hatchback 1.0 T-GDI,525000,13333,2025,Benzín,1.5,T-GDI,MHEV,103,Automatická,Ano,,,Ne,Hatchback,,,i30FB,Ojeté,Sauto.cz,Ano,https://www.sauto.cz/osobni/detail/hyundai/i30/210165614
Hyundai i30 Hatchback 1.0 T-GDI,649000,10019,2023,Benzín,2.0,T-GDI,,184,Manuální,,,,Ne,Hatchback,,,"N HB , 10 tis. Km",Ojeté,Sauto.cz,Ano,https://www.sauto.cz/osobni/detail/hyundai/i30/210390776
Hyundai i30 Hatchback 1.0 T-GDI,430000,49782,2022,Benzín,1.5,T-GDI,,118,Manuální,,,,Ne,Liftback,N-Line,,,Ojeté,Sauto.cz,Ano,https://www.sauto.cz/osobni/detail/hyundai/i30/210495530
Hyundai i30 Hatchback 1.0 T-GDI,679037,46172,2021,Benzín,2.0,,,206,Manuální,,,,Ne,Hatchback,,,,Ojeté,Sauto.cz,Ano,https://www.sauto.cz/osobni/detail/hyundai/i30/210500927
Hyundai i30 Kombi 1.5 T-GDI MHEV,489900,18484,2025,Benzín,1.5,T-GDI,,103,Automatická,Ano,,,Ne,Kombi,,,Smart,Ojeté,Sauto.cz,Ano,https://www.sauto.cz/osobni/detail/hyundai/i30/210502163
Hyundai i30 Kombi 1.5 T-GDI MHEV,439900,25099,2024,Benzín,1.5,T-GDI,,118,Manuální,,,,Ne,Kombi,,,Family Smart,Ojeté,Sauto.cz,Ano,https://www.sauto.cz/osobni/detail/hyundai/i30/210508112
Hyundai i30 Hatchback 1.0 T-GDI,489000,21161,2024,Benzín,1.5,,,118,Automatická,Ano,,,Ne,Hatchback,Style,,T FB Safety,Ojeté,Sauto.cz,Ano,https://www.sauto.cz/osobni/detail/hyundai/i30/210510320
Hyundai i30 Kombi 1.5 T-GDI MHEV,350000,83772,2023,Benzín,1.5,T-GDI,,117,Manuální,,,,Ne,Kombi,,,ČR,Ojeté,Sauto.cz,Ano,https://www.sauto.cz/osobni/detail/hyundai/i30/210511199
Hyundai i30 Kombi 1.5 T-GDI MHEV,656890,10,2025,Benzín,1.5,TGDI,,103,Automatická,Ano,,,Ne,Kombi,N Line,,I30 WG,Nové,Sauto.cz,Ano,https://www.sauto.cz/osobni/detail/hyundai/i30/210512273
Hyundai i30 Kombi 1.5 T-GDI MHEV,566890,10,2026,Benzín,1.6,T-GDI,,110,Automatická,Ano,,,Ne,Kombi,,,GO CZECH,Nové,Sauto.cz,Ano,https://www.sauto.cz/osobni/detail/hyundai/i30/210512339
Hyundai i30 Kombi 1.5 T-GDI MHEV,380000,88546,2024,Benzín,1.5,T-GDI,,117,Manuální,,,,Ne,Kombi,,,CW,Ojeté,Sauto.cz,Ano,https://www.sauto.cz/osobni/detail/hyundai/i30/210517445
Hyundai i30 Kombi 1.5 T-GDI MHEV,343000,49327,2022,Benzín,1.5,T-GDI,MHEV,117,Manuální,,,,Ne,Kombi,,,Serv.kniha,Ojeté,Sauto.cz,Ano,https://www.sauto.cz/osobni/detail/hyundai/i30/210523454
Hyundai i30 Kombi 1.5 T-GDI MHEV,370000,91275,2024,Benzín,1.5,T-GDI,,118,Manuální,,,,Ne,Kombi,,,Combi Smart,Ojeté,Sauto.cz,Ano,https://www.sauto.cz/osobni/detail/hyundai/i30/210525566
Hyundai i30 Kombi 1.5 T-GDI MHEV,439900,26621,2023,Benzín,1.5,T-GDI,,117,Manuální,,,,Ne,Kombi,,,SMART NAVI,Ojeté,Sauto.cz,Ano,https://www.sauto.cz/osobni/detail/hyundai/i30/210535778
Hyundai i30 Kombi 1.5 T-GDI MHEV,499000,9607,2025,Benzín,1.5,T-GDI,,103,Manuální,,,,Ne,Kombi,,,Family,Ojeté,Sauto.cz,Ano,https://www.sauto.cz/osobni/detail/hyundai/i30/210540491
Hyundai i30 Kombi 1.5 T-GDI MHEV,379900,40994,2021,Benzín,1.5,TGDI,,118,Manuální,,,,Ne,Kombi,,,Smart ZÁRUKA,Ojeté,Sauto.cz,Ano,https://www.sauto.cz/osobni/detail/hyundai/i30/210552116
Hyundai i30 Hatchback 1.0 T-GDI,597992,50330,2021,Benzín,2.0,,,206,Manuální,,,,Ne,Hatchback,,,,Ojeté,Sauto.cz,Ano,https://www.sauto.cz/osobni/detail/hyundai/i30/210552515
Hyundai i30 Hatchback 1.0 T-GDI,379000,53000,2021,Benzín,1.5,,,117,Manuální,,,,Ne,Liftback,,,,Ojeté,Sauto.cz,Ano,https://www.sauto.cz/osobni/detail/hyundai/i30/210552785
Hyundai i30 Kombi 1.5 T-GDI MHEV,379000,79000,2021,Benzín,1.5,T-GDI,,117,Manuální,,,,Ne,Kombi,Style,,Hyundai i30 117,Ojeté,Sauto.cz,Ano,https://www.sauto.cz/osobni/detail/hyundai/i30/210553826
Hyundai i30 Kombi 1.5 T-GDI MHEV,488900,19171,2025,Benzín,1.5,T-GDI,,103,Automatická,Ano,,,Ne,Kombi,,,Smart,Ojeté,Sauto.cz,Ano,https://www.sauto.cz/osobni/detail/hyundai/i30/210555107
Hyundai i30 Kombi 1.5 T-GDI MHEV,489900,18322,2025,Benzín,1.5,T-GDI,,103,Automatická,Ano,,,Ne,Kombi,,,Smart,Ojeté,Sauto.cz,Ano,https://www.sauto.cz/osobni/detail/hyundai/i30/210555110
Hyundai Kona 1.0 T-GDI (Benzín),675890,10,2026,Benzín,1.6,T-GDI,,110,Manuální,,,,Ne,SUV,,,27 MT SMART,Nové,Sauto.cz,Ano,https://www.sauto.cz/osobni/detail/hyundai/kona/210494111
Hyundai Kona 1.0 T-GDI (Benzín),419900,31760,2022,Benzín,1.6,,,145,Automatická,,,,Ano,SUV,,,"Automat,Bezklíč,BLIS",Ojeté,Sauto.cz,Ano,https://www.sauto.cz/osobni/detail/hyundai/kona/210501296
Hyundai Kona 1.0 T-GDI (Benzín),639000,3500,2026,Benzín,1.6,T-GDI,,110,Automatická,Ano,,,Ne,SUV,N-Line,,TECHNOLOGY,Ojeté,Sauto.cz,Ano,https://www.sauto.cz/osobni/detail/hyundai/kona/210526214
Hyundai Staria 2.2 CRDi,700000,41189,2024,Nafta,2.2,CRDi,,130,Manuální,,,,Ne,MPV,Comfort,,,Ojeté,Sauto.cz,Ano,https://www.sauto.cz/osobni/detail/hyundai/staria/210512306
Hyundai Tucson 1.6 T-GDI MHEV,380000,80000,2022,Benzín,1.6,,,110,Manuální,,,,Ne,SUV,,,,Ojeté,Sauto.cz,Ano,https://www.sauto.cz/osobni/detail/hyundai/tucson/209800518
Hyundai Tucson 1.6 T-GDI MHEV,590000,54000,2023,Benzín,1.6,T-GDI,HEV,169,Automatická,,,,Ne,SUV,,,Hybrid,Ojeté,Sauto.cz,Ano,https://www.sauto.cz/osobni/detail/hyundai/tucson/210346133
Hyundai Tucson 1.6 T-GDI MHEV,549999,69428,2022,Benzín,1.6,T-GDI,HEV,132,Automatická,,,,Ne,SUV,N-Line,,hybrid,Ojeté,Sauto.cz,Ano,https://www.sauto.cz/osobni/detail/hyundai/tucson/210417272
Hyundai Tucson 1.6 T-GDI MHEV,569990,27273,2023,Benzín,1.6,T-GDI,,110,Manuální,,,,Ne,SUV,Style,,,Ojeté,Sauto.cz,Ano,https://www.sauto.cz/osobni/detail/hyundai/tucson/210495305
Hyundai Tucson 1.6 T-GDI MHEV,559900,30241,2023,Benzín,1.6,T-GDI,,110,Manuální,,,,Ne,SUV,N-Line,,,Ojeté,Sauto.cz,Ano,https://www.sauto.cz/osobni/detail/hyundai/tucson/210497285
Hyundai Tucson 1.6 T-GDI MHEV,729900,8816,2025,Benzín,1.6,T-GDI,,118,Automatická,Ano,,,Ne,SUV,N-Line,,,Ojeté,Sauto.cz,Ano,https://www.sauto.cz/osobni/detail/hyundai/tucson/210500825
Hyundai Tucson 1.6 T-GDI MHEV,519000,31790,2022,Benzín,1.6,T-GDI,,110,Automatická,,,,Ne,SUV,,,110 Smart AT,Ojeté,Sauto.cz,Ano,https://www.sauto.cz/osobni/detail/hyundai/tucson/210502376
Hyundai Tucson 1.6 T-GDI MHEV,560000,13683,2021,Benzín,1.6,T-GDI,,110,Manuální,,,,Ne,SUV,N-Line,Ano,"Záruka, ČR",Ojeté,Sauto.cz,Ano,https://www.sauto.cz/osobni/detail/hyundai/tucson/210509147
Hyundai Tucson 1.6 T-GDI MHEV,449000,47663,2021,Benzín,1.6,T-GDI,,110,Manuální,,,,Ne,SUV,Comfort,,"ČR, 1",Ojeté,Sauto.cz,Ano,https://www.sauto.cz/osobni/detail/hyundai/tucson/210509438
Hyundai Tucson 1.6 T-GDI MHEV,539990,25680,2023,Benzín,1.6,TGDI,,110,Manuální,,,,Ne,SUV,,,"SMART NAV 18""",Ojeté,Sauto.cz,Ano,https://www.sauto.cz/osobni/detail/hyundai/tucson/210510215
Hyundai Tucson 1.6 T-GDI MHEV,629990,48899,2023,Benzín,1.6,T-GDI,,110,Manuální,,,,Ne,SUV,Style,,,Ojeté,Sauto.cz,Ano,https://www.sauto.cz/osobni/detail/hyundai/tucson/210512570
Hyundai Tucson 1.6 T-GDI MHEV,520000,56000,2021,Benzín,1.6,T-GDI,,110,Manuální,,,,Ne,SUV,N Line,,,Ojeté,Sauto.cz,Ano,https://www.sauto.cz/osobni/detail/hyundai/tucson/210518003
Hyundai Tucson 1.6 T-GDI MHEV,480000,63216,2022,Benzín,1.6,TGDI,,110,Manuální,,,,Ano,SUV,,,"4x.maj,ČR",Ojeté,Sauto.cz,Ano,https://www.sauto.cz/osobni/detail/hyundai/tucson/210518258
Hyundai Tucson 1.6 T-GDI MHEV,750000,13705,2025,Benzín,1.6,T-GDI,,118,Automatická,,,,Ne,SUV,N-Line,,N- Line,Předváděcí,Sauto.cz,Ano,https://www.sauto.cz/osobni/detail/hyundai/tucson/210523682
Hyundai Tucson 1.6 T-GDI MHEV,430000,27898,2021,Benzín,1.6,T-GDI,,110,Manuální,,,,Ne,SUV,,,"1.maj,ČR",Ojeté,Sauto.cz,Ano,https://www.sauto.cz/osobni/detail/hyundai/tucson/210524399
Hyundai Tucson 1.6 T-GDI MHEV,729890,10,2026,Benzín,1.6,TGDI,,110,Manuální,,,,Ne,SUV,N Line,,MT GO,Nové,Sauto.cz,Ano,https://www.sauto.cz/osobni/detail/hyundai/tucson/210534236
Hyundai Tucson 1.6 T-GDI MHEV,459900,59763,2021,Benzín,1.6,TGDI,,110,Manuální,,,,Ano,SUV,,,SMART,Ojeté,Sauto.cz,Ano,https://www.sauto.cz/osobni/detail/hyundai/tucson/210535229
Hyundai Tucson 1.6 T-GDI MHEV,499000,16138,2022,Benzín,1.6,,,110,Manuální,,,,Ano,SUV,,,"Smart, ČR, 1.maj, Tov.zár",Ojeté,Sauto.cz,Ano,https://www.sauto.cz/osobni/detail/hyundai/tucson/210535931
Hyundai Tucson 1.6 T-GDI MHEV,729000,15,2025,Benzín,1.6,,,117,Manuální,,,,Ne,SUV,N-Line,,,Předváděcí,Sauto.cz,Ano,https://www.sauto.cz/osobni/detail/hyundai/tucson/210550043
Hyundai Tucson 1.6 T-GDI MHEV,450000,74047,2021,Benzín,1.6,T-GDI,,130,Manuální,,,,Ne,SUV,,,Automatická klima,Ojeté,Sauto.cz,Ano,https://www.sauto.cz/osobni/detail/hyundai/tucson/210550718
Hyundai Tucson 1.6 T-GDI MHEV,460000,34499,2021,Benzín,1.6,T-GDI,,130,Manuální,,,,Ne,SUV,,,"ČR,1.maj",Ojeté,Sauto.cz,Ano,https://www.sauto.cz/osobni/detail/hyundai/tucson/210550991
Hyundai Tucson 1.6 T-GDI MHEV,750000,12859,2025,Benzín,1.6,T-GDI,,118,Automatická,,,,Ne,SUV,N-Line,,N- Line,Předváděcí,Sauto.cz,Ano,https://www.sauto.cz/osobni/detail/hyundai/tucson/210552548
Hyundai Tucson 1.6 T-GDI MHEV,529900,35807,2023,Benzín,1.6,T-GDI,,110,Manuální,,,,Ne,SUV,,,,Ojeté,Sauto.cz,Ano,https://www.sauto.cz/osobni/detail/hyundai/tucson/210552668
Hyundai Tucson 1.6 T-GDI MHEV,509990,43200,2022,Benzín,1.6,T-GDI,,110,Manuální,,,,Ne,SUV,,,SMART,Ojeté,Sauto.cz,Ano,https://www.sauto.cz/osobni/detail/hyundai/tucson/210553631
Hyundai Tucson 1.6 T-GDI MHEV,449900,99644,2021,Benzín,1.6,T-GDI,,110,Manuální,,,,Ano,SUV,Style,,,Ojeté,Sauto.cz,Ano,https://www.sauto.cz/osobni/detail/hyundai/tucson/210554549
Hyundai Tucson 1.6 T-GDI MHEV,419900,95496,2021,Benzín,1.6,T-GDI,,110,Manuální,,,,Ne,SUV,,,Smart,Ojeté,Sauto.cz,Ano,https://www.sauto.cz/osobni/detail/hyundai/tucson/210555074
Hyundai Tucson 1.6 T-GDI MHEV,639900,64705,2023,Benzín,1.6,T-GDI,,132,Automatická,,,,Ano,SUV,Style,,AT,Ojeté,Sauto.cz,Ano,https://www.sauto.cz/osobni/detail/hyundai/tucson/210555149
Hyundai Tucson 1.6 T-GDI MHEV,689990,10,2026,Benzín,1.6,T-GDI,,110,Manuální,,,,Ne,SUV,,,2WD MT GO CZECH PLUS,Nové,Sauto.cz,Ano,https://www.sauto.cz/osobni/detail/hyundai/tucson/210555182
Jaecoo 5 1.6 TGDI,579000,2000,2025,Benzín,1.6,TGDI,PHEV,108,Automatická,,,,Ne,SUV,Exclusive,,,Předváděcí,Sauto.cz,Ano,https://www.sauto.cz/osobni/detail/jaecoo/5/209445609
Jaecoo 5 1.6 TGDI,579000,1200,2025,Benzín,1.6,TGDI,PHEV,108,Automatická,,,,Ne,SUV,Exclusive,,,Předváděcí,Sauto.cz,Ano,https://www.sauto.cz/osobni/detail/jaecoo/5/209811438
Jaecoo 5 1.6 GDI,689000,5,2026,Benzín,1.6,GDI,PHEV,108,Automatická,,,,Ne,SUV,Exclusive,,t,Ojeté,Sauto.cz,Ano,https://www.sauto.cz/osobni/detail/jaecoo/5/209913333
Jaecoo 5 1.6 GDI,689000,5,2026,Benzín,1.6,GDI,PHEV,108,Automatická,,,,Ne,SUV,Exclusive,,t,Ojeté,Sauto.cz,Ano,https://www.sauto.cz/osobni/detail/jaecoo/5/209913351
Jaecoo 5 1.6,619000,15,2026,Benzín,1.6,,PHEV,108,Automatická,,,,Ne,Hatchback,Exclusive,,JAECOO 5,Nové,Sauto.cz,Ano,https://www.sauto.cz/osobni/detail/jaecoo/5/210492440
Jaecoo 7 1.5 TGDI PHEV,715000,10,2026,Benzín,1.6,,PHEV,108,Automatická,,,,Ano,SUV,Exclusive,,JAECOO 7,Nové,Sauto.cz,Ano,https://www.sauto.cz/osobni/detail/jaecoo/7/210506633
Jaecoo 7 1.6 TGDI AWD (Benzín),632000,28725,2025,Benzín,1.6,TGDI,,108,Automatická,,,,Ano,SUV,,Ano,Záruka,Ojeté,Sauto.cz,Ano,https://www.sauto.cz/osobni/detail/jaecoo/7/210513248
Jaecoo 7 1.5 TGDI PHEV,749900,2,2026,Benzín,1.6,,PHEV,108,Automatická,,,,Ano,SUV,Exclusive,,TGI 7AT,Nové,Sauto.cz,Ano,https://www.sauto.cz/osobni/detail/jaecoo/7/210537503
Jaecoo 7 1.5 TGDI PHEV,749900,2,2026,Benzín,1.6,,PHEV,108,Automatická,,,,Ano,SUV,Exclusive,,TGI 7AT,Nové,Sauto.cz,Ano,https://www.sauto.cz/osobni/detail/jaecoo/7/210537512
Jaecoo 7 1.6 TGDI AWD (Benzín),649900,2,2026,Benzín,1.6,,,108,Automatická,,,,Ne,SUV,Luxury,,TGI (147k) 7AT,Nové,Sauto.cz,Ano,https://www.sauto.cz/osobni/detail/jaecoo/7/210537515
Jaecoo 7 1.5 TGDI PHEV,749900,2,2026,Benzín,1.6,,PHEV,108,Automatická,,,,Ano,SUV,Exclusive,,TGI 7AT,Nové,Sauto.cz,Ano,https://www.sauto.cz/osobni/detail/jaecoo/7/210537521
Jaguar E-Pace P200 MHEV,699000,42547,2021,Benzín,2.0,,,147,Automatická,,,,Ano,SUV,,,P200 S AUT CZ,Ojeté,Sauto.cz,Ano,https://www.sauto.cz/osobni/detail/jaguar/e-pace/210540941
Jaguar E-Pace P200 MHEV,549990,55000,2021,Nafta,2.0,,,150,Automatická,,,,Ano,SUV,,,D200 4WD R-Dynamic Aut LED fac,Ojeté,Sauto.cz,Ano,https://www.sauto.cz/osobni/detail/jaguar/e-pace/210552977
Jeep Compass 1.3 PHEV 4xe (Plug-In),435000,34805,2022,Benzín,1.3,T-GDI,,110,Automatická,,,,Ne,SUV,,,"Automat, Serv.kniha",Ojeté,Sauto.cz,Ano,https://www.sauto.cz/osobni/detail/jeep/compass/210523007
Jeep Compass 1.3 PHEV 4xe (Plug-In),448000,84500,2021,Benzín,1.3,,PHEV,110,Automatická,,,,Ne,SUV,,,T 150k 80.Annivesary,Ojeté,Sauto.cz,Ano,https://www.sauto.cz/osobni/detail/jeep/compass/210528128
Kia Ceed SW 1.5 T-GDI (Kombi),339900,88917,2022,Benzín,1.5,T-GDI,,118,Manuální,,,,Ne,Kombi,SPIN,,,Ojeté,Sauto.cz,Ano,https://www.sauto.cz/osobni/detail/kia/cee-d-sw/210502817
Kia Ceed SW 1.5 T-GDI (Kombi),420000,52900,2022,Benzín,1.5,T-GDI,,117,Manuální,,,,Ne,Kombi,TOP,,manuál,Ojeté,Sauto.cz,Ano,https://www.sauto.cz/osobni/detail/kia/cee-d-sw/210535394
Kia Ceed SW 1.5 T-GDI (Kombi),449800,62956,2024,Benzín,1.5,T-GDI,,103,Automatická,,,,Ne,Kombi,SPIN,,DPH 1.maj ČR,Ojeté,Sauto.cz,Ano,https://www.sauto.cz/osobni/detail/kia/cee-d/210258746
Kia Ceed SW 1.5 T-GDI (Kombi),419000,62213,2022,Benzín,1.5,T-GDI,,118,Manuální,,,,Ne,Kombi,TOP,,,Ojeté,Sauto.cz,Ano,https://www.sauto.cz/osobni/detail/kia/cee-d/210470012
Kia Ceed SW 1.5 T-GDI (Kombi),399000,60481,2023,Benzín,1.5,T-GDI,,117,Manuální,,,,Ne,Kombi,TOP,,,Ojeté,Sauto.cz,Ano,https://www.sauto.cz/osobni/detail/kia/cee-d/210502382
Kia Ceed SW 1.6 GDI PHEV,479000,74946,2024,Benzín,1.5,GDI,,118,Automatická,,,,Ne,Kombi,TOP,,T-,Ojeté,Sauto.cz,Ano,https://www.sauto.cz/osobni/detail/kia/cee-d/210502622
Kia Ceed SW 1.5 T-GDI (Kombi),559900,,2025,Benzín,1.5,T-GDI,,103,Automatická,Ano,Ano,,Ne,Kombi,TOP,,2025,Nové,Sauto.cz,Ano,https://www.sauto.cz/osobni/detail/kia/cee-d/210507239
Kia Ceed SW 1.5 T-GDI (Kombi),499900,37138,2024,Benzín,1.5,TGDI,,118,Automatická,,,,Ne,Kombi,TOP,,AT ZÁRUKA,Ojeté,Sauto.cz,Ano,https://www.sauto.cz/osobni/detail/kia/cee-d/210509210
Kia Ceed SW 1.6 GDI PHEV,369999,67890,2023,Nafta,1.6,CRDi,PHEV,100,Manuální,,,,Ne,Kombi,Exclusive,,SW,Ojeté,Sauto.cz,Ano,https://www.sauto.cz/osobni/detail/kia/cee-d/210510344
Kia Ceed SW 1.5 T-GDI (Kombi),409001,44835,2023,Benzín,1.5,T-GDI,,117,Automatická,,,,Ne,Kombi,SPIN,,118 at,Ojeté,Sauto.cz,Ano,https://www.sauto.cz/osobni/detail/kia/cee-d/210510641
Kia Ceed SW 1.5 T-GDI (Kombi),480000,17688,2025,Benzín,1.5,T-GDI,,103,Manuální,,,,Ne,Kombi,,,"Gold, Serv.kniha",Předváděcí,Sauto.cz,Ano,https://www.sauto.cz/osobni/detail/kia/cee-d/210522074
Kia Ceed Hatchback 1.5 T-GDI,341000,98019,2021,Benzín,1.5,T-GDI,,117,Manuální,,,,Ne,Hatchback,GT Line,,"Kůže, Navi",Ojeté,Sauto.cz,Ano,https://www.sauto.cz/osobni/detail/kia/cee-d/210522419
Kia Ceed SW 1.5 T-GDI (Kombi),363000,60875,2022,Benzín,1.5,T-GDI,,118,Automatická,,,,Ne,Kombi,,,"Gold, Automat",Ojeté,Sauto.cz,Ano,https://www.sauto.cz/osobni/detail/kia/cee-d/210522665
Kia Ceed Hatchback 1.5 T-GDI,355000,83155,2021,Benzín,1.5,T-GDI,,118,Automatická,,,,Ne,Hatchback,,,"Automat, Serv.kniha",Ojeté,Sauto.cz,Ano,https://www.sauto.cz/osobni/detail/kia/cee-d/210523877
Kia Ceed SW 1.5 T-GDI (Kombi),489000,31736,2023,Benzín,1.5,T-GDI,,118,Manuální,,Ano,,Ne,Kombi,GT Line,,,Ojeté,Sauto.cz,Ano,https://www.sauto.cz/osobni/detail/kia/cee-d/210535220
Kia Ceed SW 1.5 T-GDI (Kombi),519900,11883,2025,Benzín,1.5,T-GDI,,103,Automatická,,,,Ne,Kombi,,,Bussines,Ojeté,Sauto.cz,Ano,https://www.sauto.cz/osobni/detail/kia/cee-d/210537497
Kia Ceed SW 1.5 T-GDI (Kombi),437000,65900,2022,Benzín,1.5,T-GDI,,117,Automatická,,,,Ne,Kombi,,,model 2023,Ojeté,Sauto.cz,Ano,https://www.sauto.cz/osobni/detail/kia/cee-d/210537836
Kia Ceed SW 1.5 T-GDI (Kombi),499900,16822,2024,Benzín,1.5,T-GDI,,117,Manuální,,,,Ne,Kombi,TOP,,,Ojeté,Sauto.cz,Ano,https://www.sauto.cz/osobni/detail/kia/cee-d/210540017
Kia Ceed SW 1.5 T-GDI (Kombi),364000,70633,2022,Benzín,1.5,T-GDI,,118,Manuální,,,,Ne,Kombi,,,Fresh,Ojeté,Sauto.cz,Ano,https://www.sauto.cz/osobni/detail/kia/cee-d/210550781
Kia Ceed SW 1.5 T-GDI (Kombi),438000,50620,2024,Benzín,1.5,T-GDI,,118,Automatická,,,,Ne,Kombi,TOP,,"SW , AT",Ojeté,Sauto.cz,Ano,https://www.sauto.cz/osobni/detail/kia/cee-d/210554249
Kia Ceed SW 1.5 T-GDI (Kombi),479990,23767,2022,Benzín,1.5,T-GDI,,117,Automatická,,,,Ne,Kombi,,,,Ojeté,Sauto.cz,Ano,https://www.sauto.cz/osobni/detail/kia/cee-d/210554477
Kia Ceed SW 1.5 T-GDI (Kombi),569980,5,2025,Benzín,1.5,,,103,Automatická,,,,Ne,Kombi,,,,Nové,Sauto.cz,Ano,https://www.sauto.cz/osobni/detail/kia/cee-d/210555317
Kia K4 2.0 MPI (Sedan pro USA),654900,,2026,Benzín,1.6,T-GDI,PHEV,110,Automatická,,,,Ne,Kombi,Exclusive,,SW 7,Nové,Sauto.cz,Ano,https://www.sauto.cz/osobni/detail/kia/k4/210501416
Kia K4 2.0 MPI (Sedan pro USA),649980,5,2026,Benzín,1.6,T-GDI,,110,Automatická,Ano,,,Ne,Kombi,SPIN,,,Nové,Sauto.cz,Ano,https://www.sauto.cz/osobni/detail/kia/k4/210533999
Kia K4 2.0 MPI (Sedan pro USA),669980,5,2026,Benzín,1.6,T-GDI,PHEV,110,Automatická,Ano,,,Ne,Kombi,,,EXCLUSIV,Nové,Sauto.cz,Ano,https://www.sauto.cz/osobni/detail/kia/k4/210534299
Kia K4 2.0 MPI (Sedan pro USA),674980,5,2026,Benzín,1.6,T-GDI,PHEV,110,Automatická,Ano,,,Ne,Kombi,Exclusive,,110 k,Nové,Sauto.cz,Ano,https://www.sauto.cz/osobni/detail/kia/k4/210534371
Kia K4 2.0 MPI (Sedan pro USA),674980,5,2026,Benzín,1.6,T-GDI,PHEV,110,Automatická,Ano,,,Ne,Kombi,Exclusive,,7,Nové,Sauto.cz,Ano,https://www.sauto.cz/osobni/detail/kia/k4/210534539
Kia K4 2.0 MPI (Sedan pro USA),669980,5,2026,Benzín,1.6,T-GDI,PHEV,110,Automatická,Ano,,,Ne,Kombi,,,EXCLUSIV,Nové,Sauto.cz,Ano,https://www.sauto.cz/osobni/detail/kia/k4/210534548
Kia K4 2.0 MPI (Sedan pro USA),649000,5,2026,Benzín,1.6,T-GDI,,110,Automatická,Ano,,,Ne,Kombi,SPIN,,SW,Nové,Sauto.cz,Ano,https://www.sauto.cz/osobni/detail/kia/k4/210536729
Kia K4 2.0 MPI (Sedan pro USA),619980,5000,2026,Benzín,1.6,T-GDI,,110,Automatická,Ano,Ano,,Ne,Hatchback,TOP,,HB 132,Nové,Sauto.cz,Ano,https://www.sauto.cz/osobni/detail/kia/k4/210540383
Kia K4 2.0 MPI (Sedan pro USA),594980,5,2026,Benzín,1.6,T-GDI,,110,Automatická,,,,Ne,Hatchback,SPIN,,(20,Nové,Sauto.cz,Ano,https://www.sauto.cz/osobni/detail/kia/k4/210550544
Kia K4 2.0 MPI (Sedan pro USA),629980,5,2026,Benzín,1.6,T-GDI,,110,Automatická,,,,Ne,Kombi,SPIN,,(20,Nové,Sauto.cz,Ano,https://www.sauto.cz/osobni/detail/kia/k4/210550703
Kia K4 2.0 MPI (Sedan pro USA),614980,5,2026,Benzín,1.6,T-GDI,,110,Automatická,,,,Ne,Kombi,SPIN,,(20,Nové,Sauto.cz,Ano,https://www.sauto.cz/osobni/detail/kia/k4/210550901
Kia K4 2.0 MPI (Sedan pro USA),629980,5,2026,Benzín,1.6,T-GDI,,110,Automatická,,,,Ne,Kombi,SPIN,,(20,Nové,Sauto.cz,Ano,https://www.sauto.cz/osobni/detail/kia/k4/210551135
Kia K4 2.0 MPI (Sedan pro USA),649980,8,2026,Benzín,1.0,T-GDI,,110,Automatická,Ano,,,Ne,Kombi,SPIN,,,Nové,Sauto.cz,Ano,https://www.sauto.cz/osobni/detail/kia/k4/210551441
Kia K4 2.0 MPI (Sedan pro USA),669980,6,2026,Benzín,1.6,T-GDI,PHEV,110,Automatická,Ano,,,Ne,Kombi,Exclusive,,,Nové,Sauto.cz,Ano,https://www.sauto.cz/osobni/detail/kia/k4/210551483
Kia XCeed 1.6 GDI PHEV,514675,51434,2023,Benzín,1.5,,,118,Manuální,,,,Ne,Hatchback,,,,Ojeté,Sauto.cz,Ano,https://www.sauto.cz/osobni/detail/kia/ostatni/210551762
Kia ProCeed 1.5 T-GDI (Shooting Brake),655000,17500,2024,Benzín,1.6,,,150,Automatická,,,,Ne,Hatchback,,,"GT - , automat, panorama",Ojeté,Sauto.cz,Ano,https://www.sauto.cz/osobni/detail/kia/proceed/210245168
Kia ProCeed 1.5 T-GDI (Shooting Brake),649900,40000,2023,Benzín,1.6,,,150,Automatická,,,,Ne,Hatchback,,Ano,"GT , záruka do 2030",Ojeté,Sauto.cz,Ano,https://www.sauto.cz/osobni/detail/kia/proceed/210519572
Kia ProCeed 1.5 T-GDI (Shooting Brake),587000,32000,2023,Benzín,1.6,T-GDI,,150,Automatická,,,,Ne,Kombi,,,GT / zár. 02 30,Ojeté,Sauto.cz,Ano,https://www.sauto.cz/osobni/detail/kia/proceed/210522548
Kia Sorento 2.2 CRDi,698000,91072,2021,Nafta,2.2,CRDi,,148,Automatická,,,,Ano,SUV,Premium,,ČR,Ojeté,Sauto.cz,Ano,https://www.sauto.cz/osobni/detail/kia/sorento/210518048
Kia Sportage 1.6 T-GDI MHEV,599900,28348,2023,Benzín,1.6,T-GDI,,110,Manuální,,,,Ne,SUV,TOP,,,Ojeté,Sauto.cz,Ano,https://www.sauto.cz/osobni/detail/kia/sportage/210502895
Kia Sportage 1.6 T-GDI PHEV,730000,5120,2026,Benzín,1.6,T-GDI,PHEV,110,Automatická,,,,Ne,SUV,Exclusive,,Navigace,Předváděcí,Sauto.cz,Ano,https://www.sauto.cz/osobni/detail/kia/sportage/210512105
Kia Sportage 1.6 T-GDI PHEV,535000,55600,2023,Benzín,1.6,TGDI,PHEV,110,Manuální,,,,Ne,SUV,Exclusive,,**,Ojeté,Sauto.cz,Ano,https://www.sauto.cz/osobni/detail/kia/sportage/210512585
Kia Sportage 1.6 T-GDI PHEV,649182,5500,2025,Benzín,1.6,TGDI,PHEV,110,Manuální,,,,Ne,SUV,Exclusive,,,Předváděcí,Sauto.cz,Ano,https://www.sauto.cz/osobni/detail/kia/sportage/210513902
Kia Sportage 1.6 T-GDI PHEV,700000,9574,2025,Benzín,1.6,T-GDI,PHEV,118,Automatická,,,,Ne,SUV,Exclusive,,48V MHEV,Předváděcí,Sauto.cz,Ano,https://www.sauto.cz/osobni/detail/kia/sportage/210522740
Kia Sportage 1.6 T-GDI PHEV,499900,57308,2022,Benzín,1.6,T-GDI,PHEV,110,Manuální,,,,Ne,SUV,Exclusive,,,Ojeté,Sauto.cz,Ano,https://www.sauto.cz/osobni/detail/kia/sportage/210550136
Kia Sportage 1.6 T-GDI MHEV,599900,54411,2023,Benzín,1.6,T-GDI,MHEV,110,Manuální,,,,Ne,SUV,,,,Ojeté,Sauto.cz,Ano,https://www.sauto.cz/osobni/detail/kia/sportage/210552647
Kia Sportage 1.6 T-GDI PHEV,700000,50,2026,Benzín,1.6,T-GDI,PHEV,110,Automatická,,,,Ne,SUV,Exclusive,Ano,Záruka,Předváděcí,Sauto.cz,Ano,https://www.sauto.cz/osobni/detail/kia/sportage/210552734
Kia Sportage 1.6 T-GDI MHEV,670000,65336,2023,Benzín,1.6,T-GDI,MHEV,132,Automatická,,,,Ano,SUV,GT Line,,,Ojeté,Sauto.cz,Ano,https://www.sauto.cz/osobni/detail/kia/sportage/210553664
Kia Sportage 1.6 T-GDI PHEV,525000,35815,2023,Benzín,1.6,T-GDI,PHEV,110,Manuální,,,,Ne,SUV,Exclusive,,NAVI+PDC,Ojeté,Sauto.cz,Ano,https://www.sauto.cz/osobni/detail/kia/sportage/210554117
Kia Sportage 1.6 T-GDI PHEV,749980,5,2026,Benzín,1.6,,PHEV,110,Automatická,,,,Ne,SUV,Exclusive,,4x2 - K odběru IHNED,Nové,Sauto.cz,Ano,https://www.sauto.cz/osobni/detail/kia/sportage/210554150
Kia Sportage 1.6 T-GDI PHEV,697980,5,2026,Benzín,1.6,,PHEV,110,Manuální,,,,Ne,SUV,Exclusive,,4x2 - Vůz ve výrobě,Nové,Sauto.cz,Ano,https://www.sauto.cz/osobni/detail/kia/sportage/210554168
Kia XCeed 1.5 T-GDI (Crossover),599000,7519,2025,Benzín,1.6,T-GDI,,132,Automatická,Ano,,,Ne,Hatchback,,,STEEL E,Předváděcí,Sauto.cz,Ano,https://www.sauto.cz/osobni/detail/kia/xcee-d/209952918
Kia XCeed 1.5 T-GDI (Crossover),550000,11700,2025,Benzín,1.5,T-GDI,,103,Automatická,Ano,Ano,,Ne,Hatchback,TOP,,,Ojeté,Sauto.cz,Ano,https://www.sauto.cz/osobni/detail/kia/xcee-d/210510815
Kia XCeed 1.5 T-GDI (Crossover),446000,34200,2022,Benzín,1.5,T-GDI,,117,Manuální,,,,Ne,Hatchback,,Ano,"Záruka, Serv.kniha",Ojeté,Sauto.cz,Ano,https://www.sauto.cz/osobni/detail/kia/xcee-d/210518414
Kia XCeed 1.5 T-GDI (Crossover),400000,43550,2021,Benzín,1.4,T-GDI,,103,Manuální,,,,Ne,Hatchback,,Ano,"Záruka, Serv.kniha",Ojeté,Sauto.cz,Ano,https://www.sauto.cz/osobni/detail/kia/xcee-d/210518420
Kia XCeed 1.5 T-GDI (Crossover),384000,50927,2022,Benzín,1.5,T-GDI,,117,Manuální,,,,Ne,Hatchback,,,"Serv.kniha, Klima",Ojeté,Sauto.cz,Ano,https://www.sauto.cz/osobni/detail/kia/xcee-d/210522251
Kia XCeed 1.5 T-GDI (Crossover),465000,43161,2022,Benzín,1.5,T-GDI,,117,Automatická,,,,Ne,Hatchback,,Ano,"Záruka, Serv.kniha",Ojeté,Sauto.cz,Ano,https://www.sauto.cz/osobni/detail/kia/xcee-d/210524585
Kia XCeed 1.5 T-GDI (Crossover),609980,5,2026,Benzín,1.6,T-GDI,,110,Automatická,Ano,,,Ne,CUV,,,STEEL ED,Nové,Sauto.cz,Ano,https://www.sauto.cz/osobni/detail/kia/xcee-d/210534044
Kia XCeed 1.5 T-GDI (Crossover),609980,5,2026,Benzín,1.6,T-GDI,,110,Automatická,Ano,,,Ne,CUV,,,STEEL EDITION,Nové,Sauto.cz,Ano,https://www.sauto.cz/osobni/detail/kia/xcee-d/210534095
Kia XCeed 1.5 T-GDI (Crossover),619980,5,2026,Benzín,1.6,T-GDI,,132,Automatická,Ano,,,Ne,CUV,,,STEEL EDITION,Nové,Sauto.cz,Ano,https://www.sauto.cz/osobni/detail/kia/xcee-d/210534170
Kia XCeed 1.5 T-GDI (Crossover),619980,5,2026,Benzín,1.6,T-GDI,,132,Automatická,Ano,,,Ne,CUV,,,STEEL EDITION,Nové,Sauto.cz,Ano,https://www.sauto.cz/osobni/detail/kia/xcee-d/210534233
Kia XCeed 1.6 GDI PHEV,600000,5941,2026,Benzín,1.6,T-GDI,PHEV,110,Automatická,,,,Ne,Hatchback,Exclusive,,,Předváděcí,Sauto.cz,Ano,https://www.sauto.cz/osobni/detail/kia/xcee-d/210534332
Kia XCeed 1.5 T-GDI (Crossover),600000,5234,2026,Benzín,1.6,T-GDI,,110,Automatická,,,,Ne,Hatchback,,,Steel Edition,Předváděcí,Sauto.cz,Ano,https://www.sauto.cz/osobni/detail/kia/xcee-d/210539000
Kia XCeed 1.5 T-GDI (Crossover),600000,6001,2026,Benzín,1.6,T-GDI,,110,Automatická,,,,Ne,Hatchback,,,Steel Edition,Předváděcí,Sauto.cz,Ano,https://www.sauto.cz/osobni/detail/kia/xcee-d/210540497
Kia XCeed 1.6 GDI PHEV,579980,5,2026,Benzín,1.6,T-GDI,PHEV,110,Automatická,Ano,,,Ne,CUV,,,EXCLUSIV,Nové,Sauto.cz,Ano,https://www.sauto.cz/osobni/detail/kia/xcee-d/210551537
Kia XCeed 1.6 GDI PHEV,609000,5,2026,Benzín,1.6,T-GDI,PHEV,110,Automatická,Ano,,,Ne,Hatchback,Exclusive,,,Nové,Sauto.cz,Ano,https://www.sauto.cz/osobni/detail/kia/xcee-d/210551867
Mazda 3 Hatchback 2.0 e-Skyactiv G,580000,53000,2021,Benzín,2.0,,PHEV,137,Automatická,,,,Ne,Hatchback,,,Mazda 3 e-Skyactiv X,Ojeté,Sauto.cz,Ano,https://www.sauto.cz/osobni/detail/mazda/3/210345155
Mazda 6 Sedan 2.0 Skyactiv-G,699999,53194,2023,Benzín,2.5,,PHEV,143,Automatická,,,,Ne,Sedan/limuzína,,,aut. 20 th Anniversary,Ojeté,Sauto.cz,Ano,https://www.sauto.cz/osobni/detail/mazda/6/210499505
Mazda CX-30 2.0 e-Skyactiv G,692490,5,2026,Benzín,2.5,,,103,Manuální,,,,Ne,SUV,,,G140 Centre-line MT,Nové,Sauto.cz,Ano,https://www.sauto.cz/osobni/detail/mazda/cx-30/210500351
Mazda CX-5 2.0 Skyactiv-G (Oprava CX-5),687000,48000,2023,Benzín,2.0,,,121,Manuální,,,,Ne,SUV,,,"ADVANTAGE facelift,360°cam",Ojeté,Sauto.cz,Ano,https://www.sauto.cz/osobni/detail/mazda/cx-5/210279029
Mazda CX-5 2.0 Skyactiv-G (Oprava CX-5),599900,60026,2021,Benzín,2.0,,,121,Automatická,,,,Ne,SUV,,,AT 2WD Atraction 1. maj.,Ojeté,Sauto.cz,Ano,https://www.sauto.cz/osobni/detail/mazda/cx-5/210508577
Mazda CX-5 2.0 Skyactiv-G (Oprava CX-5),699999,85852,2022,Benzín,2.5,,PHEV,143,Automatická,,,,Ano,SUV,,,Skyactiv aut. Revoluti,Ojeté,Sauto.cz,Ano,https://www.sauto.cz/osobni/detail/mazda/cx-5/210510341
Mazda CX-5 2.0 Skyactiv-G (Oprava CX-5),729999,65920,2022,Benzín,2.5,,PHEV,143,Automatická,,,,Ano,SUV,,,Skyactiv aut. Revoluti,Ojeté,Sauto.cz,Ano,https://www.sauto.cz/osobni/detail/mazda/cx-5/210510350
Mazda CX-5 2.0 Skyactiv-G (Oprava CX-5),529000,47000,2021,Benzín,2.0,,PHEV,121,Manuální,,,,Ne,SUV,,,"i SKYACTIVE,LED,360KAM,HEA",Ojeté,Sauto.cz,Ano,https://www.sauto.cz/osobni/detail/mazda/cx-5/210534722
Mercedes-Benz CLA Coupé 180,700000,94921,2021,Benzín,2.0,,,165,Automatická,,,,Ano,Kombi,,,"250 , AMG Paket",Ojeté,Sauto.cz,Ano,https://www.sauto.cz/osobni/detail/mercedes-benz/cla/210509051
Mercedes-Benz GLB 200 (5místná verze),679900,65590,2022,Nafta,1.9,,,140,Automatická,,,,Ne,SUV,,,Mercedes-Benz GLB 220 d,Ojeté,Sauto.cz,Ano,https://www.sauto.cz/osobni/detail/mercedes-benz/glb/210522770
Mercedes-Benz Třídy A Sedan 180,669000,50000,2023,Benzín,1.3,,,100,Automatická,,,,Ne,Sedan/limuzína,,Ano,A180d AMG* | záruka+servis,Ojeté,Sauto.cz,Ano,https://www.sauto.cz/osobni/detail/mercedes-benz/tridy-a/210027411
MG HS 1.5 T-GDI (Zážehový motor),649000,22890,2025,Benzín,1.5,,PHEV,125,Automatická,,,,Ne,SUV,Exclusive,,TGI,Ojeté,Sauto.cz,Ano,https://www.sauto.cz/osobni/detail/mg/hs/210498869
MG HS 1.5 T-GDI (Zážehový motor),680000,4790,2025,Benzín,1.5,,PHEV,125,Automatická,,,,Ne,SUV,Exclusive,,TGI,Předváděcí,Sauto.cz,Ano,https://www.sauto.cz/osobni/detail/mg/hs/210512966
MG HS 1.5 T-GDI (Zážehový motor),459900,23400,2023,Benzín,1.5,,PHEV,119,Manuální,,,,Ne,SUV,Exclusive,,TGI panora,Ojeté,Sauto.cz,Ano,https://www.sauto.cz/osobni/detail/mg/hs/210517919
MG HS 1.5 T-GDI (Zážehový motor),589900,1500,2024,Benzín,1.5,,,125,Automatická,,,,Ne,SUV,,Ano,i EXCL. Záruka MG,Ojeté,Sauto.cz,Ano,https://www.sauto.cz/osobni/detail/mg/hs/210517931
MG HS 1.5 T-GDI (Zážehový motor),700000,13805,2025,Benzín,1.5,,PHEV,125,Automatická,,,,Ne,SUV,Exclusive,,TGI,Předváděcí,Sauto.cz,Ano,https://www.sauto.cz/osobni/detail/mg/hs/210524531
MG HS 1.5 T-GDI (Zážehový motor),479900,31192,2023,Benzín,1.5,,PHEV,119,Automatická,,,,Ne,SUV,Exclusive,,TGI 7AT - červe,Ojeté,Sauto.cz,Ano,https://www.sauto.cz/osobni/detail/mg/hs/210550844
MG ZS 1.5 VTi-tech (Benzín),591490,6,2026,Benzín,1,,,145,Automatická,,,,Ne,SUV,,,ZS HEV+ EMOTION,Nové,Sauto.cz,Ano,https://www.sauto.cz/osobni/detail/mg/zs/210535601
Mitsubishi ASX 1.0 TSI (Nová generace),604790,6,2025,Benzín,1.3,,,103,Manuální,,,,Ne,SUV,,,DI-T MT INTENSE+ LIMITED,Nové,Sauto.cz,Ano,https://www.sauto.cz/osobni/detail/mitsubishi/asx/210535061
Mitsubishi ASX 1.0 TSI (Nová generace),611790,6,2025,Benzín,1.3,,,103,Manuální,,,,Ne,SUV,,,DI-T MT INTENSE+ LIMITED,Nové,Sauto.cz,Ano,https://www.sauto.cz/osobni/detail/mitsubishi/asx/210535238
Mitsubishi ASX 1.0 TSI (Nová generace),586790,6,2025,Benzín,1.3,,,103,Manuální,,,,Ne,SUV,,,DI-T MT INTENSE+ LIMITED,Nové,Sauto.cz,Ano,https://www.sauto.cz/osobni/detail/mitsubishi/asx/210535352
Mitsubishi Eclipse Cross PHEV,409000,57000,2021,Benzín,1.5,Turbo,,120,Manuální,,,,Ne,Kombi,,,57.000km.1.maj,Ojeté,Sauto.cz,Ano,https://www.sauto.cz/osobni/detail/mitsubishi/eclipse-cross/210525548
Mitsubishi Outlander 2.4,439000,97546,2021,Benzín,2.0,MIVEC,PHEV,110,Manuální,,,,Ne,SUV,,,Diamant 2WD Kamera,Ojeté,Sauto.cz,Ano,https://www.sauto.cz/osobni/detail/mitsubishi/outlander/210540896
Nissan Qashqai 1.3 DIG-T MHEV,722890,,2025,Benzín,1.3,,MHEV,116,Automatická,,,,Ne,SUV,N-Connecta,,DIG-T 158k,Nové,Sauto.cz,Ano,https://www.sauto.cz/osobni/detail/nissan/qashqai/210497228
Nissan Qashqai 1.3 DIG-T MHEV,539990,44500,2023,Benzín,1.3,,,117,Automatická,,,,Ano,SUV,N-Connecta,,automat ČR 1maj,Ojeté,Sauto.cz,Ano,https://www.sauto.cz/osobni/detail/nissan/qashqai/210552041
Nissan X-Trail 1.5 VC-T (5místná verze),302500,17500,2025,Benzín,1.5,,PHEV,157,Automatická,,,,Ano,SUV,,,Operativní Leasing 24 měsíců,Ojeté,Sauto.cz,Ano,https://www.sauto.cz/osobni/detail/nissan/x-trail/210549530
Omoda 5 1.6 T-GDI,599900,16200,2025,Benzín,1.6,TGDI,,108,Automatická,,,,Ne,SUV,Premium,,,Ojeté,Sauto.cz,Ano,https://www.sauto.cz/osobni/detail/omoda/5/209335362
Omoda 5 1.6 T-GDI,613000,10,2026,Benzín,1.6,,,108,Automatická,,,,Ne,Hatchback,Premium,,T A T,Nové,Sauto.cz,Ano,https://www.sauto.cz/osobni/detail/omoda/5/210492155
Omoda 5 1.6 T-GDI,569000,10,2026,Benzín,1.6,,,108,Automatická,,,,Ne,Kombi,Comfort,,Aviation silver,Nové,Sauto.cz,Ano,https://www.sauto.cz/osobni/detail/omoda/5/210508433
Omoda 5 1.6 T-GDI,561000,10555,2025,Benzín,1.6,,,108,Automatická,,,,Ne,SUV,Comfort,Ano,"T, Záruka",Předváděcí,Sauto.cz,Ano,https://www.sauto.cz/osobni/detail/omoda/5/210512381
Omoda 5 1.6 T-GDI,600000,1864,2026,Benzín,1.6,,,108,Automatická,,,,Ne,SUV,Premium,,"T, Ad. tempomat",Předváděcí,Sauto.cz,Ano,https://www.sauto.cz/osobni/detail/omoda/5/210512420
Omoda 5 1.6 T-GDI,600000,1689,2026,Benzín,1.6,,,108,Automatická,,,,Ne,SUV,Premium,,"T, Ad. tempomat",Předváděcí,Sauto.cz,Ano,https://www.sauto.cz/osobni/detail/omoda/5/210512735
Omoda 5 1.6 T-GDI,600000,1854,2026,Benzín,1.6,,,108,Automatická,,,,Ne,SUV,Premium,,"T, Ad. tempomat",Předváděcí,Sauto.cz,Ano,https://www.sauto.cz/osobni/detail/omoda/5/210512738
Omoda 5 1.6 T-GDI,600000,1745,2026,Benzín,1.6,,,108,Automatická,,,,Ne,SUV,Premium,,"T, Ad. tempomat",Předváděcí,Sauto.cz,Ano,https://www.sauto.cz/osobni/detail/omoda/5/210512987
Omoda 5 1.6 T-GDI,620000,1925,2026,Benzín,1.6,,,108,Automatická,,,,Ne,SUV,Premium,,"T, Ad. tempomat",Předváděcí,Sauto.cz,Ano,https://www.sauto.cz/osobni/detail/omoda/5/210512990
Omoda 5 1.6 T-GDI,600000,1744,2026,Benzín,1.6,,,108,Automatická,,,,Ne,SUV,Premium,,"T, Ad. tempomat",Předváděcí,Sauto.cz,Ano,https://www.sauto.cz/osobni/detail/omoda/5/210545546
Omoda C5 1.6,599000,10,2026,Benzín,1.6,,,108,Automatická,,,,Ne,Hatchback,Comfort,,,Nové,Sauto.cz,Ne,https://www.sauto.cz/osobni/detail/omoda/c5/210498956
Opel Mokka 1.2 Turbo,473890,5,2026,Benzín,1.2,Turbo,,100,Manuální,,,,Ne,SUV,,,MT EDITION,Nové,Sauto.cz,Ano,https://www.sauto.cz/osobni/detail/opel/mokka/210497195
Opel Mokka 1.2 Turbo,476890,5,2026,Benzín,1.2,Turbo,,100,Manuální,,,,Ne,SUV,,,MT EDTION,Nové,Sauto.cz,Ano,https://www.sauto.cz/osobni/detail/opel/mokka/210497231
Opel Mokka 1.2 Turbo,461890,5,2026,Benzín,1.2,Turbo,,100,Manuální,,,,Ne,SUV,,,MT EDITION,Nové,Sauto.cz,Ano,https://www.sauto.cz/osobni/detail/opel/mokka/210497300
Opel Mokka 1.2 Turbo,433990,5,2026,Benzín,1.2,Turbo,,100,Manuální,,,,Ne,Hatchback,,,HIT,Nové,Sauto.cz,Ano,https://www.sauto.cz/osobni/detail/opel/mokka/210500618
Opel Mokka 1.2 Turbo,449990,5,2026,Benzín,1.2,Turbo,,100,Manuální,,,,Ne,Hatchback,,,HIT,Nové,Sauto.cz,Ano,https://www.sauto.cz/osobni/detail/opel/mokka/210502616
Opel Mokka 1.2 Turbo,449990,5,2026,Benzín,1.2,Turbo,,100,Manuální,,,,Ne,Hatchback,,,HIT,Nové,Sauto.cz,Ano,https://www.sauto.cz/osobni/detail/opel/mokka/210502682
Opel Mokka 1.2 Turbo,449990,5,2026,Benzín,1.2,Turbo,,100,Manuální,,,,Ne,Hatchback,,,HIT,Nové,Sauto.cz,Ano,https://www.sauto.cz/osobni/detail/opel/mokka/210502697
Opel Mokka 1.2 Turbo,449990,5,2026,Benzín,1.2,Turbo,,100,Manuální,,,,Ne,Hatchback,,,HIT,Nové,Sauto.cz,Ano,https://www.sauto.cz/osobni/detail/opel/mokka/210503006
Opel Mokka 1.2 Turbo,459990,5,2026,Benzín,1.2,Turbo,,100,Manuální,,,,Ne,Hatchback,,,HIT,Nové,Sauto.cz,Ano,https://www.sauto.cz/osobni/detail/opel/mokka/210506795
Opel Mokka 1.2 Turbo,459990,5,2026,Benzín,1.2,Turbo,,100,Manuální,,,,Ne,Hatchback,,,HIT,Nové,Sauto.cz,Ano,https://www.sauto.cz/osobni/detail/opel/mokka/210506960
Opel Mokka 1.2 Turbo,459990,5,2026,Benzín,1.2,Turbo,,100,Manuální,,,,Ne,Hatchback,,,HIT,Nové,Sauto.cz,Ano,https://www.sauto.cz/osobni/detail/opel/mokka/210507038
Opel Mokka 1.2 Turbo,488990,5,2026,Benzín,1.2,Turbo,,100,Manuální,,,,Ne,Hatchback,,,HIT,Nové,Sauto.cz,Ano,https://www.sauto.cz/osobni/detail/opel/mokka/210507572
Opel Mokka 1.2 Turbo,473990,5,2026,Benzín,1.2,Turbo,,100,Manuální,,,,Ne,Hatchback,,,HIT,Nové,Sauto.cz,Ano,https://www.sauto.cz/osobni/detail/opel/mokka/210507671
Opel Mokka 1.2 Turbo,488990,5,2026,Benzín,1.2,Turbo,,100,Manuální,,,,Ne,Hatchback,,,HIT MT6,Nové,Sauto.cz,Ano,https://www.sauto.cz/osobni/detail/opel/mokka/210507848
Opel Mokka 1.2 Turbo,488990,5,2026,Benzín,1.2,Turbo,,100,Manuální,,,,Ne,Hatchback,,,HIT MT6,Nové,Sauto.cz,Ano,https://www.sauto.cz/osobni/detail/opel/mokka/210507944
Opel Mokka 1.2 Turbo,511990,5,2026,Benzín,1.2,Turbo,,100,Manuální,,,,Ne,Hatchback,,,GS,Nové,Sauto.cz,Ano,https://www.sauto.cz/osobni/detail/opel/mokka/210508034
Opel Mokka 1.2 Turbo,528990,5,2026,Benzín,1.2,Turbo,,100,Manuální,,,,Ne,Hatchback,,,GS MT6,Nové,Sauto.cz,Ano,https://www.sauto.cz/osobni/detail/opel/mokka/210508172
Opel Mokka 1.2 Turbo,531990,5,2026,Benzín,1.2,Turbo,,100,Manuální,,,,Ne,Hatchback,,,GS MT6,Nové,Sauto.cz,Ano,https://www.sauto.cz/osobni/detail/opel/mokka/210508358
Opel Mokka 1.2 Turbo,534990,5,2026,Benzín,1.2,Turbo,,100,Manuální,,,,Ne,Hatchback,,,GS MT6,Nové,Sauto.cz,Ano,https://www.sauto.cz/osobni/detail/opel/mokka/210508385
Opel Mokka 1.2 Turbo,534990,5,2026,Benzín,1.2,Turbo,,100,Manuální,,,,Ne,Hatchback,,,GS MT6,Nové,Sauto.cz,Ano,https://www.sauto.cz/osobni/detail/opel/mokka/210508718
Opel Mokka 1.2 Turbo,534990,5,2026,Benzín,1.2,Turbo,,100,Manuální,,,,Ne,Hatchback,,,GS MT6,Nové,Sauto.cz,Ano,https://www.sauto.cz/osobni/detail/opel/mokka/210510254
Opel Mokka 1.2 Turbo,439900,28531,2024,Benzín,1.2,Turbo,,100,Manuální,,,,Ne,SUV,,,"ULTIMATE,MAN6",Ojeté,Sauto.cz,Ano,https://www.sauto.cz/osobni/detail/opel/mokka/210550265
Peugeot 2008 1.2 PureTech,599000,2,2026,Benzín,1.2,,HEV,107,Automatická,,,,Ne,SUV,Allure,,Hybrid 145 e-DCS6,Nové,Sauto.cz,Ano,https://www.sauto.cz/osobni/detail/peugeot/2008/210535772
Peugeot 308 Hatchback 1.2 PureTech,525000,22000,2024,Benzín,1.6,,HEV,132,Automatická,,,,Ne,Hatchback,,,Peugeot 308 GT HYBRID,Ojeté,Sauto.cz,Ano,https://www.sauto.cz/osobni/detail/peugeot/308/210390764
Peugeot 508 SW 1.5 BlueHDi (Kombi),499000,66800,2022,Benzín,1.6,,HEV,165,Automatická,,,,Ne,Hatchback,,,Peugeot 508 HYBRID 225 e-EAT8,Ojeté,Sauto.cz,Ano,https://www.sauto.cz/osobni/detail/peugeot/508/209900727
Renault Arkana 1.3 TCe MHEV (SUV-Kupé),450000,57330,2024,Benzín,1.3,TCe,,116,Automatická,,,,Ne,Liftback,,,"AT,LED,kamera",Ojeté,Sauto.cz,Ano,https://www.sauto.cz/osobni/detail/renault/arkana/210495623
Renault Arkana 1.3 TCe MHEV (SUV-Kupé),447000,49000,2021,Benzín,1.3,TCe,,103,Automatická,,,,Ne,SUV,TOP,,INTENS AT ČR !,Ojeté,Sauto.cz,Ano,https://www.sauto.cz/osobni/detail/renault/arkana/210502595
Renault Arkana 1.3 TCe MHEV (SUV-Kupé),499999,69233,2021,Benzín,1.3,TCe,,103,Automatická,,,,Ne,SUV,RS-Line,,EDC ČR,Ojeté,Sauto.cz,Ano,https://www.sauto.cz/osobni/detail/renault/arkana/210502706
Renault Arkana 1.3 TCe MHEV (SUV-Kupé),640000,3158,2026,Benzín,1.3,TCe,,103,Automatická,,,,Ne,SUV,,,Esprit Alpine,Předváděcí,Sauto.cz,Ano,https://www.sauto.cz/osobni/detail/renault/arkana/210534068
Renault Arkana 1.3 TCe MHEV (SUV-Kupé),450000,43695,2023,Benzín,1.3,,MHEV,116,Automatická,,,,Ne,SUV,,,mild hybrid techno,Ojeté,Sauto.cz,Ano,https://www.sauto.cz/osobni/detail/renault/arkana/210540269
Renault Arkana 1.3 TCe MHEV (SUV-Kupé),640000,3105,2026,Benzín,1.3,TCe,,103,Automatická,,,,Ne,SUV,,,Esprit Alpine,Předváděcí,Sauto.cz,Ano,https://www.sauto.cz/osobni/detail/renault/arkana/210545738
Renault Austral 1.3 TCe,649000,49785,2023,Benzín,1.3,TCe,,116,Automatická,,,,Ne,SUV,,,. Iconic,Ojeté,Sauto.cz,Ano,https://www.sauto.cz/osobni/detail/renault/austral/210506936
Renault Captur 1.0 TCe,665050,,2026,Benzín,1.3,,MHEV,104,Automatická,,,,Ne,SUV,,,techno mild hybrid 140 EDC,Nové,Sauto.cz,Ano,https://www.sauto.cz/osobni/detail/renault/captur/210506279
Renault Captur 1.0 TCe,350000,22162,2021,Benzín,1.3,TCe,,103,Manuální,,,,Ne,SUV,,,"ČR,1.maj, Tempomat",Ojeté,Sauto.cz,Ano,https://www.sauto.cz/osobni/detail/renault/captur/210544835
Renault Mégane Hatchback 1.3 TCe,419877,34900,2023,Benzín,1.3,TCe,,103,Manuální,,,,Ne,Kombi,,,"Techno, ČR, 1.Maj S.K.",Ojeté,Sauto.cz,Ano,https://www.sauto.cz/osobni/detail/renault/megane/210500105
Renault Symbioz 1.8 e-TEC,665510,10,2026,Benzín,1.8,e-TEC,HEV,116,Automatická,,,,Ne,SUV,,,Techno full hybrid h 160,Nové,Sauto.cz,Ano,https://www.sauto.cz/osobni/detail/renault/symbioz/210507686
Renault Symbioz 1.3,670750,10,2026,Benzín,1.3,,MHEV,103,Manuální,,,,Ne,SUV,,,techno mild hybrid 140,Nové,Sauto.cz,Ano,https://www.sauto.cz/osobni/detail/renault/symbioz/210507689
Renault Symbioz 1.3,660915,10,2026,Benzín,1.3,,MHEV,103,Automatická,,,,Ne,SUV,,,techno mild hybrid 140 EDC,Nové,Sauto.cz,Ano,https://www.sauto.cz/osobni/detail/renault/symbioz/210526706
Renault Symbioz 1.3,662625,10,2026,Benzín,1.3,,MHEV,103,Automatická,,,,Ne,SUV,,,techno mild hybrid 140 EDC,Nové,Sauto.cz,Ano,https://www.sauto.cz/osobni/detail/renault/symbioz/210526709
Seat Ateca 1.5 TSI,529999,49300,2022,Benzín,1.5,TSI,,110,Automatická,Ano,,,Ne,SUV,,,LED NAVI DPH!,Ojeté,Sauto.cz,Ano,https://www.sauto.cz/osobni/detail/seat/ateca/206405802
Seat Ateca 1.5 TSI,565000,78200,2022,Nafta,2.0,TDI,,110,Automatická,Ano,,,Ne,SUV,,,,Ojeté,Sauto.cz,Ano,https://www.sauto.cz/osobni/detail/seat/ateca/209591886
Seat Ateca 1.5 TSI,599000,39834,2024,Benzín,1.5,TSI,,110,Manuální,,,,Ne,SUV,Style,,,Ojeté,Sauto.cz,Ano,https://www.sauto.cz/osobni/detail/seat/ateca/210508673
Seat Ateca 1.5 TSI,559000,63827,2021,Benzín,1.5,TSI,,110,Automatická,Ano,,,Ne,Kombi,FR,,,Ojeté,Sauto.cz,Ano,https://www.sauto.cz/osobni/detail/seat/ateca/210524558
Seat Ateca 1.5 TSI,519000,52150,2021,Benzín,1.5,TSI,,110,Manuální,,,,Ne,SUV,FR,,,Ojeté,Sauto.cz,Ano,https://www.sauto.cz/osobni/detail/seat/ateca/210526100
Seat Ateca 1.5 TSI,569000,41212,2022,Benzín,1.5,TSI,,110,Automatická,Ano,,,Ne,SUV,FR,,,Ojeté,Sauto.cz,Ano,https://www.sauto.cz/osobni/detail/seat/ateca/210536234
Seat Ateca 1.5 TSI,679000,37720,2024,Benzín,1.5,TSI,,110,Automatická,Ano,,,Ne,SUV,FR,,panorama,Ojeté,Sauto.cz,Ano,https://www.sauto.cz/osobni/detail/seat/ateca/210540680
Seat Leon Sportstourer 1.5 TSI (Kombi),494900,29561,2023,Nafta,2.0,TDI,,110,Manuální,,,,Ne,Kombi,Xcellence,,"ST, ...",Ojeté,Sauto.cz,Ano,https://www.sauto.cz/osobni/detail/seat/leon/210499094
Seat Leon Sportstourer 1.5 TSI (Kombi),550000,11436,2025,Benzín,1.5,TSI,,110,Manuální,,,,Ne,Kombi,,Ano,"Záruka, ČR,1.maj",Předváděcí,Sauto.cz,Ano,https://www.sauto.cz/osobni/detail/seat/leon/210512621
Seat Leon Sportstourer 1.5 TSI (Kombi),574900,34911,2023,Nafta,2.0,TDI,,110,Automatická,Ano,,,Ne,Kombi,FR,,,Ojeté,Sauto.cz,Ano,https://www.sauto.cz/osobni/detail/seat/leon/210555092
Škoda Fabia Hatchback (Gen 4) 1.0 TSI,529000,11866,2025,Benzín,1.5,TSI,,110,Automatická,Ano,,,Ne,Hatchback,Top Selection,,,Ojeté,Sauto.cz,Ano,https://www.sauto.cz/osobni/detail/skoda/fabia/210457622
Škoda Fabia Hatchback (Gen 4) 1.0 TSI,479700,30500,2024,Benzín,1.5,TSI,,110,Automatická,Ano,,,Ne,Hatchback,Monte Carlo,,,Ojeté,Sauto.cz,Ano,https://www.sauto.cz/osobni/detail/skoda/fabia/210502751
Škoda Fabia Hatchback (Gen 4) 1.0 TSI,589000,16745,2025,Benzín,1.5,TSI,,110,Automatická,Ano,,,Ne,Hatchback,TOP,,Selectio,Ojeté,Sauto.cz,Ano,https://www.sauto.cz/osobni/detail/skoda/fabia/210502925
Škoda Fabia Hatchback (Gen 4) 1.0 TSI,569900,9454,2025,Benzín,1.5,TSI,,110,Automatická,Ano,,,Ne,Hatchback,Monte Carlo,,,Ojeté,Sauto.cz,Ano,https://www.sauto.cz/osobni/detail/skoda/fabia/210510413
Škoda Fabia Hatchback (Gen 4) 1.0 TSI,449999,48314,2022,Benzín,1.5,TSI,,110,Automatická,Ano,,,Ne,Hatchback,Style,,1.Maj,Ojeté,Sauto.cz,Ano,https://www.sauto.cz/osobni/detail/skoda/fabia/210517649
Škoda Fabia Hatchback (Gen 4) 1.0 TSI,475000,10965,2023,Benzín,1.5,TSI,,110,Automatická,,,,Ne,Hatchback,Style,,Automat,Ojeté,Sauto.cz,Ano,https://www.sauto.cz/osobni/detail/skoda/fabia/210535970
Škoda Fabia Hatchback (Gen 4) 1.0 TSI,550000,23424,2025,Benzín,1.5,TSI,,110,Automatická,,,,Ne,Hatchback,Monte Carlo,,,Předváděcí,Sauto.cz,Ano,https://www.sauto.cz/osobni/detail/skoda/fabia/210536738
Škoda Fabia Hatchback (Gen 4) 1.0 TSI,538900,14895,2025,Benzín,1.5,TSI,,110,Automatická,Ano,,,Ne,Hatchback,Monte Carlo,,,Ojeté,Sauto.cz,Ano,https://www.sauto.cz/osobni/detail/skoda/fabia/210552146
Škoda Fabia Hatchback (Gen 4) 1.0 TSI,526350,17742,2025,Benzín,1.5,TSI,,110,Automatická,Ano,,,Ne,Hatchback,Monte Carlo,,,Ojeté,Sauto.cz,Ano,https://www.sauto.cz/osobni/detail/skoda/fabia/210552458
Škoda Kamiq 1.0 TSI,628800,5,2026,Benzín,1.5,TSI,,110,Manuální,,,,Ne,SUV,,,AKČNÍ MODEL,Nové,Sauto.cz,Ano,https://www.sauto.cz/osobni/detail/skoda/kamiq/210375875
Škoda Kamiq 1.0 TSI,475000,41900,2022,Benzín,1.5,TSI,,110,Manuální,,,,Ne,Hatchback,,Ano,záruka do 01 27,Ojeté,Sauto.cz,Ano,https://www.sauto.cz/osobni/detail/skoda/kamiq/210467531
Škoda Kamiq 1.0 TSI,612000,8914,2025,Benzín,1.5,TSI,,110,Automatická,Ano,,,Ne,SUV,Top Selection,,,Ojeté,Sauto.cz,Ano,https://www.sauto.cz/osobni/detail/skoda/kamiq/210473879
Škoda Kamiq 1.0 TSI,499900,77225,2025,Benzín,1.5,TSI,,110,Automatická,,,,Ne,SUV,Monte Carlo,,STAV NOVÉH,Ojeté,Sauto.cz,Ano,https://www.sauto.cz/osobni/detail/skoda/kamiq/210495416
Škoda Kamiq 1.0 TSI,489000,33000,2023,Benzín,1.5,TSI,,110,Automatická,Ano,,,Ne,Hatchback,Style,,,Ojeté,Sauto.cz,Ano,https://www.sauto.cz/osobni/detail/skoda/kamiq/210500816
Škoda Kamiq 1.0 TSI,439000,28000,2022,Benzín,1.5,TSI,,110,Automatická,Ano,,,Ne,Hatchback,Monte Carlo,,28t km,Ojeté,Sauto.cz,Ano,https://www.sauto.cz/osobni/detail/skoda/kamiq/210507029
Škoda Kamiq 1.0 TSI,600000,23231,2024,Benzín,1.5,TSI,,110,Automatická,,,,Ne,SUV,Monte Carlo,Ano,Záruka,Ojeté,Sauto.cz,Ano,https://www.sauto.cz/osobni/detail/skoda/kamiq/210507770
Škoda Kamiq 1.0 TSI,629000,8293,2025,Benzín,1.5,,,110,Automatická,,,,Ne,Hatchback,Monte Carlo,,TS 110 A7F,Ojeté,Sauto.cz,Ano,https://www.sauto.cz/osobni/detail/skoda/kamiq/210508694
Škoda Kamiq 1.0 TSI,627900,4,2026,Benzín,1.5,TSI,,110,Manuální,,,,Ne,Liftback,,,Dynamic 6-stup.,Nové,Sauto.cz,Ano,https://www.sauto.cz/osobni/detail/skoda/kamiq/210509492
Škoda Kamiq 1.0 TSI,475000,68500,2024,Benzín,1.5,TSI,,110,Manuální,,,,Ne,Hatchback,Style,,1. majitel ČR,Ojeté,Sauto.cz,Ano,https://www.sauto.cz/osobni/detail/skoda/kamiq/210509702
Škoda Kamiq 1.0 TSI,628000,12496,2025,Benzín,1.5,TSI,,110,Automatická,Ano,,,Ne,SUV,Monte Carlo,,,Ojeté,Sauto.cz,Ano,https://www.sauto.cz/osobni/detail/skoda/kamiq/210513110
Škoda Kamiq 1.0 TSI,559900,17133,2025,Benzín,1.5,TSI,,110,Manuální,,,,Ne,SUV,Top Selection,,,Ojeté,Sauto.cz,Ano,https://www.sauto.cz/osobni/detail/skoda/kamiq/210524216
Škoda Kamiq 1.0 TSI,499000,27402,2023,Benzín,1.5,TSI,,110,Manuální,,,,Ne,Hatchback,Monte Carlo,,Škoda Kamiq,Ojeté,Sauto.cz,Ano,https://www.sauto.cz/osobni/detail/skoda/kamiq/210524969
Škoda Kamiq 1.0 TSI,629000,9800,2024,Benzín,1.5,TSI,,110,Automatická,Ano,,,Ne,Hatchback,Monte Carlo,,,Ojeté,Sauto.cz,Ano,https://www.sauto.cz/osobni/detail/skoda/kamiq/210535139
Škoda Kamiq 1.0 TSI,649900,4959,2025,Benzín,1.5,TSI,,110,Automatická,Ano,,,Ne,SUV,Monte Carlo,,,Ojeté,Sauto.cz,Ano,https://www.sauto.cz/osobni/detail/skoda/kamiq/210535235
Škoda Kamiq 1.0 TSI,479000,20950,2023,Benzín,1.5,TSI,,110,Manuální,,,,Ne,SUV,Style,,MP6,Ojeté,Sauto.cz,Ano,https://www.sauto.cz/osobni/detail/skoda/kamiq/210537566
Škoda Kamiq 1.0 TSI,579590,21928,2025,Benzín,1.5,TSI,,110,Manuální,,,,Ne,Hatchback,Monte Carlo,,M6°,Ojeté,Sauto.cz,Ano,https://www.sauto.cz/osobni/detail/skoda/kamiq/210537569
Škoda Kamiq 1.0 TSI,550000,52426,2024,Benzín,1.5,TSI,,110,Automatická,Ano,,,Ne,SUV,Monte Carlo,,,Ojeté,Sauto.cz,Ano,https://www.sauto.cz/osobni/detail/skoda/kamiq/210538295
Škoda Kamiq 1.0 TSI,663500,5,2026,Benzín,1.5,TSI,,110,Manuální,,,,Ne,SUV,Monte Carlo,,,Nové,Sauto.cz,Ano,https://www.sauto.cz/osobni/detail/skoda/kamiq/210539969
Škoda Kamiq 1.0 TSI,657400,5,2026,Benzín,1.5,TSI,,110,Manuální,,,,Ne,SUV,Monte Carlo,,,Nové,Sauto.cz,Ano,https://www.sauto.cz/osobni/detail/skoda/kamiq/210540323
Škoda Kamiq 1.0 TSI,639900,9743,2025,Benzín,1.5,TSI,,110,Automatická,Ano,,,Ne,SUV,Monte Carlo,,,Ojeté,Sauto.cz,Ano,https://www.sauto.cz/osobni/detail/skoda/kamiq/210552374
Škoda Kamiq 1.0 TSI,593148,16449,2024,Benzín,1.5,,,110,Automatická,,,,Ne,SUV,,,,Ojeté,Sauto.cz,Ano,https://www.sauto.cz/osobni/detail/skoda/kamiq/210554843
Škoda Karoq 1.5 TSI,699000,75091,2022,Benzín,1.5,TSI,,110,Automatická,Ano,,,Ne,Kombi,Style,,+,Ojeté,Sauto.cz,Ano,https://www.sauto.cz/osobni/detail/skoda/karoq/209169408
Škoda Karoq 1.5 TSI,519000,81946,2022,Nafta,2.0,TDI,,110,Automatická,Ano,,,Ano,SUV,,,CLEVER **,Ojeté,Sauto.cz,Ano,https://www.sauto.cz/osobni/detail/skoda/karoq/209493210
Škoda Karoq 1.5 TSI,749000,23884,2024,Benzín,1.5,TSI,,110,Automatická,Ano,,,Ne,SUV,Sportline,,,Ojeté,Sauto.cz,Ano,https://www.sauto.cz/osobni/detail/skoda/karoq/209587002
Škoda Karoq 1.5 TSI,749000,21458,2024,Benzín,1.5,TSI,,110,Automatická,Ano,,,Ne,SUV,TOP,,SEL,Ojeté,Sauto.cz,Ano,https://www.sauto.cz/osobni/detail/skoda/karoq/209645766
Škoda Karoq 1.5 TSI,620000,38342,2024,Benzín,1.5,TSI,,110,Automatická,,,,Ne,SUV,,,Zár. 5 let 100000 km,Ojeté,Sauto.cz,Ano,https://www.sauto.cz/osobni/detail/skoda/karoq/209830266
Škoda Karoq 1.5 TSI,650000,20520,2024,Nafta,2.0,TDI,PHEV,110,Automatická,,,,Ne,SUV,,,"Drive, Drive, FullLed",Ojeté,Sauto.cz,Ano,https://www.sauto.cz/osobni/detail/skoda/karoq/210105581
Škoda Karoq 1.5 TSI,600000,41250,2023,Benzín,1.5,TSI,,110,Automatická,,,,Ne,SUV,Style,,Automat,Ojeté,Sauto.cz,Ano,https://www.sauto.cz/osobni/detail/skoda/karoq/210442952
Škoda Karoq 1.5 TSI,699000,22051,2024,Benzín,1.5,TSI,PHEV,110,Automatická,Ano,,,Ne,SUV,,,Drive,Ojeté,Sauto.cz,Ano,https://www.sauto.cz/osobni/detail/skoda/karoq/210453209
Škoda Karoq 1.5 TSI,699000,53876,2023,Nafta,2.0,TDI,,110,Automatická,Ano,,,Ano,SUV,Style,,,Ojeté,Sauto.cz,Ano,https://www.sauto.cz/osobni/detail/skoda/karoq/210461540
Škoda Karoq 1.5 TSI,630000,27116,2024,Benzín,1.5,TSI,PHEV,110,Manuální,,,,Ne,SUV,,,"Drive, Drive, FullLed",Ojeté,Sauto.cz,Ano,https://www.sauto.cz/osobni/detail/skoda/karoq/210473666
Škoda Karoq 1.5 TSI,650000,12937,2025,Benzín,1.5,TSI,,110,Automatická,,,,Ne,SUV,,Ano,"130 let, Záruka",Předváděcí,Sauto.cz,Ano,https://www.sauto.cz/osobni/detail/skoda/karoq/210492308
Škoda Karoq 1.5 TSI,687900,40665,2022,Benzín,2.0,TSI,,140,Automatická,,,,Ano,SUV,Sportline,,,Ojeté,Sauto.cz,Ano,https://www.sauto.cz/osobni/detail/skoda/karoq/210492566
Škoda Karoq 1.5 TSI,618800,35500,2025,Benzín,1.5,TSI,,110,Automatická,Ano,,,Ne,SUV,Style,,PLUS ČR,Ojeté,Sauto.cz,Ano,https://www.sauto.cz/osobni/detail/skoda/karoq/210494786
Škoda Karoq 1.5 TSI,639900,27914,2024,Benzín,1.5,TSI,,110,Automatická,,,,Ne,SUV,,,Fresh / 7DS,Ojeté,Sauto.cz,Ano,https://www.sauto.cz/osobni/detail/skoda/karoq/210500405
Škoda Karoq 1.5 TSI,739000,6965,2025,Benzín,1.5,TSI,,110,Automatická,,,,Ne,SUV,Selection,,Karoq,Ojeté,Sauto.cz,Ano,https://www.sauto.cz/osobni/detail/skoda/karoq/210500444
Škoda Karoq 1.5 TSI,629000,37665,2024,Benzín,1.5,TSI,,110,Automatická,Ano,,,Ne,SUV,Top Selection,,7st.,Ojeté,Sauto.cz,Ano,https://www.sauto.cz/osobni/detail/skoda/karoq/210507224
Škoda Karoq 1.5 TSI,698000,4034,2025,Benzín,1.5,TSI,,110,Automatická,,,,Ne,Kombi,Premium,,130 let,Ojeté,Sauto.cz,Ano,https://www.sauto.cz/osobni/detail/skoda/karoq/210508175
Škoda Karoq 1.5 TSI,740000,19472,2025,Nafta,2.0,TDI,PHEV,110,Automatická,,,,Ne,SUV,,,"Drive, Drive, FullLed",Předváděcí,Sauto.cz,Ano,https://www.sauto.cz/osobni/detail/skoda/karoq/210509102
Škoda Karoq 1.5 TSI,669999,27057,2024,Benzín,1.5,TSI,,110,Manuální,Ano,,,Ne,SUV,Style,,,Ojeté,Sauto.cz,Ano,https://www.sauto.cz/osobni/detail/skoda/karoq/210510356
Škoda Karoq 1.5 TSI,670000,32264,2023,Benzín,1.5,TSI,,110,Manuální,,,,Ne,SUV,Sportline,,KAROQ,Ojeté,Sauto.cz,Ano,https://www.sauto.cz/osobni/detail/skoda/karoq/210510476
Škoda Karoq 1.5 TSI,629888,53493,2023,Benzín,1.5,TSI,,110,Automatická,Ano,,,Ne,SUV,Sportline,,,Ojeté,Sauto.cz,Ano,https://www.sauto.cz/osobni/detail/skoda/karoq/210511244
Škoda Karoq 1.5 TSI,750000,24669,2025,Nafta,2.0,TDI,PHEV,110,Automatická,,,,Ano,SUV,,,"Drive, Drive, FullLed",Předváděcí,Sauto.cz,Ano,https://www.sauto.cz/osobni/detail/skoda/karoq/210512702
Škoda Karoq 1.5 TSI,739990,11227,2025,Benzín,1.5,TSI,,110,Automatická,,,,Ne,SUV,Selection,,,Ojeté,Sauto.cz,Ano,https://www.sauto.cz/osobni/detail/skoda/karoq/210513098
Škoda Karoq 1.5 TSI,719990,10411,2024,Benzín,1.5,TSI,,110,Automatická,,,,Ne,SUV,Selection,,,Ojeté,Sauto.cz,Ano,https://www.sauto.cz/osobni/detail/skoda/karoq/210513155
Škoda Karoq 1.5 TSI,499900,59864,2022,Benzín,1.5,TSI,,110,Manuální,,,,Ne,SUV,Style,,SERVISKA,Ojeté,Sauto.cz,Ano,https://www.sauto.cz/osobni/detail/skoda/karoq/210513749
Škoda Karoq 1.5 TSI,639000,65030,2023,Benzín,1.5,TSI,,110,Automatická,Ano,,,Ne,SUV,Sportline,,,Ojeté,Sauto.cz,Ano,https://www.sauto.cz/osobni/detail/skoda/karoq/210513905
Škoda Karoq 1.5 TSI,740000,30665,2025,Nafta,2.0,TDI,PHEV,110,Automatická,,,,Ano,SUV,,,"Drive, Drive, FullLed",Ojeté,Sauto.cz,Ano,https://www.sauto.cz/osobni/detail/skoda/karoq/210524018
Škoda Karoq 1.5 TSI,460000,76300,2022,Nafta,2.0,TDI,,110,Manuální,,,,Ne,SUV,Style,,Karoq,Ojeté,Sauto.cz,Ano,https://www.sauto.cz/osobni/detail/skoda/karoq/210524102
Škoda Karoq 1.5 TSI,739990,10208,2025,Benzín,1.5,TSI,,110,Automatická,,,,Ne,SUV,Selection,,,Ojeté,Sauto.cz,Ano,https://www.sauto.cz/osobni/detail/skoda/karoq/210527228
Škoda Karoq 1.5 TSI,619990,38959,2024,Benzín,1.5,TSI,,110,Manuální,,,,Ne,SUV,,,Fresh II.,Ojeté,Sauto.cz,Ano,https://www.sauto.cz/osobni/detail/skoda/karoq/210527357
Škoda Karoq 1.5 TSI,619990,39236,2024,Benzín,1.5,TSI,,110,Manuální,,,,Ne,SUV,,,Fresh II.,Ojeté,Sauto.cz,Ano,https://www.sauto.cz/osobni/detail/skoda/karoq/210527372
Škoda Karoq 1.5 TSI,619990,38857,2024,Benzín,1.5,TSI,,110,Manuální,,,,Ne,SUV,,,Fresh II.,Ojeté,Sauto.cz,Ano,https://www.sauto.cz/osobni/detail/skoda/karoq/210527417
Škoda Karoq 1.5 TSI,619990,38571,2024,Benzín,1.5,TSI,,110,Manuální,,,,Ne,SUV,,,Fresh II.,Ojeté,Sauto.cz,Ano,https://www.sauto.cz/osobni/detail/skoda/karoq/210527426
Škoda Karoq 1.5 TSI,619990,38911,2024,Benzín,1.5,TSI,,110,Manuální,,,,Ne,SUV,,,Fresh II.,Ojeté,Sauto.cz,Ano,https://www.sauto.cz/osobni/detail/skoda/karoq/210527438
Škoda Karoq 1.5 TSI,619990,39339,2024,Benzín,1.5,TSI,,110,Manuální,,,,Ne,SUV,,,Fresh II.,Ojeté,Sauto.cz,Ano,https://www.sauto.cz/osobni/detail/skoda/karoq/210527456
Škoda Karoq 1.5 TSI,619990,39112,2024,Benzín,1.5,TSI,,110,Manuální,,,,Ne,SUV,,,Fresh II.,Ojeté,Sauto.cz,Ano,https://www.sauto.cz/osobni/detail/skoda/karoq/210527468
Škoda Karoq 1.5 TSI,619990,39290,2024,Benzín,1.5,TSI,,110,Manuální,,,,Ne,SUV,,,Fresh II.,Ojeté,Sauto.cz,Ano,https://www.sauto.cz/osobni/detail/skoda/karoq/210527498
Škoda Karoq 1.5 TSI,619990,38535,2024,Benzín,1.5,TSI,,110,Manuální,,,,Ne,SUV,,,Fresh II.,Ojeté,Sauto.cz,Ano,https://www.sauto.cz/osobni/detail/skoda/karoq/210527525
Škoda Karoq 1.5 TSI,619990,39420,2024,Benzín,1.5,TSI,,110,Manuální,,,,Ne,SUV,,,Fresh II.,Ojeté,Sauto.cz,Ano,https://www.sauto.cz/osobni/detail/skoda/karoq/210527549
Škoda Karoq 1.5 TSI,619990,39547,2024,Benzín,1.5,TSI,,110,Manuální,,,,Ne,SUV,,,Fresh II.,Ojeté,Sauto.cz,Ano,https://www.sauto.cz/osobni/detail/skoda/karoq/210527564
Škoda Karoq 1.5 TSI,619990,38247,2024,Benzín,1.5,TSI,,110,Manuální,,,,Ne,SUV,,,Fresh II.,Ojeté,Sauto.cz,Ano,https://www.sauto.cz/osobni/detail/skoda/karoq/210527591
Škoda Karoq 1.5 TSI,619990,38339,2024,Benzín,1.5,TSI,,110,Manuální,,,,Ne,SUV,,,Fresh II.,Ojeté,Sauto.cz,Ano,https://www.sauto.cz/osobni/detail/skoda/karoq/210527603
Škoda Karoq 1.5 TSI,639000,47499,2021,Benzín,1.5,TSI,,110,Automatická,Ano,,,Ne,SUV,Sportline,,7°,Ojeté,Sauto.cz,Ano,https://www.sauto.cz/osobni/detail/skoda/karoq/210535100
Škoda Karoq 1.5 TSI,555900,65569,2023,Benzín,1.5,TSI,,110,Automatická,Ano,,,Ne,SUV,Ambition,,,Ojeté,Sauto.cz,Ano,https://www.sauto.cz/osobni/detail/skoda/karoq/210535892
Škoda Karoq 1.5 TSI,649990,38829,2024,Benzín,1.5,TSI,,110,Automatická,,,,Ne,SUV,,,Fresh II.,Ojeté,Sauto.cz,Ano,https://www.sauto.cz/osobni/detail/skoda/karoq/210536678
Škoda Karoq 1.5 TSI,649000,34550,2022,Benzín,1.5,TSI,,110,Automatická,,,,Ne,SUV,Sportline,,Exclus,Ojeté,Sauto.cz,Ano,https://www.sauto.cz/osobni/detail/skoda/karoq/210537419
Škoda Karoq 1.5 TSI,699900,45491,2022,Benzín,2.0,TSI,,140,Automatická,,,,Ano,Kombi,Sportline,,Exclus,Ojeté,Sauto.cz,Ano,https://www.sauto.cz/osobni/detail/skoda/karoq/210549974
Škoda Karoq 1.5 TSI,572000,62096,2023,Benzín,1.5,TSI,,110,Automatická,,,,Ne,SUV,Sportline,,,Ojeté,Sauto.cz,Ano,https://www.sauto.cz/osobni/detail/skoda/karoq/210550196
Škoda Karoq 1.5 TSI,569000,13458,2021,Benzín,1.5,TSI,,110,Automatická,Ano,,,Ne,SUV,Style,,,Ojeté,Sauto.cz,Ano,https://www.sauto.cz/osobni/detail/skoda/karoq/210550577
Škoda Karoq 1.5 TSI,629900,25521,2022,Benzín,1.5,TSI,,110,Automatická,Ano,,,Ne,SUV,Style,,LED,Ojeté,Sauto.cz,Ano,https://www.sauto.cz/osobni/detail/skoda/karoq/210550868
Škoda Karoq 1.5 TSI,749900,29357,2025,Benzín,1.5,TSI,,110,Automatická,Ano,,,Ne,Hatchback,Sportline,,,Ojeté,Sauto.cz,Ano,https://www.sauto.cz/osobni/detail/skoda/karoq/210552383
"Škoda Kodiaq 1.5 TSI (Gen 2, 5 m.)",709000,98353,2021,Benzín,2.0,TSI,,140,Automatická,,,,Ano,SUV,Style,,"+,ČR,1Mj",Ojeté,Sauto.cz,Ano,https://www.sauto.cz/osobni/detail/skoda/kodiaq/209897049
"Škoda Kodiaq iV (Gen 2, PHEV)",723900,72731,2023,Nafta,2.0,TDI,,110,Automatická,Ano,,,Ano,SUV,Style,,LedMATRIX,Ojeté,Sauto.cz,Ano,https://www.sauto.cz/osobni/detail/skoda/kodiaq/210161954
"Škoda Kodiaq iV (Gen 2, PHEV)",730000,92000,2022,Nafta,2.0,TDI,,110,Automatická,Ano,,,Ano,Kombi,,,ODPOČET,Ojeté,Sauto.cz,Ano,https://www.sauto.cz/osobni/detail/skoda/kodiaq/210206174
"Škoda Kodiaq 1.5 TSI (Gen 2, 5 m.)",728000,62000,2021,Nafta,2.0,,,147,Automatická,,,,Ano,Kombi,,,SKODA KODIAQ,Ojeté,Sauto.cz,Ano,https://www.sauto.cz/osobni/detail/skoda/kodiaq/210264152
"Škoda Kodiaq iV (Gen 2, PHEV)",749000,77926,2021,Nafta,2.0,TDI,,147,Automatická,Ano,,,Ano,SUV,Style,,,Ojeté,Sauto.cz,Ano,https://www.sauto.cz/osobni/detail/skoda/kodiaq/210376673
"Škoda Kodiaq iV (Gen 2, PHEV)",749900,95000,2023,Nafta,2.0,TDI,,147,Automatická,Ano,,,Ano,SUV,Style,,CZ,Ojeté,Sauto.cz,Ano,https://www.sauto.cz/osobni/detail/skoda/kodiaq/210502601
"Škoda Kodiaq 1.5 TSI (Gen 2, 5 m.)",739000,98390,2022,Benzín,2.0,TSI,,140,Automatická,Ano,,,Ano,SUV,Style,,,Ojeté,Sauto.cz,Ano,https://www.sauto.cz/osobni/detail/skoda/kodiaq/210502841
"Škoda Kodiaq iV (Gen 2, PHEV)",699000,97539,2022,Nafta,2.0,TDI,,110,Automatická,Ano,,,Ne,SUV,Style,,,Ojeté,Sauto.cz,Ano,https://www.sauto.cz/osobni/detail/skoda/kodiaq/210534008
"Škoda Kodiaq 1.5 TSI (Gen 2, 5 m.)",749000,55000,2021,Nafta,2.0,,,147,Automatická,Ano,,,Ano,SUV,,,60 tis. km,Ojeté,Sauto.cz,Ano,https://www.sauto.cz/osobni/detail/skoda/kodiaq/210534167
"Škoda Kodiaq 1.5 TSI (Gen 2, 5 m.)",650000,72300,2022,Benzín,1.5,TSI,,110,Automatická,Ano,,,Ne,SUV,,,Ambiti,Ojeté,Sauto.cz,Ano,https://www.sauto.cz/osobni/detail/skoda/kodiaq/210537455
"Škoda Kodiaq iV (Gen 2, PHEV)",719999,80300,2021,Nafta,2.0,TDI,,110,Automatická,Ano,,,Ano,SUV,Style,,Matrix D,Ojeté,Sauto.cz,Ano,https://www.sauto.cz/osobni/detail/skoda/kodiaq/210540506
"Škoda Kodiaq iV (Gen 2, PHEV)",619000,68653,2023,Nafta,2.0,TDI,,110,Automatická,Ano,,,Ano,Kombi,Ambition,,,Ojeté,Sauto.cz,Ano,https://www.sauto.cz/osobni/detail/skoda/kodiaq/210551471
Škoda Octavia Liftback 1.5 TSI,627000,11109,2023,Benzín,1.5,TSI,,110,Manuální,,,,Ne,Liftback,Style,,Plus Navi,Ojeté,Sauto.cz,Ano,https://www.sauto.cz/osobni/detail/skoda/octavia/207324423
Škoda Octavia Liftback 1.5 TSI,599000,15162,2023,Benzín,1.5,TSI,,110,Manuální,,,,Ne,Liftback,Style,,Plus Navi,Ojeté,Sauto.cz,Ano,https://www.sauto.cz/osobni/detail/skoda/octavia/207365700
Škoda Octavia 4 Lim. Style 1.5 TSI,716000,19765,2024,Nafta,2.0,TDI,,110,Automatická,Ano,,,Ne,Sedan/limuzína,,,FIRST,Ojeté,Sauto.cz,Ano,https://www.sauto.cz/osobni/detail/skoda/octavia/209127939
Škoda Octavia Combi iV (PHEV),749900,19722,2024,Nafta,2.0,TDI,,110,Automatická,Ano,,,Ne,Kombi,TOP,,Combi Se,Ojeté,Sauto.cz,Ano,https://www.sauto.cz/osobni/detail/skoda/octavia/209177604
Škoda Octavia Liftback 1.5 TSI,530000,3526,2023,Benzín,1.5,TSI,MHEV,110,Manuální,,,,Ne,Liftback,,,"e-tec, NOVÁ CENA",Ojeté,Sauto.cz,Ano,https://www.sauto.cz/osobni/detail/skoda/octavia/209934957
Škoda Octavia Combi 1.5 TSI,489800,48000,2022,Benzín,1.5,TSI,,110,Manuální,,,,Ne,Kombi,Style,,"Plus,ČR,DPH",Ojeté,Sauto.cz,Ano,https://www.sauto.cz/osobni/detail/skoda/octavia/210098333
Škoda Octavia Combi iV (PHEV),729000,53000,2023,Nafta,2.0,TDI,,147,Automatická,Ano,,,Ne,Kombi,,Ano,"RS , záruka, tažné",Ojeté,Sauto.cz,Ano,https://www.sauto.cz/osobni/detail/skoda/octavia/210206036
Škoda Octavia Combi 1.5 TSI,499000,19900,2024,Benzín,1.5,,,110,Automatická,,,,Ne,Kombi,,,,Ojeté,Sauto.cz,Ano,https://www.sauto.cz/osobni/detail/skoda/octavia/210350369
Škoda Octavia 4 Lim. Style 1.5 TSI,680000,95843,2022,Nafta,2.0,,,147,Automatická,,,,Ne,Sedan/limuzína,,,Rs servisovano len Skoda,Ojeté,Sauto.cz,Ano,https://www.sauto.cz/osobni/detail/skoda/octavia/210352601
Škoda Octavia Combi iV (PHEV),529000,91351,2021,Nafta,2.0,TDI,,110,Automatická,Ano,,,Ne,Kombi,Style,,Combi,Ojeté,Sauto.cz,Ano,https://www.sauto.cz/osobni/detail/skoda/octavia/210453920
Škoda Octavia Liftback 1.5 TSI,648500,51409,2024,Nafta,2.0,TDI,,110,Automatická,Ano,,,Ne,Liftback,,,First Edition,Ojeté,Sauto.cz,Ano,https://www.sauto.cz/osobni/detail/skoda/octavia/210493280
Škoda Octavia 4 Lim. Style 1.5 TSI,449999,60442,2022,Benzín,1.5,TSI,,110,Automatická,Ano,,,Ne,Sedan/limuzína,Ambition,,,Ojeté,Sauto.cz,Ano,https://www.sauto.cz/osobni/detail/skoda/octavia/210494846
Škoda Octavia Combi 1.5 TSI,439000,98000,2022,Benzín,1.5,TSI,,110,Manuální,,,,Ne,Kombi,,,1.MAJ ČR NEBOUR. ZÁRUKA,Ojeté,Sauto.cz,Ano,https://www.sauto.cz/osobni/detail/skoda/octavia/210495449
Škoda Octavia Combi iV (PHEV),389000,47656,2021,Nafta,2.0,TDI,,110,Manuální,,,,Ne,Kombi,,,Combi,Ojeté,Sauto.cz,Ano,https://www.sauto.cz/osobni/detail/skoda/octavia/210498689
Škoda Octavia Liftback 1.5 TSI,569000,63747,2023,Nafta,2.0,TDI,,110,Automatická,Ano,,,Ne,Liftback,Style,,,Ojeté,Sauto.cz,Ano,https://www.sauto.cz/osobni/detail/skoda/octavia/210499451
Škoda Octavia 4 Lim. Style 1.5 TSI,549000,42000,2023,Nafta,2.0,TDI,,110,Automatická,,,,Ne,Sedan/limuzína,Style,,Plus AUT,Ojeté,Sauto.cz,Ano,https://www.sauto.cz/osobni/detail/skoda/octavia/210499475
Škoda Octavia Combi iV (PHEV),689000,89941,2024,Nafta,2.0,TDI,,110,Automatická,Ano,,,Ne,Kombi,Sportline,,Co,Ojeté,Sauto.cz,Ano,https://www.sauto.cz/osobni/detail/skoda/octavia/210500234
Škoda Octavia Combi iV (PHEV),719900,21865,2025,Nafta,2.0,TDI,,110,Automatická,,,,Ne,Kombi,Selection,,COMBI MATRIX,Ojeté,Sauto.cz,Ano,https://www.sauto.cz/osobni/detail/skoda/octavia/210500372
Škoda Octavia 4 Lim. Style 1.5 TSI,489000,86590,2021,Nafta,2.0,TDI,,110,Automatická,Ano,,,Ne,Sedan/limuzína,Style,,,Ojeté,Sauto.cz,Ano,https://www.sauto.cz/osobni/detail/skoda/octavia/210500528
Škoda Octavia Combi 1.5 TSI,748000,28454,2025,Benzín,1.5,TSI,,110,Automatická,Ano,,,Ne,Kombi,Sportline,,,Ojeté,Sauto.cz,Ano,https://www.sauto.cz/osobni/detail/skoda/octavia/210500705
Škoda Octavia Combi iV (PHEV),699000,39159,2025,Nafta,2.0,TDI,,110,Automatická,Ano,,,Ne,Kombi,Top Selection,,COMBI,Ojeté,Sauto.cz,Ano,https://www.sauto.cz/osobni/detail/skoda/octavia/210501449
Škoda Octavia 4 Lim. Style 1.5 TSI,420000,83850,2022,Nafta,2.0,TDI,,110,Manuální,,,,Ne,Sedan/limuzína,Style,,,Ojeté,Sauto.cz,Ano,https://www.sauto.cz/osobni/detail/skoda/octavia/210502643
Škoda Octavia 4 Lim. Style 1.5 TSI,689900,10284,2025,Benzín,1.5,TSI,PHEV,110,Manuální,,,,Ne,Sedan/limuzína,Exclusive,,Selec,Ojeté,Sauto.cz,Ano,https://www.sauto.cz/osobni/detail/skoda/octavia/210502712
Škoda Octavia Combi 1.5 TSI,549000,49150,2023,Benzín,1.5,TSI,,110,Manuální,,,,Ne,Kombi,Style,,,Ojeté,Sauto.cz,Ano,https://www.sauto.cz/osobni/detail/skoda/octavia/210502784
Škoda Octavia Combi iV (PHEV),549999,67100,2024,Nafta,2.0,TDI,,110,Automatická,Ano,,,Ne,Kombi,,,Matrix DPH,Ojeté,Sauto.cz,Ano,https://www.sauto.cz/osobni/detail/skoda/octavia/210502874
Škoda Octavia Combi iV (PHEV),559999,61300,2022,Nafta,2.0,TDI,,110,Automatická,Ano,,,Ne,Kombi,Style,,Sport,Ojeté,Sauto.cz,Ano,https://www.sauto.cz/osobni/detail/skoda/octavia/210502877
Škoda Octavia Liftback 1.5 TSI,619900,28874,2025,Benzín,1.5,eTSI,,110,Automatická,Ano,,,Ne,Liftback,Top Selection,,ČR,Ojeté,Sauto.cz,Ano,https://www.sauto.cz/osobni/detail/skoda/octavia/210503216
Škoda Octavia Combi 1.5 TSI,667900,15780,2025,Benzín,1.5,TSI,,110,Manuální,,,,Ne,Kombi,TOP,,Combi Select,Ojeté,Sauto.cz,Ano,https://www.sauto.cz/osobni/detail/skoda/octavia/210503648
Škoda Octavia Liftback 1.5 TSI,579900,29500,2023,Nafta,2.0,TDI,,110,Automatická,Ano,,,Ne,Liftback,Style,Ano,Záruka,Ojeté,Sauto.cz,Ano,https://www.sauto.cz/osobni/detail/skoda/octavia/210503846
Škoda Octavia Combi 1.5 TSI,695990,11600,2025,Benzín,1.5,TSI,,110,Manuální,,,,Ne,Kombi,Sportline,,Combi,Ojeté,Sauto.cz,Ano,https://www.sauto.cz/osobni/detail/skoda/octavia/210504101
Škoda Octavia 4 Lim. Style 1.5 TSI,690000,17700,2021,Benzín,2.0,TSI,,180,Automatická,,,,Ne,Sedan/limuzína,,,"RS , 1.majitel,17 700km!",Ojeté,Sauto.cz,Ano,https://www.sauto.cz/osobni/detail/skoda/octavia/210506132
Škoda Octavia Liftback 1.5 TSI,538000,97650,2023,Nafta,2.0,TDI,,147,Automatická,Ano,,,Ano,Liftback,,,"RS,1Maj",Ojeté,Sauto.cz,Ano,https://www.sauto.cz/osobni/detail/skoda/octavia/210507833
Škoda Octavia Liftback 1.5 TSI,659000,37708,2024,Nafta,2.0,TDI,,110,Automatická,,,,Ne,Liftback,Top Selection,,,Ojeté,Sauto.cz,Ano,https://www.sauto.cz/osobni/detail/skoda/octavia/210508166
Škoda Octavia Combi 1.5 TSI,499999,37056,2023,Benzín,1.5,TSI,,110,Automatická,Ano,,,Ne,Kombi,,,LED CZ,Ojeté,Sauto.cz,Ano,https://www.sauto.cz/osobni/detail/skoda/octavia/210508511
Škoda Octavia Combi 1.5 TSI,609000,29927,2024,Benzín,1.5,TSI,,110,Manuální,,,,Ne,Kombi,Selection,,Combi |,Ojeté,Sauto.cz,Ano,https://www.sauto.cz/osobni/detail/skoda/octavia/210508709
Škoda Octavia Combi iV (PHEV),430000,96725,2022,Nafta,2.0,TDI,,110,Automatická,,,,Ne,Kombi,,Ano,"Záruka, Automat",Ojeté,Sauto.cz,Ano,https://www.sauto.cz/osobni/detail/skoda/octavia/210509354
Škoda Octavia Liftback 1.5 TSI,639000,56628,2024,Nafta,2.0,TDI,,110,Automatická,,,,Ne,Liftback,Top Selection,,7,Ojeté,Sauto.cz,Ano,https://www.sauto.cz/osobni/detail/skoda/octavia/210510461
Škoda Octavia Liftback 1.5 TSI,679000,14201,2025,Benzín,1.5,TSI,PHEV,110,Manuální,,,,Ne,Liftback,Selection,,Exlusive 110,Ojeté,Sauto.cz,Ano,https://www.sauto.cz/osobni/detail/skoda/octavia/210510518
Škoda Octavia 4 Lim. Style 1.5 TSI,479000,47042,2023,Benzín,1.5,TSI,,110,Manuální,,,,Ne,Sedan/limuzína,Ambition,,110,Ojeté,Sauto.cz,Ano,https://www.sauto.cz/osobni/detail/skoda/octavia/210510668
Škoda Octavia Combi 1.5 TSI,487900,80322,2021,Benzín,1.5,TSI,,110,Manuální,,,,Ne,Kombi,,,Combi Clever,Ojeté,Sauto.cz,Ano,https://www.sauto.cz/osobni/detail/skoda/octavia/210511088
Škoda Octavia Liftback 1.5 TSI,549990,19040,2024,Benzín,1.5,TSI,PHEV,110,Manuální,,,,Ne,Liftback,Active,,,Ojeté,Sauto.cz,Ano,https://www.sauto.cz/osobni/detail/skoda/octavia/210512708
Škoda Octavia Combi 1.5 TSI,698000,28330,2025,Benzín,1.5,TSI,,110,Automatická,Ano,,,Ne,Kombi,TOP,,m-HEV Se,Ojeté,Sauto.cz,Ano,https://www.sauto.cz/osobni/detail/skoda/octavia/210513230
Škoda Octavia Combi iV (PHEV),679000,34200,2025,Nafta,2.0,TDI,,110,Automatická,,,,Ne,Kombi,Top Selection,,,Ojeté,Sauto.cz,Ano,https://www.sauto.cz/osobni/detail/skoda/octavia/210513869
Škoda Octavia Liftback 1.5 TSI,679999,20273,2024,Nafta,2.0,TDI,,110,Automatická,Ano,,,Ne,Liftback,Top Selection,,CZ,Ojeté,Sauto.cz,Ano,https://www.sauto.cz/osobni/detail/skoda/octavia/210517676
Škoda Octavia Liftback 1.5 TSI,474000,98151,2022,Nafta,2.0,TDI,,110,Automatická,,,,Ne,Liftback,Ambition,,Plus,Ojeté,Sauto.cz,Ano,https://www.sauto.cz/osobni/detail/skoda/octavia/210523478
Škoda Octavia Combi iV (PHEV),739900,11153,2025,Nafta,2.0,TDI,,110,Automatická,,,,Ne,Kombi,Top Selection,,,Ojeté,Sauto.cz,Ano,https://www.sauto.cz/osobni/detail/skoda/octavia/210524330
Škoda Octavia Liftback 1.5 TSI,740000,23897,2025,Nafta,2.0,TDI,,110,Automatická,,,,Ne,Liftback,Top Selection,,,Předváděcí,Sauto.cz,Ano,https://www.sauto.cz/osobni/detail/skoda/octavia/210534908
Škoda Octavia Combi 1.5 TSI,719000,17997,2025,Benzín,1.5,,,110,Automatická,Ano,,,Ne,Kombi,Top Selection,,M-HEV 110,Ojeté,Sauto.cz,Ano,https://www.sauto.cz/osobni/detail/skoda/octavia/210535106
Škoda Octavia Combi 1.5 TSI,739900,14570,2025,Benzín,1.5,TSI,,110,Automatická,,,,Ne,Kombi,Top Selection,,M-HEV,Ojeté,Sauto.cz,Ano,https://www.sauto.cz/osobni/detail/skoda/octavia/210535424
Škoda Octavia Combi iV (PHEV),489000,71718,2022,Benzín,1.4,,PHEV,150,Automatická,,,,Ano,Kombi,,,OCTAVIA COM IV STY TS 150,Ojeté,Sauto.cz,Ano,https://www.sauto.cz/osobni/detail/skoda/octavia/210535541
Škoda Octavia Combi iV (PHEV),588000,41940,2024,Nafta,2.0,TDI,,110,Automatická,Ano,,,Ne,Kombi,Style,,Combi,Ojeté,Sauto.cz,Ano,https://www.sauto.cz/osobni/detail/skoda/octavia/210535547
Škoda Octavia Liftback 1.5 TSI,588000,11234,2025,Benzín,1.5,TSI,,110,Manuální,,,,Ne,Liftback,Selection,,6MP,Ojeté,Sauto.cz,Ano,https://www.sauto.cz/osobni/detail/skoda/octavia/210535670
Škoda Octavia Combi 1.5 TSI,666000,47089,2025,Benzín,1.5,TSI,,110,Automatická,,,,Ne,Kombi,Top Selection,,COMBI M-,Ojeté,Sauto.cz,Ano,https://www.sauto.cz/osobni/detail/skoda/octavia/210537416
Škoda Octavia Liftback 1.5 TSI,668000,18875,2025,Nafta,2.0,TDI,,110,Automatická,Ano,,,Ne,Liftback,Top Selection,,,Ojeté,Sauto.cz,Ano,https://www.sauto.cz/osobni/detail/skoda/octavia/210537596
Škoda Octavia 4 Lim. Style 1.5 TSI,699900,18730,2025,Benzín,1.5,TSI,,110,Manuální,,,,Ne,Sedan/limuzína,Sportline,,,Ojeté,Sauto.cz,Ano,https://www.sauto.cz/osobni/detail/skoda/octavia/210538157
Škoda Octavia Combi 1.5 TSI,435000,87000,2021,Benzín,1.5,TSI,,110,Manuální,,,,Ne,Kombi,,,Škoda Octavia Combi,Ojeté,Sauto.cz,Ano,https://www.sauto.cz/osobni/detail/skoda/octavia/210539648
Škoda Octavia Combi 1.5 TSI,635250,16918,2025,Benzín,1.5,TSI,,110,Manuální,,,,Ne,Kombi,Selection,,,Ojeté,Sauto.cz,Ano,https://www.sauto.cz/osobni/detail/skoda/octavia/210539942
Škoda Octavia Combi 1.5 TSI,719900,17021,2025,Benzín,1.5,TSI,,110,Automatická,,,,Ne,Kombi,Top Selection,,M-HEV,Ojeté,Sauto.cz,Ano,https://www.sauto.cz/osobni/detail/skoda/octavia/210540005
Škoda Octavia Combi iV (PHEV),661000,64899,2023,Nafta,2.0,TDI,,147,Automatická,Ano,,,Ano,Kombi,,,RS Combi,Ojeté,Sauto.cz,Ano,https://www.sauto.cz/osobni/detail/skoda/octavia/210540533
Škoda Octavia Combi iV (PHEV),740000,55398,2025,Nafta,2.0,TDI,,110,Automatická,Ano,,,Ne,Kombi,Sportline,,Co,Ojeté,Sauto.cz,Ano,https://www.sauto.cz/osobni/detail/skoda/octavia/210540707
Škoda Octavia Combi 1.5 TSI,469000,60686,2021,Benzín,1.5,TSI,,110,Manuální,,,,Ne,Kombi,Style,,Combi,Ojeté,Sauto.cz,Ano,https://www.sauto.cz/osobni/detail/skoda/octavia/210540959
Škoda Octavia 4 Lim. Style 1.5 TSI,639000,19954,2025,Benzín,1.5,TSI,,110,Manuální,,,,Ne,Sedan/limuzína,Selection,,M6F,Ojeté,Sauto.cz,Ano,https://www.sauto.cz/osobni/detail/skoda/octavia/210549959
Škoda Octavia Liftback 1.5 TSI,653400,12146,2025,Benzín,1.5,TSI,,110,Manuální,,,,Ne,Liftback,Top Selection,,,Ojeté,Sauto.cz,Ano,https://www.sauto.cz/osobni/detail/skoda/octavia/210550007
Škoda Octavia Combi iV (PHEV),740000,54869,2024,Nafta,2.0,TDI,,110,Automatická,Ano,,,Ne,Kombi,Sportline,,Co,Ojeté,Sauto.cz,Ano,https://www.sauto.cz/osobni/detail/skoda/octavia/210550361
Škoda Octavia 4 Lim. Style 1.5 TSI,699000,91192,2023,Benzín,2.0,TSI,,180,Automatická,Ano,,,Ne,Sedan/limuzína,,,RS,Ojeté,Sauto.cz,Ano,https://www.sauto.cz/osobni/detail/skoda/octavia/210550637
Škoda Octavia 4 Lim. Style 1.5 TSI,429000,51216,2022,Benzín,1.5,TSI,,110,Manuální,,,,Ne,Sedan/limuzína,Style,,,Ojeté,Sauto.cz,Ano,https://www.sauto.cz/osobni/detail/skoda/octavia/210551057
Škoda Octavia Combi iV (PHEV),459000,50014,2021,Nafta,2.0,TDI,,110,Manuální,,,,Ne,Kombi,Style,,,Ojeté,Sauto.cz,Ano,https://www.sauto.cz/osobni/detail/skoda/octavia/210551588
Škoda Octavia 4 Lim. Style 1.5 TSI,689000,15711,2025,Nafta,2.0,TDI,,110,Automatická,Ano,,,Ne,Sedan/limuzína,Selection,,,Ojeté,Sauto.cz,Ano,https://www.sauto.cz/osobni/detail/skoda/octavia/210552152
Škoda Octavia 4 Lim. Style 1.5 TSI,479000,97046,2023,Nafta,2.0,TDI,,110,Automatická,Ano,,,Ne,Sedan/limuzína,Style,,,Ojeté,Sauto.cz,Ano,https://www.sauto.cz/osobni/detail/skoda/octavia/210552203
Škoda Octavia Combi 1.5 TSI,489000,90105,2021,Benzín,1.5,TSI,,110,Manuální,,,,Ne,Kombi,Style,,Combi .,Ojeté,Sauto.cz,Ano,https://www.sauto.cz/osobni/detail/skoda/octavia/210552389
Škoda Octavia Combi iV (PHEV),695000,63285,2025,Nafta,2.0,TDI,,110,Automatická,,,,Ano,Kombi,,,FRESH 2. MATRIX,Ojeté,Sauto.cz,Ano,https://www.sauto.cz/osobni/detail/skoda/octavia/210552488
Škoda Octavia Combi iV (PHEV),568000,14957,2023,Nafta,2.0,TDI,,110,Manuální,,,,Ne,Kombi,Style,,110 *MATRIX*ACC*Č,Ojeté,Sauto.cz,Ano,https://www.sauto.cz/osobni/detail/skoda/octavia/210552506
Škoda Octavia Combi 1.5 TSI,435000,74238,2022,Benzín,1.5,TSI,,110,Manuální,,,,Ne,Kombi,Ambition,,Combi Plus,Ojeté,Sauto.cz,Ano,https://www.sauto.cz/osobni/detail/skoda/octavia/210554123
Škoda Scala 1.0 TSI,515000,33671,2024,Benzín,1.5,TSI,,110,Manuální,,,,Ne,Hatchback,Monte Carlo,Ano,Záruka,Ojeté,Sauto.cz,Ano,https://www.sauto.cz/osobni/detail/skoda/scala/210090551
Škoda Scala 1.0 TSI,434000,96125,2021,Benzín,1.5,TSI,,110,Manuální,,,,Ne,Hatchback,Monte Carlo,,,Ojeté,Sauto.cz,Ano,https://www.sauto.cz/osobni/detail/skoda/scala/210237554
Škoda Scala 1.0 TSI,619000,14832,2025,Benzín,1.5,TSI,,110,Automatická,Ano,,,Ne,SUV,TOP,,Selectio,Ojeté,Sauto.cz,Ano,https://www.sauto.cz/osobni/detail/skoda/scala/210405743
Škoda Scala 1.0 TSI,419000,98500,2022,Benzín,1.5,TSI,,110,Automatická,Ano,,,Ne,Hatchback,TOP,,FULL-LED 7,Ojeté,Sauto.cz,Ano,https://www.sauto.cz/osobni/detail/skoda/scala/210452045
Škoda Scala 1.0 TSI,479000,31000,2023,Benzín,1.5,TSI,,110,Manuální,,,,Ne,Hatchback,,,,Ojeté,Sauto.cz,Ano,https://www.sauto.cz/osobni/detail/skoda/scala/210458780
Škoda Scala 1.0 TSI,499990,39000,2025,Benzín,1.5,TSI,PHEV,110,Manuální,,,,Ne,Hatchback,,,Drive,Ojeté,Sauto.cz,Ano,https://www.sauto.cz/osobni/detail/skoda/scala/210465647
Škoda Scala 1.0 TSI,629900,13111,2025,Benzín,1.5,TSI,,110,Automatická,Ano,,,Ne,Hatchback,Monte Carlo,,,Ojeté,Sauto.cz,Ano,https://www.sauto.cz/osobni/detail/skoda/scala/210502826
Škoda Scala 1.0 TSI,538000,10723,2025,Benzín,1.5,TSI,,110,Automatická,Ano,,,Ne,Hatchback,TOP,,Selectio,Ojeté,Sauto.cz,Ano,https://www.sauto.cz/osobni/detail/skoda/scala/210502934
Škoda Scala 1.0 TSI,410000,71470,2023,Benzín,1.5,TSI,,110,Manuální,,,,Ne,Hatchback,Style,,,Ojeté,Sauto.cz,Ano,https://www.sauto.cz/osobni/detail/skoda/scala/210503366
Škoda Scala 1.0 TSI,400000,46862,2024,Benzín,1.5,TSI,,110,Manuální,,,,Ne,Hatchback,,,"Fresh, ČR,1.maj",Ojeté,Sauto.cz,Ano,https://www.sauto.cz/osobni/detail/skoda/scala/210503453
Škoda Scala 1.0 TSI,489900,43347,2022,Benzín,1.5,TSI,,110,Automatická,Ano,,,Ne,Hatchback,Style,,PLUS,Ojeté,Sauto.cz,Ano,https://www.sauto.cz/osobni/detail/skoda/scala/210507542
Škoda Scala 1.0 TSI,574700,18352,2025,Benzín,1.5,TSI,,110,Automatická,Ano,,,Ne,Hatchback,Top Selection,,,Ojeté,Sauto.cz,Ano,https://www.sauto.cz/osobni/detail/skoda/scala/210508712
Škoda Scala 1.0 TSI,559900,21421,2025,Benzín,1.5,TSI,,110,Manuální,,,,Ne,Hatchback,Monte Carlo,,110 M6F,Ojeté,Sauto.cz,Ano,https://www.sauto.cz/osobni/detail/skoda/scala/210508802
Škoda Scala 1.0 TSI,539900,18678,2025,Benzín,1.5,TSI,,110,Manuální,,,,Ne,Hatchback,Top Selection,,T,Ojeté,Sauto.cz,Ano,https://www.sauto.cz/osobni/detail/skoda/scala/210510299
Škoda Scala 1.0 TSI,519990,42679,2023,Benzín,1.5,TSI,,110,Automatická,,,,Ne,Hatchback,Monte Carlo,,,Ojeté,Sauto.cz,Ano,https://www.sauto.cz/osobni/detail/skoda/scala/210512549
Škoda Scala 1.0 TSI,679888,2318,2025,Benzín,1.5,TSI,,110,Automatická,Ano,,,Ne,Hatchback,Monte Carlo,,,Ojeté,Sauto.cz,Ano,https://www.sauto.cz/osobni/detail/skoda/scala/210517607
Škoda Scala 1.0 TSI,570000,28491,2025,Benzín,1.5,TSI,,110,Automatická,,,,Ne,Hatchback,Monte Carlo,,Automat,Ojeté,Sauto.cz,Ano,https://www.sauto.cz/osobni/detail/skoda/scala/210523892
Škoda Scala 1.0 TSI,429000,66437,2022,Benzín,1.5,TSI,,110,Manuální,,,,Ne,Hatchback,Style,,Extra Taž,Ojeté,Sauto.cz,Ano,https://www.sauto.cz/osobni/detail/skoda/scala/210524852
Škoda Scala 1.0 TSI,399000,96687,2021,Benzín,1.5,TSI,,110,Manuální,,,,Ne,Hatchback,Style,,,Ojeté,Sauto.cz,Ano,https://www.sauto.cz/osobni/detail/skoda/scala/210526730
Škoda Scala 1.0 TSI,370000,45801,2023,Benzín,1.5,TSI,,110,Manuální,,,,Ne,Hatchback,Ambition,,"ČR,1.maj",Ojeté,Sauto.cz,Ano,https://www.sauto.cz/osobni/detail/skoda/scala/210527318
Škoda Scala 1.0 TSI,559990,18156,2025,Benzín,1.5,TSI,,110,Manuální,,,,Ne,Hatchback,Monte Carlo,,,Ojeté,Sauto.cz,Ano,https://www.sauto.cz/osobni/detail/skoda/scala/210535277
Škoda Scala 1.0 TSI,419000,42807,2022,Benzín,1.5,TSI,,110,Manuální,,,,Ne,Hatchback,Style,,Plus,Ojeté,Sauto.cz,Ano,https://www.sauto.cz/osobni/detail/skoda/scala/210535319
Škoda Scala 1.0 TSI,398900,61139,2022,Benzín,1.5,TSI,,110,Manuální,,,,Ne,Hatchback,Style,,Extra,Ojeté,Sauto.cz,Ano,https://www.sauto.cz/osobni/detail/skoda/scala/210537371
Škoda Scala 1.0 TSI,679000,10,2026,Benzín,1.5,TSI,,110,Automatická,Ano,,,Ne,Hatchback,,,Side Assist TAŽNÉ,Ojeté,Sauto.cz,Ano,https://www.sauto.cz/osobni/detail/skoda/scala/210537731
Škoda Scala 1.0 TSI,400000,62186,2022,Benzín,1.5,TSI,,110,Manuální,,,,Ne,Hatchback,Style,,,Ojeté,Sauto.cz,Ano,https://www.sauto.cz/osobni/detail/skoda/scala/210553022
Škoda Scala 1.0 TSI,609000,18593,2025,Benzín,1.5,TSI,,110,Automatická,Ano,,,Ne,Hatchback,Monte Carlo,,,Ojeté,Sauto.cz,Ano,https://www.sauto.cz/osobni/detail/skoda/scala/210554765
Škoda Scala 1.0 TSI,328700,96211,2022,Benzín,1.5,TSI,,110,Manuální,,,,Ne,Hatchback,Ambition,,,Ojeté,Sauto.cz,Ano,https://www.sauto.cz/osobni/detail/skoda/scala/210554792
Škoda Superb Combi 1.5 TSI (Gen 4),719950,27143,2024,Benzín,1.5,TSI,,110,Automatická,Ano,,,Ne,Kombi,Style,,,Ojeté,Sauto.cz,Ano,https://www.sauto.cz/osobni/detail/skoda/superb/209824137
Škoda Superb Liftback 1.5 TSI (Gen 4),599999,74603,2022,Benzín,1.5,TSI,,110,Manuální,,,,Ne,Sedan/limuzína,,,StyleTopPlusTažnéWebas,Ojeté,Sauto.cz,Ano,https://www.sauto.cz/osobni/detail/skoda/superb/209902869
Škoda Superb 3 Combi Style 2.0 TDI,729888,76555,2022,Nafta,2.0,TDI,,147,Automatická,Ano,,,Ano,Liftback,Sportline,,147k,Ojeté,Sauto.cz,Ano,https://www.sauto.cz/osobni/detail/skoda/superb/210495896
Škoda Superb 3 Combi Style 2.0 TDI,619888,74218,2022,Benzín,2.0,,,140,Automatická,Ano,,,Ne,Kombi,Style,,Combi Plus TS,Ojeté,Sauto.cz,Ano,https://www.sauto.cz/osobni/detail/skoda/superb/210495905
Škoda Superb 3 Combi Style 2.0 TDI,578000,79150,2023,Nafta,2.0,TDI,,110,Manuální,,,,Ne,Kombi,Style,,Combi,Ojeté,Sauto.cz,Ano,https://www.sauto.cz/osobni/detail/skoda/superb/210502838
Škoda Superb 3 Combi Style 2.0 TDI,639000,89000,2021,Nafta,2.0,,,147,Automatická,,,,Ne,Kombi,,,,Ojeté,Sauto.cz,Ano,https://www.sauto.cz/osobni/detail/skoda/superb/210503705
Škoda Superb 3 Combi Style 2.0 TDI,639900,95229,2021,Nafta,2.0,TDI,,147,Automatická,Ano,,,Ne,Kombi,Sportline,,,Ojeté,Sauto.cz,Ano,https://www.sauto.cz/osobni/detail/skoda/superb/210506528
Škoda Superb 3 Combi Style 2.0 TDI,685900,96000,2023,Nafta,2.0,TDI,,110,Automatická,Ano,,,Ne,Sedan/limuzína,,,L&K TAŽNÉ CZ,Ojeté,Sauto.cz,Ano,https://www.sauto.cz/osobni/detail/skoda/superb/210508607
Škoda Superb 3 Combi Style 2.0 TDI,649900,71728,2021,Nafta,2.0,TDI,,147,Automatická,Ano,,,Ne,Liftback,Sportline,,,Ojeté,Sauto.cz,Ano,https://www.sauto.cz/osobni/detail/skoda/superb/210509558
Škoda Superb 3 Combi Style 2.0 TDI,719900,61000,2023,Nafta,2.0,TDI,,110,Automatická,Ano,,,Ne,Kombi,,,++ČR+ZÁRUKA!!!,Ojeté,Sauto.cz,Ano,https://www.sauto.cz/osobni/detail/skoda/superb/210526976
Škoda Superb Liftback 1.5 TSI (Gen 4),569900,86000,2022,Benzín,2.0,TSI,,140,Automatická,,,,Ne,Liftback,Style,,"NovéČR,DPH",Ojeté,Sauto.cz,Ano,https://www.sauto.cz/osobni/detail/skoda/superb/210536936
Škoda Superb 3 Combi Style 2.0 TDI,539900,95681,2022,Nafta,2.0,TDI,,110,Automatická,Ano,,,Ne,Kombi,Style,,FL,Ojeté,Sauto.cz,Ano,https://www.sauto.cz/osobni/detail/skoda/superb/210551825
Škoda Superb 3 Combi Style 2.0 TDI,515000,88615,2022,Nafta,2.0,TDI,,110,Manuální,,,,Ne,Kombi,Ambition,,Combi,Ojeté,Sauto.cz,Ano,https://www.sauto.cz/osobni/detail/skoda/superb/210552269
KGM Korando 1.5 GDI-T 2WD,490000,35600,2024,Benzín,1.5,,,120,Automatická,,,,Ne,Kombi,,Ano,"Odpočet DPH, Záruka 10 2029",Ojeté,Sauto.cz,Ano,https://www.sauto.cz/osobni/detail/ssangyong/korando/210489455
KGM Korando 1.5 GDI-T 2WD,475000,16374,2025,Benzín,1.5,,,120,Manuální,,,,Ne,SUV,,,KGM BLACK PACKET + ZIMNÍ PNEU,Ojeté,Sauto.cz,Ano,https://www.sauto.cz/osobni/detail/ssangyong/korando/210503165
KGM Korando 1.5 GDI-T 2WD,405000,62700,2021,Benzín,1.5,,,120,Automatická,,,,Ne,SUV,,,"Servisováno, odpočet DPH",Ojeté,Sauto.cz,Ano,https://www.sauto.cz/osobni/detail/ssangyong/korando/210503591
KGM Korando 1.5 GDI-T 2WD,400000,77329,2021,Benzín,1.5,T-GDI,,120,Automatická,,,,Ne,SUV,,,"Automat, ČR,1.maj",Ojeté,Sauto.cz,Ano,https://www.sauto.cz/osobni/detail/ssangyong/korando/210508280
KGM Korando 1.5 GDI-T 2WD,459000,47212,2023,Benzín,1.5,TGDI,,120,Automatická,,,,Ano,SUV,,,!AT!,Ojeté,Sauto.cz,Ano,https://www.sauto.cz/osobni/detail/ssangyong/korando/210508526
KGM Korando 1.5 GDI-T 2WD,420000,41892,2022,Benzín,1.5,T-GDI,,120,Automatická,,,,Ne,SUV,,,"Automat, Serv.kniha",Ojeté,Sauto.cz,Ano,https://www.sauto.cz/osobni/detail/ssangyong/korando/210508739
KGM Korando 1.5 GDI-T 2WD,400000,56408,2023,Benzín,1.5,T-GDI,,120,Automatická,,,,Ne,SUV,,Ano,"Záruka, Automat, ČR",Ojeté,Sauto.cz,Ano,https://www.sauto.cz/osobni/detail/ssangyong/korando/210513566
KGM Korando 1.5 GDI-T 2WD,430000,15572,2022,Benzín,1.5,T-GDI,,120,Manuální,,,,Ne,SUV,,Ano,"Záruka, Serv.kniha",Ojeté,Sauto.cz,Ano,https://www.sauto.cz/osobni/detail/ssangyong/korando/210522611
KGM Korando 1.5 GDI-T 2WD,459000,28015,2021,Benzín,1.5,T-GDI,,120,Automatická,,,,Ano,SUV,,,Automat,Ojeté,Sauto.cz,Ano,https://www.sauto.cz/osobni/detail/ssangyong/korando/210539195
KGM Korando 1.5 GDI-T 2WD,400000,61661,2023,Benzín,1.5,,,120,Automatická,,,,Ne,SUV,,,"i,2.maj,ČR,AT,STK5 28",Ojeté,Sauto.cz,Ano,https://www.sauto.cz/osobni/detail/ssangyong/korando/210553109
KGM Korando 1.5 GDI-T 2WD,450000,40647,2023,Benzín,1.5,T-GDI,,120,Automatická,,,,Ne,SUV,Style,Ano,Záruka,Ojeté,Sauto.cz,Ano,https://www.sauto.cz/osobni/detail/ssangyong/korando/210554441
KGM Tivoli 1.5 GDI-T (Kompaktní),449990,43120,2024,Benzín,1.5,T-GDI,,120,Manuální,,,,Ne,Kombi,Style,,GRAND + 1.Maj,Ojeté,Sauto.cz,Ano,https://www.sauto.cz/osobni/detail/ssangyong/tivoli/210527180
SsangYong Torres 1.5 GDI-T,599000,5000,2025,LPG + benzín,1.5,,,120,Manuální,,,,Ne,SUV,,,Bi-Fuel LPG,Ojeté,Sauto.cz,Ano,https://www.sauto.cz/osobni/detail/ssangyong/torres/210510863
Subaru Crosstrek 2.0,699900,25635,2025,Benzín,2.0,,,100,Automatická,,,,Ano,Kombi,Comfort,,e DPH,Ojeté,Sauto.cz,Ano,https://www.sauto.cz/osobni/detail/subaru/crosstrek/210502214
Subaru Impreza 2.0,700000,14083,2025,Benzín,2.0,,,100,Automatická,,,,Ano,Hatchback,,Ano,"e-Boxer, Záruka",Předváděcí,Sauto.cz,Ano,https://www.sauto.cz/osobni/detail/subaru/impreza/210552575
Toyota C-HR 2.0,549900,72610,2022,Benzín,2.0,,,112,Automatická,,,,Ne,Hatchback,,,"GR Sport tažné,Bezklíč",Ojeté,Sauto.cz,Ano,https://www.sauto.cz/osobni/detail/toyota/c-hr/210549506
Toyota Rav4 2.5 Hybrid (HEV),700000,47774,2022,Benzín,2.0,,,129,Automatická,,,,Ano,SUV,,,"Valvematic, Automat",Ojeté,Sauto.cz,Ano,https://www.sauto.cz/osobni/detail/toyota/rav4/210522866
Toyota Rav4 2.5 Hybrid (HEV),729990,56230,2021,Benzín,2.5,,HEV,163,Automatická,,,,Ano,SUV,,,Hybrid nove ČR,Ojeté,Sauto.cz,Ano,https://www.sauto.cz/osobni/detail/toyota/rav4/210535829
VW Arteon Shooting Brake 2.0 TDI,688000,73700,2023,Nafta,2.0,TDI,,147,Automatická,Ano,,,Ne,Kombi,Elegance,,REZERVACE,Ojeté,Sauto.cz,Ano,https://www.sauto.cz/osobni/detail/volkswagen/arteon-shooting-brake/210508685
VW Arteon Liftback 2.0 TSI,729000,79063,2023,Benzín,2.0,TSI,,140,Automatická,Ano,,,Ne,Kombi,,,"( 190k) , R-li",Ojeté,Sauto.cz,Ano,https://www.sauto.cz/osobni/detail/volkswagen/arteon-shooting-brake/210549683
VW Arteon Liftback 2.0 TSI,730000,36000,2023,Nafta,2.0,TDI,,110,Automatická,Ano,,,Ne,Liftback,Elegance,,1maj ČR,Ojeté,Sauto.cz,Ano,https://www.sauto.cz/osobni/detail/volkswagen/arteon/209584815
VW Arteon Liftback 2.0 TSI,739000,43619,2022,Nafta,2.0,TDI,,110,Automatická,Ano,,,Ne,Hatchback,R-Line,,,Ojeté,Sauto.cz,Ano,https://www.sauto.cz/osobni/detail/volkswagen/arteon/210551852
VW Golf Variant 1.5 eTSI (Gen 8),531000,50000,2024,Benzín,1.5,,,110,Automatická,,,,Ne,Kombi,,Ano,zdarma,Ojeté,Sauto.cz,Ano,https://www.sauto.cz/osobni/detail/volkswagen/golf-variant/210500339
VW Golf Variant 1.5 eTSI (Gen 8),526000,83711,2023,Benzín,1.5,TSI,,110,Manuální,,,,Ne,Kombi,,,"MATRIX,Webasto",Ojeté,Sauto.cz,Ano,https://www.sauto.cz/osobni/detail/volkswagen/golf-variant/210508454
VW Golf Variant 1.5 eTSI (Gen 8),729000,26717,2025,Nafta,2.0,TDI,,110,Automatická,Ano,,,Ne,Kombi,R-Line,,"PANO, TAŽNÝ",Ojeté,Sauto.cz,Ano,https://www.sauto.cz/osobni/detail/volkswagen/golf-variant/210533708
VW Golf Variant 1.5 eTSI (Gen 8),509900,93048,2023,Benzín,1.5,eTSI,,110,Automatická,Ano,,,Ne,Kombi,Life,,TAŽNÉ,Ojeté,Sauto.cz,Ano,https://www.sauto.cz/osobni/detail/volkswagen/golf-variant/210550838
VW Golf Hatchback 1.5 TSI (Gen 8),539000,17100,2023,Nafta,2.0,TDI,,110,Automatická,Ano,,,Ne,Hatchback,,,ZÁRUKA,Ojeté,Sauto.cz,Ano,https://www.sauto.cz/osobni/detail/volkswagen/golf/208053398
VW Golf Variant 1.5 eTSI (Gen 8),489000,31446,2024,Benzín,1.5,TSI,,110,Manuální,,,,Ne,Kombi,,,GOAL,Ojeté,Sauto.cz,Ano,https://www.sauto.cz/osobni/detail/volkswagen/golf/209071197
VW Golf Variant 1.5 eTSI (Gen 8),689000,18932,2025,Benzín,1.5,TSI,,110,Automatická,Ano,,,Ne,Kombi,,,Variant,Ojeté,Sauto.cz,Ano,https://www.sauto.cz/osobni/detail/volkswagen/golf/209785872
VW Golf Variant 1.5 eTSI (Gen 8),599990,14604,2025,Benzín,1.5,TSI,,110,Manuální,,,,Ne,Kombi,Life,,Variant,Ojeté,Sauto.cz,Ano,https://www.sauto.cz/osobni/detail/volkswagen/golf/210499646
VW Golf Variant 1.5 eTSI (Gen 8),589900,24597,2023,Benzín,1.5,TSI,,110,Manuální,,,,Ne,Kombi,Life,,Variant,Ojeté,Sauto.cz,Ano,https://www.sauto.cz/osobni/detail/volkswagen/golf/210502898
VW Golf Variant 1.5 eTSI (Gen 8),699900,22297,2025,Nafta,2.0,TDI,,110,Automatická,Ano,,,Ne,Kombi,Life,,Tov.zár,Ojeté,Sauto.cz,Ano,https://www.sauto.cz/osobni/detail/volkswagen/golf/210511388
VW Golf Variant 1.5 eTSI (Gen 8),569000,95000,2021,Benzín,1.5,eTSI,,110,Automatická,,,,Ne,Kombi,R-Line,,EVO Variant,Ojeté,Sauto.cz,Ano,https://www.sauto.cz/osobni/detail/volkswagen/golf/210518603
VW Golf Hatchback 1.5 TSI (Gen 8),450000,32950,2022,Benzín,1.5,TSI,,110,Manuální,,,,Ne,Hatchback,Style,Ano,"Záruka, ČR",Ojeté,Sauto.cz,Ano,https://www.sauto.cz/osobni/detail/volkswagen/golf/210522821
VW Golf Variant 1.5 eTSI (Gen 8),460000,69669,2023,Benzín,1.5,eTSI,,110,Automatická,,,,Ne,Kombi,,,Variant,Ojeté,Sauto.cz,Ano,https://www.sauto.cz/osobni/detail/volkswagen/golf/210535088
VW Golf Hatchback 1.5 TSI (Gen 8),649000,66823,2023,Benzín,2.0,TSI,,180,Automatická,Ano,,,Ne,Hatchback,,,GTI,Ojeté,Sauto.cz,Ano,https://www.sauto.cz/osobni/detail/volkswagen/golf/210535679
VW Golf Hatchback 1.5 TSI (Gen 8),639900,38894,2022,Benzín,2.0,TSI,,180,Automatická,Ano,,,Ne,Hatchback,,,GTI,Ojeté,Sauto.cz,Ano,https://www.sauto.cz/osobni/detail/volkswagen/golf/210550094
VW Golf Hatchback 1.5 TSI (Gen 8),484999,47644,2023,Benzín,1.5,eTSI,,110,Automatická,Ano,,,Ne,Hatchback,Life,,8,Ojeté,Sauto.cz,Ano,https://www.sauto.cz/osobni/detail/volkswagen/golf/210551855
VW Golf Hatchback 1.5 TSI (Gen 8),698000,13993,2025,Benzín,1.5,TSI,,110,Manuální,,,,Ne,Hatchback,R-Line,,,Ojeté,Sauto.cz,Ano,https://www.sauto.cz/osobni/detail/volkswagen/golf/210553883
VW DSG Weba Pano Taž 2.0,645000,93807,2022,Nafta,2.0,,,110,Automatická,,,,Ne,Kombi,,,,Ojeté,Sauto.cz,Ne,https://www.sauto.cz/osobni/detail/volkswagen/ostatni/210491579
VW Passat B8 Variant Elegance 2.0 TDI,688000,85537,2023,Nafta,2.0,TDI,,147,Automatická,Ano,,,Ano,Kombi,Alltrack,,,Ojeté,Sauto.cz,Ano,https://www.sauto.cz/osobni/detail/volkswagen/passat-variant/210491546
VW Passat B8 Variant Elegance 2.0 TDI,599000,98890,2023,Nafta,2.0,TDI,,110,Automatická,Ano,,,Ne,Kombi,R-Line,,,Ojeté,Sauto.cz,Ano,https://www.sauto.cz/osobni/detail/volkswagen/passat-variant/210552056
VW Passat B8 Variant Elegance 2.0 TDI,547000,65373,2023,Nafta,2.0,TDI,,110,Automatická,Ano,,,Ne,Kombi,,,2x sada ALU,Ojeté,Sauto.cz,Ano,https://www.sauto.cz/osobni/detail/volkswagen/passat-variant/210552737
VW Passat Variant 1.5 eTSI (B9),729000,20458,2025,Benzín,1.5,eTSI,,110,Automatická,Ano,,,Ne,Kombi,,,360° TAŽNÉ,Ojeté,Sauto.cz,Ano,https://www.sauto.cz/osobni/detail/volkswagen/passat/209703441
VW Passat B8 Variant Elegance 2.0 TDI,684000,46890,2024,Nafta,2.0,TDI,,110,Automatická,Ano,,,Ne,Kombi,Elegance,,BMT,Ojeté,Sauto.cz,Ano,https://www.sauto.cz/osobni/detail/volkswagen/passat/210499007
VW Passat B8 Variant Elegance 2.0 TDI,589000,86557,2023,Nafta,2.0,TDI,,110,Automatická,Ano,,,Ne,Kombi,,,IQ AID Tažné,Ojeté,Sauto.cz,Ano,https://www.sauto.cz/osobni/detail/volkswagen/passat/210501227
VW Passat B8 Variant Elegance 2.0 TDI,630000,33400,2021,Nafta,2.0,,,147,Automatická,Ano,,,Ano,Kombi,,,VW Passat,Ojeté,Sauto.cz,Ano,https://www.sauto.cz/osobni/detail/volkswagen/passat/210504833
VW Passat Variant 1.5 eTSI (B9),469900,90359,2022,Benzín,1.5,TSI,,110,Automatická,Ano,,,Ne,Kombi,Elegance,,,Ojeté,Sauto.cz,Ano,https://www.sauto.cz/osobni/detail/volkswagen/passat/210536156
VW Passat Variant 1.5 eTSI (B9),589900,57000,2024,Benzín,1.5,TSI,,110,Automatická,,,,Ne,Kombi,,,"Business,1majČR",Ojeté,Sauto.cz,Ano,https://www.sauto.cz/osobni/detail/volkswagen/passat/210536378
VW Passat B8 Variant Elegance 2.0 TDI,589900,70470,2021,Nafta,2.0,TDI,,147,Automatická,Ano,,,Ne,Kombi,Elegance,,,Ojeté,Sauto.cz,Ano,https://www.sauto.cz/osobni/detail/volkswagen/passat/210552218
VW T-Roc 1.5 TSI,575000,43700,2022,Benzín,1.5,TSI,,110,Automatická,Ano,,,Ne,SUV,,,ACC 4 2022,Ojeté,Sauto.cz,Ano,https://www.sauto.cz/osobni/detail/volkswagen/t-roc/209807745
VW T-Roc 1.5 TSI,570000,25771,2023,Benzín,1.5,TSI,,110,Manuální,,,,Ne,SUV,Life,,"2.maj,ČR,LED",Ojeté,Sauto.cz,Ano,https://www.sauto.cz/osobni/detail/volkswagen/t-roc/210496433
VW T-Roc 1.5 TSI,639000,35025,2022,Benzín,2.0,TSI,,140,Automatická,,,,Ano,SUV,R-Line,,D,Ojeté,Sauto.cz,Ano,https://www.sauto.cz/osobni/detail/volkswagen/t-roc/210527579
VW T-Roc 1.5 TSI,682750,43643,2025,Nafta,2.0,TDI,PHEV,110,Automatická,Ano,,,Ne,SUV,,,GOAL IQ.DRIVE,Ojeté,Sauto.cz,Ano,https://www.sauto.cz/osobni/detail/volkswagen/t-roc/210538778
VW T-Roc 1.5 TSI,646161,47000,2025,Benzín,1.5,TSI,,110,Manuální,,,,Ne,SUV,,,GOAL -LED - NAVI,Ojeté,Sauto.cz,Ano,https://www.sauto.cz/osobni/detail/volkswagen/t-roc/210538781
VW Taigo 1.0 TSI,649900,13474,2025,Benzín,1.5,TSI,,110,Automatická,Ano,,,Ne,SUV,Style,,"MATRIX, ACC",Ojeté,Sauto.cz,Ano,https://www.sauto.cz/osobni/detail/volkswagen/taigo/210494267
VW Tiguan Life 1.5 TSI (Gen 2),679000,57649,2023,Benzín,1.5,TSI,,110,Automatická,Ano,,,Ne,SUV,Elegance,,LED+ACC,Ojeté,Sauto.cz,Ano,https://www.sauto.cz/osobni/detail/volkswagen/tiguan-allspace/210525584
VW Tiguan Allspace 2.0 TDI (5místná verze),699000,86000,2022,Nafta,2.0,TDI,,110,Automatická,Ano,,,Ne,SUV,,,tažné,Ojeté,Sauto.cz,Ano,https://www.sauto.cz/osobni/detail/volkswagen/tiguan-allspace/210540053
VW Tiguan Allspace 2.0 TDI (5místná verze),619000,99134,2021,Benzín,2.0,TSI,,140,Automatická,Ano,,,Ano,Kombi,,,,Ojeté,Sauto.cz,Ano,https://www.sauto.cz/osobni/detail/volkswagen/tiguan-allspace/210540425
VW Tiguan 1.5 eTSI (Gen 3),630000,42462,2024,Benzín,1.5,,,110,Manuální,,,,Ne,SUV,,Ano,"Manuál, Záruka, Předpl. servis",Ojeté,Sauto.cz,Ano,https://www.sauto.cz/osobni/detail/volkswagen/tiguan/210321614
VW Tiguan Life 1.5 TSI (Gen 2),659000,52720,2023,Benzín,1.5,TSI,,110,Automatická,Ano,,,Ne,SUV,Life,,,Ojeté,Sauto.cz,Ano,https://www.sauto.cz/osobni/detail/volkswagen/tiguan/210495026
VW Tiguan Allspace 2.0 TDI (5místná verze),599900,89321,2023,Nafta,2.0,TDI,,110,Automatická,,,,Ne,SUV,,,,Ojeté,Sauto.cz,Ano,https://www.sauto.cz/osobni/detail/volkswagen/tiguan/210502106
VW Tiguan Allspace 2.0 TDI (5místná verze),629900,61081,2023,Nafta,2.0,TDI,,110,Automatická,Ano,,,Ne,SUV,Life,,,Ojeté,Sauto.cz,Ano,https://www.sauto.cz/osobni/detail/volkswagen/tiguan/210502685
VW Tiguan Allspace 2.0 TDI (5místná verze),630000,92926,2021,Nafta,2.0,TDI,,147,Automatická,,,,Ano,SUV,,,Automat,Ojeté,Sauto.cz,Ano,https://www.sauto.cz/osobni/detail/volkswagen/tiguan/210508745
VW Tiguan Life 1.5 TSI (Gen 2),669900,65547,2023,Benzín,1.5,TSI,,110,Manuální,,,,Ne,SUV,Life,,MATRIX LED,Ojeté,Sauto.cz,Ano,https://www.sauto.cz/osobni/detail/volkswagen/tiguan/210512600
VW Tiguan Life 1.5 TSI (Gen 2),535000,62707,2021,Benzín,1.5,TSI,,110,Manuální,,,,Ne,SUV,Life,,"1.maj,ČR",Ojeté,Sauto.cz,Ano,https://www.sauto.cz/osobni/detail/volkswagen/tiguan/210524438
VW Tiguan Life 1.5 TSI (Gen 2),579000,50890,2023,Benzín,1.5,TSI,,110,Manuální,,,,Ne,SUV,Life,,"""MOVE""",Ojeté,Sauto.cz,Ano,https://www.sauto.cz/osobni/detail/volkswagen/tiguan/210534431
VW Tiguan Allspace 2.0 TDI (5místná verze),749000,87212,2021,Nafta,2.0,,,147,Automatická,,,,Ano,SUV,,,VW TIGUAN Allspace,Ojeté,Sauto.cz,Ano,https://www.sauto.cz/osobni/detail/volkswagen/tiguan/210536891
VW Tiguan Life 1.5 TSI (Gen 2),536000,80043,2023,Benzín,1.5,TSI,,110,Manuální,,,,Ne,SUV,,Ano,záruka 5 let,Ojeté,Sauto.cz,Ano,https://www.sauto.cz/osobni/detail/volkswagen/tiguan/210539810
VW Tiguan Allspace 2.0 TDI (5místná verze),679000,65072,2021,Nafta,2.0,TDI,,147,Automatická,Ano,,,Ano,SUV,,,Ele,Ojeté,Sauto.cz,Ano,https://www.sauto.cz/osobni/detail/volkswagen/tiguan/210551069
VW Tiguan Life 1.5 TSI (Gen 2),648900,71694,2023,Benzín,1.5,TSI,,110,Automatická,,,,Ne,SUV,Elegance,,,Ojeté,Sauto.cz,Ano,https://www.sauto.cz/osobni/detail/volkswagen/tiguan/210552173
VW Tiguan Life 1.5 TSI (Gen 2),577000,60269,2022,Benzín,1.5,TSI,,110,Manuální,,,,Ne,SUV,,,ALU 17'',Ojeté,Sauto.cz,Ano,https://www.sauto.cz/osobni/detail/volkswagen/tiguan/210555281
VW Touran 1.5 TSI (5místná verze),539000,79272,2023,Benzín,1.5,TSI,,110,,,,,Ne,MPV,,,ODPOČET DPH,Ojeté,Sauto.cz,Ano,https://www.sauto.cz/osobni/detail/volkswagen/touran/210525356
Volvo XC40 B3 MHEV,749000,18797,2025,Benzín,2.0,,,120,Automatická,,,,Ne,SUV,,,B3 CORE,Předváděcí,Sauto.cz,Ano,https://www.sauto.cz/osobni/detail/volvo/xc40/210555134
Volvo XC60 2.0,699000,92801,2021,Nafta,2.0,,,145,Automatická,,,,Ano,SUV,,,B4 MOMENTUM AUT CZ,Ojeté,Sauto.cz,Ano,https://www.sauto.cz/osobni/detail/volvo/xc60/210551939
